Project name,country,status,Product,latitude,longitude,capacity_MWel,Capacity_Nm?? H???/h,Capacity_kt H2/y
H2GO Energy Park Oude-Tonge - 1st phase,NLD,FID/Construction,H2,51.7033129,4.162535629,2.5,556,0.4
H2GO Energy Park Oude-Tonge - 2nd phase,NLD,Concept,H2,51.7033129,4.162535629,23.5,5222,4.1
"NortH2, phase 1",NLD,Feasibility study,H2,53.46520794,6.632984563,4000,888889,693
Norsk e-Fuel Phase 1,NOR,FID/Construction,Synfuels,65.84050026,13.1952674,50.264,13227,10.3
Norsk e-Fuel Phase 2,NOR,Feasibility study,Synfuels,65.84050026,13.1952674,50.264,13227,10.3
HYBRIT pilot,SWE,Operational,H2,65.58545581,22.15766136,4.5,978,0.8
HYBRIT demo,SWE,FID/Construction,H2,65.58545581,22.15766136,500,108696,84.7
Iberdrola - Puertollano I,ESP,Operational,Ammonia,38.67206718,-4.053051263,20,3846,3
Green Hysland Mallorca - Phase 1,ESP,Operational,H2,39.71851895,2.869601784,2.5,481,0.4
CRI project in Norway (Circlenergy),NOR,FID/Construction,MeOH,69.30163416,17.61084439,110,24444,19.1
ARIES project,USA,DEMO,H2,39.81834714,-105.0908499,1,192,0.1
Fukushima Hydrogen Energy Research Field,JPN,Operational,H2,37.41648724,140.516114,10,2174,1.7
Hydrospider - St Gallen,CHE,Operational,H2,47.42132666,9.374711401,2,385,0.3
"Apex Energy, Rostock-Laage",DEU,Operational,H2,53.90340529,12.28316893,2,435,0.3
Leuchtturmprojekt Power-to-Gas Baden-W??rttemberg,DEU,Operational,H2,48.58559709,8.958276022,1.3,250,0.2
eFarm (5 production sites in North Frisia),DEU,Operational,H2,54.74515917,8.575170399,1.125,216,0.2
Hydrogen plant - Orkney Islands - BIG HIT 2n phase,GBR,Operational,H2,59.01999057,-2.989136035,1,192,0.1
Wyhlen hydroelectric power plant,DEU,Operational,H2,47.53989242,7.712353516,1.3,283,0.2
GrInHy2.0,DEU,Operational,H2,52.1503721,10.3593147,0.7,200,0.2
Power2Met,DNK,Operational,MeOH,0,0,0.25,50,0
REMOTE - Norway,NOR,Decommisioned,H2,0,0,,,
H2One - Toranomon Hills Business Tower,JPN,Operational,H2,35.66706289,139.7494925,0.005,1,0
H2One - Toyama City Environment Center ,JPN,Operational,H2,36.73076822,137.2188241,0.005,1,0
H2One - Tsuruga City,JPN,Operational,H2,35.64821955,136.050882,0.005,1,0
H2FUTURE,AUT,Operational,H2,48.3059078,14.286198,6,1154,0.9
Guangdong Synergy Hydrogen Power Technology Co. 1st phase,CHN,Operational,H2,0,0,4,769,0.6
"Markham Energy Storage, Ontario",CAN,Operational,H2,43.85734939,-79.33112419,2.5,481,0.4
PFI - Pirmasens-Winzeln,DEU,Operational,CH4,49.1996961,7.6087847,2.5,556,0.4
MEFCO2,DEU,DEMO,MeOH,0,0,1,192,0.1
"Windgas Haurup, 2nd phase",DEU,Operational,H2,54.72670653,9.347591285,1,192,0.1
Parnu refuelling station,EST,Operational,H2,58.39337285,24.5106866,1,217,0.2
"H2Nodes, Riga",EST,Operational,H2,56.97288026,24.08787472,0.728,140,0.1
Houdain bus station HRS (TADAO/Bulle 6 SMTAG),FRA,Operational,H2,49.8808904,1.1415922,0.5,109,0.1
HyDeploy,GBR,Operational,H2,53.0038078,-2.2877425,0.5,96,0.1
Quebec Great Toronto Area East,CAN,Operational,H2,0,0,0.5,109,0.1
F??bus Pau bus station HRS,FRA,Operational,H2,43.31136409,-0.362005309,0.75,144,0.1
"Solothurn, STORE&GO",CHE,Operational,CH4,47.20726589,7.534500701,0.35,67,0.1
Sarawak Energy,MYS,Operational,H2,0,0,0.276,60,0
V??rg??rda Bost??der housing complex,SWE,Operational,H2,58.05926991,12.81683708,0.276,60,0
SoCalGas-NREL,USA,Operational,CH4,0,0,0.25,56,0
Stroml??ckenf??ller 2nd phase,DEU,Operational,H2,0,0,0.2,38,0
ATCO clean energy innovation hub,AUS,Operational,H2,0,0,0.15,29,0
Tauron CO2-SNG,POL,Operational,CH4,0,0,0.081,18,0
Methane Synthesis test facility in Koshijihara Plant of INPEX?€?s - Nagaoa,JPN,DEMO,,37.46907169,138.8410337,,,
VTT Bio economy+,FIN,DEMO,Synfuels,0,0,0.025,5,0
Kopernikus,DEU,DEMO,Synfuels,49.01252508,8.416944469,0.01,3,0
Rozenburg Power2Gas Phase 2,NLD,DEMO,H2,0,0,0.007,1,0
Balance project,FIN,DEMO,Various,0,0,0.006,2,0
H2One - SP Group,SGP,Operational,H2,0,0,0.005,1,0
Falkenhagen STORE&GO,DEU,Operational,CH4,0,0,1,192,0.1
"NEDO kofu city, Yamanashi Prefecture",JPN,Operational,H2,35.61528621,138.6942969,1.5,288,0.2
Semakau island microgrid Engie (SPORE),SGP,Operational,H2,0,0,0.05,11,0
H2PLAZA - Toyota Industries Corporation?€?s Takahama,JPN,Operational,H2,0,0,0.045,10,0
Localhy,DEU,Operational,H2,0,0,,,
Wind to Gas S??dermarsch,DEU,Operational,H2,53.91224209,9.13196747,2.4,462,0.4
Carbon2Chem,DEU,Operational,Various,51.49141758,6.723969506,2,435,0.3
SunLine Transit Agency,USA,Operational,H2,0,0,1.5,288,0.2
HyBALANCE,DNK,Operational,H2,56.63941921,9.79841809,1.5,288,0.2
Aberdeen Conference Center,GBR,Operational,H2,0,0,1,217,0.2
Lam Takhong Wind Hydrogen Hybrid Project- EGAT,THA,Operational,H2,0,0,1,192,0.1
H2ORIZON,DEU,Operational,H2,49.2644733,9.401743,0.8,154,0.1
ASKO Midt-Norge,NOR,Operational,H2,63.34327247,10.37333,0.7,152,0.1
Underground Sun Conversion,AUT,Operational,CH4,47.99027408,13.55381783,0.6,130,0.1
Hydrogen plant - Orkney Islands - BIG HIT 1st phase,GBR,Operational,H2,59.1649151,-2.788356039,0.7,135,0.1
"Windgas Haurup, 1st phase",DEU,Operational,H2,54.72670653,9.347591285,0.225,43,0
"Troia,  STORE&GO",ITA,Operational,CH4,0,0,0.2,38,0
GNVert H2 ,FRA,Operational,H2,48.7494007,2.350108197,0.192,37,0
Tongji solar hybrid hydrogen refueling station,CHN,Operational,H2,31.25068451,121.4364995,0.113,25,0
Methanation at Eichhof,DEU,Operational,CH4,0,0,0.05,10,0
"CoSin: Synthetic Natural Gas from Sewage, Barcelona",ESP,Operational,CH4,0,0,0.033,9,0
REFLEX,ITA,Operational,H2,0,0,0.038,10,0
Sendai City,JPN,Operational,H2,0,0,0.025,5,0
"Rostock, Exytron Demonstrationsanlage",DEU,Operational,CH4,0,0,0.018,4,0
Tokyu Construction Institute of Technology,JPN,Operational,H2,0,0,0.005,1,0
Rakuten Seimei Park Miyagi,JPN,Operational,H2,0,0,0.005,1,0
"MicroPyros, Altenstant",DEU,Operational,CH4,0,0,0.001,0,0
Oxel??sund Forklifts,SWE,Operational,H2,0,0,,,
H21 Leeds City Gate - Teesside hydrogen,GBR,Concept,H2,54.57668992,-1.252393053,,3890730,3033.4
"Hynet Northwest, phase 1 (Essar Stanlow refinery)",GBR,Feasibility study,H2,53.27703121,-2.841869148,,115438,90
"Baicheng, Jilin wind-solar project",CHN,Concept,H2,45.66828885,122.8463801,11543.789,2565287,2000
"Alzey, Exytron Null-E",DEU,Operational,H2,0,0,0.0625,14,0
Energy observer,FRA,Operational,H2,0,0,0.047,9,0
Haldor Topsoe - El-Opgraderet Biogas II,DNK,DEMO,CH4,55.82093676,12.54037049,0.038,10,0
Musashi-Mizonokuchi Station,JPN,Operational,H2,0,0,0.005,1,0
"H2One - Hydrogen Application Center, Fuchu Complex",JPN,Operational,H2,0,0,0.005,1,0
H2One - Asahi Breweries in Ibaraki,JPN,Operational,H2,0,0,0.005,1,0
Costa Rica Transportation Ecosystem Project,CRI,Operational,H2,10.42109784,-85.42096886,0.005,1,0
Cerro Pabell??n Microgrid 450 kWh Hydrogen ESS,CHL,Operational,H2,-21.22472701,-68.25178996,0.05,11,0
"Energy in the Container, Fraunhofer IISB, Erlangen, Leistungszentren Elektroniksysteme (LZE)",DEU,DEMO,H2,0,0,,,
Hassfurt,DEU,Operational,H2,0,0,1.25,240,0.2
GreenHydroChem Central German Chemical Triangle,DEU,Feasibility study,H2,51.43777627,12.04669172,120,23077,18
HPEM2GAS (R&D),DEU,Operational,H2,0,0,0.2,38,0
Hamburg - Schnackenburgallee,DEU,Operational,H2,53.56142698,9.977259977,0.185,36,0
smart grid solar - arzberg,DEU,DEMO,H2,50.05984314,12.19113719,0.075,14,0
"Naval Facilities Engineering Command, Engineering and Expeditionary Warfare Center",USA,DEMO,H2,0,0,0.05,13,0
Laboratory System at IFE Kjeller Pahse 2,NOR,Operational,H2,0,0,0.01,2,0
"H2One - Kyushu Resort Hotel,  Huis Ten Bosch",JPN,Operational,H2,0,0,0.005,1,0
H2One - Yokohama Cargo Center,JPN,Operational,H2,0,0,0.005,1,0
WindGas Hamburg-Reitbrook,DEU,DEMO,H2,53.46684592,10.13834597,1.5,288,0.2
"RH2 Grapzow, Mecklenburg Vorpommern",DEU,Operational,H2,53.71192125,13.29163746,1,217,0.2
P2G-Biocat - Continued (Ref 508),DNK,Operational,CH4,0,0,0.5,109,0.1
Raglan Nickel mine,CAN,DEMO,H2,0,0,0.276,60,0
Don Quichote,BEL,Operational,H2,50.73127486,4.219267381,0.3,65,0.1
Regio Energie Solothurn/Aarmat hybrid plant,CHE,DEMO,H2,0,0,0.7,135,0.1
RWE PtG plant Ibbenb??ren,DEU,DEMO,H2,0,0,0.15,29,0
DemoSNG,SWE,DEMO,CH4,0,0,0.146,28,0
Stroml??ckenf??ller 1st phase,DEU,Operational,H2,0,0,0.02,4,0
Higashi-Ogishima-Naga-Park,JPN,DEMO,H2,35.51710941,139.7587348,0.005,1,0
Emden II Upscaling,DEU,DEMO,CH4,0,0,,,
SYNFUEL,DNK,DEMO,Synfuels,0,0,,,
"Hydrogen Valley South Tyrol - Bolzano, CHIC",ITA,Operational,H2,46.47409854,11.31719371,1.5,326,0.3
H2BER (Berlin airport),DEU,Operational,H2,52.36999214,13.52429883,0.5,109,0.1
"Hanau, Wolfgang Industrial Park",DEU,Operational,H2,0,0,0.021,4,0
"MicroPyros, Staubing",DEU,Operational,CH4,0,0,,,
"ETOGAS, Solar Fuel Beta-plant AUDI, Werlte (Audi e-gas)",DEU,Operational,CH4,52.8518701,7.6764179,6.3,1370,1.1
H2 Logic HRS with onsite electrolysis Aalborg,DNK,Operational,H2,0,0,0.431,94,0.1
WindGas Falkenhagen,DEU,Operational,H2,53.20031054,12.23511242,2,435,0.3
P2G plant Erdgas Schwaben,DEU,Operational,H2,0,0,1,192,0.1
"Oslo, CHIC",NOR,Operational,H2,0,0,0.6,130,0.1
"HySynergy, phase 1",DNK,FID/Construction,H2,55.59138504,9.752643675,20,4348,3.4
CO2RRECT-Niederaussem,DEU,DEMO,CH4,0,0,0.26,50,0
"Sir Samuel building Griffith Center, Brisbane, Australia",AUS,Operational,H2,0,0,0.2,43,0
"MicrobEnergy GmbH, Schwandorf",DEU,Operational,CH4,0,0,0.18,35,0
"H2Move, Fraunhofer ISE",DEU,Operational,H2,53.82325973,9.289435519,0.04,8,0
"Hazira, Reliance, back-up hydrogen supply",IND,Operational,H2,0,0,,,
El Tubo - ACTA EL500,ESP,DEMO,H2,0,0,0.003,1,0
Refhyne,DEU,Operational,H2,50.86056156,6.980581616,10,1923,1.5
H&R ??lwerke Hamburg-Neuhof,DEU,Operational,H2,53.51426977,9.950046941,5,962,0.7
H2Herten,DEU,Operational,H2,51.60030557,7.138382801,0.165,36,0
H2 research center BTU Cottbus,DEU,Operational,H2,0,0,0.14,30,0
Cotbus,DEU,Operational,H2,0,0,0.12,26,0
Eucolino Schwandorf,DEU,Operational,H2,0,0,0.108,24,0
Agios Efstratios,GRC,Operational,H2,0,0,0.1,22,0
Hydrogen mini grid system Yorkshire (Rotherham),GBR,Operational,H2,0,0,0.03,7,0
"Fronius Energy Cell, self-sufficient house",AUT,DEMO,H2,0,0,0.009,2,0
Hitachi Zosen - PTTEP CO2 Conversion to Methane Project R&D),THA,DEMO,CH4,0,0,,,
Commercial Plant Svartsengi/George Olah plant,ISL,Operational,MeOH,63.844239,-22.4317498,6,1333,1
"Hamburg Hafen City, CEP",DEU,Operational,H2,53.54591627,10.00251676,0.6,130,0.1
"Hybrid Power Plant Enertrag, Prenzlau",DEU,Operational,H2,0,0,0.5,109,0.1
"EnBW H2 station, Stuttgart",DEU,Operational,H2,0,0,0.3,65,0.1
Ramea Wind-Hydrogen-Diesel Project,CAN,Operational,H2,0,0,0.124,27,0
Hydrogen Island Bozcaada,TUR,Operational,H2,0,0,0.05,11,0
DNV Kema/DNV GL,NLD,Operational,H2,0,0,0.01,2,0
"HARP System, Bella Coola",CAN,Operational,H2,0,0,0.3,65,0.1
H2KT - Hydrogen Energy Storage in Nuuk,DNK,Operational,H2,0,0,0.087,19,0
ITHER,ESP,DEMO,H2,0,0,0.065,14,0
H2SusBuild,GRC,DEMO,H2,0,0,0.22,49,0
"Hybrid energy storage system NFCRC, California",USA,DEMO,H2,0,0,0.007,1,0
Nukissiorfiit Nuuk Hydrogen Plant,DNK,Operational,H2,0,0,,,
"Centre of Fuel Cell Technology, Chennai",IND,Operational,H2,0,0,0.01,2,0
"Hychico, Comodoro Rivadavia",ARG,Operational,H2,-45.86627843,-67.48912491,0.828,180,0.1
Taleghan solar hydrogen energy system,IRN,Operational,H2,0,0,0.2,44,0
Istanbul,TUR,DEMO,H2,0,0,0.16,35,0
AltHytude,FRA,DEMO,CH4,51.03566443,2.37743555,0.08,17,0
Regenerativer Energipark Ostfalia/hybrid renewable energy park (HREP),DEU,Operational,H2,0,0,0.006,1,0
DRI CO2 recycling,USA,DEMO,,0,0,0.005,1,0
Neo Olvio of Xanthi,GRC,DEMO,H2,0,0,0.004,1,0
HYLINK Totara,NZL,DEMO,H2,0,0,0.0025,0,0
Baglan Energy Park Wales,GBR,Operational,H2,0,0,0.046,10,0
"Synthetic Energy, Idaho",USA,DEMO,H2,0,0,0.036,7,0
Hydepark,TUR,DEMO,H2,0,0,0.007,1,0
"Stand-alone power system, Neo Olvio of Xanthi",GRC,DEMO,H2,0,0,0.004,1,0
"HYLINK, Totara Valley",NZL,DEMO,H2,0,0,0,0,0
RES2H2 Gran Canaria,ESP,DEMO,H2,0,0,0.055,12,0
"H2 from the sun, Brunate",ITA,DEMO,H2,0,0,0.007,2,0
CEC Denizli Turkey,TUR,DEMO,H2,0,0,0.004,1,0
"CUTE and HyFLEET:CUTE, Barcelona",ESP,DEMO,H2,0,0,0.3,65,0.1
Savli wind-hydrogen demo project,IND,DEMO,H2,0,0,0.005,1,0
"Dahej, Reliance, back-up hydrogen supply",IND,Operational,H2,0,0,2.042,444,0.3
"HARI project, West Beacon Farm",GBR,Operational,H2,0,0,0.034,7,0
"Porto, CUTE",PRT,DEMO,H2,0,0,0.3,65,0.1
Energiepark Mainz,DEU,Operational,H2,49.99621073,8.245269018,6,1154,0.9
INGRID,ITA,DEMO,H2,41.363128,15.312347,1.2,261,0.2
Tohoku pilot plant in 2003,JPN,DEMO,H2,0,0,0.018,4,0
Gwalpahari Solar-Hydrogen demonstration,IND,Operational,H2,28.42927593,77.14838872,0.12,27,0
Solar Energy Centre SmartFuel hydrogen station ,IND,Operational,H2,28.62986571,77.17691407,,,
FaHyence,FRA,Operational,H2,49.10645566,7.07085165,0.138,30,0
CPI Zaoquan thermal power plant in China's Ningxia region,CHN,Operational,H2,0,0,0.092,20,0
Laboratory Plant HRI Quebec,CAN,DEMO,H2,0,0,0.005,1,0
Power plant in Lebanon for a Power Plant Cooling application,LBN,Operational,H2,34.0090636,35.70256741,0.114,25,0
Minatec's semiconductor labs in Grenoble,FRA,Operational,H2,45.19199534,5.749916925,0.055,12,0
Grimstad Renewable Energy Park,NOR,Operational,H2,58.34140301,8.580593718,0.05,11,0
Hypos - Sunfire,DEU,DEMO,H2,0,0,0.18,47,0
Electrochaea: Biological methanation in Aved??re,DNK,DEMO,CH4,55.62871238,12.44766261,1.2,261,0.2
REMOTE - Agkistro (Greece,GRC,Operational,H2,41.37341688,23.44195112,0.025,5,0
"REMOTE - Spain, Canary Islands",ESP,Operational,H2,0,0,0.08,17,0
Aman - Green Hydrogen Project - phase 1,MRT,Feasibility study,Ammonia,23.7,-9.22,2500,555556,433.1
HRS CMB Port of Antwerp,BEL,Operational,H2,51.24091437,4.407831171,1,192,0.1
Haldor Topsoe - El-Opgraderet Biogas I,DNK,DEMO,CH4,55.82093676,12.54037049,0.038,10,0
H2 Logic HRS with onsite electrolysis in Vejle,DNK,Operational,H2,0,0,0.431,94,0.1
H2 Logic HRS with onsite electrolysis Holstebro,DNK,Operational,H2,0,0,0.431,94,0.1
H2 Logic 3 HRS with onsite electrolysis in Copenhagen,DNK,Operational,H2,0,0,1.292,281,0.2
Iberdrola - Puertollano II (extension from Ref10),ESP,Feasibility study,Ammonia,38.67206718,-4.053051263,210,42472,33.1
"Hyoffwind Zeebrugge, expansion",BEL,Concept,H2,51.32233179,3.208704673,75,16667,13
Hyoffwind Zeebrugge,BEL,FID/Construction,H2,51.32233179,3.208704673,25,5556,4.3
"""Waste-to-wheels"" Charleroi",BEL,Feasibility study,H2,50.47114536,4.458723543,,,
Green Fuels for Denmark - Phase 1,DNK,FID/Construction,H2,55.67598713,12.57032956,10,2222,1.7
Hystock (EnergyStock),NLD,Operational,H2,53.1028443,6.8694863,1,192,0.1
HAEOLUS,NOR,Operational,H2,70.76517495,29.08368726,2.5,481,0.4
FUTURECEM,DNK,Concept,Various,0,0,100,22222,17.3
Primolyzer (R&D),DNK,DEMO,H2,0,0,0.005,1,0
PROCON (R&D),DNK,DEMO,H2,0,0,,,
Foulum Demonstration plant,DNK,DEMO,CH4,0,0,0.25,48,0
Green Natural Gas,DNK,DEMO,CH4,0,0,0.04,11,0
?€?Towards the Methane Society?€?,DNK,DEMO,CH4,0,0,,,
"MEDLYS, Medium temperature water electrolysis (R&D)",DNK,DEMO,H2,0,0,,,
MeGa-stoRE,DNK,DEMO,CH4,0,0,0.006,1,0
MeGa-stoRE Optimising and Upscaling,DNK,DEMO,CH4,0,0,0.25,54,0
"Vestenskov/ Nakskov Industrial and Environmental Park, Lolland",DNK,DEMO,H2,0,0,0.083,16,0
H2RES - Orsted offshore wind,DNK,Operational,H2,55.6255437,12.4550501,2,435,0.3
Sams??,DNK,Other/Unknown,H2,0,0,,,
H??st - Esbjerg green ammonia plant,DNK,Concept,Ammonia,55.47683853,8.462096409,1000,222222,173.3
HRS Aalborg,DNK,Operational,H2,0,0,0.25,54,0
eSMR Methanol demo plant in Aarhus University,DNK,DEMO,MeOH,56.17220541,10.1571506,2.643,587,0.5
HyCycle - Center for renewable H2 (R&D),DNK,DEMO,H2,0,0,,,
NEXPEL (R&D),NOR,DEMO,H2,0,0,,,
Glomfjord Hydrogen AS,NOR,Feasibility study,H2,0,0,2,435,0.3
"HyNor Lillestr??m, Akershus Energy Park",NOR,Operational,H2,0,0,,10,0
Statkraft-CELSA-Mo green H2 for steel production,NOR,Feasibility study,H2,66.310371,14.169271,45,9783,7.6
Utsira Island,NOR,DEMO,H2,0,0,0.048,10,0
Acorn H2,GBR,Feasibility study,H2,57.17912975,-2.101654656,,64045,49.9
Laboratory System at IFE Kjeller Phase 1,NOR,DEMO,H2,0,0,0.004,1,0
"Green fertilizer project Porsgrunn-Heroya, phase 1 - SKREI",NOR,Operational,Ammonia,59.13990876,9.654776822,24,4615,3.6
"Gigastack-Hornsea 2, phase I",GBR,Other/Unknown,H2,53.627311,-0.241579,100,19231,15
The Hydrogen office,GBR,DEMO,H2,0,0,0.024,5,0
RABH2,GBR,DEMO,H2,0,0,0.005,1,0
Air Fuel Synthesis pilot plant,GBR,DEMO,Synfuels,0,0,,,
"Aberdeen Kittybrewster, Hydrogen bus project",GBR,DEMO,H2,57.16059318,-2.114359234,1,217,0.2
"Fife, Levenmouth Community Energy Project",GBR,Operational,H2,56.17696925,-3.017429263,0.37,82,0.1
"PURE Project, Unst",GBR,Operational,H2,0,0,0.015,3,0
Tyseley Energy Park refuelling hub Birmingham,GBR,Operational,H2,52.46241628,-1.8405931,3,577,0.4
"H2H Saltend, phase 1",GBR,Feasibility study,H2,53.74361892,-0.24953475,,192135,149.8
Green Fuels for Denmark - Phase 2,DNK,Feasibility study,Various,55.67598713,12.57032956,240,53333,41.6
Green Fuels for Denmark - Phase 3,DNK,Feasibility study,Various,55.67598713,12.57032956,1050,233333,181.9
Whitelee Green Hydrogen Facility- Green Hydrogen for Glasgow (Phase 1),GBR,FID/Construction,H2,55.71249156,-4.341732424,7.1,1365,1.1
CF Industries - Donaldsonville Nitrogen Complex,USA,FID/Construction,Ammonia,30.09898196,-90.95452514,20,4348,3.4
Linde - Ontario (California),USA,Feasibility study,H2,34.06396892,-117.6450024,5,962,0.7
Westkuste 100 (Phase 2),DEU,Feasibility study,H2,54.19038729,9.108629401,670,145652,113.6
"H2 Pilotanlage Lingen, phase 1",DEU,Operational,H2,52.48255651,7.299667812,10,2174,1.7
HySynGas,DEU,Feasibility study,CH4,0,0,50,9615,7.5
Northern Irish hydrogen project - Ballymena Hydrogen,GBR,FID/Construction,H2,54.97455544,-6.4300041,1,222,0.2
"Eyre Peninsula Gateway Hydrogen Project, phase 1",AUS,Feasibility study,Ammonia,-32.96169856,137.7678269,100,22222,17.3
"North CCU HUB, phase 1. North C Hydrogen",BEL,Feasibility study,H2,51.04097789,3.844331149,65,14444,11.3
Centurion,GBR,Other/Unknown,H2,0,0,100,19231,15
"Asian Renewable Energy Hub, first phase",AUS,Feasibility study,Various,-20.317253,121.042081,,,
IPCEI SilverFrog,ITA,Concept,H2,0,0,,,
IPCEI New Green Flamingo,"PRT
ESP",Concept,H2,0,0,,,
Murchison,AUS,Feasibility study,H2,-26.87199835,115.9799318,3000,576923,449.8
NEOM Green Hydrogen Project,SAU,FID/Construction,Ammonia,28.30590813,34.84928492,2200,478261,372.9
IPCEI Blue Danube,"ROM
DEU
AUT",Concept,H2,0,0,,,
Project GERI,AUS,Feasibility study,Ammonia,-28.76860234,114.6119985,,,
IPCEI Black Horse (40 electrolysis production sites),"POL
CZE
SVK
HUN",Concept,H2,0,0,,,
Project NEO,AUS,Concept,H2,0,0,1000,222222,173.3
HyEx - phase 1,CHL,Feasibility study,Ammonia,-23.09530274,-70.4331803,26,5778,4.5
HyEx - phase 2,CHL,Feasibility study,Ammonia,-23.09530274,-70.4331803,2000,444444,346.5
Costa Rica Transportation Ecosystem Project,CRI,Feasibility study,H2,10.42109784,-85.42096886,1,192,0.1
"HyNetherlands, 1st phase",NLD,Feasibility study,H2,53.41731836,6.450035449,100,22222,17.3
HyNetherlands 2nd phase,NLD,Feasibility study,H2,53.41731836,6.450035449,900,200000,155.9
HyGreen Provence,FRA,Feasibility study,H2,43.8362336,5.783416115,350,77778,60.6
Sundance Hydrogen,CAN,Feasibility study,MeOH,55.12619937,-120.9897637,252.809,56180,43.8
Port of Rotterdam BP refinery - H2-Fifty,NLD,Feasibility study,H2,51.93906891,4.110092384,250,55556,43.3
"Hysencia, Phase I",ESP,Feasibility study,H2,41.53512385,-0.891003208,40,8889,6.9
"Ningxia Solar Hydrogen Project, Phase 1",CHN,Operational,H2,38.4925329,106.2384696,30,6522,5.1
Dyno Nobel Renewable Hydrogen Project,AUS,Feasibility study,Ammonia,-22.01154812,148.0140378,160,35556,27.7
Green Crane Pais Vasco Hub,ESP,Feasibility study,H2,43.21358,-2.570276,150,33333,26
Green Crane - La Robla,ESP,Feasibility study,H2,42.79235635,-5.633792941,280,62222,48.5
"Green Crane, Aragon Hub",ESP,Feasibility study,H2,41.31366621,-0.928434671,30,6667,5.2
Hydrogen Plant for Westereems Wind Farm (RWE Eemshydrogen),NLD,Feasibility study,H2,53.43912043,6.836530401,50,9615,7.5
Queensland Nitrates Renewable Hydrogen and Ammonia,AUS,Feasibility study,Ammonia,-24.50671888,149.9744385,30,6667,5.2
Hemweg hub Amsterdam - Hy4Am,NLD,Feasibility study,H2,52.36610168,5.034774033,10,2222,1.7
Weifang Binhai Photovoltaic 100MW Hydrogen Generation Project,CHN,Concept,H2,36.86649041,119.208905,,,
"GreenH2UB (10 hubs of 3-10MW, the first one Ref786)",NLD,Feasibility study,H2,51.376054,5.461407,95,21111,16.5
Vall??e Hydrog??ne Grand Ouest (VHyGO) - H2 Ouest (Phase 1),FRA,Operational,H2,46.93631592,-2.069927077,0.75,163,0.1
Vall??e Hydrog??ne Grand Ouest (VHyGO) - EffiH2,FRA,Operational,H2,47.65850999,-2.763749947,1,222,0.2
H2SusBuild / RES-H2,GRC,DEMO,H2,0,0,0.018,4,0
"Ferrolterra plant, pahse 1",ESP,Feasibility study,H2,43.457355,-7.947904,20,3846,3
ELYGRID (R&D),ESP,DEMO,H2,0,0,2.6,565,0.4
Aviation synfuels,PRT,Feasibility study,Synfuels,0,0,68.525,13178,10.3
Tapada do Outeiro natural gas power plant ,PRT,Feasibility study,H2,41.06771113,-8.459700346,15,3333,2.6
Lingen Green Hydrogen (LGH2) Phase 1,DEU,Feasibility study,H2,52.55860477,7.310193321,100,22222,17.3
Wunsiedel Energy Park (Phase 1),DEU,Operational,H2,50.04225873,12.03042693,8.8,1692,1.3
Wunsiedel Energy Park (Phase 2),DEU,Concept,H2,50.04225873,12.03042693,26.679,5131,4
Methane Synthesis test facility in Koshijihara Plant of INPEX?€?s - Nagaoa,JPN,Operational,CH4,0,0,0.072,16,0
Hydrogen Island Aitutaki,COK,DEMO,H2,0,0,0.055,12,0
Hydrogen Island Bozcaada,TUR,DEMO,H2,0,0,0.055,12,0
E-Thor,NLD,Feasibility study,MeOH,0,0,5,1111,0.9
H??? Air Base Leeuwarden,NLD,Feasibility study,H2,53.20103354,5.803054577,5,1111,0.9
SEE / Storage of electric energy,DEU,DEMO,CH4,0,0,0.006,1,0
New zealand Matiu/Somes Island,NZL,DEMO,H2,0,0,0.0012,0,0
Vend??e hydrog??ne,FRA,DEMO,H2,0,0,3.4,756,0.6
H2One - SP Group,SGP,Operational,H2,0,0,0.005,1,0
RESelyser (R&D),DEU,DEMO,H2,0,0,0.001,0,0
DVGW-EBI KIT - Demo-SNG,DEU,DEMO,CH4,0,0,,,
Multiphly,NLD,Operational,H2,51.96820553,4.034828645,2.5,658,0.5
Semakau island microgrid Engie (SPORE),SGP,Operational,H2,0,0,,,
"PostBus Hydrogen bus, Brugg, aargau CHIC",CHE,DEMO,H2,0,0,0.276,60,0
Emden I Biogas upgrading,DEU,DEMO,CH4,0,0,0.312,68,0.1
PtG Switzerland,CHE,Operational,CH4,47.40165693,8.395091995,2.5,481,0.4
MYRTE,FRA,DEMO,H2,41.94589876,8.992929744,0.11,21,0
H2OzBus Project,AUS,Concept,H2,0,0,2,385,0.3
"Sunfire PtL demo ""Fuel1""",DEU,DEMO,Synfuels,0,0,0.038,10,0
Hyport - Toulouse-Blagnac Airport,FRA,Operational,H2,43.62943289,1.368626138,2,435,0.3
DEMETER,FRA,DEMO,Various,0,0,,,
Ekolyser (R&D),DEU,DEMO,,0,0,,,
LastEISys (R&D),DEU,DEMO,,0,0,,,
PtG-Elektrolyse im MW-Ma??stab (R&D),DEU,DEMO,CH4,0,0,0.3,65,0.1
"BioPower2Gas, Allendorf, Eder",DEU,DEMO,,0,0,0.312,60,0
Rozenburg Power2Gas Phase 1,NLD,DEMO,CH4,0,0,0.007,1,0
"Greenhouse heating, solar-H2",ITA,DEMO,,0,0,0.0025,1,0
EE-Methan aus CO2 (R&D),AUT,DEMO,CH4,0,0,,,
OptFuel (R&D),AUT,DEMO,CH4,0,0,,,
Th??ga PtG plant Frankfurt/Main,DEU,DEMO,H2,0,0,0.3,58,0
RENOVAGAS,ESP,DEMO,CH4,0,0,0.009,2,0
"HyFLEET:CUTE, Hamburg",DEU,DEMO,H2,0,0,0.276,60,0
Reduction and Reuse of CO2: Renewable Fuels for Electricity Production- ZHAW,CHE,DEMO,Various,0,0,0.002,0,0
CHOCHCO,FRA,DEMO,CH4,0,0,,,
Hydrogen Wind Farm Sotavento,ESP,DEMO,H2,43.35545758,-7.813616757,0.3,65,0.1
"CUTE, Stockholm",SWE,DEMO,H2,0,0,0.3,65,0.1
"HyFLEET:CUTE, Amesterdam",NLD,DEMO,H2,0,0,0.3,65,0.1
"Wind2Hydrogen, HyCentA",AUT,DEMO,H2,0,0,0.1,19,0
BOEING (rSOC Demonstrator),USA,DEMO,H2,0,0,0.038,10,0
Pilot & Demo PtM HSR,CHE,DEMO,CH4,0,0,0.025,5,0
Dresden,DEU,DEMO,H2,0,0,0.01,3,0
Rapperswil,CHE,DEMO,CH4,0,0,,,
"RegEnKibo, Kirchheimbolanden (R&D)",DEU,DEMO,CH4,0,0,,,
ECTOS,ISL,DEMO,H2,64.77296463,-15.56681379,0.276,60,0
"ETOGAS, Solar Fuel Alpha-plant 250 kW, ZSW",DEU,DEMO,CH4,0,0,0.25,54,0
"Shoro Dam in Shiranuka-cho, Shiranuka-gun, Hokkaido",JPN,DEMO,H2,0,0,0.182,35,0
SoCalGas and University of California Irvine 1,USA,DEMO,H2,0,0,0.068,13,0
HELMETH (R&D),DEU,DEMO,CH4,0,0,0.015,4,0
SoCalGas and University of California Irvine 2,USA,DEMO,H2,0,0,0.005,1,0
Tomakomai,JPN,DEMO,H2,42.63485816,141.6148468,,,
GrInHy,DEU,DEMO,H2,0,0,0.15,39,0
"Tomamae Town, Hokkaido",JPN,DEMO,H2,0,0,0.135,29,0
Yokohama City Wind Power Plant (Hama Wing),JPN,DEMO,H2,0,0,0.52,100,0.1
GRHYD,FRA,DEMO,H2,0,0,0.52,100,0.1
ELY4OFF,ESP,DEMO,H2,0,0,0.05,10,0
"Hidrolica, Tahivilla",ESP,DEMO,H2,0,0,0.041,8,0
GenHyPEM (R&D),DEU,DEMO,H2,0,0,0.033,6,0
Jupiter 1000,FRA,DEMO,Various,43.43696983,4.947789911,1,217,0.2
Hawaii Hydrogen Power Park (phase 2),USA,DEMO,H2,19.86247353,-155.5559789,0.005,1,0
PVFCSYS Sophia Antipolis,FRA,DEMO,H2,43.62721039,7.04592502,0.0036,1,0
PVFCSYS Agrate,ITA,DEMO,H2,0,0,0.0034,1,0
"THEUS H2 Energy Storage, Takasago (R&D)",JPN,DEMO,H2,0,0,0.0036,1,0
Aeropila,ESP,DEMO,H2,0,0,0.003,1,0
PosHYdon,NLD,FID/Construction,H2,52.25,4,1,192,0.1
FIRST - Showcase II,ESP,DEMO,H2,0,0,0.001,0,0
IHAVU,ESP,DEMO,H2,0,0,0,0,0
"WELTEMP, Water electrolysis at elevated temperature",DEU,DEMO,H2,0,0,,,
Ameland,NLD,DEMO,H2,0,0,,,
Wind-H2 Village Prince Edward Island,CAN,DEMO,H2,0,0,0.3,65,0.1
"DTE Energy Hydrogen Technoly Park, Southfield Michigan",USA,DEMO,H2,42.47389443,-83.25060015,0.099,22,0
Wind2H2 Project NREL,USA,DEMO,H2,39.83934036,-105.1591993,0.04,9,0
Small Scale Renewable Power System DRI (Desert Research Institute),USA,DEMO,H2,0,0,0.0065,1,0
IRENE System,CAN,DEMO,H2,0,0,0.006,1,0
Bio SNG G??ssing,AUT,DEMO,CH4,47.05635816,16.32827782,,,
Fine Chemical Industry Park of Lanzhou,CHN,Operational,MeOH,36.07416384,103.8324382,4.6,1000,0.8
GldH2,NLD,FID/Construction,H2,52.13645924,6.204129255,2,444,0.3
P2P IPKW,NLD,Feasibility study,H2,0,0,1,222,0.2
AuxHYGen (Phase 1),FRA,Operational,H2,47.79744501,3.566269916,1,217,0.2
MethFuel,DEU,DEMO,CH4,0,0,1,192,0.1
Coffeyville fertilizer plant,USA,Operational,Ammonia,37.04655681,-95.60394915,,,
PCS Nitrogen-Geismar plant (LA),USA,Operational,Ammonia,30.1841002,-91.00383772,,,
Port Arthur,USA,Operational,H2,29.88732774,-93.92935053,,151000,117.7
MCRC bio-hydrogen facility Chennai,IND,DEMO,H2,13.08961162,80.23165635,,12,0
Port Jerome,FRA,Operational,H2,49.48378963,0.54835583,,50000,39
Quest,CAN,Operational,H2,53.7965498,-113.0917523,,,300
ElectroHgena,FRA,DEMO,CH4,0,0,,,
Power to flex (several pilot projects),DEU,DEMO,H2,0,0,,,
"Minerve, Nantes",FRA,DEMO,CH4,47.21978515,-1.567548568,0.12,32,0
HYPOS (several projects),DEU,Operational,H2,51.29734424,11.99738132,1.3,288.8888889,0.2
Air Liquide Becancour,CAN,Operational,H2,46.3821767,-72.37264273,20,3846,3
Hebei Jiantou Guyuan wind project - 2nd phase,CHN,Operational,H2,41.56089297,115.7331071,6,1304,1
"Blue but better (ALB) (Canada Net-zero Hydrogen Energy Complex), phase 1",CAN,FID/Construction,H2,53.60294058,-113.2785039,,179570,140
Hyper Hydrogen Energy Zhangjiakou Wind Power Hebei - first phase,CHN,Operational,H2,40.81,114.87944,9.26,2013,1.6
"MPREIS Hydrogen (within ""Demo4Grid"")",AUT,Operational,H2,47.25231837,11.32808286,3.1,674,0.5
Anglo-American Mogalakwena mine,ZAF,Operational,H2,-23.97787754,28.91676165,3.5,761,0.6
Wally - Walmart Quilicura forklifts,CHL,Operational,H2,-33.35578065,-70.73649242,0.6,115,0.1
Wuppertal refuelling station,DEU,Operational,H2,51.264018,7.1780374,2.5,481,0.4
SALCOS - WindH2 Windwasserstoff Salzgitter,DEU,Operational,H2,52.15234346,10.40665988,2.5,481,0.4
Hebei Jiantou Guyuan wind project - 1st phase,CHN,Operational,H2,41.56089297,115.7331071,4,870,0.7
"Green hydrogen Project, Mohammad Bin Rashid Solar Park",ARE,Operational,H2,24.76562573,55.36765017,1.25,240,0.2
Hydrogen Park South Australia - HyPSA,AUS,Operational,H2,0,0,1.25,240,0.2
NEL-Champaign-Urbana Mass Transit District,USA,Operational,H2,0,0,1,192,0.1
Cyrus Smith,NLD,DEMO,H2,0,0,0.02,4,0
Jemena Western Sydney - H2GO project,AUS,Operational,H2,-33.86856466,151.2046106,0.5,96,0.1
Queensland Government HRS,AUS,Operational,H2,0,0,0.22,42,0
Seafuel project,ESP,Operational,H2,28.52296439,-16.26463933,0.025,6,0
Obayashi geothermal hydrogen,JPN,DEMO,H2,0,0,0.045,10,0
Hydrogen village Burgenland,AUT,DEMO,H2,47.5174119,16.45727511,0.01,2,0
"Unisa, Mawson Lakes campus",AUS,DEMO,H2,0,0,,,
North West Sturgeon refinery,CAN,Operational,H2,53.83935195,-113.1210722,,,
WCS Redwater CO2 Recovery Unit (formerly nutrien) (ACTL) (ALB) phase 1,CAN,Operational,Ammonia,53.99249384,-113.1269395,,,164
Kidman Park in Adelaide depot,AUS,DEMO,H2,0,0,,,
"SPHYNX, R&D",FRA,DEMO,H2,0,0,,,
Laboratory Plant HRI Quebec,CAN,DEMO,H2,0,0,0.005,1,0
Fronius HyLOG-Fleet (Hydrogen powered Logistic System),AUT,DEMO,,0,0,,,
"HyWindBalance, Oldenburg",DEU,DEMO,,0,0,,,
"Hyport@Duqm, phase 1",OMN,Feasibility study,Ammonia,19.66692773,57.72544501,500,111111,86.6
"Engie - Yara Pilbara test, phase I (project Yuri)",AUS,FID/Construction,Ammonia,-20.62454435,116.7831875,10,2174,1.7
Hyper Hydrogen Energy Zhangjiakou Wind Power Hebei - second phase,CHN,FID/Construction,H2,40.81,114.87944,147.504,32066,25
"Crystal Brook Energy Park, South Australia",AUS,Feasibility study,H2,-33.3531442,138.2060764,50,11111,8.7
Origin Energy - Kawasaki Heavy Industries Townsville project,AUS,Feasibility study,H2,-19.25895956,146.8163218,300,66667,52
H2-hub Gladstone (Queensland) - phase 1,AUS,Feasibility study,Ammonia,-23.84153552,151.2505892,150,33333,26
"Demonstration plant Kuala Terengganu, Malaysia",MYS,DEMO,H2,0,0,0.1,19,0
Demo Plant Agricultural University Athens,GRC,DEMO,H2,37.99486699,23.71430175,,,
The Hydrogen house,USA,DEMO,H2,0,0,,,
Fenosa Canberra hydrogen demo project,AUS,Other/Unknown,CH4,0,0,,,
Alliander Oosterwolde - solar park of GroenLeven,NLD,Operational,H2,53.19809945,5.790371769,1.4,304,0.2
Siemens Energy and Beijing Green Hydrogen Technology Development HRS,CHN,DEMO,H2,39.91951709,116.3973115,1,192,0.1
Ribatejo natural gas power plant (FLEXnCONFU) ,PRT,DEMO,H2,39.01254524,-8.953810254,1,192,0.1
Air Liquide liquid hydrogen production plant,USA,Operational,H2,36.24766995,-115.355277,,4682,3.7
"Haru Oni, phase 1",CHL,Operational,Synfuels,-52.02782333,-72.3950138,1,192,0.1
Holland Hydrogen - phase 1,NLD,FID/Construction,H2,51.94683895,4.009751892,200,43478,33.9
"Sun Metals Zinc Refinery, phase I",AUS,FID/Construction,H2,-19.33116863,146.8839958,1,192,0.1
HRS TMB Zona Franca de Barcelona,ESP,Operational,H2,41.3904683,2.169883854,2.5,481,0.4
HRS Charleroi,BEL,Concept,H2,50.47114536,4.458723543,,,
HRS CNH2 Puertollano,ESP,Operational,H2,38.68908417,-4.106411493,0.06,13,0
Iberdrola - Palos de la Frontera I,ESP,Feasibility study,Ammonia,37.18228514,-6.888655703,200,44444,34.7
Hyflexpower,FRA,DEMO,H2,45.87308933,0.833451997,1.6,308,0.2
HydroHub-Fenne,DEU,FID/Construction,H2,49.239995,6.84135,53,10192,7.9
Solena Group Plasma enhanced gasification,USA,FID/Construction,H2,34.72118222,-118.1663468,,5618,4.4
H24U project (former Proyecto Verne),URY,Feasibility study,H2,-34.80034413,-56.1960983,5,1111,0.9
Olive Creek 1,USA,Operational,H2,40.56579153,-96.81326421,,6413,5
Olive Creek 2,USA,Feasibility study,Ammonia,40.56579153,-96.81326421,,63516,49.5
Iberdrola - Palos de la Frontera II,ESP,Feasibility study,Ammonia,37.18228514,-6.888655703,360,80000,62.4
Douglas County PUD - industrial area north of East Wenatchee,USA,FID/Construction,H2,47.49344847,-120.303228,5,962,0.7
Chongli wind-solar Hydrogen Project - first phase,CHN,Operational,H2,40.75417084,115.0326023,4.139,796,0.6
"GreenH2UB (1st hub, Noord Brabant)",NLD,Feasibility study,H2,51.57107978,5.267217934,5,962,0.7
Duwaal,NLD,Feasibility study,H2,52.63235559,4.749723142,5,962,0.7
Chongli wind-solar Hydrogen Project - second phase,CHN,Operational,H2,40.75417084,115.0326023,9.838,1892,1.5
Hysolar Green on Road - Nieuwegein,NLD,Operational,H2,52.03502549,5.099206478,2.5,481,0.4
Halcyon Power,NZL,Operational,H2,0,0,1.5,288,0.2
Hydrogenpilot Oosterwolde,NLD,Operational,H2,53.0019687,6.292133564,1.3,289,0.2
Kopernikus 2.0,DEU,DEMO,Synfuels,49.01252508,8.416944469,0.25,66,0.1
E-CO2MET Raffinerie Mitteldeutschland,DEU,DEMO,MeOH,51.28147417,11.98771876,1,263,0.2
HySTRA- HESC,AUS,Feasibility study,H2,-38.253187,146.576518,,360487,281.1
H-Vision (phase 1),NLD,Feasibility study,H2,51.9545384,4.145078617,,128264,100
Preem CCS at Lysekil refinery,SWE,Feasibility study,H2,58.34878368,11.41750331,,,
METHYCENTRE,FRA,DEMO,Various,0,0,0.25,48,0
Hydrogen Park Gladstone,AUS,FID/Construction,H2,-23.84153552,151.2505892,0.175,34,0
"Toyota Hydrogen Centre, Altona, Victoria",AUS,Operational,H2,-37.8648151,144.83405,0.2,38,0
GZI Next,NLD,Feasibility study,H2,0,0,10,1923,1.5
Yanchang Integrated Carbon Capture and Storage Demonstration,CHN,Operational,H2,36.56322284,110.1008251,,,
Hazer group CH4 pyrolysis,AUS,Operational,H2,-32.15125666,115.8107427,,128,0.1
ECB Omega Green biofuel project,PRY,Feasibility study,H2,-23.87631557,-57.03601199,310,67391,52.5
Normand?€?Hy - Air Liquide ,FRA,FID/Construction,H2,49.48164753,0.546334672,200,38462,30
"H2V 59, 1st phase",FRA,Feasibility study,H2,51.03366672,2.367819717,200,43478,33.9
"Arrowsmith Hydrogen Project, phase 1",AUS,Feasibility study,H2,-29.2453428,114.9341591,55,11957,9.3
Bad Lauchst??dt energy park,DEU,FID/Construction,H2,51.43201514,11.861872,30,6522,5.1
"DJEWELS Chemiepark - Delfzijl, Phase 1",NLD,Feasibility study,Various,53.3344145,6.92135995,20,4348,3.4
UpHy,AUT,FID/Construction,H2,48.14672813,16.49571588,10,1923,1.5
Lake Charles Methanol,USA,Feasibility study,MeOH,30.22846555,-93.20981968,,,
"DJEWELS Chemiepark - Delfzijl, Phase 2",NLD,Feasibility study,Synfuels,53.3344145,6.92135995,40,8696,6.8
H2ermes,NLD,Feasibility study,H2,52.47246927,4.514296781,100,22222,17.3
"H2V 59, 2nd phase",FRA,Feasibility study,H2,51.03366672,2.367819717,300,65217,50.8
Hydrogen 2 Magnum (H2M),NLD,Feasibility study,H2,53.35634306,6.604915508,,,
Wabash Valley Resources ,USA,Feasibility study,H2,39.53376952,-87.42595908,,157303,122.6
"Etzel, Salt caverns",DEU,DEMO,H2,0,0,,,
"Shell heavy residue gasification CCU - Pernis refinery (in 2024, the CCU project will become CCUS - ref1323 - once Porthos project is available)",NLD,Operational,H2,51.88051045,4.315640317,,128264,100
Bio Energy Netherlands,NLD,Operational,H2,0,0,,,
Blue Hydrogen Den Helder,NLD,Feasibility study,H2,0,0,,,
Nemo Hydrogen Project,GRC,Concept,H2,37.845672,23.790579,100,22222,17.3
Baicheng City Bus Company - Songyuan City,CHN,Operational,H2,45.622681,122.848434,6,1333,1
"Repsol Cartagena, phase 1",ESP,Feasibility study,H2,37.56971348,-0.947449812,100,21739,16.9
H2-based residential area in Van der Veen,NLD,FID/Construction,H2,0,0,,,
H2Gas,ESP,Concept,H2,0,0,0.015,3,0
Long Beach Fuel Cell plant,USA,Operational,H2,33.87253337,-117.9602586,,562,0.4
Producing Hydrogen by Gasification of Biomass in 'het Groene Hart' - GH2,NLD,DEMO,H2,0,0,,234,0.183
Ramboll study for an e-fuel plant in Greenland,DNK,Feasibility study,MeOH,0,0,,,
Armor Hydrog??ne,FRA,Feasibility study,H2,48.48963639,-2.735607657,4,889,0.7
"Giner ELX, H2@Scale (Florida)",USA,DEMO,H2,28.53278218,-81.27583005,0.5,96,0.1
"Frontier Energy, H2@Scale - electrolysis",USA,DEMO,H2,30.69222855,-97.27921821,0.049,9,0
"DJEWELS Chemiepark - Delfzijl, Phase 3",NLD,Feasibility study,MeOH,53.3344145,6.92135995,40,8696,6.8
Curthyl,NLD,Feasibility study,H2,51.95561717,4.0148897,200,44444,34.7
Deltaurus 1,NLD,Feasibility study,H2,0,0,150,33333,26
Deltaurus 3,NLD,Feasibility study,H2,0,0,700,155556,121.3
"North CCU HUB, phase 3 (Deltaurus 4)",BEL,Feasibility study,Various,51.10782428,3.750137597,300,66667,52
Vlissingen - VoltH2 - phase I,NLD,Feasibility study,H2,51.45546439,3.564851569,25,5556,4.3
"HySynergy, phase 2",DNK,Feasibility study,H2,55.59138504,9.752643675,280,62222,48.5
Green lab skive (Phase I),DNK,Operational,MeOH,56.56530195,9.02965887,6,1333,1
"Shell China - Zhangjiakou Transportation Investment, phase 1",CHN,Operational,H2,40.78163215,114.8676578,20,4348,3.4
"Aberdeen Hydrogen Hub, phase I",GBR,FID/Construction,H2,57.17912975,-2.101654656,1.63,362,0.3
"Fortescue Metals Group - Bell Bay, Tasmania",AUS,Feasibility study,Ammonia,-41.11280377,146.8576969,250,55556,43.3
H2HUB,FRA,Concept,H2,47.90222163,1.906990632,2,444,0.3
"Meirama plant, phase 1",ESP,Feasibility study,H2,43.17444109,-8.407700488,30,5769,4.5
EMEC tidal-battery-hydrogen demo,GBR,DEMO,H2,0,0,0.67,129,0.1
Orange-BAT Puerto Valencia,ESP,Concept,H2,39.44907844,-0.316883814,100,22222,17.3
Huaneng electrolysis plant in Western Sichuan,CHN,FID/Construction,H2,30.79475582,99.91756342,27,6000,4.7
HaYrport,BEL,Feasibility study,H2,50.64547214,5.441302826,0.75,163,0.1
"IPCEI Green Crane, Italy Hubs",ITA,Concept,H2,0,0,,,0
"North CCU HUB, phase 2. North-C -full scale",BEL,Concept,Various,51.04097789,3.844331149,237,52667,41.1
HRS Halle (Continued as Ref148),BEL,DEMO,H2,50.73127486,4.219267381,0.3,65,0.1
Origin Energy Tasmania?€?s Bell Bay,AUS,Feasibility study,Ammonia,-41.13062845,146.8667014,500,111111,75.6
H2One Multistation- Tsuruga City,JPN,Operational,H2,35.65882038,136.0632417,0.005,1,0
"H100 Fife Project, Levenmouth",GBR,FID/Construction,H2,56.18200178,-3.013936835,5,1087,0.8
Steag-Thyssenkrupp Duisburg steel plant (HydrOxy Hub Walsum)- Phase 1,DEU,Feasibility study,H2,51.44485416,6.722192705,157,30192,23.5
Gela refinery,ITA,Feasibility study,H2,37.05959741,14.26628719,20,3846,3
Taranto Sustainable Refinery,ITA,Feasibility study,H2,40.49283749,17.19671568,10,1923,1.5
"BENORTH2 (Amorebieta-Boroa power plant), phase 1",ESP,FID/Construction,H2,43.2338374,-2.750071585,20,4444,3.5
"BENORTH2 (Amorebieta-Boroa power plant), phase 2",ESP,Feasibility study,H2,43.2338374,-2.750071585,180,40000,31.2
Camberra HRS,AUS,Operational,H2,0,0,0.052,10,0
Recycle Carbone Varennes biofuels plant,CAN,FID/Construction,H2,49.22597129,5.016301708,90,17308,13.5
Beijing Jingneng Power Company,CHN,Concept,H2,40.05606486,115.5429194,2885.947,641322,500
REDDAP - REnewable Distributed & Dynamic Ammonia Plant,DNK,Operational,Ammonia,56.54516778,9.152295859,10,2174,1.7
Wallonia e-methane project,BEL,Feasibility study,CH4,50.33640845,4.79180409,75,16304,12.7
"GET H2 Nukleus, phase 2",DEU,FID/Construction,H2,52.48255651,7.299667812,100,19231,15
"NortH2, phase 2",NLD,Concept,H2,53.46520794,6.632984563,6000,1333333,1039.5
"AquaPrimus (AquaVentus, phase 1), Heligoland",DEU,Feasibility study,H2,54.20234361,7.921268609,28,6222,4.9
H2-hub Gladstone (Queensland) - phases 2-3,AUS,Feasibility study,Ammonia,-23.84153552,151.2505892,2850,633333,493.8
Brande Hydrogen project,DNK,DEMO,H2,55.94514968,9.096581391,0.4,77,0.1
Horizeo project ,FRA,Feasibility study,H2,44.648942,-0.597759,10,2222,1.7
Deep Purple,NOR,DEMO,H2,0,0,,,
Pinto waste water plant,ESP,FID/Construction,H2,40.23827949,-3.692297452,0.462,103,0.1
Linde Leuna Chemical Complex,DEU,FID/Construction,H2,51.32471117,12.02431106,24,4615,3.6
"Project Haber, phase 1",AUS,Feasibility study,H2,-28.83006869,114.6783515,10,2222,1.7
Grupa Lotos refinery,POL,Feasibility study,H2,54.37556378,18.58700572,100,22222,17.3
Hamburg Green Hydrogen Hub (HGHH) project - old Moorburg plant,DEU,Feasibility study,H2,53.50673066,9.936549822,100,19231,15
Sumitomo Queensland,AUS,Feasibility study,H2,0,0,2.5,481,0.4
Sumitomo Oman,OMN,Concept,H2,0,0,,449,0.4
Sumitomo Malaysia- H2ornbill,MYS,Feasibility study,H2,1.55311,110.345032,649.3,144297.4,113
As Pontes power plant,ESP,Feasibility study,H2,43.44132666,-7.863506592,100,22222,17.3
Green Hydrogen Esslingen (P2G2P),DEU,Operational,H2,48.73108142,9.318047704,0.5,109,0.1
Huelva - Endesa,ESP,Feasibility study,H2,37.26196388,-6.941284646,100,22222,17.3
Hidrogeno El Cierzo,ESP,Feasibility study,H2,42.43745373,-2.291224272,7.2,1600,1.2
Teruel - Endesa,ESP,Feasibility study,H2,40.34567887,-1.106389644,15,3333,2.6
Almeria - Endesa,ESP,Feasibility study,H2,36.83378055,-2.464670478,50,11111,8.7
Barranco de Tirajana - Endesa,ESP,Feasibility study,H2,27.87436765,-15.50667115,7,1556,1.2
Granadilla - Endesa,ESP,Feasibility study,H2,28.12248879,-16.57559932,10,2222,1.7
"Green Crane, Asturias Hub, Phase I",ESP,Feasibility study,H2,43.46473733,-5.946123062,5,1111,0.9
"Green Crane, Asturias Hub, Phase II",ESP,Feasibility study,H2,43.46473733,-5.946123062,100,22222,17.3
"Hynet Northwest, phase 3",GBR,Feasibility study,H2,53.27703121,-2.841869148,,1038941,810
Zero Emission Valley (ZEV) - Clermont Ferrand,FRA,Operational,H2,45.7761475,3.095197185,2,435,0.3
Bahia H2 Offshore,ESP,Feasibility study,Ammonia,43.43629906,-3.80398481,,,
KOGAN HYDROGEN DEMONSTRATION PROJECT,AUS,FID/Construction,H2,-26.914849,150.747104,1,192,0.1
Masdar City green H2,ARE,FID/Construction,Various,24.48524216,54.39272804,5.772,1283,1
Lysekil refinery (phase 1),SWE,Feasibility study,H2,58.35063808,11.43600846,50,11111,8.7
"Uniper Maasvlakte, phase I",NLD,Feasibility study,H2,51.96331544,4.022574088,100,19231,15
"Uniper Maasvlakte, phase II",NLD,Feasibility study,H2,51.96331544,4.022574088,400,88889,69.3
"Hydrogen Park Murray Valley, Victoria",AUS,FID/Construction,H2,-36.11783047,146.8786478,10,2174,1.7
ORANGE.BAT Castellon,ESP,Feasibility study,H2,39.98706356,-0.050294715,100,21739,16.9
Saras Sardinia refinery - IPCEI,ITA,Feasibility study,H2,39.08672306,9.022064688,20,3846,3
H2 Creteil,FRA,FID/Construction,H2,48.77887899,2.4368745,2.5,556,0.4
SunLine Palms Springs,USA,Operational,H2,33.83353983,-116.5509007,2,385,0.3
H2 Green Steel (H2GS)  - phase 1,SWE,FID/Construction,H2,65.8289892,21.6904535,800,173913,135.6
"New York Science, Technology and Advanced Manufacturing Park",USA,FID/Construction,H2,43.0964478,-78.3908559,120,23077,18
Abanto Technology Park,ESP,Operational,H2,43.32559953,-3.113953019,2.5,543,0.4
HyDeal Ambition,"ESP
FRA",Concept,H2,0,0,,,0
Boryeong LNG Terminal,KOR,Feasibility study,H2,36.34719004,126.5462281,,320661,250
Cavendish NextGen Hydrogen Hub ,USA,Operational,H2,27.64358906,-80.78992526,25,4808,3.7
Refhyne II,DEU,FID/Construction,H2,50.86056156,6.980581616,100,19231,15
H2-Login,ESP,Operational,H2,40.12213,-3.84704,0.015,3,0
Gyeongnam Changwon Green Energy Center,KOR,DEMO,H2,35.21228303,128.6110091,0.125,33,0
"Wilhelmshaven , phase 1",DEU,Feasibility study,H2,53.52954064,8.1296932,70,15556,12.1
Sinopec Qilu Petrochemical CCS,CHN,Operational,H2,36.83002722,118.1110954,,,
Karamay Dunhua Oil Technology CCUS EOR Project,CHN,Operational,MeOH,45.58298539,84.89650728,,,
Great Plains Synfuel Plant and Weyburn-Midale,USA,Operational,CH4,47.26341678,-101.7969258,,,
Abu Dhabi CCS Phase 1: Emirates Steel Industries - Al Reyadah CCUS,ARE,Operational,H2,24.33491011,54.47101004,,,
Leeds Bradford Airport hub,GBR,Feasibility study,H2,54.45186875,0.326742452,,,
Northwest Natural Holding synthetic methane plant,USA,Concept,CH4,0,0,10,2222,1.7
Centre Point Energy Minnesota,USA,Concept,H2,0,0,,,
New Jersey Resources Howell,USA,Operational,H2,40.151128,-74.213226,0.175,39,0
Vantaa-Wartsila methanation,FIN,FID/Construction,CH4,60.29311854,25.03707856,20,4444,3.5
AES Andes Power to Ammonia project,CHL,Feasibility study,Ammonia,-32.52304212,-70.68239248,412.278,91617,71.4
Huaneng Qingneng Institute demo plant,CHN,DEMO,H2,0,0,,,
CNNC HTGR P2G demo,CHN,DEMO,H2,0,0,0,0,0
CNNC 600MW HTGR P2G for steel,CHN,Concept,H2,0,0,225,50000,39
"Datong City solar plant, phase 1",CHN,FID/Construction,H2,40.07828301,113.3081818,10,2222,1.7
Eco Energy World Quensland project,AUS,Feasibility study,H2,-27.4717594,153.044312,200,44444,34.7
Puglia green hydro-gen valley - Taranto plant,ITA,Feasibility study,H2,40.4432173,17.2510137,100,22222,17.3
Saipem and Alboran Hydrogen (1 plant),MAR,Concept,H2,0,0,,,
Saipem and Alboran Hydrogen (1 plant),ALB,Concept,H2,0,0,,,
Optimal-ITM agreement,AUS,FID/Construction,H2,0,0,0.7,135,0.1
Giga Stack - Green Hydrogen for Humberside,GBR,Concept,H2,53.67400642,-0.570627592,1000,192308,149.9
HRS Gatwick airport,GBR,Decommisioned,H2,51.16077441,-0.175151717,,,
4 projects of ITM in Australia,AUS,Operational,H2,0,0,1,192,0.1
HRS Swindon,GBR,Operational,H2,51.55934334,-1.782009364,,,
HRS Beaconsfield,GBR,Decommisioned,H2,51.60438472,-0.647719826,,,
QEM Julia Creek - Queensland,AUS,Concept,H2,-23.84020759,151.0473419,,,
Rafnes chemical plants (Aquarius),NOR,FID/Construction,H2,59.13562846,9.628247706,20,4444,3.5
Synkero synfuels project,NLD,Feasibility study,Synfuels,52.36610168,5.034774033,100,22222,17.3
Zenid Initiative,NLD,DEMO,Synfuels,51.95638511,4.420221321,1.456,324,0.3
H2Teesside 1st phase,GBR,Feasibility study,H2,54.55239212,-1.311916181,,192135,149.8
H2Teesside 2nd phase,GBR,Feasibility study,H2,54.55239212,-1.311916181,,192135,149.8
ITM-Sumitomo Coorp,JPN,Operational,H2,35.443707,139.638031,2,385,0.3
"PT Panca Amara Utama (PAU) Banggai ammonia plant, Luwuk Central Sulawesi",IDN,Feasibility study,Ammonia,-0.938827956,122.7925004,,,
"Barents Blue ammonia plant, phase 1",NOR,Feasibility study,Ammonia,70.4799,24.2633,,230968,180.1
"Hysencia, Phase II",ESP,Concept,H2,41.53512385,-0.891003208,160,35556,27.7
Renewstable,BRB,Feasibility study,H2,13.18594857,-59.55988857,15,2885,2.2
Centrale Electrique de l?€?Ouest Guyanais (CEOG),FRA,FID/Construction,H2,5.6687327,-53.7784043,16,3478,2.7
NewGen,TTO,Feasibility study,H2,10.40844496,-61.49237173,140,31111,24.3
Evolugen H2 injection project,CAN,FID/Construction,H2,0,0,20,4444,3.5
Bangladesh Council of Scientific and Industrial Research demo,BGD,DEMO,H2,0,0,,,
Port of Pecem - Base One,BRA,Feasibility study,H2,-3.530928034,-38.79237746,3463.137,769586,600
Aquamarine,HUN,Operational,H2,46.4966066,20.7015134,2,385,0.3
Prince George refinery,CAN,Operational,H2,53.92702726,-122.6941359,,11792,9.2
Science Parks of Tainan and Hsinchu,TWN,Operational,H2,23.04822731,120.1520254,25,5556,4.3
SeaH2Land,NLD,Feasibility study,H2,0,0,,,0
HRS Bremerv??rde - trains,DEU,Operational,H2,53.48853771,9.132394116,3.895,749,0.6
ArcelorMittal Bremen - HyBit,DEU,FID/Construction,H2,53.13738179,8.693899524,10,2222,1.7
Rossello paper factory,ESP,Feasibility study,H2,41.69389819,0.594861638,,,
DG Fuels,USA,Feasibility study,H2,30.03457721,-90.77547675,839,182391,142.2
Energ??a Los Cabos,MEX,Feasibility study,H2,23.07476916,-109.5841413,25,4808,3.7
GICON - Vietnam Petroleum Institute MoU,VNM,Feasibility study,H2,0,0,,,
Heritage Gas - Ottawa,CAN,FID/Construction,H2,45.433152,-75.72896533,,,
RHYME,DEU,Feasibility study,H2,48.171131,12.831759,20,3846,3
Yanqing Hydrogen Energy Industrial Park,CHN,Operational,H2,40.51381489,116.1215243,6.816,1311,1
Cangzhou Bohai New District Hydrogen,CHN,Concept,H2,38.31669838,116.8406296,,,
Hydrogen Energy Equipment Industrial Cluster Project in Handan Economic and Technological Development Zone,CHN,Concept,H2,32.31093286,120.3803025,,,
Zhangjiakou Yangyuan Jingxi New Energy Base Project,CHN,Concept,H2,40.7861058,114.8468786,,,
CGN Baicheng Hydrogen Production Project - Jilin,CHN,DEMO,H2,43.81421046,126.4666924,0.225,50,0
"Datong City solar plant, phase 2",CHN,FID/Construction,H2,40.07828301,113.3081818,40,8889,6.9
H2Pioneer - H2 Carinthia,AUT,Operational,H2,46.59498321,13.85629418,2,385,0.3
WIVA P&G Hydrogen Region,AUT,FID/Construction,H2,0,0,21.067,4682,3.7
Matra power pant,HUN,Concept,H2,47.78937995,20.06821279,,,
"Konin Power Plant, phase 1 - ZE PAK",POL,FID/Construction,H2,52.2875093,18.2839037,2.5,481,0.4
Project AIR (Perstorp - Stenungsund),SWE,Feasibility study,MeOH,58.08020554,11.81807075,25,5435,4.2
Reichenau power plant,CHE,Operational,H2,47.5602883,7.629416874,2.5,556,0.4
Steklarna Hrastnik glass manufactuing plant,SVN,Operational,H2,46.12903202,15.09450548,0.15,33,0
Solar Global group headquarters,CZE,Concept,H2,0,0,,,
Greening of Gas (GoG) - Net4Gas DEMO,CZE,Feasibility study,CH4,0,0,0.45,100,0.1
Lingen Green Hydrogen (LGH2) Phase 2,DEU,Concept,H2,52.55860477,7.310193321,400,88889,69.3
HyMAT SH,DEU,Feasibility study,H2,0,0,10,2222,1.7
We-4-PUR,DEU,Feasibility study,H2,0,0,25,5556,4.3
H2 in the Ketzin energy transition laborator,DEU,Feasibility study,H2,0,0,2,444,0.3
Green Energy Hub Helmstedt,DEU,Feasibility study,MeOH,52.22832664,11.0043476,20,4444,3.5
Speicherstadt Kerpen,DEU,Feasibility study,H2,0,0,,,
SLOP2G Project,SVN,Concept,CH4,0,0,,,
Thermal Power Plant Sostanj,SVN,Operational,H2,46.3746747,15.05297235,0.1,22,0
TPJ Jesenice,SVN,Operational,H2,0,0,0.35,78,0.1
H2MUCTYNIC (Confidential data from H2 Europe),SVK,Feasibility study,H2,0,0,20,4444,3.5
"Dolphyn 1, phase 1",GBR,Feasibility study,H2,57.06520831,-1.89828763,10,2222,1.7
"Dolphyn 1, phase 2",GBR,Concept,H2,57.06520831,-1.89828763,90,20000,15.6
"PTG Bilsthorpe, Nottinghamshire",GBR,Other/Unknown,H2,53.14237547,-1.035306593,1.25,278,0.2
Uniper Killingholme site,GBR,Feasibility study,H2,53.65480155,-0.254668893,100,22222,17.3
North Sea Wind Power Hub,NLD,Concept,H2,53.3590619,4.87415461,1897.965,421770,328.8
P2G Velke Kapusany,SVK,Feasibility study,H2,48.54429936,22.07745485,78,17333,13.5
"Element One (Element Eins), phase 3",DEU,Feasibility study,CH4,53.52494208,7.630359539,232.817,50612,39.5
"Green Hydrogen Hub, phase 1","DEU
DNK",Concept,H2,56.63923041,9.795671508,,,
"Green Hydrogen Hub, phase 2","DEU
DNK",Concept,H2,56.63923041,9.795671508,,,
HyG??o,FRA,Concept,H2,0,0,,,
Pegasus,ITA,Feasibility study,CH4,0,0,23,5111,4
"Electrolyzers with ""network related function"" in Apulia - Phase 1",ITA,Concept,H2,41.06687898,16.68257759,90,20000,15.6
Hydrogen injection into the gas network in Lithuania,LTU,DEMO,H2,55.41380634,23.51968018,1,222,0.2
Power to Gas Production with infrastructure building/enhacement in Latvia,LVA,Concept,H2,56.90636933,24.91494388,,,
"G2F - Gas to Future, phase 1",SVK,Feasibility study,H2,0,0,84,18667,14.6
"G2F - Gas to Future, phase 2",SVK,Concept,H2,48.8857681,19.36289159,248,55111,43
Herten HRS,DEU,FID/Construction,H2,51.59623275,7.139411063,2.935,564,0.4
Vall??e Hydrog??ne Grand Ouest (VHyGO) - Saint-Nazaire,FRA,Operational,H2,47.27377389,-2.21032493,1.5,333,0.3
Vall??e Hydrog??ne Grand Ouest (VHyGO) - Dieppe,FRA,Concept,H2,49.96313092,1.089687683,0.5,111,0.1
NEL-Lhyfe Agreement,FRA,,,0,0,,,
McDermott - CB&I 2nd project,USA,Feasibility study,H2,0,0,50,11111,8.7
Hy-Fi,CHL,Concept,Ammonia,-26.38901715,-70.04808825,2738.764,608614,474.5
HYBAYERN,DEU,FID/Construction,H2,0,0,2.873,552,0.4
"Hyways for future, total",DEU,Concept,H2,0,0,5.303,1020,0.8
Norddeutsches Reallabor - Living Lab Northern Germany,DEU,Feasibility study,H2,54.27535825,9.244366247,48.689,9363,7.3
"Haru Oni, phase 2",CHL,Feasibility study,Various,-52.02782333,-72.3950138,412.69,79364,61.9
"Haru Oni, phase 3",CHL,Concept,Various,-52.02782333,-72.3950138,2000,444444,346.5
Hydrogen Fuels Australia Truganina refuelling station - H2FA,AUS,FID/Construction,H2,-37.82426002,144.7455641,0.432,94,0.1
Pertamina Ulubelu geothermal plant,IDN,FID/Construction,H2,-5.306544,104.577194,0.5,111,0.1
P2X Harjavalta project,FIN,FID/Construction,H2,61.31892106,22.12563319,20,4348,3.4
Ercros - Sabinanigo,ESP,FID/Construction,H2,42.51887539,-0.372457215,0.9,196,0.2
OMNI CT - California,USA,FID/Construction,H2,37.06172514,-120.6982696,,6413,5
Sapio - Mantova,ITA,Operational,H2,45.15573304,10.78972903,,1500,1.2
Woikoski Kokkola H2 plant,FIN,Operational,H2,63.8413308,23.12696039,9,1957,1.5
HyEnergy Zero Carbon Hydrogen,AUS,Feasibility study,H2,-24.67763139,113.6138749,8000,1777778,1386
Yellow Sea,CHN,Concept,H2,36.07353232,120.394282,2000,444444,346.5
HNH,CHL,Feasibility study,Ammonia,-52.02782333,-72.3950138,3000,666667,519.8
Rostock - RWE - (HyTechHafen-Rostock),DEU,Feasibility study,H2,54.14507287,12.10939724,100,22222,17.3
CRS4-Italgas Sardinia,ITA,Concept,CH4,40.13250071,9.029131993,,,
"BP Castellon refinery, phase 1 (HyVal)",ESP,FID/Construction,H2,39.95800423,-0.004072311,25,4808,3.7
SmartQuart project - Kaisersesch ,DEU,FID/Construction,H2,50.2307994,7.1404855,1,192,0.1
"Canary Islands Hub, phase 1",ESP,Feasibility study,H2,0,0,5.8,1283,1
"Canary Islands Hub, phase 2",ESP,Concept,H2,0,0,,,
Suncor Edmonton Refinery - Heartland hydrogen hub (ALB),CAN,Feasibility study,H2,53.712776,-113.213333,,384793,300
Donghae 1 offshore wind plant,KOR,Feasibility study,H2,35.51663948,129.4444447,100,22222,17.3
Turquoise Hydrogen,AUS,FID/Construction,H2,-27.47538961,152.9986896,,70,0.1
BayoTech - St Louis Hub,USA,Operational,H2,38.6260157,-90.19539681,,449,0.4
ZEHUS,ITA,Feasibility study,H2,0,0,4,870,0.7
Roadrunner,USA,Feasibility study,Synfuels,31.38403144,-102.031466,42.4,9224,7.2
"Green Energy Oman (GEO), phase 1 (former Oman-Al Wusta green H2 project)",OMN,Feasibility study,Ammonia,19.68668404,56.86378032,1731.6,384793,300
Plug Power - Fort Worth,USA,FID/Construction,H2,32.76328925,-97.34013071,273.9,52669,41.1
HyDeal LA,USA,Feasibility study,H2,0,0,,,
Energiepark Eemshaven West (phase I),NLD,Feasibility study,H2,53.43912043,6.836530401,10,2222,1.7
Energiepark Eemshaven West (phase II),NLD,Feasibility study,H2,53.43912043,6.836530401,100,22222,17.3
ELYgator,NLD,Feasibility study,H2,51.32069552,3.815185436,200,44444,34.7
"Central Queensland Hydrogen CQ-H2, phase 1",AUS,Feasibility study,H2,-23.84020759,151.0473419,640,142222,110.9
Zeeland Refinery - H2ero,NLD,Feasibility study,H2,51.41895364,3.727398275,150,33333,26
FUREC,NLD,Feasibility study,H2,50.98229949,5.831535016,,69263,54
BrigH2,NLD,Feasibility study,H2,0,0,,16854,13.1
Hydrogen Wind Turbine in Wieringerwerf,NLD,FID/Construction,H2,52.83244411,4.93873371,5,962,0.7
H2-gateway,NLD,Feasibility study,H2,0,0,,257,0.2
Sinopec Star Corp Ordos Green Power-to-Gas Demonstration (or: Uxin Banner Wind-Solar Integrated Green Hydrogen Petrochemical Refinery Demo) Phase 1,CHN,FID/Construction,H2,39.67405784,109.7247561,59,12826,10
Sinopec - Kuqa,CHN,Operational,H2,41.82754999,83.39490166,260,56522,44.1
Pecos County Ultra Clean Fuels Refining (TX),USA,Concept,H2,31.39098157,-103.5359583,,,
GreenHyScale,DNK,Feasibility study,H2,56.56530195,9.02965887,100,21739,16.9
EI-H2 - Aghada (phase 1),IRL,Feasibility study,H2,51.84045272,-8.218320265,50,11111,8.7
Green lab skive (Phase II),DNK,FID/Construction,MeOH,56.56530195,9.02965887,18,4000,3.1
Khalifa Industrial Zone Abu Dhabi (KIZAD) Helios Industry- phase 1,ARE,Feasibility study,Ammonia,24.48524216,54.39272804,124,26946,21
"HySynergy, phase 3",DNK,Feasibility study,H2,55.59138504,9.752643675,700,155556,121.3
Kapuni Green Hydrogen Project - Taranaki,NZL,FID/Construction,Various,-39.32205121,174.4101175,4.2,936,0.7
Horizon H2 capture tailings CCS (ALB),CAN,Operational,H2,0,0,,,
Hyundai Oilbank - Blue H2 Ecosystem,KOR,Feasibility study,H2,0,0,,128264,100
Forestal del Atl??ntico - Triskelion,ESP,FID/Construction,MeOH,43.46907065,-8.214771433,88.345,19632,15.3
SoHyCal,USA,Operational,H2,36.73162032,-119.7740255,7.5,1442,1.1
Bee?€?ah waste-to-hydrogen,ARE,Concept,H2,24.48524216,54.39272804,,,
Industrial Cachimayo,PER,Operational,Ammonia,-13.37649265,-72.07907968,25,5435,4.2
Dos Bocas refinery,MEX,Concept,H2,18.41896827,-93.20383473,,,
Sirea - Castres site,FRA,Operational,H2,43.60769064,2.24104035,0.43,96,0.1
Rostock - RWE (future phases),DEU,Concept,H2,54.14507287,12.10939724,900,200000,155.9
Hy4Chem - BASF Ludwigshafen,DEU,FID/Construction,H2,47.81692921,9.057313619,54,10385,8.1
Davis-Besse Nuclear Power Station,USA,DEMO,H2,41.595232,-83.089336,2,385,0.3
Prairie Island,USA,DEMO,H2,44.62242749,-92.64020902,0.2,53,0
Bruce Nuclear Generating Station,CAN,Feasibility study,H2,44.31856386,-81.57397598,3,667,0.5
Heysham demonstrator 1,GBR,DEMO,H2,54.02965513,-2.914395771,1,263,0.2
Kola Nuclear Power Plant demo,RUS,Operational,H2,67.46500889,32.48146993,1,192,0.1
Hydrogen Lab Bremerhaven (phase 1),DEU,Operational,H2,53.53951134,8.591532904,1,192,0.1
Hydrogen Lab Bremerhaven (phase 2),DEU,Concept,H2,53.53951134,8.591532904,9,2000,1.6
Hydrogen Lab Leuna (phase 1),DEU,Operational,MeOH,51.32471117,12.02431106,1,263,0.2
Hydrogen Lab Leuna (phase 2),DEU,Concept,Synfuels,51.32471117,12.02431106,4,889,0.7
Hydrogen Lab Gorlitz,DEU,DEMO,H2,51.13242117,14.96321633,2,444,0.3
Hydrogen Eagle (various hubs),POL,Feasibility study,H2,0,0,100,22222,17.3
Hydrogen Eagle (various hubs),POL,Feasibility study,H2,0,0,10,2222,1.7
Hydrogen Eagle (various hubs),POL,Feasibility study,H2,0,0,,19240,15
Hydrogen Eagle (Litv??nov),CZE,FID/Construction,H2,50.57883081,13.60789487,30,5769,4.5
Hydrogen Eagle (Spolana),CZE,Feasibility study,H2,50.27041613,14.51319438,18,4000,3.1
"Hydrogen Eagle (Spolana), phase 1",CZE,Feasibility study,H2,50.27041613,14.51319438,6,1333,1
Hydrogen Eagle (various hubs),SVK,Feasibility study,H2,48.253797,17.459326,60,13333,10.4
GreenH2Atlantic,PRT,Feasibility study,H2,37.96403252,-8.810157888,100,19231,15
Porto do Acu Fortescue Ammonia Project,BRA,Feasibility study,Ammonia,-21.83434976,-41.04132684,300,66667,52
Hoasis (TCP Gecomp),CHL,Concept,Ammonia,-23.39908036,-69.25218282,2100,466667,363.8
Ecopetrol 50kW electrolyser,COL,Operational,H2,10.33779801,-75.49612978,0.05,10,0
HValleSur,CHL,Concept,H2,-36.42129877,-72.20167673,5,1111,0.9
METH2 Atacama,CHL,Concept,MeOH,-23.39908036,-69.25218282,300,66667,52
Villa Lisa ,PRY,Feasibility study,H2,-25.37468049,-57.58885117,0.4,94,0.1
Ciudad del Este ,PRY,Concept,H2,-25.48005734,-54.65073031,,,
Encarnacion ,PRY,Concept,H2,-27.25124394,-55.89586575,,,
TA?€?ZIZ blue ammonia,ARE,Feasibility study,Ammonia,24.48524216,54.39272804,,230968,180.1
BHP Nickel West Green Hydrogen ,AUS,Feasibility study,H2,-27.81834985,120.7006064,10,2222,1.7
Dawson Mine,AUS,Feasibility study,H2,-24.63083226,150.0624416,10,2222,1.7
"Camden County (GA), green power plant",USA,Operational,H2,30.95768278,-81.64722855,40,7692,6
Pego coal plant transition,PRT,Feasibility study,H2,39.46428751,-8.11183461,0.5,111,0.1
Sealhyfe,FRA,DEMO,H2,47.29447627,-2.511819652,1,192,0.1
Rajasthan pilot plant,IND,Operational,Ammonia,28.33215605,73.28154584,2.1,467,0.4
OCP Group demo project,MAR,FID/Construction,Ammonia,33.12983107,-8.622006959,,,
Hofors rolling project,SWE,Operational,H2,60.55783959,16.29933502,17,3696,2.9
Hyrasia one,KAZ,Feasibility study,Ammonia,42.79816358,53.59887962,20000,4444444,3465.1
Manilla Solar & Renewable Energy Storage Project,AUS,FID/Construction,H2,-30.7500912,150.7227758,2,444,0.3
"Green Hydrogen Oman (GEO), phase 2 (former Oman-Al Wusta green H2 project)",OMN,Feasibility study,Ammonia,19.68668404,56.86378032,9333,2074000,1617
AquaVentus (completion),DEU,Concept,H2,54.20234361,7.921268609,5000,1111111,866.3
EI-H2 - Aghada (phase 2),IRL,Concept,H2,51.84045272,-8.218320265,2650,588889,459.1
EI-H2 - Aghada (phase 3),IRL,Concept,Ammonia,51.84045272,-8.218320265,500,111111,86.6
New Jersey Offshore Wind plant,USA,Feasibility study,H2,40.2042419,-74.15376049,7.5,1667,1.3
Delicias Solar,MEX,Feasibility study,H2,21.257528,-100.588878,35,7778,6.1
Pico Truncado,ARG,Concept,H2,0,0,,,
Dhamma Energy Guanajuato ,MEX,Concept,H2,21.01949831,-101.2566787,,,
"Mexican Green Hydrogen Hub, phase 1",MEX,Feasibility study,Ammonia,24.05111224,-104.5229752,69,13269,10.3
Algeciras Bay,ESP,Feasibility study,H2,36.14068759,-5.452604114,237,52667,41.1
Gazifere grid injection,CAN,FID/Construction,H2,0,0,20,4444,3.5
GREEN H2 Langosteira,ESP,Feasibility study,H2,42.9222605,-9.271734499,1,222,0.2
Pouakai - Taranaki - NH3,NZL,Feasibility study,Ammonia,-39.11974032,173.9380123,,286632,223.5
Pouakai - Taranaki - H2,NZL,Feasibility study,H2,-39.32205121,174.4101175,,280899,219
Jintongling Biomass Gasification ,CHN,FID/Construction,H2,0,0,,22831,17.8
Khalifa Industrial Zone Abu Dhabi (KIZAD) Helios Industry- phase 2,ARE,Feasibility study,Ammonia,24.48524216,54.39272804,584.3,127032,99
Veolia wastewater sludge plant,FRA,Operational,H2,0,0,,,
IPCEI Blue Danube - first project,DEU,Feasibility study,H2,0,0,20,4444,3.5
Bay.H2 Project - Bayern Oil Refinery,DEU,Feasibility study,H2,49.35088434,8.144561438,,,
Enid fertiliser,USA,Operational,Ammonia,36.37933532,-97.76301183,,,
Ervia CCS - Irving refinery,IRL,Feasibility study,H2,51.84203641,-8.067696095,,,
Energean Prinos oil field,GRC,Concept,H2,40.81817142,24.45065136,,,
Sinopec Zhongyuan Oilfield EOR,CHN,Decommisioned,H2,35.762928,114.980511,,,
Changqing Oil Field EOR,CHN,Operational,MeOH,0,0,,,
Fortescue Future Industries - Port of Pecem  (Phase I and II),BRA,Feasibility study,Ammonia,-3.530928034,-38.79237746,1006,223565,174.3
Mar??timo Drag??o - Qair,BRA,Feasibility study,H2,-3.530928034,-38.79237746,1216,270222,210.7
RIST Hydrogen Research Centre - nuclear Hydrogen project,KOR,DEMO,H2,0,0,,,
Rhode Green Energy Park ,IRL,DEMO,H2,53.36134868,-7.210691025,,,
Lysekil refinery (phase 2),SWE,Feasibility study,H2,58.35011013,11.41815657,300,66667,52
KIMA - Aswan electrolyser,EGY,Decommisioned,Ammonia,24.12201459,33.02207094,,,
Zimbabwe NH3 plant,ZWE,Decommisioned,Ammonia,0,0,,,
APEX-Plug Power H2 plamt,USA,Feasibility study,H2,30.925541,-97.177594,182.6,35112,27.4
3 x 1250 kW projects in USA,USA,Operational,H2,0,0,3.75,721,0.6
1 x 500 kW projects in USA,USA,Operational,H2,0,0,0.5,96,0.1
18x180 kW projects in USA,USA,Operational,H2,0,0,3.24,623,0.5
12 x 120 kW projects in USA,USA,Operational,H2,0,0,1.44,277,0.2
"Frontier Energy, H2@Scale - gasification",USA,DEMO,H2,0,0,,35,0
Iberdrola-Foresa Green Methanol (phase 1),ESP,Feasibility study,MeOH,42.60417324,-8.646013758,5,962,0.7
Iberdrola-Foresa Green Methanol (phase 2),ESP,Feasibility study,MeOH,42.60417324,-8.646013758,150,33333,26
Danskammer Energy - Newburgh,USA,Concept,H2,0,0,,,
Balico - Virginia,USA,Concept,H2,0,0,,,
"Harrison Power Project in Cadiz, Ohio",USA,Concept,H2,0,0,,,
Western Green Energy Hub,AUS,Concept,Ammonia,-30.74776935,121.4650079,41574.3,9238727,7202.9
APA Renewable Methane Demonstration Project,AUS,DEMO,CH4,-26.49710826,148.7938334,0.005,1,0
Bio-Hydrogen Demonstration Plant,AUS,DEMO,H2,0,0,,0,0
Bundaberg Hydrogen Hub,AUS,Feasibility study,H2,-24.86622,152.3489,80,17778,13.9
Daintree Microgrid Project,AUS,Concept,H2,-16.25020305,145.3189798,,,
Christmas Creek Renewable Hydrogen Mobility Project,AUS,Operational,H2,-22.36264868,122.7386707,1.4,269,0.21
ABEL Energy Bell Bay Powerfuels Project - phase 1,AUS,Feasibility study,MeOH,-41.13101583,146.8704779,260,56522,44.1
Grange Resources Renewable Hydrogen,AUS,Feasibility study,H2,0,0,95,21111,16.5
Melbourne Hydrogen Hub,AUS,Feasibility study,H2,-37.80845507,144.9404822,10,1923,1.5
Portland Renewable Hydrogen Project,AUS,Feasibility study,H2,-38.361674,141.603662,50,11111,8.7
Swinburne University of Technology Victorian Hydrogen Hub ?€? CSIRO Hydrogen Refuelling Station,AUS,Operational,H2,-37.80845507,144.9404822,0,9,0
Agnes Energy Hub,ITA,Concept,H2,0,0,,,
"Konin Power Plant, phase 2 - ZE PAK",POL,FID/Construction,H2,52.2875093,18.2839037,2.5,481,0.4
"Konin Power Plant, phase 3",POL,Feasibility study,H2,52.2875093,18.2839037,45,8654,6.7
AquaSector,DEU,Feasibility study,H2,54.20234361,7.921268609,272,60444,47.1
H2Mare,DEU,FID/Construction,H2,0,0,14,2692,2.1
"Meirama plant, phase 2",ESP,Concept,H2,43.17444109,-8.407700488,150,33333,26
Freienbach plant,CHE,Feasibility study,H2,47.20080987,8.767420442,10,2222,1.7
"Trailblazer - Siemens-Air Liquide Oberhausen, Phase 1",DEU,Operational,H2,51.48694451,6.866316126,20,3846,3
"Trailblazer - Siemens-Air Liquide Oberhausen, Phase 2",DEU,FID/Construction,H2,51.48694451,6.866316126,10,1923,1.5
Trafford Low Carbon Energy Park - phase 1,GBR,FID/Construction,H2,53.43694426,-2.408255046,10.5,2333,1.8
Hidr??geno Verde Bah??a Quintero,CHL,Feasibility study,H2,-32.60769316,-70.89897675,10,2174,1.7
Wintershall Dea - VNG Turquoise H2 project,DEU,DEMO,H2,0,0,,187,0.1
Yarwun alumina refinery,AUS,FID/Construction,H2,-23.83055373,151.1497468,2.5,556,0.4
Hydrogen Generation Unit  - H2V Las Tortolas,CHL,Operational,H2,-33.20572411,-70.67851224,0,1,0
Sonam Nurboo Memorial Hopsital,IND,Feasibility study,H2,34.15413521,77.58227248,25,5556,4.3
Hokkaido green hydrogen plant,JPN,Feasibility study,H2,43.464549,143.5071925,3.2,705,0.6
"MMEX - Pecos, Texas",USA,Feasibility study,H2,31.39098157,-103.5359583,405.7,78027,60.8
Energy-Norweigian Catapult Centre,NOR,Operational,H2,0,0,0.9,196,0.2
Raven - Republic Services H2 from waste plant,USA,FID/Construction,H2,0,0,,2565,2
Javelina refinery,USA,Concept,H2,27.80682114,-97.46050667,,,
Cromarty Green Hydrogen Facility,GBR,Feasibility study,H2,57.96997752,-4.214047617,15,2885,2.2
North Dakota Hydrogen Hub (former Great Plains Synfuel Plant),USA,Feasibility study,H2,47.26326389,-101.7782947,,397619,310
Octopus Hydrogen - MIRA Technology Park,GBR,Operational,H2,52.55462082,-1.463244089,0.9,196,0.2
HEVO-Sul,PRT,FID/Construction,H2,37.95961408,-8.858586399,4.3,827,0.6
HYVALUE,ESP,Feasibility study,H2,0,0,,2052,1.6
"H2 Valcamonica,",ITA,Feasibility study,H2,45.95516239,10.29126135,6,1333,1
H2 ??vora - GreenGas I,PRT,DEMO,H2,38.57136364,-7.912554052,0.1,19,0
H2 ??vora - GreenGas II,PRT,Operational,H2,38.57136364,-7.912554052,0.3,58,0
PRIO ENERGY,PRT,Feasibility study,H2,0,0,0.9,180,0.1
KEME ENERGY,PRT,Feasibility study,H2,37.98716395,-8.848481602,0.9,180,0.1
HEVO Sines (Phase 2),PRT,Feasibility study,Various,37.95961408,-8.858586399,91,17500,13.6
HEVO-Morocco,MAR,Feasibility study,Ammonia,33.1267,-8.62028,689.2,132540,103.3
OceanH2,ESP,DEMO,H2,0,0,,,
TAQA-Emirates Steel Green H2,ARE,Concept,H2,24.33491011,54.47101004,,,
Salamander,GBR,Concept,H2,57.68261709,-1.513635316,10,2222,1.7
Votalia - Taqa Arabia -phase 1,EGY,Feasibility study,H2,29.64890991,32.35073039,500,111111,86.6
Tokyo Sewage-to-H2 plant,JPN,Operational,H2,35.66380216,139.7201748,,21,0
Inner Mongolia green hydrogen,CHN,FID/Construction,H2,39.68558922,109.8543549,,,
Heroya Industrial Park,NOR,Operational,H2,59.12122228,9.6305157,5.5,1196,0.9
H2 Energy Europe Esbjerg green hydrogen,DNK,Feasibility study,H2,55.47683853,8.462096409,1000,192308,149.9
HBIS DRI in Zhangxuan Technology of Hesteel Group,CHN,Feasibility study,H2,40.51834932,114.9417672,869.5,193228,151
Itochu/Petronas ammonia project,CAN,Concept,Ammonia,53.69784769,-113.2170845,,230968,180.1
Prax Lindsey Oil Refinery Phase 1,GBR,Feasibility study,H2,53.63974652,-0.257045555,,,
ArcelorMittal Hamburg,DEU,FID/Construction,H2,53.52496486,9.90024185,50,11111,8.7
H2GN - Power-to-gas Coquimbo,CHL,Operational,H2,-29.95893926,-71.33903611,0.15,33,0
Shell heavy residue gasification CCUS - Pernis refinery ,NLD,Feasibility study,H2,51.88080174,4.317581836,,128264,100
Southland green hydrogen project,NZL,Feasibility study,Ammonia,-44.07782426,170.5405291,600,133333,104
Gonfreville Raffinerie,FRA,Concept,H2,49.4864623,0.217559312,,119382,93.1
Vlissingen - VoltH2 - phase II,NLD,Feasibility study,H2,51.45546439,3.564851569,75,16667,13
Terneuzen - VoltH2 - phase I,NLD,Feasibility study,H2,51.3198236,3.815528055,25,5556,4.3
Green Wolverine,SWE,Feasibility study,Ammonia,65.73140341,21.94926284,600,133333,104
Fairfuel Atmosfair,DEU,Operational,Synfuels,52.8528701,7.6764179,1.3,250,0.2
PYROCO2,NOR,DEMO,Various,0,0,2.4,530,0.4
Wartsila - Vaasan,FIN,Feasibility study,H2,63.09304523,21.60517293,,,
Project Nour - Phase 1,MRT,Feasibility study,H2,19.171723,-15.994444,1650,366667,285.9
Concrete Chemicals - I,DEU,Feasibility study,MeOH,52.47883033,13.82982274,51.7,11235.95506,8.8
Concrete Chemicals - II,DEU,Feasibility study,MeOH,52.47883033,13.82982274,3,789,0.6
H2Perth electrolysis - I,AUS,Feasibility study,Various,-32.203,115.773,250,55556,43.3
H2Perth electrolysis - II,AUS,Feasibility study,Various,-32.203,115.773,2750,611111,476.4
H2Perth NG with CCUS - I,AUS,Feasibility study,Various,-32.203,115.773,,,84
Flotta Hydrogen Hub,GBR,Feasibility study,H2,58.83181218,-3.108185435,,,
Eastern Louisiana Clean Hydrogen Complex (LA) ,USA,FID/Construction,Various,29.72029519,-92.21217099,,884900,689.9
Hypster,FRA,DEMO,H2,0,0,1,192,0.1
Hyphen Hydrogen Energy - phase I,NAM,Feasibility study,Ammonia,-23.93868646,14.43824204,1000,222222,173.3
Hyphen Hydrogen Energy - phase II,NAM,Feasibility study,Ammonia,-23.93868646,14.43824204,2000,444444,346.5
H2TAS - phase I,AUS,Feasibility study,H2,-41.161972,146.944028,350,77778,60.6
H2TAS - phase II,AUS,Concept,H2,-41.161972,146.944028,400,88889,69.3
Hynovi - Vicat Montalieu-Vercieu cement plant,FRA,Feasibility study,MeOH,45.80349757,5.420945614,330,73333,57.2
Axpo Brugg,CHE,Feasibility study,H2,47.48427829,8.200810122,15,3333,2.6
H2 Green - Shoreham port - phase I,GBR,FID/Construction,Various,50.8317058,-0.235366151,20,4444,3.5
H2 Green - Shoreham port - phase II,GBR,Feasibility study,Various,50.8317058,-0.235366151,63.2,14045,11
Port of Gothenburg - Statkraft,SWE,Feasibility study,H2,57.70221104,11.94764596,4,889,0.7
H2opZee,NLD,Concept,H2,53.67823293,4.381783584,500,96154,75
SK Ulsan Complex,KOR,Feasibility study,H2,35.43317,129.3429,,,
Edmonton Blue Hydrogen plant (ALB) (Shell Polaris),CAN,Concept,Ammonia,53.7967431,-113.0911515,,,165
Northern Horizons wind project,GBR,Concept,Various,58.60691509,-2.690837877,,,
Terneuzen - VoltH2 - phase II,NLD,Concept,H2,51.3198236,3.815528055,55,12222,9.5
Atome - Itaipu,PRY,Feasibility study,Ammonia,-25.41479784,-54.61348074,300,65217,50.8
Green Fuel Iceland - phase I,ISL,Feasibility study,Ammonia,66.04764677,-17.34378663,30,6522,5.1
Green Fuel Iceland - phase II,ISL,Concept,Ammonia,66.04764677,-17.34378663,70,15217,11.9
"Kenya Private Sector Alliance - FFI MoU, phase 1",KEN,Feasibility study,Ammonia,-0.842934319,36.31870492,300,66667,52
EBIC - Ammonia plant -phase 1,EGY,Operational,Ammonia,29.63339263,32.30080635,15,2885,2.2
E.ON H2.Ruhr wind exports from Italy,DEU,Feasibility study,H2,0,0,20,4444,3.5
"Sun Metals Zinc Refinery, phase II",AUS,Concept,H2,-19.33116863,146.8839958,149,33111,25.8
"HyGreen Teesside, phase I",GBR,Feasibility study,H2,54.59730092,-1.204700234,80,17778,13.9
"HyGreen Teesside, phase II",GBR,Concept,H2,54.59730092,-1.204700234,420,93333,72.8
"Gigastack-Hornsea 2, phase II",GBR,Other/Unknown,H2,53.44594473,0.153631546,900,173077,134.9
Lesedi Power Project,BWA,Feasibility study,H2,0,0,,,
Sinopec - Zhangzhou,CHN,FID/Construction,H2,24.51849686,117.6443381,1049.4,233208,181.8
Port of Newcastle,AUS,Feasibility study,H2,-32.9242948,151.7870416,40,8889,6.9
Yosemite Clean Energy - Oroville,USA,Feasibility study,H2,39.54286777,-121.548156,,5712,4.5
KazMunayGas - Linde MoU,KAZ,Concept,H2,49.17551533,65.84789029,,,
"Fortescue Metals - Rio Negro, phase I",ARG,Feasibility study,H2,-39.91358808,-64.96109664,600,133333,104
"Fortescue Metals - Rio Negro, phase II",ARG,Concept,H2,-39.91358808,-64.96109664,1400,311111,242.6
"Fortescue Metals - Rio Negro, phase III",ARG,Concept,H2,-39.91358808,-64.96109664,13000,2888889,2252.3
"Tiwi Islands Green Hydrogen Project, phase I",AUS,Feasibility study,H2,-11.58660835,130.8815182,372.5,80978,63.1
"Tiwi Islands Green Hydrogen Project, phase II",AUS,Concept,H2,-11.58660835,130.8815182,1117.5,242935,189.4
Steinbeis Innovation Center Braunschweig,DEU,DEMO,H2,52.31668974,10.5106643,1,222,0.2
"Aberdeen Hydrogen Hub, phase II",GBR,Concept,H2,57.17912975,-2.101654656,5.37,1193,0.9
INEOS K??ln site,DEU,FID/Construction,Various,51.07118046,6.853230231,100,22222,17.3
"Plug Power - Fresno County, California",USA,FID/Construction,H2,36.76092268,-119.7720549,80,15385,12
"Oracle Power - Power China International MoU, Sindh",PAK,Feasibility study,H2,25.74329055,67.07608085,400,88889,69.3
Carlentini Energy park (Sicily),ITA,FID/Construction,H2,37.2728968,15.01238511,4,870,0.7
"Herne Bay, Kent",GBR,Concept,H2,51.37701359,1.127305448,32.6,7235,5.6
Iberdrola - H2 Green Steel,PRT,Feasibility study,H2,39.66944305,-8.513212535,800,177778,138.6
H2PiyR Pamiers,FRA,Operational,H2,43.13197818,1.62004782,,,
"Engie - Yara Pilbara test, phase II (project Yuri)",AUS,Feasibility study,Ammonia,-20.62454435,116.7831875,56,12444,9.7
H2 Magallanes - Phase 1,CHL,Feasibility study,Ammonia,-52.27645457,-69.52290731,3600,800000,623.7
"Central Queensland Hydrogen CQ-H2, phase 2",AUS,Feasibility study,H2,-23.84020759,151.0473419,1800,400000,311.9
Mathura refinery,IND,FID/Construction,H2,27.37747516,77.6858607,28.9,6413,5
Panipat refinery,IND,Feasibility study,H2,29.47705918,76.88123153,115.4,25653,20
AuxHYGen (Phase 2),FRA,Feasibility study,H2,47.79744501,3.566269916,2,435,0.3
Port of Auckland HRS,NZL,DEMO,H2,-36.84654172,174.7856405,0.9,211,0.2
Budweiser - Protium Wales brewery,GBR,FID/Construction,H2,51.58617255,-2.84666909,20,4444,3.5
Mississippi Clean Hydrogen Hub,USA,Feasibility study,H2,33.7229054,-90.02792693,634.9,141091,110
Tent Mountain,CAN,Concept,H2,49.55146474,-114.7249331,,,
Protium - Wilton Universal Group Teeside (Phase 2),GBR,Feasibility study,H2,54.58674987,-1.228746646,66.3,12750,9.9
Puglia green hydro-gen valley - Brindisi plant,ITA,Feasibility study,H2,40.63265042,17.94167785,60,13333,10.4
Linde Niagara Falls,USA,FID/Construction,H2,43.09848636,-79.06175354,35,6731,5.2
Doosan Changwon City,KOR,Operational,H2,35.18803153,128.5907537,,2341,1.8
Sweetman Hunter Valley,AUS,Concept,H2,-32.48155408,151.0505959,,,
"Wilhelmshaven , phase 2",DEU,Feasibility study,H2,53.52954064,8.1296932,340,75556,58.9
HySkies,SWE,Feasibility study,Synfuels,60.36927507,18.16025951,303.9,67536,52.7
SalalaH2,OMN,Feasibility study,Ammonia,17.02337104,54.12477427,400,88889,69.3
"Project Cavendish, phase1",GBR,Feasibility study,H2,51.50098666,0.562990964,,224157,174.8
"NTPC-Technip-L&T MeOH project, Vindhyachal",IND,FID/Construction,MeOH,25.17314881,82.50054458,5,962,0.7
"Arrowsmith Hydrogen Project, phase 2",AUS,Feasibility study,H2,-29.2453428,114.9341591,45,9783,7.6
"BlueScope?€?s Port Kembla Steelworks, Illawarra",AUS,Concept,H2,-34.47426333,150.8880219,10,2222,1.7
"Project Haber, phase 2",AUS,Feasibility study,H2,-28.83006869,114.6783515,,,
Mid West Clean Energy Project (MWCEP),AUS,Feasibility study,Ammonia,-29.47373322,115.0800986,,277162,216
South West Blue Hydrogen,AUS,Feasibility study,H2,-29.47373322,115.0800986,,,
INEOS / Petroineos Grangemouth chemicals complex,GBR,Feasibility study,H2,56.01351326,-3.696529193,,243702,190
Air Liquide Botlek Rotterdam refinery (Porthos CCS),NLD,FID/Construction,H2,51.88575552,4.256342769,,130000,101
Air Products Botlek Rotterdam refinery (Porthos CCS),NLD,FID/Construction,H2,51.86971868,4.286264871,,,109.5
Boegoebaai green hydrogen,ZAF,Feasibility study,H2,-30.05176635,18.75833803,2308.8,513057,400
H2Oman (Dhofar),OMN,Concept,H2,18.6325085,53.95588127,2078.7,461936,360
Fawley refinery,GBR,Feasibility study,H2,50.8956153,-1.359291927,,165461,129
"Nyrstar Port Pirie, phase 1",AUS,Feasibility study,H2,-33.16939965,138.0118771,85,18889,14.7
"Nyrstar Port Pirie, phase 2",AUS,Feasibility study,H2,-33.16939965,138.0118771,355,78889,61.5
"GET H2 Nukleus, phase 3",DEU,FID/Construction,H2,52.48255651,7.299667812,100,21739,16.9
Wasserstoffpark Lingen,DEU,Feasibility study,H2,52.48255651,7.299667812,1500,333333,259.9
KeyState Natural Gas Synthesis & CCUS,USA,Feasibility study,Ammonia,41.21976437,-78.01782835,,,
"Desert Bloom, phase 1",AUS,Concept,H2,-19.64701578,134.1788092,400,88889,69.3
"Desert Bloom, phase 2",AUS,Concept,H2,-19.64701578,134.1788092,7600,1688889,1316.7
Hunter Energy Hub,AUS,Concept,H2,-32.36960733,150.9798947,1075,238889,186.2
Monolith Materials demo plant,USA,Decommisioned,H2,0,0,,257,0
"Coega, Nelson Mandela Bay green ammonia plant, phase 1",ZAF,Feasibility study,Ammonia,-33.92383521,25.65237115,540.5,120103,93.6
Uljin County nuclear plant,KOR,Concept,H2,37.08507802,129.3896768,,,
Tamil Nadu project,IND,Feasibility study,H2,11.74800727,79.7709665,,,
NTPC green hydrogen mobiity project - Ladakh,IND,FID/Construction,H2,34.15374179,77.57463142,0.8,174,0.1
H2BE,BEL,Feasibility study,H2,51.04097789,3.844331149,,320225,249.7
"Ningxia Solar Hydrogen Project, Phase 2",CHN,Operational,H2,38.4925329,106.2384696,120,26087,20.3
"Coega, Nelson Mandela Bay green ammonia plant, phase 2",ZAF,Feasibility study,Ammonia,-33.92383521,25.65237115,2161.9,480414,374.5
Mote biomass-to-hydrogen plant (CA),USA,Feasibility study,H2,35.35258205,-119.0681614,,8979,7
8Rivers - Wyoming ,USA,Feasibility study,H2,41.25971006,-110.9646855,,116667,91
Project Phoenix,USA,Concept,Ammonia,41.25971006,-110.9646855,,,
Sasolburg green hydrogen project (existing electrolysers to be powered with renewable electricity),ZAF,FID/Construction,H2,-26.80985368,27.82913522,60,13043,10.2
Masen - KfW,MAR,Feasibility study,H2,31.15090448,-9.8437694,100,22222,17.3
Secunda SAF Project - Phase I,ZAF,Feasibility study,Synfuels,-26.54533998,29.16967197,89,19767,15.4
Secunda SAF Project - Phase II,ZAF,Concept,Synfuels,-26.54533998,29.16967197,14825.1,3294460,2568.5
Ra Green Ammonia project,EGY,Concept,H2,29.84513322,32.16283713,150,33333,26
Planta de Combustibles Carbono Neutral Cabo Negro - Parque E??lico Faro del Sur,CHL,Feasibility study,MeOH,-50.61509629,-74.5013589,240,46154,36
HyPro Aconcagua,CHL,Feasibility study,H2,-32.91269768,-71.48815349,20,4444,3.5
Antofagasta Mining Energy Renewable -AMER H2,CHL,Feasibility study,MeOH,-23.39908036,-69.25218282,80,17778,13.9
Green Steel - H2V CAP,CHL,Feasibility study,H2,-36.75121013,-73.12498155,12,2667,2.1
"Los Barrios coal plant, Cadiz, phase 1",ESP,Operational,H2,36.18514022,-5.492609168,5,1111,0.9
Grand Inga hydroelectric power project,COD,Concept,H2,-5.544218817,13.55740599,,,
"Shell China - Zhangjiakou, phase 2",CHN,FID/Construction,H2,40.78163215,114.8676578,40,8696,6.8
"H2biscus, phase 1",MYS,Feasibility study,H2,3.167729228,113.0032797,50.5,11223.1,9
"H2biscus, phase 2",MYS,Concept,Ammonia,3.167729228,113.0032797,818.5,181887.4,142
"H2biscus, phase 3",MYS,Concept,MeOH,3.167729228,113.0032797,635,141107.5,110
Engie - Masdar - Fertiglobe Abu Dhabi,ARE,Concept,Ammonia,24.48524216,54.39272804,200,44444,34.7
Oskarshamn nuclear plant,SWE,Operational,H2,57.41699384,16.67301902,0.7,152,0.1
H2V Marseille - Fos (Phase 1),FRA,Feasibility study,H2,43.41685221,4.834398035,100,22222,17.3
"H2V Marseille - Fos (Phase 6, final)",FRA,Feasibility study,H2,43.41685221,4.834398035,100,22222,17.3
NFC Belfort (Phase 1),FRA,Operational,H2,47.61924509,6.865037852,1,217,0.2
SoCalGaS - Kore demo facility,USA,DEMO,H2,33.9865766,-118.4763138,,468,0
Port of Hanstholm - hydrogen,DNK,Concept,H2,57.12245304,8.593219399,,,
Port of Hanstholm - methanol,DNK,Concept,MeOH,57.12245304,8.593219399,,,
Lhyfe-Enerparc Luckau project,DEU,Feasibility study,H2,51.85312755,13.70977501,5,1087,1
Ande - Fortescue Future Industries MoU,PRY,Concept,H2,-25.41479784,-54.61348074,600,133333,104
Ande - Maire Tecnimont - FerSam,PRY,Feasibility study,Ammonia,-25.41479784,-54.61348074,350,77778,60.6
"Ande - Neogreen Hydrogen, phase 1",PRY,Feasibility study,H2,-25.41479784,-54.61348074,75,16667,13
"Ande - Neogreen Hydrogen, phase 2",PRY,Concept,H2,-25.41479784,-54.61348074,225,50000,39
Dorset Green H2 Project,GBR,Operational,H2,50.71575454,-1.984281274,0.9,200,0.2
"Catalina Project, Phase 1",ESP,Feasibility study,H2,39.68018475,-0.278295448,500,111111,86.6
Trzebinia refinery,POL,Operational,H2,50.16067155,19.44741613,2,448.9,0
Baltic Power wind project,POL,Feasibility study,H2,55.01284377,17.85474827,,,
Pembroke power station - Pembroke Green Hydrogen/Net Zero Centre (Phase 1),GBR,Feasibility study,H2,51.68455515,-4.982472845,110,24444,19
Geelong Hydrogen Hub,AUS,Feasibility study,H2,-38.10377579,144.3624146,716.3,159176,124
H2Enable (Phase 1),PRT,Feasibility study,Ammonia,40.75973363,-8.573266985,40,8696,6.8
Hy2gen Sauda project,NOR,Feasibility study,Ammonia,59.67884508,6.352874717,300,66667,52
Firlough project,IRL,FID/Construction,H2,54.10964267,-9.031136275,45,10000,7.8
Alc??zar de San Juan - pHYnix,ESP,FID/Construction,H2,39.4178381,-3.217615488,10,1923,1.5
Sojitz Queensland project,AUS,FID/Construction,H2,-22.91853087,144.3739508,,,
Green CCU Hub Aalborg,DNK,FID/Construction,MeOH,57.05197509,9.993598853,120,26667,20.8
Blue Seal,DNK,Feasibility study,H2,56.63941921,9.79841809,50,11111,8.7
Green lab skive (Phase III),DNK,Concept,MeOH,56.56530195,9.02965887,226,50222,39.2
"European Energy, phase I",DNK,FID/Construction,H2,55.47683853,8.462096409,3,667,0.5
"European Energy, phase II",DNK,FID/Construction,H2,55.47683853,8.462096409,9,2000,1.6
"Eurowind Mariagerfjord, phase 1",DNK,Concept,H2,56.63781867,9.63439275,43,9556,7.4
"Eurowind Mariagerfjord, phase 2",DNK,Concept,H2,56.63781867,9.63439275,43,9556,7.4
Port of Aabenraa,DNK,Feasibility study,H2,55.04575986,9.426739278,100,22222,17.3
Port of Aabenraa Methanol,DNK,FID/Construction,MeOH,55.04575986,9.426739278,60,11538,9
Vordingborg biofuels,DNK,Feasibility study,MeOH,55.01708417,11.91735331,220.9,49080.9,38.3
Aalborg MeOH project,DNK,Feasibility study,MeOH,57.05197509,9.993598853,350,77778,60.6
CCU biogas (11x36MW),DNK,Concept,CH4,54.93228395,9.836230449,396,88000,68.6
Fortescue Future Industries - Incitec Pivot MoU,AUS,Concept,Ammonia,-27.43424854,153.1240414,577.2,128264,100
Fortescue Future Industries - Refining NZ MoU,NZL,Feasibility study,H2,-35.83958592,174.4877991,300,66667,52
Enagas - CEAR MoU,ESP,Concept,H2,41.75842152,-0.385419715,30,6667,5.2
"Sun Brilliance West Australia Project, phase 1",AUS,Feasibility study,Ammonia,-29.21742796,114.9518838,1663,369549,288
"Sun Brilliance West Australia Project, phase 2",AUS,Feasibility study,H2,-29.21742796,114.9518838,3578.6,795239,620
Borealis-Hynamic MoU Green Ammonia,FRA,Concept,Ammonia,47.78685643,7.494362903,30,6667,5.2
Montana Renewables,USA,Operational,H2,47.50354502,-111.2870428,,,
Fortescue Future Industries Gull Island,CAN,Concept,Ammonia,45.86821494,-85.90022511,,,
Port of South Louisiana,USA,Concept,Ammonia,30.08892334,-90.49841669,3034.9,674427,526
Hive Energy green ammonia plant,ESP,Feasibility study,Ammonia,38.72824745,-2.83087088,50,9620,7.5
Cactus Energia Verde Port of Pecem,BRA,Feasibility study,Ammonia,-3.530928034,-38.79237746,1120,248889,194
Ingenostrum - Total Eren MoU,BRA,Concept,H2,-4.944715202,-38.82000398,,,
Reuze,FRA,Feasibility study,Synfuels,51.03373798,2.288188628,400,88889,69.3
Octopus Hydrogen - BayWa MoU,GBR,FID/Construction,H2,57.09195012,-4.252797259,15,3333,2.6
"Atacama Hydrogen Hub, phase 1",CHL,Feasibility study,H2,-23.39908036,-69.25218282,10,2222,1.7
"Atacama Hydrogen Hub, phase 2",CHL,Concept,H2,-23.39908036,-69.25218282,2000,444444,346.5
Faraday - ACH-MRP,CHL,Feasibility study,Ammonia,-23.39908036,-69.25218282,2000,444444,346.5
H1 Magallanes,CHL,Feasibility study,Ammonia,-50.61509629,-74.5013589,981.2,218049,170
Selknam,CHL,Concept,Ammonia,-50.61509629,-74.5013589,490.6,109025,85
Aker - Berlevag,NOR,Feasibility study,Ammonia,70.69298497,28.91640483,100,22222,17.3
"Aker - Rjukan, phase 1",NOR,Feasibility study,H2,59.8971104,8.608114882,20,4444,3.5
"Aker - Rjukan, phase 2",NOR,Feasibility study,H2,59.8971104,8.608114882,20,4444,3.5
Heliogen Arizona green H2,USA,Concept,H2,33.82970708,-114.1037092,324.9,85510,67
"BP Castellon refinery, phase 2 (HyVal)",ESP,Feasibility study,H2,39.95800423,-0.004072311,1975,438889,342.2
"Wilhelmshaven , phase 3",DEU,Concept,H2,53.52954064,8.1296932,590,131111,102.2
China Coal Ordos Energy and Chemical,CHN,FID/Construction,MeOH,39.62170645,109.7280467,212.5,46200,36
"Nazare Green Hydrogen Valley, phase 1",PRT,FID/Construction,H2,39.71712906,-8.89838186,40,8889,6.9
"Nazare Green Hydrogen Valley, phase 2",PRT,Concept,H2,39.71712906,-8.89838186,540,120000,93.6
Sinopec Yanshan Petrochemical,CHN,DEMO,H2,39.73109014,115.9690987,1.25,240,0.2
"Green Crane, Murcia (part of Green Crane Gigafactory)",ESP,Feasibility study,H2,37.99194789,-1.102208977,144.3,32066,25
Lacq Hydrogen,ESP,Concept,H2,40.17937457,-2.024929182,19239.6,4275478,3333
"First HyDeal hub, phase 1",ESP,Feasibility study,H2,39.0734008,-5.122617333,3300,733333,571.7
"First HyDeal hub, completion",ESP,Feasibility study,H2,39.0734008,-5.122617333,4100,911111,710.3
Origin Hunter Valley hydrogen hub,AUS,FID/Construction,Ammonia,-32.6512706,151.0048155,55,12222,9.5
O&L group - CMB.TECH hydrogen hub,NAM,FID/Construction,H2,-22.01821246,14.92513,4,889,0.7
White Martins - Rio Grande do Su MoU,BRA,Concept,H2,-32.03671428,-52.07534714,,,
Hazer-Suncor-FortisBC MoU,CAN,Feasibility study,H2,55.32683215,-125.332539,,3207,3
Ballylumford energy storage demo project,GBR,Feasibility study,H2,54.84654738,-5.781026351,20,4444,3.5
Freeport East Hydrogen Hub,GBR,Concept,H2,51.95141807,1.334254643,,,
Bell Bay smelter,AUS,Concept,H2,-41.12839912,146.8681517,,,
Raahe hub,FIN,Concept,H2,64.68521225,24.48888324,,,
ExxonMobil Baytown petrochemical site,USA,Feasibility study,H2,29.74733123,-95.00107943,,1179167,919.3
"New Fortress Energy green hydrogen US gulf, phase 1",USA,Feasibility study,H2,30.08062023,-94.13257048,100,19231,15
"New Fortress Energy green hydrogen US gulf, phase 2",USA,Concept,H2,30.08062023,-94.13257048,100,19231,15
Norsk e-Fuel Phase 3,NOR,Concept,Synfuels,65.84050026,13.1952674,301.6,79364,61.9
Air Liquide Dunkirk,FRA,Feasibility study,H2,51.03373798,2.288188628,400,88889,69.3
Renewstable Swakopmund,NAM,Feasibility study,H2,-22.64723897,14.59757588,24,5333,4.2
Sonangol,AGO,Feasibility study,Ammonia,-8.472778,13.373056,400,88889,69.3
Petronas-ENEOS MoU,MYS,Concept,LOHC,4.570413502,103.4582016,288.6,64132,50
"Green Hydrogen and Chemicals SPC, phase I (former ACME-Scatec Oman)",OMN,FID/Construction,Ammonia,19.67,57.73,320,71111,55.4
"Green Hydrogen and Chemicals SPC, phase II (former ACME-Scatec Oman)",OMN,Concept,Ammonia,19.67,57.73,3180,706667,550.9
H2ercules,DEU,Concept,H2,52.22486585,7.886019395,1000,222222,173.3
Promigas,COL,Operational,H2,10.36885657,-75.49611306,0.022,4,0
Air Products Arizona,USA,FID/Construction,H2,32.91031681,-111.7631679,40,8696,6.8
"H2UDF, phase I",ESP,Feasibility study,H2,43.135942,-5.800384,2.5,556,0.4
Hidroversol Castilla y Le??n,ESP,Feasibility study,H2,41.5476,-5.6208,200,44444,34.7
"H2UDF, phase II",ESP,Concept,H2,43.135942,-5.800384,7.5,1667,1.3
"AsturiasH2Valley, Abono",ESP,Concept,H2,43.5648,-5.7183,150,33333,26
Inspira Madrid,ESP,FID/Construction,H2,40.265848,-3.669364,10,2222,1.7
SolarHy Cordoba,ESP,Feasibility study,H2,37.844469,-4.729005,55,12222,9.5
Waste to hydrogen Boson Energy (H2-BEAM),ESP,,H2,43.310751,-6.032763,,19240,15
"Green Hydrogen Kherson region, phase 1",UKR,Concept,Ammonia,46.635417,32.616867,46,10000,7.8
"Green Hydrogen Kherson region, phase 2",UKR,Concept,Ammonia,46.635417,32.616867,46,12105,9.4
"Green Hydrogen Kherson region, phase 3",UKR,Concept,Ammonia,46.635417,32.616867,92,24211,18.9
Waste to hydrogen Boson Energy (BEH2X NO1),NOR,Concept,H2,59.981397,10.69413,,4489,3.5
"Ruse project
(part of Green Hydrogen @ Blue Danube IPCEI)",BGR,Feasibility study,H2,43.823056,25.953889,,,
Emil'Hy- (Phase 1),FRA,Feasibility study,H2,49.154152,6.705371,200,44444,34.7
Emil'Hy- (Phase 2),FRA,Concept,H2,49.154152,6.705371,200,44444,34.7
H2 Pierre-B??nite (Phase 1),FRA,Concept,H2,45.702181,4.844148,20,4444,3.5
CorrHyd'Occ (Occitanie H2 Corridor),FRA,FID/Construction,H2,43.022617,3.048236,20,4348,3.4
Val d'Hygo (Occitanie H2 Corridor),FRA,Operational,H2,43.793467,1.61243,5,962,0.7
"H2 Pilotanlage Lingen, phase 2",DEU,Operational,H2,52.48255651,7.299667812,4,769,0.6
"GET H2 Nukleus, phase 1",DEU,FID/Construction,H2,52.48255651,7.299667812,100,19231,15
"Green Hydrogen for the City of Cockburn, phase 1",AUS,Feasibility study,H2,-32.164525,115.793464,1.25,278,0.2
"Green Hydrogen for the City of Cockburn, phase 2",AUS,Concept,H2,-32.164525,115.793464,0,,
"Green Hydrogen for the City of Cockburn, phase 3",AUS,Concept,H2,-32.164525,115.793464,0,,
Green Shepherd,AUS,Concept,H2,-32.653539,118.591182,10,2222,1.7
H2Kwinana,AUS,Feasibility study,H2,-32.206526,115.821978,105,23333,18.2
Kwinana Energy Transformation Hub (KETH),AUS,Feasibility study,H2,-32.243999,115.814003,2,444,0.3
"Edify Green Hydrogen Project, Lansdown Precint",AUS,Feasibility study,H2,-19.258965,146.816956,17.5,3365,2.6
Teesside Hydrogen CO2 Capture/H2NorthEast Phase 1,GBR,Feasibility study,H2,54.54230932,-1.24580164,,113680,88.6
Teesside Hydrogen CO2 Capture/H2NorthEast Phase 2,GBR,Feasibility study,H2,54.54230932,-1.24580164,,206545,161
Shell Uniper Humber Hub Blue North Killingholme,GBR,Feasibility study,H2,53.65372466,-0.331811277,,230562,179.8
Wilheimshaven Energy Hub BlueHyNow,DEU,Concept,H2,53.52998,8.11253,,200000,155.9
HydrGEN I,DEU,Concept,Ammonia,53.19115353,8.335827849,100,26316,20.5
EnZaH2,DEU,FID/Construction,Synfuels,50.09511703,8.533782706,,,
HH2 Europe,DEU,Concept,H2,53.489714,9.901124,,,
Go??schwechten,DEU,Concept,H2,51.927991,11.632033,30,6667,5.2
DUSEDAU,DEU,Concept,H2,51.927991,11.632033,24,5333,4.2
GreenMotionSteel,DEU,Concept,H2,51.43247,6.76516,120,26667,20.8
CHESS,DEU,Concept,H2,53.1897,8.4087,30,6667,5.2
PROMETHEAN,DEU,Concept,H2,51.217941,6.76168,54,12000,9.4
HyKero,DEU,Concept,Synfuels,51.2679011,12.40118186,296.5,65889,51.4
H2Agrar,DEU,Concept,H2,52.7843302,7.300665464,2,444,0.3
Flughafen Rostock-Laage PtX,DEU,DEMO,Synfuels,54.083336,12.108811,,,
Waste to hydrogen Boson Energy (BEH2X Wood SWG),DEU,,H2,52.25683297,10.48084831,,1026,0.8
Waste to hydrogen Boson Energy (BEH2X DE),DEU,,H2,52.25683297,10.48084831,,12826,10
HEAL - Hydrogen-based Energy Systems for Arctic Logistics,SWE,DEMO,H2,65.0999996,17.0999996,,,
V??tgas Ljungby,SWE,FID/Construction,H2,56.8328966,13.9373471,2,444,0.3
Barseb??ck Hydrogen Hub,SWE,Concept,H2,62.1983366,17.5671981,100,22222,17.3
Botnial??nkenH2,SWE,Concept,MeOH,65.584816,22.156704,100,22222,17.3
Rabbalshede Krafts,SWE,Concept,H2,58.217025,11.733398,50,11111,8.7
Waste to hydrogen Boson Energy (BEH2X SE),SWE,,H2,59.32326436,18.04865198,,5772,4.5
Power2AX,FIN,DEMO,H2,60.1995487,20.3711715,1.3,289,0.225
SHARC - Sustainable Hydrogen and Recovery of Carbon (phase 1),FIN,Feasibility study,H2,60.3923,25.6651,50,11111,8.7
SHARC - Sustainable Hydrogen and Recovery of Carbon (phase 2),FIN,Feasibility study,H2,60.3923,25.6651,70,15217,11.9
SHARC - Sustainable Hydrogen and Recovery of Carbon (phase 3),FIN,Feasibility study,H2,60.3923,25.6651,150,33333,26
"H2UDF, phase III",ESP,Concept,H2,43.135942,-5.800384,15,3333,2.6
Fronius Solhub - SAN Group Herzogenburg,AUT,Operational,H2,48.26239816,15.68860188,0.7,135,0.1
PROMETHEAN,POL,Concept,H2,50.5687422,19.2343995,32,7111,5.5
Waste to hydrogen Boson Energy (BEH2X PLGM),POL,,H2,52.72396078,20.80344376,,5772,4.5
Waste to hydrogen Boson Energy (BEH2X PLRE),POL,,H2,52.72396078,20.80344376,,5772,4.5
"NeptHyne, phase 1",POL,Concept,H2,0,0,1,222,0.2
"NeptHyne, phase 2",POL,Concept,H2,0,0,999,222000,173.1
Dalrymple Bay,AUS,Feasibility study,H2,-41.0667,146.767,,,
"Santos Port Botany, New South Wales",AUS,Feasibility study,H2,-33.976002,151.218002,,21377,17
South Australia renewable hydrogen hub,AUS,Concept,H2,0,0,,,
"AMpHytrite demonstrator, Port of Rotterdam, phase 1",NLD,DEMO,H2,51.96471741,3.963059996,10,1923,1.5
Svante capture Linde SMR plant (TX) ,USA,Concept,H2,29.749907,-95.358421,,,
"Ain Sokhna plant, Suez Canal Economic Zone (SCZone), phase 1",EGY,Feasibility study,Ammonia,29.659369,32.34481,288.6,64132,50
"Ain Sokhna plant, Suez Canal Economic Zone (SCZone), phase 2",EGY,Concept,Ammonia,29.659369,32.34481,432.9,96198,75
VISION 2025,GRC,Feasibility study,H2,38.041275,23.541812,10,2222,1.7
VISION 2025,GRC,Concept,H2,38.041275,23.541812,,,
BLUE MED plan- EPHYRA Project,GRC,Concept,H2,37.938637,22.932238,30,6667,5.2
Zero Emission Mobility Corridor,SVN,FID/Construction,H2,46.26694673,15.49585615,34,7556,5.9
EHYTRANSP - TS Laevad & H2,EST,Concept,H2,59.436962,24.753574,5,1111,0.9
 HYEELIWTS - terminal of Muuga,EST,Concept,H2,59.436962,24.753574,,,
Waste to hydrogen Boson Energy (BEH2X LUX),LUX,,H2,49.78393745,6.023431893,,12826,10
AM Gent H2 consumption Hub,BEL,Feasibility study,H2,51.05781263,3.739275018,519.5,115438,90
Waste to hydrogen Boson Energy (BEH2X LAVNT),LVA,,H2,56.92315377,25.21388832,,821,0.64
Dimdini H2 ecosystem,LVA,Concept,H2,57.36774811,24.81840491,30,6667,5.2
Hyperion H2 Alandroal- Phase 1,PRT,Feasibility study,H2,38.708759,-7.400782,50,11111,8.7
Green H2 Set??bal Project,PRT,Feasibility study,H2,38.5244,-8.8882,7.5,1442,1.1
Flavian superhybrid,AUS,Concept,H2,-23.84153552,151.2505892,300,66667,52
Advanced Clean Energy Storage (ACES) ,USA,FID/Construction,H2,39.352178,-112.57717,220,47826,37.3
Plug Power Olin green hydrogen Louisiana,USA,FID/Construction,H2,30.257695,-91.099271,36.5,7022,5
Szazhalombatta refinery,HUN,Operational,H2,47.308332,18.909671,10,1923,1.5
Ain Sokhna ammonia project - Phase I,EGY,Feasibility study,Ammonia,29.659369,32.34481,500,111111,86.6
"Masdar Hassan Allam green hydrogen, phase 1",EGY,Feasibility study,MeOH,29.659369,32.34481,193.7,43053,34
"Masdar Hassan Allam green hydrogen, phase 2",EGY,Concept,Ammonia,29.659369,32.34481,3806.3,845836,659.4
"LSB Industries - Pryor green ammonia project, Phase 1",USA,Feasibility study,Ammonia,36.24283959,-95.27614632,10,2632,2.1
"LSB Industries - Pryor green ammonia project, Phase 1",USA,Feasibility study,Ammonia,36.24283959,-95.27614632,20,4348,3.4
Repsol Bilbao port synfuels project,ESP,FID/Construction,Synfuels,43.32559953,-3.113953019,10,2174,1.7
"Tra Vinh Green hydrogen project, phase 1",VNM,Feasibility study,Ammonia,10.2333324,106.3833318,528,114787,89
"Tra Vinh Green hydrogen project, phase 2",VNM,Concept,H2,10.2333324,106.3833318,774.9,172205,134
Project Blue (AR),USA,Feasibility study,Ammonia,33.26526351,-92.66099786,,86613,68
Ferrolterra plant,ESP,Feasibility study,H2,43.457355,-7.947904,30,5769,4.5
Ferrolterra plant,ESP,Feasibility study,H2,43.457355,-7.947904,50,9615,7.5
"Hydrogen Eagle (Spolana), phase 2",CZE,Feasibility study,H2,50.27041613,14.51319438,30,6667,5.2
"Hyways for future, 1st hub",DEU,FID/Construction,H2,53.55481051,8.579173243,2,385,0.3
Waste-to-hydrogen East Port Said,EGY,Feasibility study,H2,31.25654,32.28411,,384793,300
"H2 Emden Electrolyzer, phase 1",DEU,Feasibility study,H2,53.36024608,7.211641662,10,2222,1.7
Referenzkraftwerk Lausitz,DEU,FID/Construction,H2,51.51121438,13.34946719,6.7,1283,1
Wenger Engineering Bremerhaven,DEU,Feasibility study,H2,53.56678848,8.660877507,1.3,289,0.2
Hidroelectrica Ostrovu Mare ,ROU,Feasibility study,H2,44.38583212,22.52167213,50,11111,8.7
KEME Energy Sines,PRT,Concept,H2,37.95889357,-8.860073289,2.52,560,0.4
Hyundai Heavy Industries - HHI East Sea - Phase I,KOR,Concept,H2,0,0,100,22222,17.3
Hyundai Heavy Industries - HHI East Sea- Phase II,KOR,Concept,H2,36.20374718,128.1517435,1200,266667,207.9
Gron Fuel Renewable Energy Complex,USA,Feasibility study,H2,30.471165,-91.147385,1000,222222,173.3
Woodside H2OK,USA,Feasibility study,H2,34.174261,-97.143625,290,63043,49.2
Avangrid Connecticut project,USA,Feasibility study,H2,41.748986,-72.989594,20,4444,3.5
Avangrid Oregon project,USA,Feasibility study,H2,42.17564,-121.807182,20,4444,3.5
GH2 Amb??s (Phase 1),FRA,Feasibility study,H2,44.909394,-0.536847,100,21739,16.9
"GH2 Amb??s (Phase 2, final)",FRA,Concept,H2,44.909394,-0.536847,200,44444,34.7
Masshylia,FRA,Feasibility study,H2,43.39973395,5.101760323,120,26087,20.3
H2 Loire Vall??e (H2LV),FRA,FID/Construction,H2,47.50529831,0.364314179,4,889,0.7
Dijon M??tropole Smart EnergHy (DMSE) - Station 1,FRA,Operational,H2,47.31983205,5.038166514,1,217,0.2
H-Awel,GBR,Other/Unknown,H2,51.77030798,-3.534660788,50,9615,7.5
Mayflower Hydrogen project,GBR,Feasibility study,H2,53.6277,-0.1918,20,3846,3
Eneus Energy Hammars Hill,GBR,Feasibility study,Ammonia,59.09886512,-3.074236093,12.9,2867,2.2
"Tarragona Green Chenical complex, phase 1",ESP,Concept,H2,41.11894588,1.243389233,5,1111,0.9
"Tarragona Green Chenical complex, phase 2",ESP,Concept,H2,41.11894588,1.243389233,45,10000,7.8
"Tarragona Green Chenical complex, phase 3",ESP,Concept,H2,41.11894588,1.243389233,20,4444,3.5
GAIL Vijaipur project,IND,Operational,H2,23.473324,77.947998,10,1923,1.5
Huadian Baotou City Damaoqi Hydrogen Production Electrolysis Project,CHN,FID/Construction,H2,40.66439895,109.8429838,54,12000,9
PetroChina Yumen Oilfield - Phase 1,CHN,Operational,H2,40.23697399,97.54262857,12.1,2694,2
Shandong Weifang Economic Development Zone,CHN,Concept,H2,36.066898,120.382698,50,10870,8.5
Anil urea plant,IND,Concept,Ammonia,0,0,2000,444444,346.5
"HH2E - Met Northeast Germany, phase 1",DEU,Feasibility study,H2,54.117,13.733,100,21739,16.9
"HH2E - Met Northeast Germany, phase 2",DEU,Concept,H2,54.117,13.733,1000,222222,173.3
Ferrosilva fossil-free DRI ,SWE,DEMO,H2,60.55783959,16.29933502,,3848,3
Porte de St Cloud HRS station,FRA,Operational,H2,48.8572442,2.351150657,2.5,481,0.4
"Zhongyuan Oil Field MW-Scale Renewable P2G, phase 1",CHN,Operational,H2,35.762928,114.980511,2.4,466,0.4
"Zhongyuan Oil Field MW-Scale Renewable P2G, phase 2",CHN,Concept,H2,35.762928,114.980511,29,5584,4.4
"Da'an Jilin Power Wind-Solar-
Hydrogen-Ammonia Integration Project",CHN,FID/Construction,Ammonia,45.42453457,123.48552,207,46000,35.86344
Chicheng Wind-Hydrogen-Storage Energy Integration Demonstration stage 1,CHN,Operational,H2,40.78163215,114.8676578,9,2000,1.6
"Barents Blue ammonia plant, phase 2",NOR,Concept,Ammonia,70.4799,24.2633,,230968,180.1
"Barents Blue ammonia plant, phase 3",NOR,Concept,Ammonia,70.4799,24.2633,,230968,180.1
" Liquid Wind, FlagshipTWO",SWE,Feasibility study,MeOH,62.39657624,17.30420568,287.1,63805,50
SALCOS - first expansion - phase 1,DEU,FID/Construction,H2,52.16139239,10.43116538,100,22222,17
Nordsee Two Offshore Wind Farm,DEU,Feasibility study,H2,54.93539818,7.425890531,4,889,0.7
Holland Hydrogen - phase 2,NLD,Feasibility study,H2,51.94683895,4.009751892,200,43478,33.9
H2era,NLD,Feasibility study,H2,52.36610168,5.034774033,500,111111,86.6
"Unigel, phase I",BRA,FID/Construction,Ammonia,-12.68996796,-38.31799582,60,13043,10.2
"Unigel, phase II",BRA,Feasibility study,Ammonia,-12.68996796,-38.31799582,180,39130,30.5
Mmex Resources Corporation,PER,Feasibility study,H2,-9.39445057,-77.22992487,133.9,25749,20
"Tees Green Hydrogen, phase 1",GBR,FID/Construction,H2,54.59174102,-1.149655923,7.5,1667,1.3
"Tees Green Hydrogen, phase 2",GBR,Concept,H2,54.59174102,-1.149655923,200,44444,34.7
GravitHy,FRA,Feasibility study,H2,43.42301593,4.921266973,700,155556,121.3
VoltH2 - Delfzijl,NLD,Feasibility study,H2,53.3344145,6.92135995,50,11111,8.7
Navigator - P2X-Europe JV,PRT,Feasibility study,Synfuels,40.17580841,-8.886444984,237.2,52711,41.1
SkyFuelH2,SWE,Feasibility study,Synfuels,63.16596244,17.26168832,0,,
C-Zero San Antonio project,USA,FID/Construction,H2,29.68271813,-98.58309523,,187,0.1
Viva Energy HRS,AUS,FID/Construction,H2,-38.1428036,144.3663788,2.4,468,0
"ReNew Power - Egypt MoU, Hydrogen, phase 1",EGY,Concept,H2,29.659369,32.34481,230.9,51306,40
"ReNew Power - Egypt MoU, Hydrogen, phase 2",EGY,Concept,H2,29.659369,32.34481,2077.9,461752,360
"ReNew Power - Egypt MoU, Ammonia phase 1",EGY,Concept,Ammonia,29.659369,32.34481,207.9,46194,36
"ReNew Power - Egypt MoU, Ammonia phase 2",EGY,Concept,Ammonia,29.659369,32.34481,2078.7,461936,360.1
Felixstowe Green Hydrogen,GBR,Feasibility study,H2,51.95141807,1.334254643,100,22222,17.3
"PanHy, phase 1",AUT,Feasibility study,H2,47.98168441,17.00606108,60,13333,10.4
"PanHy, phase 2",AUT,Concept,H2,47.98168441,17.00606108,240,53333,41.6
Marubeni methanation project,PER,Feasibility study,CH4,-13.2500149,-76.30359392,450,100000,78
"Saint John, New Brunswick refinery",CAN,FID/Construction,H2,45.28364173,-66.00731415,5,962,0.7
Plug Power Port of Antwerp-Bruges,BEL,Feasibility study,H2,51.24112789,4.408806876,100,19231,15
Ineratec PtX plant in Frankfurt,DEU,FID/Construction,Synfuels,50.09511703,8.533782706,14.8,3294,2.6
"Hydrogen City, phase 1",USA,Feasibility study,H2,27.67118901,-98.61402482,2000,444444,346.5
"Hydrogen City, phase 2",USA,Concept,H2,27.67118901,-98.61402482,15315.7,3403494,2653.5
Spirit of Scotia Green Hydrogen Production Hub,CAN,Concept,H2,44.99682801,-63.61833315,248.2,55154,43
Fleur-de-lys Green Hydrogen Production Hub,CAN,Concept,H2,49.61410449,-66.54534024,248.2,55154,43
Pau-Lescar Biofactory,FRA,Feasibility study,CH4,43.334408,-0.354962612,1,192,0.1
MoU Sri Lanka-Greenstat,LKA,Concept,H2,7.922978895,79.91523436,,,
RENEWSTABLE SARDIDROGENO,ITA,Feasibility study,H2,39.17728799,9.374429022,16,3556,2.8
CAGOU ?€? New Caledonia,FRA,Concept,H2,-21.69689941,166.140747,53.9,11971,9.3
RENEWSTABLE SUMBA,IDN,Feasibility study,H2,-9.734325999,120.0491784,5.8,1283,1
"Dylan, phase 1",GBR,Concept,H2,51.0810569,-5.588534227,300,66667,52
"Dylan, phase 2",GBR,Concept,H2,51.0810569,-5.588534227,700,155556,121.3
WAviatER,NLD,DEMO,H2,53.12660001,6.588031652,0,,
"MoU GGGI, Samsung and Hyundai",IDN,Concept,Ammonia,1.782176864,99.08812454,0,,
MoU EEC-Niger,NER,Concept,H2,17.14601422,10.5413131,0,,
AGL Energy Torrens Island,AUS,Concept,H2,-34.80552386,138.5227641,0,,
Tambor Green Hydrogen Hub project,URY,Feasibility study,MeOH,-31.68504074,-55.86622187,173.2,38479,30
MoU Ieasa and Fraunhofer Institute,ARG,Concept,H2,-34.56560511,-58.39441684,0,,
"MoU Shell - Acu Port, phase 1",BRA,Concept,H2,-21.83434976,-41.04132684,10,2222,1.7
"MoU Shell - Acu Port, phase 2",BRA,Concept,H2,-21.83434976,-41.04132684,90,20000,15.6
TAQA & Abu Dhabi Ports,ARE,Concept,Ammonia,24.48524216,54.39272804,577.2,128264,100
Carlton Power hydrogen hub,GBR,FID/Construction,H2,54.10339819,-3.23274641,35,7778,6.1
Sun-to-Liquid,ESP,DEMO,Synfuels,40.33832303,-3.693269559,,,
Synhelion,DEU,FID/Construction,Synfuels,50.91728298,6.392328895,,,
MoU TOYO-Pupuk Indonesia Holding Company,IDN,Concept,Ammonia,5.149200463,97.41028604,,,
ACME Tamil Nadu plant - Chidambaranar port,IND,Feasibility study,Ammonia,10.29138975,78.82683263,1500,333333,259.9
EDP Pecem pilot,BRA,Operational,H2,-3.548662523,-38.81062022,3,577,0.4
First Ammonia plant in Brunsb??ttel,DEU,Feasibility study,Ammonia,53.90225112,9.05952825,700,184211,143.6
Aeropuerto de Santiago,CHL,Concept,H2,-33.39540403,-70.79723814,,,
CenterPoint Minneapolis grren hydrogen,USA,DEMO,H2,44.89985087,-93.18079766,1,222,0.2
"Nesbruket Gen2 plant 1, Mosj??en   ",NOR,Feasibility study,H2,65.84142558,13.18514021,100,22222,17.3
"Gen2 Energy, ??fjord ",NOR,Feasibility study,H2,63.95840266,10.24988679,135,30000,23.4
"Gen2 Energy, Mer??ker    ",NOR,Feasibility study,H2,63.41290544,11.74054585,20,4444,3.5
HTEC Burnaby plant,CAN,FID/Construction,H2,49.28513207,-122.9605727,2.1,468,0
Lion Energy HRS,AUS,Feasibility study,H2,-27.39653372,153.1747667,2,444,0.3
"Norwegian Hydrogen, Hellesylt Hydrogen Hub 1st project",NOR,FID/Construction,H2,62.08729831,6.881016898,3,577,0.4
RIC Energy Valladolid -phase 1,ESP,FID/Construction,H2,41.61815064,-4.813024608,5,962,0.7
Ansasol - Castilla y Le??n,ESP,Concept,H2,41.77125204,-4.272404019,440,97778,76.2
Cartagena refinery,COL,Feasibility study,H2,10.33779801,-75.49612978,60,11538,9
Barrancabermeja refinery,COL,Feasibility study,H2,7.070431295,-73.88198051,60,11538,9
Grey2Green (Phase I),PRT,FID/Construction,H2,37.96403252,-8.810157888,100,19231,15
Brint?? - Hydrogen Island,DNK,Concept,H2,55.23562371,3.037146416,10494.4,2332079,1818
University of New South Wales biomass demo,AUS,DEMO,H2,-33.91152045,151.233031,,,
Fortescue Future Industries -  Industrial Park at TransAlta coal mine conversion,USA,Concept,H2,46.75586723,-122.8594303,0,,
MadoquaPower2X - Sines - phase 1,PRT,Feasibility study,Ammonia,37.95889357,-8.860073289,500,108696,84.7
"River Wind Ukraine, phase1",UKR,Concept,H2,47.52658763,35.09990343,500,111111,86.6
"River Wind Ukraine, phase 2",UKR,Concept,H2,47.52658763,35.09990343,1200,266667,207.9
"River Wind Ukraine, phase 3",UKR,Concept,H2,47.52658763,35.09990343,1300,288889,225.2
Jangada,DEU,Feasibility study,Synfuels,51.51578268,13.34817938,75,14423,11.2
Iverson e-fuels,NOR,Feasibility study,Ammonia,59.65048155,6.353890774,250,55556,43.3
Sunrhyse,FRA,FID/Construction,H2,43.5772468,6.073063205,30,5769,4.5
HYNOVERA (Phase 1),FRA,Feasibility study,Synfuels,43.5772468,6.073063205,120,26667,20.8
HIF USA,USA,Feasibility study,Synfuels,29.06896444,-95.70428426,1800,346154,269.9
HIF Asia Pacific,AUS,Feasibility study,Synfuels,-41.06361,145.875275,300,66667,52
Great Southern Project ,AUS,FID/Construction,H2,-41.08938155,146.8595579,7.6,1689,1.3
MoU Lhyfe-wpd,SWE,Concept,H2,61.30856948,17.07644118,600,133333,104
Kogas plant in Haengwon ,KOR,Feasibility study,H2,33.39611582,126.5812693,1,192,0.1
MoU Fortescue Future Industries-Djibouti,DJI,Concept,H2,11.72055933,42.77294184,0,,
Niagara Hydrogen Centre (NHC),CAN,FID/Construction,H2,43.09848636,-79.06175354,20,3846,3
E-methanol plant in Singapore,SGP,Feasibility study,MeOH,1.278303621,103.7858852,110.4,24540,19
"Eyre Peninsula Gateway Hydrogen Project, phase 2",AUS,Concept,H2,-32.93556,137.573215,1500,333333,259.9
H2U Offshore ANCAP,URY,Concept,H2,-34.71417066,-54.05979109,0,,
"Hyport@Duqm, phase 2",OMN,Concept,Ammonia,19.66692773,57.72544501,1000,222222,173.3
CF Industries blue ammonia Blue Point (LA),USA,FID/Construction,Ammonia,30.09898196,-90.95452514,,323355,252.1
"P2X Europe - Nordic Electrofuel Porsgrunn project, phase 1",NOR,Feasibility study,Synfuels,59.13990876,9.654776822,47.4,10542,8.2
"P2X Europe - Nordic Electrofuel Porsgrunn project, phase 1",NOR,Concept,Synfuels,59.13990876,9.654776822,4696.6,1043685,813.7
"TAZIZ project, MoU ADNOC, ENEOS, Mitsui, phase 1",ARE,Concept,H2,24.29893386,54.3540001,,64132,50
"TAZIZ project, MoU ADNOC, ENEOS, Mitsui, phase 2",ARE,Concept,H2,24.29893386,54.3540001,,192396,150
"MoU Shell - Mitsubishi, phase1",NLD,Concept,Ammonia,53.49980961,3.950024515,4197.7,932831,727
"MoU Shell - Mitsubishi, phase2",NLD,Concept,Ammonia,53.49980961,3.950024515,6296.6,1399247,1091
Liberty Biomass to ammonia (western Australia),AUS,Concept,Ammonia,-26.298368,117.270077,,23097,18
MEPAU Mid West CCUS hub,AUS,Concept,Ammonia,-29.463478,115.13971,,230968,180.1
H2 Industries waste to hydrogen plant,OMN,Concept,H2,23.713641,58.044372,,85937,67
"Amun, phase 1",MAR,Concept,H2,31.051878,-9.745255,,,
First Hydrogen - Liverpool,GBR,Concept,H2,53.400002,-2.983333,40,8889,6.9
First Hydrogen - Manchester,GBR,Concept,H2,53.483959,-2.244644,40,8889,6.9
First Hydrogen - London,GBR,Concept,H2,51.509865,-0.118092,40,8889,6.9
First Hydrogen - Thames Estuary,GBR,Concept,H2,51.499998,0.583331,40,8889,6.9
H2 hub Darwin,AUS,Feasibility study,H2,-12.462827,130.841782,1000,222222,173.3
"Hydrogen Energy Metallurgical Chemical Demonstration Zone, 1",CHN,Feasibility study,Ammonia,40.650002,109.833336,1215,270000,211
"Hydrogen Energy Metallurgical Chemical Demonstration Zone, 2",CHN,FID/Construction,Ammonia,40.650002,109.833336,135,30000,23
"Prieska ammonia project, phase 1",ZAF,Feasibility study,Ammonia,-30.647854,24.011477,148.9,33092,26
"Prieska ammonia project, phase 2",ZAF,Concept,Ammonia,-30.647854,24.011477,5623,1249551,974
Ammonia Iowa project,USA,Feasibility study,Ammonia,42.983824,-93.96658,426.8,94841,74
Inverness hydrogen hub - Phase 1,GBR,FID/Construction,H2,57.477772,-4.224721,6,1304,1
"Sohar Port, Steel Industry, phase 1",OMN,Concept,H2,24.50108168,56.62819083,35,7778,6.1
"Sohar Port, Steel Industry, phase 2",OMN,Concept,H2,24.50108168,56.62819083,315,70000,54.6
ACME Odisha Plant,IND,Feasibility study,Ammonia,13.99088349,75.31805232,1500,333333,259.9
Energy Hub at MIRA Technology Park.,GBR,Operational,H2,52.55390743,-1.459806532,1,222,0.2
CF Industries and Mitsui Blue ammonia complex (LA),USA,Feasibility study,Ammonia,29.58187,-92.294868,,323355,252
Asahi Kasei pilot,JPN,DEMO,H2,35.55825532,139.7039251,3.2,696,0.5
Linde Hellas - Mandra,GRC,Operational,H2,38.06765298,23.50601299,1,222,0.2
White Martins Pernambuco,BRA,Operational,H2,-8.393468198,-34.96769705,0.9,200,0
Denham Hydrogen Demonstration Plant,AUS,Operational,H2,-25.91829834,113.5523059,0.348,77,0.1
Estaci??n Andes,COL,Operational,H2,6.168167174,-75.61993832,0,2,0.001
Vall??e Hydrog??ne Grand Ouest (VHyGO) - H2 Ouest (Phase 2),FRA,Operational,H2,46.93631592,-2.069927077,1.75,380,0.3
Lhyfe Bretagne - Bul??on,FRA,Operational,H2,47.93365445,-2.676585757,5,1111,0.9
PetroChina Yumen Oilfield - Phase 2,CHN,FID/Construction,H2,40.23697399,97.54262857,28.9,6285,5
Azolla Hydrogen - Cal State demonstration,USA,DEMO,H2,34.06679179,-118.1654756,,105,0
"H2 Green City, phase 1",ESP,FID/Construction,H2,37.36173625,-5.993656138,1,192,0.1
"H2 Green City, phase 2",ESP,Concept,H2,37.36173625,-5.993656138,49,10889,8.5
Jeju demostration project,KOR,DEMO,H2,33.39611582,126.5812693,2,444,0.3
Douglas County PUD - industrial area north of East Wenatchee,USA,FID/Construction,H2,47.49344847,-120.303228,5,1111,0.9
Kashiwazaki Clean Hydrogen/Ammonia Project Niigata demonstration,JPN,FID/Construction,Ammonia,37.36542077,138.5836652,,,1
Grandpuits biorefinery,FRA,FID/Construction,H2,48.58975171,2.948005298,,,20
Sur hydrogen cluster,OMN,Feasibility study,H2,22.56695744,59.50727686,1300,288889,225.2
"BP Alternative Energy Investments project, Duqm",OMN,Concept,H2,19.66692773,57.72544501,1731.6,384793,300
"BP Alternative Energy Investments projects, Dhofar",OMN,Feasibility study,H2,18.6325085,53.95588127,1731.6,384793,300
"Plug Power Charleston, Tenesse (former United Hydrogen)",USA,Operational,H2,35.28736183,-84.75784536,15.8,3043,2
"Plug Power Charleston, Tenesse (former United Hydrogen), expansion 1",USA,Operational,H2,35.28736183,-84.75784536,8.5,1639,1
"Plug Power Charleston, Tenesse (former United Hydrogen), expansion 2",USA,FID/Construction,H2,35.28736183,-84.75784536,21.4,4107,3
"Sany Heavy Energy Wind, Solar, Hydrogen, storage and Ammonia Integrated Demostration Project",CHN,FID/Construction,Ammonia,43.09643494,109.7130013,207.8,46175,36
China Nuclear Wind Storage Hydrogen and Ammonia Demostration Project,CHN,FID/Construction,Ammonia,46.37723785,121.4387032,124.7,27705,21.6
Chifeng Energy Internet of Things Zero Carbon Hydrogen Ammonia Demostration Project- Phase 1,CHN,FID/Construction,Ammonia,42.27209053,118.8909742,680,147820,115
China Power Construction Chifeng Hydrogen Demonstration Project ,CHN,FID/Construction,Ammonia,42.27209053,118.8909742,107.4,23857,18.6
Shengyuan Energy wind-solar hydrogen production and station project,CHN,FID/Construction,H2,39.41081074,109.7501634,31.4,6984,5.4
Tengger Wind-solar Hydrogen Production Demostration Project,CHN,FID/Construction,Ammonia,39.47614745,107.6110798,122.9,26714,20.8
Ordos Kubuqi Wind and Solar Hydrogen Production Demostration Project,CHN,FID/Construction,Ammonia,40.22516549,109.6955635,91.2,19830,15.5
New energy hydrogen production and co-production carbon-free fuel demostration project,CHN,FID/Construction,Ammonia,40.66034677,109.8430225,161.6,35914,28
Ulanqab Wind Solar Hydrogen and Ammonia Integrated Demostration project,CHN,FID/Construction,Ammonia,41.0680602,113.3121844,148.3,32964,25.7
Trafford Low Carbon Energy Park  - phase 2,GBR,Concept,H2,53.43694426,-2.408255046,180,40000,31.2
"NTPC Green Hydrogen Blending Project (Kawas, Surat)",IND,Operational,H2,21.18090152,72.71930875,0.0065,1,0
NTPC Green Hydrogen Mobility Project - Delhi,IND,FID/Construction,H2,28.52575896,77.50695591,1.6,348,0.3
"Wyhlen hydroelectric power plant, expansion",DEU,FID/Construction,H2,47.53989242,7.712353516,4.2,924,1
Wilhelmshaven - VoltH2,DEU,Feasibility study,H2,53.52954064,8.1296932,100,22222,17.3
Prince George HRS,CAN,FID/Construction,H2,53.91546345,-122.7538007,10,2222,1.7
Flins Plant - HYVIA,FRA,Operational,H2,48.96409174,1.868283911,1,192,0.1
Hynoca Alkmaar,NLD,DEMO,H2,52.63599499,4.740785753,,1629,1
H2UB Laren,NLD,Feasibility study,H2,52.24877113,5.218904792,,169,0.13
Cleanup Gas,NLD,DEMO,H2,0,0,,5956,5
GROHW,NLD,Operational,H2,52.25720524,6.208756306,0.5,111,0.1
NASA?€?s Ames Research Center,USA,DEMO,H2,37.41788042,-122.0671376,4,1053,0.8
H2Stroom,NLD,Feasibility study,H2,0,0,0,,
H2Agro,NLD,DEMO,H2,0,0,0,,
H2ARVESTER,NLD,Feasibility study,H2,0,0,0,,
Narvik - Ammonia project- Phase 1,NOR,Feasibility study,Ammonia,68.43902846,17.42319205,250,55556,43.3
Constellation - Nine Mile Point Nuclear Plant,USA,Operational,H2,43.44070904,-76.41302569,1,192,0.1
Green Marlin,IRL,Feasibility study,Ammonia,51.6499974,-9.7166638,3200,711111,554.4
Project Iracema - Ammonia project in Port of Pecem,BRA,Feasibility study,Ammonia,-3.530928034,-38.79237746,2400,533333,415.8
"Amun, phase 2",MAR,Concept,H2,31.051878,-9.745255,,,
Collinsvile Energy hub - Han Ho,AUS,Concept,Ammonia,-20.52267623,147.8186211,3741.7,831485,648
Synthetic methane Cameron terminal to Japan,USA,Concept,CH4,30.035508,-93.337624,335.8,74626,58
Pauna Greener Future - NH3 (phase 2),CHL,Feasibility study,Ammonia,-22.339335,-69.662196,300,66667,52
"Cepsa San Roque Energy Park (Algeciras) - Andalucian Green Hydrogen Valley
Carteia Project - Phase 1",ESP,Feasibility study,Various,36.20535,-5.382586,500,111111,86.6
"Cepsa La R??bida Energy Park (Huelva) - phase 1 - Andalucian Green Hydrogen Valley
Onuba Project (Together with THARSIS: LUXIA project)",ESP,Feasibility study,Various,37.26196388,-6.941284646,400,88889,69.3
Scatec e-Methanol - first project,EGY,Concept,MeOH,31.437276,31.754646,60,13333,10.4
Danish nuclear in Indonesia,IDN,Concept,H2,0.553772265,117.5719914,1000,263158,205.2
Petrobrazi Refinery - Green H2,ROU,FID/Construction,H2,44.93877342,25.99598758,55,12222,9.5
ACWA Power - Green H2 - Phase 1,UZB,FID/Construction,Ammonia,41.48802112,69.58351216,20,4348,3.4
ACWA Power - Green H2 - Phase 2,UZB,Concept,Ammonia,41.48802112,69.58351216,1299.2,288710,225
Hellenic Hydrogen in  Western Macedonia,GRC,Feasibility study,H2,40.38498201,21.43943753,100,22222,17.3
Hycamite CSF Plant,FIN,Operational,H2,63.8413308,23.12696039,,2565,2
MEG HP1,AUS,FID/Construction,H2,-31.65444131,116.6503757,10,1923,1.5
"Arrowsmith Hydrogen Project, phase 3",AUS,Concept,H2,-29.2453428,114.9341591,300,65217,50.8
"Arrowsmith Hydrogen Project, phase 4",AUS,Concept,H2,-29.2453428,114.9341591,300,65217,50.8
Valle Peligna Green Hydrogen Project,ITA,Feasibility study,H2,42.12284503,13.76722845,30,5769,4.5
Port Taranaki - Infinite Green Energy,NZL,Feasibility study,H2,-39.05782898,174.0315812,600,130435,101.7
Petrofac Ain Sokhna Ammonia project,EGY,Feasibility study,Ammonia,29.659369,32.34481,259.8,57742,45
Proton Energy DEMO in Saskatchewan,CAN,DEMO,H2,51.91880069,-109.1355967,,,
Proton Energy Commercial stage in Saskatchewan,CAN,Feasibility study,H2,51.91880069,-109.1355967,,234082,183
Plug Power Kokkola plant,FIN,Feasibility study,Ammonia,63.8413308,23.12696039,1000,192308,149.9
Plug Power Kristinestad plant,FIN,Feasibility study,H2,62.27542839,21.3813769,1000,192308,149.9
Plug Power Porvoo plant,FIN,Feasibility study,H2,60.3923,25.6651,200,38462,30
"GH2SOTO, phase 1",ESP,Feasibility study,H2,43.31418219,-5.872072634,5,1111,0.9
"GH2SOTO, phase 2",ESP,Concept,H2,43.31418219,-5.872072634,15,3333,2.6
AIRA H2,ESP,Feasibility study,H2,37.33961088,-5.841793776,10,2222,1.7
H2BCNHUB,ESP,Feasibility study,H2,41.3904683,2.169883854,20,4444,3.5
Industrias Quimicas Del Oxido De Etileno,ESP,Feasibility study,H2,41.11894588,1.243389233,15,3333,2.6
Green HyChemical Huelva,ESP,Feasibility study,H2,37.26196388,-6.941284646,20,4444,3.5
H2 PILLAR,ESP,Feasibility study,H2,41.57197543,-0.741827787,20,4444,3.5
Green hydrogen Projecte Alperujo/Jaen,ESP,Feasibility study,H2,37.75108726,-3.741929753,9,2000,1.6
Tree Energy Solutions (TES) - TotalEnergies TX plant (Live Oak),USA,Feasibility study,CH4,29.759374,-95.39991816,500,111111,86.6
Energie Steiermark plant in Styria,AUT,Operational,H2,47.26375901,15.19674482,1,222,0.2
"Energie Steiermark plant in Styrua, expansion",AUT,Concept,H2,47.12751961,15.36153977,149,33111,25.8
Tierra del Fuego green hydrogen project,ARG,Feasibility study,H2,-53.764171,-67.748406,334.7,64373,50
"Point Tupper green hydrogen project, phase 1",CAN,Feasibility study,H2,45.583347,-61.339879,421.4,81041,63
Greenb2e - Valencia,ESP,Feasibility study,H2,39.47159514,-0.366634623,80.8,17957,14
Besaya H2,ESP,Feasibility study,H2,43.34813208,-4.050370423,500,111111,86.6
Castellon Port,ESP,Feasibility study,Ammonia,39.97246162,0.024564552,1549.9,344426,269
BotH2nia - Flexens Kokkola,FIN,Feasibility study,H2,63.8413308,23.12696039,350,77778,60.6
Ord Hydrogen Project,AUS,Concept,H2,-15.77422,128.740009,20,4444,3.5
WAH2 Blue  Ammonia Project - phase 1,AUS,Feasibility study,Ammonia,-20.73724868,121.6018511,,57742,45
WAH2 Blue  Ammonia Project - phase 2,AUS,Concept,Ammonia,-20.73724868,121.6018511,,127032,99
"Asian Renewable Energy Hub, completion",AUS,Feasibility study,Various,-20.317253,121.042081,14000,3111111,2426
MoU China General Nuclear Power Group - Quinto Energy,BRA,Concept,H2,-12.73429614,-38.43793742,5400,1200000,935.6
Ineratec Port of Amsterdam,NLD,Concept,Synfuels,52.36610168,5.034774033,,,
"Point Tupper green hydrogen project, phase 2",CAN,Feasibility study,H2,45.583347,-61.339879,2552.2,490807,383
ACWA Power - Large scale H2 project,IDN,Concept,H2,-5.94891905,106.0185777,5000,1111111,866.3
Adelaida project,CHL,Feasibility study,H2,-23.09942966,-70.44975907,3,667,0.5
H2 plant Wilbarger County,USA,Concept,H2,34.06866149,-99.23048902,973.8,187266,146
Hydrogen Power South Australia,AUS,FID/Construction,H2,-33.03493146,137.5755824,250,55556,43.3
Bristol Springs Solar Hydrogen Project,AUS,Feasibility study,H2,-32.78405234,115.8859671,36,8000,6.2
Xcel Energy's Minnesota nuclear plant,USA,DEMO,H2,44.56952134,-92.73810307,0.24,63,0
Porto Central,BRA,Feasibility study,H2,-20.31037598,-40.29244512,3.5,777,1
"Unigel, phase III",BRA,Concept,Ammonia,-12.68996796,-38.31799582,360,80000,62.4
Pembina low carbon complex,CAN,Feasibility study,Ammonia,53.83134776,-112.9712474,,230968,180
"Cepsa La R??bida Energy Park (Huelva) - phase 3 - Andalusian Green Hydrogen Valley
ONUBA II Project",ESP,Concept,Various,37.26196388,-6.941284646,400,88889,69.3
Evergreen Project,AUS,Concept,H2,-32.33790488,135.9581393,7000,1555556,1212.8
TES- Green Energy Hub - Wilhelmshaven Port,DEU,Concept,H2,53.52954064,8.1296932,500,111111,86.6
Guelmim-Oued Noun - Chbika project - phase 1,MAR,Feasibility study,Ammonia,28.266656,-10.716838,400,88889,69.3
Madoqua E-methanol,PRT,Feasibility study,MeOH,40.64427,-8.64554,500,108696,84.7
Paysandu green hydrogen project,URY,Feasibility study,Synfuels,-32.30268022,-58.08636694,1000,222222,173.3
Iberdrola - Trammo green hydrogen ,ESP,Feasibility study,Ammonia,37.24883713,-6.909735439,140,31111,24.3
H2HubNS,POL,FID/Construction,H2,50.32737688,22.32510816,5,962,0.7
Hygenco Demonstration Plant,IND,DEMO,H2,23.2018955,75.81369931,0.1,22,0
Hygenco JSL Plant,IND,Operational,H2,30.0306919,76.31095506,1.8,391,0.3
Exxonmobil Antwerp Refinery CCS,BEL,Feasibility study,H2,51.25504372,4.345077184,,,
CNPC China Northwest (Xinjiang) hub refinery hydrogen,CHN,Feasibility study,H2,38.13314119,77.14616253,,,
H2GE Rostock,DEU,Concept,H2,54.1352831,12.11605421,,320225,249.7
Prax Lindsey Oil Refinery Phase 2,GBR,Feasibility study,H2,53.63974652,-0.257045555,,,
"Project Cavendish, phase2",GBR,Feasibility study,H2,51.50098666,0.562990964,,336236,262
Centrica Equinor hydrogen hub Easington collaboration,GBR,Feasibility study,H2,54.78190423,-1.34538743,,,
Balikpapan Refinery,IDN,Feasibility study,H2,-1.259528245,116.8192186,,,
Dalstur Energy Coal India coal hydrogen,IND,Concept,H2,19.52304762,80.33553745,,,
Indian Oil Corporation Koyali refinery,IND,Feasibility study,H2,22.37091877,73.12275077,,,
ENI Venice bio-refinery Porto Marghera (Ravenna phase 2),ITA,Feasibility study,H2,45.45824888,12.2562711,,30000,23.4
Yara Sluiskil fertiliser,NLD,FID/Construction,Ammonia,51.30600812,3.8498667,,,
Omifco ammonia capture,OMN,Concept,Ammonia,22.64587405,59.4653504,,295062,230
Enbridge Ingleside Energy Center Low carbon ammonia (TX),USA,Feasibility study,Ammonia,27.83676482,-97.20349518,,300259,234
Northern Plains Nitrogen Blue ammonia (ND),USA,Feasibility study,Ammonia,48.16596631,-100.8400613,,,
Linde hydrogen plant for OCI fertilizer blue ammonia Beaumont (Texas),USA,FID/Construction,H2,30.09352524,-94.21479052,,254065,198
CF Industries blue ammonia Yazoo (LA),USA,FID/Construction,Ammonia,32.86350234,-90.38223241,,,
Ascension Clean Energy (ACE) complex (LA),USA,Concept,Ammonia,30.18615496,-90.94819623,,1662971,1297
OCI Fertilizer plant phase 1 (IA),USA,FID/Construction,Ammonia,40.69842348,-91.22548687,,138581,108
OCI Fertilizer plant phase 2 (IA),USA,Feasibility study,Ammonia,40.69842348,-91.22548687,,92387,72
Lone Cypress Hydrogen project (CA),USA,Feasibility study,H2,35.27110046,-119.4268478,,33812,26.4
"Integratred clean ammonia production, Port of Corpus Christi (TX) phase 1",USA,Feasibility study,Ammonia,27.88453428,-97.2653451,,,
"Integratred clean ammonia production, Port of Corpus Christi (TX) phase 2",USA,Concept,Ammonia,27.88453428,-97.2653451,,,
Advanced CO2 Capture from Hydrogen Production Unit at Phillips 66 Rodeo Refinery (CA),USA,Feasibility study,H2,38.0467923,-122.256026,,,
Linde-BASF capture SMR plant Covent (LA),USA,Feasibility study,H2,30.02004748,-90.82274403,,,
Blue Biston ATR advanced CCUS system (WY),USA,Feasibility study,H2,43.43389447,-107.9030236,,,
Carbon Capture on Air Liquide US Gulf Coast Steam Methane Reformer Using the CryocapTM FG Process (TX),USA,Feasibility study,H2,29.44411673,-90.66936246,,,
Combined Carbon Capture Solution on Air Liquide Northern California Steam Methane Reformer (CA),USA,Feasibility study,H2,39.75214012,-122.9655702,,,
Jindal - Suez Canal Economic Zone authority  green steel project,EGY,Concept,H2,29.659369,32.34481,3623,805115,628
Atome - La Villeta,PRY,Feasibility study,Ammonia,-25.50853885,-57.56098216,145,31522,24.6
Langage Energy Park - Carlton Power,GBR,FID/Construction,H2,50.3961784,-3.997929567,7,1556,1.2
Pamesa - eCombustible,ESP,Operational,H2,39.96497328,-0.258763322,8,1778,1.4
"Pamesa - eCombustible, full replacement of natural gas",ESP,Feasibility study,H2,39.96497328,-0.258763322,,,
Freedom Pines Fuels,USA,Operational,Synfuels,32.37807754,-82.58400853,2.5,481,0.4
Fortescue Future Industries - Egypt,EGY,Concept,H2,28.10464175,32.17322407,2980,662222,516.3
First Ammonia Port of Victoria,USA,Concept,Ammonia,28.70336929,-96.94063611,100,26316,20.5
Hy2B plant in Pfeffenhausen,DEU,Operational,H2,48.66413062,11.97302149,5,1087,0.8
POSCO green ammonia plant,OMN,Feasibility study,Ammonia,19.66692773,57.72544501,2539.6,564363,440
BLUE SKY 300,GRC,Feasibility study,H2,38.77822679,22.72016003,50,11111,8.7
Kenya Electricity Generating Company pilot shceme,KEN,Feasibility study,Ammonia,-0.842934319,36.31870492,5,1111,0.9
MoU CWP - Ministry of Energy and Natural Resources ,DJI,Concept,H2,11.72055933,42.77294184,0,,
"Mexican Green Hydrogen Hub, phase 2",MEX,Concept,Ammonia,24.05111224,-104.5229752,274,52692,41.1
HyMed,ITA,Concept,H2,39.30522964,17.43628054,1000,222222,173.3
NWTN - CMEC Middle East green hydrogen plant,ARE,Concept,H2,24.29893386,54.3540001,20,4444,3.5
Plant Zero.1,GBR,DEMO,Synfuels,51.91560676,-1.141052146,0,,
Trecwn Green Energy Hub ,GBR,Feasibility study,H2,51.87698161,-4.930685956,15,3333,2.6
Icarus,GRC,Concept,H2,37.77336987,21.07248083,300,66667,52
Julio Verne project,ESP,FID/Construction,H2,42.22728685,-8.740421382,1.4,311,0.2
Lhyfe Delfzijl,NLD,Feasibility study,H2,53.3344145,6.92135995,200,44444,34.7
SGP BioEnergy biorefiney,PAN,Feasibility study,H2,8.958139431,-79.56964233,4675.2,1038941,810
"Smartenergy Porto Torres, phase 1",ITA,Feasibility study,H2,40.83096225,8.378441308,20,4444,3.5
"Smartenergy Porto Torres, phase 3",ITA,Feasibility study,H2,40.83096225,8.378441308,180,40000,31.2
Statkraft-Foresight Cheshire,GBR,Feasibility study,H2,53.27841899,-2.737265624,30,5769,4.5
Cobra Castell??n,ESP,Feasibility study,H2,39.99341067,-0.020854671,90,20000,15.6
Cobra Cartagena,ESP,Feasibility study,H2,37.59702298,-1.009983277,115,25556,19.9
Gente Grande project - TEG Chile Magallanes,CHL,Feasibility study,H2,-52.67547911,-69.2546732,3637.7,808389,630
Jingneng Coal-to-Chemical Renewable Green Hydrogen Alternative Demostration Project,CHN,FID/Construction,Ammonia,46.1247345,121.9746727,158.2,34395,27
Jingneng Chagannur Wind Poer Hydrogen Production Project,CHN,Operational,H2,43.8984136,116.0348102,2.3,493,0.4
China Energy Construction Green Power Hydrogen Production and Ammonia Demostration Project,CHN,FID/Construction,Ammonia,40.94386035,107.2488454,57.7,12826,10
China Datang wind-solar hydrogen production demostration project,CHN,FID/Construction,H2,43.8984136,116.0348102,31.4,6984,5
CHN Energy Wind-solar hydrogen ammonia  + Low-carbon parkdemostration Project,CHN,FID/Construction,Ammonia,38.85862649,105.7351573,109.7,24370,19
Green Ammonia Linz ?€? Decarbonizing Chemical Processes with Water Electrolysis (Gramli),AUT,Feasibility study,Ammonia,48.33649842,14.2900022,60,11538,9
AES Brazil - Port of Pecem,BRA,Concept,Ammonia,-3.544616898,-38.81463772,1663,369549,288
Yeosu Blue Hydrogen Project,KOR,Concept,H2,35.09228022,128.3645867,,10261,8
H2 - Jurong Island,SGP,Feasibility study,H2,1.275192472,103.6826911,9,1957,2
"Carbon Governance  green hydrogen project, phase 1",IND,Concept,H2,1.099565011,104.482807,210.7,46816,37
"Carbon Governance  green hydrogen project, phase 2",IND,Concept,H2,1.099565011,104.482807,210.7,46816,37
"Carbon Governance  green hydrogen project, phase 3",IND,Concept,H2,1.099565011,104.482807,386.2,85830,67
MoU IHI-Enoc,ARE,Concept,Ammonia,24.96912194,55.13231421,692.9,153979,120
"Fortescue Future Industries - Windlab - Queensland hub, phase 1",AUS,Concept,H2,-20.18307836,145.0110819,0,,
"Fortescue Future Industries - Windlab - Queensland hub, phase 1",AUS,Concept,H2,0,0,0,,
HDF MSR-Zimbawe (Manicaland),ZWE,Concept,H2,-20.19377263,32.64946399,22.1,4917,3.8
"KEPCO, Korea Southern Power, KNOC, Samsun, Posco",SAU,Concept,Ammonia,23.55917588,38.70203043,2494.5,554324,432
ReNu - Countrywide Hydrogen - Anantara Energy Holdings MoU,IDN,Feasibility study,H2,0.775089216,103.4396062,10,2222,1.7
PTT - Egat - ACWA MoU,THA,Concept,Ammonia,14.947186,100.918815,2494.5,554324,432
"Clean Energy Holdings - Clear Fork, phase 1",USA,Feasibility study,H2,33.02285896,-98.66283734,250,55556,43.3
Electus Energy - Bakersfield,USA,Concept,H2,35.45280867,-118.9877879,75,16667,13
"MercurHy, phase 1",AUS,Concept,H2,-24.87151503,116.5669529,150,33333,26
"MercurHy, phase 2",AUS,Concept,H2,-24.87151503,116.5669529,350,77778,60.6
"MercurHy, phase 3",AUS,Concept,H2,-24.87151503,116.5669529,500,111111,86.6
Orsted - Skovgaard Energy project in western Denmark,DNK,Feasibility study,H2,56.4579505,8.924583825,150,33333,26
Orsted - Skovgaard Energy project in western Denmark,DNK,Concept,H2,56.4579505,8.924583825,2850,633333,493.8
"Meirama, phase 2",ESP,Concept,H2,43.20862085,-8.437899933,170,36957,28.8
First Hydrogen - Shawinigan,CAN,Feasibility study,H2,46.69769048,-72.80986778,50,11111,8.7
Blastr Green Steel - Inkoo,FIN,Feasibility study,H2,60.0501164,24.00875496,800,177778,138.6
" Liquid Wind, Flagship 3rd plant",SWE,Feasibility study,MeOH,64.82774735,18.45146923,220.9,49081,38
Greenko ZeroC - Kakinada city ,IND,FID/Construction,Ammonia,16.98884806,82.23555973,1300,282609,220.3
Enap - Cabo Negro,CHL,FID/Construction,H2,-52.83957293,-70.20085087,1,222,0.2
Hydrogen Offshore Production Europe (HOPE),BEL,DEMO,H2,51.25206487,2.907652439,10,1923,1.5
Linde - Fort Saskatchewan ,CAN,FID/Construction,H2,53.71402262,-113.2079564,,1282643,1000
Yara-BASF Gulf Coast,USA,Feasibility study,Ammonia,29.79420741,-92.5736165,,300259,234
SSE Aldbrough storage site,GBR,FID/Construction,H2,53.823794,-0.105366945,35,7778,6.1
Kintore Scotland Hydrogen project - phase 1,GBR,Feasibility study,H2,57.23340616,-2.34648168,500,111111,86.6
Kintore Scotland Hydrogen project - phase 2,GBR,Concept,H2,57.23340616,-2.34648168,2500,555556,433.1
Rosedale Green Hydrogen project,AUS,Concept,H2,-38.15117361,146.78955,560,124444,97
Mauritania - Green Ammonia project - phase 1,MRT,Concept,Ammonia,18.07759741,-15.96626881,400,88889,69.3
Mauritania - Green Ammonia project - phase 2,MRT,Concept,Ammonia,18.07759741,-15.96626881,9600,2133333,1663.2
Rio Grande do Sul,BRA,Concept,Ammonia,-29.29939561,-52.39302795,300,66667,52
Alesund green hydrogen project - phase 1 - FjordH2,NOR,Feasibility study,H2,62.47660496,6.221189972,20,4444,3.5
Alesund green hydrogen project - phase 2 - FjordH2,NOR,Concept,H2,62.47660496,6.221189972,250,55556,43.3
"EWE - Clean Hydrogen Coastline, project Bremen",DEU,FID/Construction,H2,53.15648535,8.692340487,50,11111,8.7
Valle H2 Navarra project,ESP,FID/Construction,H2,42.57314001,-1.277834128,25,5000,3.9
Saltend Chemicals Park - Hull,GBR,Feasibility study,H2,53.76880722,-0.326574708,100,22222,17.3
Liquid Organic Hydrogen Carrier (LOHC) for Hydrogen Transport from Scotland (LHyTS),GBR,Feasibility study,LOHC,57.16089173,-2.080863884,0,,
Kunming Engineering Corporation - Fengzhen (Ulanbaq),CHN,FID/Construction,H2,40.47078638,113.2075896,667,128264,100
"Borna Hydrogen Plant, phase 1",DEU,Feasibility study,H2,51.11953749,12.5030657,100,22222,17.3
"Borna Hydrogen Plant, phase 2",DEU,Concept,H2,51.11953749,12.5030657,900,200000,155.9
Hybla Project,ITA,Concept,H2,37.22473898,15.17539493,80,15385,12
Votalia - Taqa Arabia -phase 2 ,EGY,Concept,H2,29.64890991,32.35073039,500,111111,86.6
Nujio'qonik Green Hydrogen -phase 1,CAN,Feasibility study,H2,48.52239588,-58.43472528,650,141304,110.2
RIC Energy Valladolidm -phase 2,ESP,Concept,H2,41.61815064,-4.813024608,10,2222,1.7
Puertollano HydRIC project Phase II,ESP,Concept,H2,38.71631082,-4.157954146,70,15217,11.9
Ground Investment Corp (GIC) - green hydrogen project,ROU,Feasibility study,H2,46.32636511,25.36065568,10,1923,1.5
Nascar,ESP,Feasibility study,MeOH,37.05285579,-2.389949678,138.5,30783,24
Vientos Magallanicos,CHL,Concept,Ammonia,-52.27898526,-71.27944865,840,186667,145.5
Dow Stade,DEU,Concept,MeOH,53.569583,9.870143284,387.5,86107,67
"Swiss Liquid Future - Elkem, methanol plant",NOR,Concept,MeOH,66.310371,14.169271,819.8,178220,139
Eastern Cape MeOH plant,ZAF,Feasibility study,MeOH,-34.00282121,24.75536183,120,26667,20.8
Maersk - ??rsted methanol Gulf plant,USA,Feasibility study,MeOH,29.76314818,-85.23282349,675,150000,116.9
Maersk - Carbon Sink methanol plant,USA,Feasibility study,MeOH,45.87386625,-96.72402358,220.9,49081,38
"H2 Emden Electrolyzer, phase 2",DEU,Concept,H2,53.36024608,7.211641662,190,42222,32.9
GreenGo Tarm plant (Megaton),DNK,Feasibility study,MeOH,55.89228909,8.478840341,2000,444444,346.5
Element Resources - Lancaster,USA,Concept,H2,34.71143297,-118.3446874,135,29348,22.9
Solar methanol,AUS,Feasibility study,MeOH,-32.46579064,137.7820154,10,2222,1.7
ScaleH2,AUS,Feasibility study,Ammonia,-34.4502379,150.7766791,1000,222222,173.3
Omnia - WKN Windcurrent  green ammonia plant,ZAF,Concept,Ammonia,-30.95374363,18.28685245,207.9,46194,36
Brooge Renewable Energy's (BRE) renewable ammonia plant ,ARE,Feasibility study,Ammonia,24.1458625,54.32578802,2078.7,461936,360
Pronghorn H2,USA,Concept,H2,42.73641973,-107.5981156,1000,222222,173.3
Gobi H2,MNG,Feasibility study,H2,43.31299412,107.0405459,10,2222,1.7
Sustainable Fuels Group - CIP Carbon reduced Ammonia plant St Rose (LA),USA,Feasibility study,Ammonia,30.72844254,-88.58554723,,337214,263
China State Shipbuilding (CSSC) green hydrogen project in Tong Liao ,CHN,Feasibility study,MeOH,43.80122085,122.2512643,361.2,78529,61
"Hy2gen Yucatan Marengo project,  1",MEX,Concept,Ammonia,19.43991138,-90.44230274,160,34783,27.1
"Hy2gen Yucatan Marengo project,  2",MEX,Concept,Ammonia,19.43991138,-90.44230274,40,7692,6
JGC - Asahi Kasei demo ammonia plant,JPN,DEMO,Ammonia,37.75146787,140.4930509,3.1,674,1
GuofuHee - CMEC - Longyuan Power grren H2 plant in Inner Mongolia,CHN,Concept,H2,40.46549586,113.2222216,38.1,8465,7
Lhyfe Bade-W??rtemberg,DEU,FID/Construction,H2,48.79371511,9.804616164,10,2174,1.7
"Fiume Santo, demo plant",ITA,DEMO,H2,40.79145941,8.270238388,1,192,0.1
"Fiume Santo, comercial plant",ITA,Feasibility study,H2,40.79145941,8.270238388,50,11111,8.7
OX2 Neptunus Hub,SWE,Concept,H2,55.70834999,16.04351829,2361.2,524718,409
"Urbaser methanol plant, phase 1",ESP,Feasibility study,MeOH,41.68330086,-0.922446717,,10798,8
"Urbaser methanol plant, phase 2",ESP,Concept,MeOH,41.68330086,0,154.6,34357,27
"Los Barrios coal plant, Cadiz, phase 2",ESP,Feasibility study,H2,36.18514022,-5.492609168,125,27778,21.7
"Los Barrios coal plant, Cadiz, phase 3",ESP,Concept,H2,36.18514022,-5.492609168,400,88889,69.3
Hydrogen Utopia waste-to-plastic plant,IRL,Feasibility study,H2,53.69965206,-7.728379161,,,
Come By Chance refinery,CAN,Feasibility study,H2,47.81208505,-53.91198476,505,112231,88
Holmaneset Project (GAP FFI Holmaneset),NOR,Feasibility study,Ammonia,61.76857919,5.297278947,300,57692,45
Onyx plant - Port of Rotterdam,NLD,Feasibility study,H2,51.95886161,4.056341906,,384793,300
Ecopetrol green methanol and biofuel project,COL,Feasibility study,H2,10.15592141,-73.98744364,207.8,46175,36
"Chubu Electric Power - Chiyoda - Hazer, phase 1",JPN,Concept,H2,35.36631876,136.8597274,,8017,6
"Chubu Electric Power - Chiyoda - Hazer, phase 2",JPN,Concept,H2,35.36631876,136.8597274,,96198,75
Adams Fork Energy (WV),USA,Concept,Ammonia,37.75667506,-82.16707451,,505820,394
Horizonte de Verano - Summer Horizon - phase 1,PER,Concept,Ammonia,-16.40915315,-71.53472117,873.1,194013,151
Pampas,ARG,Feasibility study,H2,-51.03225029,-69.45687674,404,89785,70
Bear Head Energy - Nova Scotia project,CAN,Feasibility study,Ammonia,45.583347,-61.339879,5196.8,1154841,900
"Hive H2 Albamed, phase 1",ESP,Feasibility study,H2,38.99923679,-1.855439558,800,177778,138.6
"Hive H2 Albamed, phase 2",ESP,Concept,H2,38.99923679,-1.855439558,800,177778,138.6
Achema - green hydrogen plant,LTU,Feasibility study,H2,55.13475666,21.90613176,171,38000,29.6
CF's Verdigris Complex (OK),USA,Concept,Ammonia,36.241329,-95.68140206,100,22222,17.3
Dominica Geothermal Development Company - Kenesjay green hydrogen plant,DMA,Concept,H2,15.56358521,-61.45555308,164.5,36555,29
ErasmoPower2X,ESP,Feasibility study,H2,38.71631082,-4.157954146,500,111111,86.6
Electrolysis Corridor East Germany (H2 Corridor),DEU,Feasibility study,H2,0,0,210,46667,36.4
Green Pegasus,CHL,Concept,Ammonia,-26.74999878,-70.55456089,1590.2,353381,276
H2Montoir,FRA,Concept,H2,47.21691069,-1.552802297,,3563,3
JSW Steel ,IND,Feasibility study,H2,12.97596384,77.53480216,12,2609,2
Idemitsu Refinery - H2 from municipal waste,JPN,Concept,H2,34.97913185,136.8450878,,7803,6
Port of Argentia,CAN,Feasibility study,Ammonia,47.2937646,-53.97420614,1300,288889,225
Solatio - Ammonia project state of Piaui (phase I),BRA,Concept,Ammonia,-7.682173767,-42.52223697,1633.4,362988,283
Solatio - Ammonia project Parnaiba export zone (phases II to VI),BRA,Concept,Ammonia,-7.682173767,-42.52223697,8178.8,1817506,1417
Koping - Waste-to-Hydrogen,SWE,Feasibility study,H2,59.51242929,15.9947879,,17102,13
Hydrogen for self-sufficiency,CAN,Concept,H2,46.35040109,-63.41155721,2,444,0.3
H2 production for a H2 Fuell station ,NLD,FID/Construction,H2,51.6918438,4.209522035,1,222,0.2
Hydrogen for fuel cell testing and heat recovery,DEU,FID/Construction,H2,52.26871624,10.51001765,1,222,0.2
"Repsol Tarragona, phase 1",ESP,Feasibility study,H2,41.18567481,1.217432737,150,32609,25.4
Breogan project,ESP,Feasibility study,Synfuels,43.15776379,-8.009321525,115.4,25653,20
BalticSeaH2,EST,Feasibility study,H2,59.90293472,24.50958134,1049.4,233208,182
Puertollano HydRIC project Phase I,ESP,Feasibility study,H2,38.67602267,-4.057773647,30,6522,5.1
Calix green steel plant,AUS,Feasibility study,H2,-37.91367515,145.44817,10.4,2309,2
HYRO  3 Northfleet- Kimberly-Clark project (2 pamts),GBR,FID/Construction,H2,51.43116707,0.328778155,17,3778,2.9
IAM Caecius,ESP,Feasibility study,H2,40.34124803,-1.121735874,25,5556,4.3
Green Port Langosteira,ESP,Feasibility study,Ammonia,43.36055363,-8.490023719,311.8,69290,54
Raven Iberia Zaragoza waste-to-hydrogen plant,ESP,Feasibility study,H2,41.6523967,-0.903048984,,2280,2
Invenergy Port of Grays Harbor,USA,Concept,H2,46.95527722,-123.8419154,189.6,42135,33
Lhyfe - Schaeffler Group plant in Herzogenaurach,DEU,Feasibility study,H2,49.57288585,10.87616739,15,3333,2.6
Sungas first green methanol facility,USA,Feasibility study,MeOH,34.79064815,-82.85517149,430.7,95708,75
Barataria - pHYnix,ESP,Feasibility study,H2,39.4178381,-3.217615488,70,15556,12.1
RDSF - Metacon MoU,POL,Feasibility study,H2,50.25528763,19.03500184,5,1111,0.9
Bradford Low Carbon Hydrogen,GBR,FID/Construction,H2,53.79811194,-1.79487248,24.5,5444,4.2
Cromarty Hydrogen Project - phase 1,GBR,FID/Construction,H2,57.68215645,-4.033684416,10.6,2356,1.8
H2 Production Plant at High Marnham,GBR,Feasibility study,H2,53.22633061,-0.804093436,0,,
HyBont,GBR,FID/Construction,H2,51.55388808,-3.573378084,5.2,1156,0.9
Quill 2,GBR,Feasibility study,H2,54.04276948,-2.666329481,8,1778,1.4
West South Wales Hydrogen Project,GBR,Feasibility study,H2,51.71382107,-5.035033159,20,4444,3.5
Suntory Hakushu Distillery and Suntory Minami Alps Hakushu Water Plant,JPN,Feasibility study,H2,35.58178688,138.6297522,16,3556,2.8
Biomass-to-Hydrogen project,KOR,Concept,H2,0,0,,,
OCP Group Ammonia project,MAR,Concept,Ammonia,31.91508022,-6.134236298,2078.7,461936,360
Methanol Plant - Puglia,ITA,Feasibility study,MeOH,41.17992074,16.65610808,0,,
Hydrogen Utopia waste-to-plastic plant,EST,Concept,H2,58.69492282,25.55703946,,,
Hydrogen from Biomass,FRA,Concept,H2,48.5895522,2.45483707,,321,0
Hydrogen Micro Hub,KOR,Concept,H2,37.55822945,127.0084579,0,,
Navarra hydrogen project,ESP,DEMO,H2,42.93836559,-1.712221415,0.4,89,0.1
Indaver,IRL,Feasibility study,H2,53.82452481,-6.428973937,10,2222,1.7
Bord Na Mona & BOC hydrogen project,IRL,FID/Construction,H2,53.29660897,-7.220961043,2,444,0.3
Mercury Renewables H2 Project,IRL,Feasibility study,H2,53.99576724,-9.520152559,80,17778,13.9
Green Atlantic at Moneypoint project,IRL,Concept,H2,52.6791166,-9.064256076,0,,
EI-H2 project,IRL,Feasibility study,H2,51.83771851,-8.205220341,50,11111,8.7
Duisburg Harbor,DEU,Feasibility study,H2,51.45565446,6.768886388,20,4444,3.5
Ammonia project Jordan,JOR,Feasibility study,Ammonia,29.49064129,34.9882082,346.5,76989,60
FertigHy second plant,ESP,Concept,H2,38.60092388,-3.858215456,13339.5,2565287,2000
Daystar Energy - Columboola Renewable Energy Hub (CREH),AUS,Concept,H2,-26.74635213,150.6254414,50,11111,8.7
Kumbarilla Renewable Energy Park (K-REP) - phase 1,AUS,Feasibility study,H2,-27.26312929,150.9423063,0.25,56,0
Kumbarilla Renewable Energy Park (K-REP)- phase 2,AUS,Feasibility study,H2,-27.26312929,150.9423063,80,17778,13.9
Three Gorges Corp.'s Inner Mongolia project ,CHN,Operational,H2,39.62170645,109.7280467,69,15000,12
Twelve Moses Lake SAF project,USA,FID/Construction,Synfuels,47.14436189,-119.2440507,0.8,160,0
Nujio'qonik Green Hydrogen -phase 2,CAN,Feasibility study,H2,48.52239588,-58.43472528,650,141304,110.2
Shanghai Chemical Industry Park,CHN,Concept,H2,31.21968466,121.444601,,70000,54.6
Terranova Hydrogen,BEL,FID/Construction,H2,51.17218155,3.86683866,2.5,556,0.4
Denain - Phase I,FRA,Feasibility study,H2,50.319258,3.385513,2.5,556,0.4
Denain - Phase II,FRA,Feasibility study,H2,50.319258,3.385513,120,26667,20.8
CarlHYng,FRA,Feasibility study,H2,49.158542,6.707243,300,57692,45
Alp?€?Hyne,FRA,Feasibility study,H2,46.070767,6.426499,2,444,0.3
H2BYCOL,FRA,Feasibility study,H2,48.707409,2.296813,1,222,0.2
Angeles Link,USA,Concept,H2,34.61198743,-117.5438126,15000,3333333,2598.8
ACME SCZONE Green Ammonia Plant,EGY,Concept,Ammonia,29.69318244,32.31661541,25396.3,5643630,4400
"Globeleq green hydrogen project, phase 1",EGY,Concept,Ammonia,30.48268159,32.41910128,103.9,23097,18
"Globeleq green hydrogen project, phase 2",EGY,Concept,H2,30.48268159,32.41910128,3500,777778,606.4
"Daures Green Hydrogen Village, phase 1",NAM,FID/Construction,Ammonia,-22.48972054,16.95442707,0.25,56,0.043
"Daures Green Hydrogen Village, phase 2",NAM,Feasibility study,Ammonia,-22.48972054,16.95442707,4.75,1056,0.8
"Daures Green Hydrogen Village, phase 3",NAM,Feasibility study,Ammonia,-22.48972054,16.95442707,415.25,92278,71.9
"Daures Green Hydrogen Village, phase 4",NAM,Concept,Ammonia,-22.48972054,16.95442707,424.75,94389,73.6
Hynamics Dunkirk,FRA,FID/Construction,H2,51.01717488,2.419031163,1,217,0.2
Hynamics Martres-Tolosane,FRA,Feasibility study,H2,43.20701209,1.011473261,2,435,0.3
Vitry H2,FRA,Feasibility study,H2,48.78430493,2.40247164,2,435,0.3
Hynamics LH2,FRA,Feasibility study,H2,49.49102644,0.141837156,2,435,0.3
Hynamics VSGP,FRA,Feasibility study,H2,48.76784953,2.306205816,2,435,0.3
Hynamics Cannes,FRA,Feasibility study,H2,43.57467663,7.00197399,2,435,0.3
Hynamics Hydom,FRA,Feasibility study,H2,45.7091746,4.849493498,85,18478,14.4
Take Kair,FRA,Feasibility study,Synfuels,48.10970504,-1.011990366,200,44444,34.7
Holyhead Hub,GBR,FID/Construction,H2,53.30707153,-4.637756467,1,217,0.2
Stanwell Power Station - Hysata DEMO,AUS,DEMO,H2,-23.50840446,150.3212458,5,1087,0.8
Eni Sannazzaro Waste to Methanol/H2,ITA,Feasibility study,H2,45.10078354,8.917792128,,2000,1.6
"H2H Saltend, phase 2",GBR,Feasibility study,H2,53.74361892,-0.24953475,,192135,149.8
"Sines Repsol, phase 1",PRT,Feasibility study,H2,37.95889357,-8.860073289,4,769,0.6
"Electrolyzers with ""network related function"" in Apulia - Phase 2",ITA,Concept,H2,41.06687898,16.68257759,710,157778,123
"Electrolyzers with ""network related function"" in Sicily - Phase 1",ITA,Concept,CH4,37.10739984,15.0170182,90,20000,15.6
"Electrolyzers with ""network related function"" in Sicily - Phase 2",ITA,Concept,H2,37.10739984,15.0170182,610,135556,105.7
IdrogeMO,ITA,FID/Construction,H2,44.64603004,10.92356237,2.5,543,0.4
H2@Hydro,DEU,Concept,H2,47.59574698,8.147138112,50,9615,7.5
Pauna Greener Future - H2 (phase 1),CHL,Feasibility study,H2,-22.339335,-69.662196,100,22222,17.3
Kalisaya - stage 1,CHL,Concept,H2,-37.37730001,-73.03154511,1,222,0.2
Kalisaya - stage 2,CHL,Concept,H2,-37.37730001,-73.03154511,9,2000,1.6
Kalisaya - stage 3,CHL,Concept,H2,-37.37730001,-73.03154511,90,20000,15.6
Zorzal Project,CHL,Concept,H2,-37.37730001,-73.03154511,1.3,281,0.22
Renewastable Kosten Aike,CHL,Feasibility study,H2,-45.71150351,-73.02126604,13,2886,2
H2 Genesis Project,CHL,Concept,H2,-23.39908036,-69.25218282,100,22222,17.3
San Pedro Mining Project,CHL,DEMO,H2,-33.46676656,-70.87602555,2,444,0.3
Pionero Project,CHL,Feasibility study,Ammonia,-50.61509629,-74.5013589,1818.9,404194,315
Biomethane and hydrogen production from biomass,COL,FID/Construction,Various,7.061455355,-73.53580248,,47,
Green Urea production in Colombia,COL,Feasibility study,Ammonia,3.599658106,-76.39860901,30,6522,5.1
Prothium,COL,FID/Construction,Ammonia,7.045224074,-75.6643555,2.3,500,0.4
Deuterium,COL,FID/Construction,Various,8.42775279,-76.57622075,50,10870,8.5
Sumitomo Corporation Mobility,COL,Feasibility study,Ammonia,9.428996707,-75.4709431,1,217,0.2
TW Solar Sucre,COL,Feasibility study,Various,9.529207377,-75.57852665,3000,576923,449.8
TGI LOHC,COL,Feasibility study,Various,9.476013834,-75.95933134,125.2,27814,21.7
AES Colombia,COL,Feasibility study,H2,9.842084801,-74.81095258,0,,
HRS hydrogen refueling station,COL,Concept,H2,8.225233744,-75.4658386,2,385,0.3
HUB hidrogeno Atl??ntico II,COL,Concept,Various,10.63022829,-74.92448223,1106.4,212766,165.9
HUB hidrogeno verde Cartagena,COL,Feasibility study,Various,10.41166923,-75.49754524,40,7692,6
HUB Barranquilla,COL,Concept,Various,11.07581345,-74.81247983,1217,234043,182.5
Optimization of a multifluid system for parallel generation and sale of electricity and green hydrogen and associated services for industrial customers ,COL,Feasibility study,H2,5.415049363,-77.36368875,1.2,231,0.2
BEAUTY AMMONIA,COL,Feasibility study,Ammonia,9.017786031,-76.12525118,1000,217391,169.5
SITP Hydrogen Bus,COL,Operational,H2,4.680877492,-74.07044244,0.165,32,0
Cerro Dominador - H2 CSP +PV project,CHL,Concept,H2,-23.39908036,-69.25218282,6,1333,1
H2 Solar Project,CHL,Concept,H2,-23.39908036,-69.25218282,0.9,205,0.16
HYDRA project,CHL,Concept,H2,-23.39908036,-69.25218282,902.9,200642,156
UCSC project,CHL,Operational,H2,-37.37730001,-73.03154511,0.025,6,0
Cabeza de Mar,CHL,Concept,Ammonia,-50.61509629,-74.5013589,1948.8,433065,338
Tango project,CHL,Feasibility study,Ammonia,-23.39908036,-69.25218282,255.4,56752,44
ARICHILE project,CHL,FID/Construction,H2,-50.61509629,-74.5013589,20,4444,3.5
Hydrogen train,CHL,Feasibility study,H2,-23.39908036,-69.25218282,0,,
MowiUACH,CHL,Concept,H2,-45.72684428,-73.13112932,0,,
Planta Piloto M??vil de H2V,CHL,Operational,H2,-23.39908036,-69.25218282,0.02,4,0
Volta project,CHL,Concept,Ammonia,-23.39908036,-69.25218282,1004.7,223269,174
Llaquedona green hydrogen,CHL,Feasibility study,Ammonia,-50.61509629,-74.5013589,1299.2,288710,225
Tecoil,FIN,Operational,H2,60.52674111,27.14101196,0.7,156,0.1
B??KKABR??NY PtG,HUN,FID/Construction,H2,47.89347035,20.7024755,1,222,0.2
Hellisheidi ON Power ely,ISL,Operational,H2,64.03642348,-21.40439098,0.7,156,0.1
H2 for Ovako steel mill in Smedjebacken,SWE,Feasibility study,H2,60.13800575,15.41312493,17,3696,2.9
Wasserstoffproduktion Ostschweiz AG,CHE,Operational,H2,47.40058001,9.32816181,2,444,0.3
Hitachi Zosen Inova HZI PtH Buchs,CHE,FID/Construction,H2,47.17396934,9.481602224,2.3,511,0.4
Arbikie Distillery,GBR,FID/Construction,H2,56.66499472,-2.528121637,0.9,196,0.15
Blue Hydrogen,COL,Feasibility study,H2,10.15592141,-74.25111548,,245293,191.2
Green Ammonia,COL,Concept,Various,7.72507505,-76.58021702,3500,777778,606.4
Hydrogen for heavy duty transport,COL,Concept,H2,9.939564993,-73.72377173,40,8889,6.9
Green Hydrogen,COL,Concept,H2,8.247302514,-75.61342015,,7607,5.9
Green hydrogen for national industry and derivatives for export,COL,Concept,Various,8.506789011,-74.77066884,2300,511111,398.5
Green Ammonia,COL,Concept,Ammonia,8.247302514,-76.58021702,120,23077,18
H2V Marseille - Fos (Phase 2),FRA,Feasibility study,H2,43.41685221,4.834398035,100,22222,17.3
H2V Marseille - Fos (Phase 3),FRA,Feasibility study,H2,43.41685221,4.834398035,100,22222,17.3
H2V Marseille - Fos (Phase 4),FRA,Feasibility study,H2,43.41685221,4.834398035,100,22222,17.3
H2V Marseille - Fos (Phase 5),FRA,Feasibility study,H2,43.41685221,4.834398035,100,22222,17.3
"H2 Pierre-B??nite (Phase 2, final)",FRA,Concept,H2,45.702181,4.844148,20,4444,3.5
Dijon M??tropole Smart EnergHy (DMSE) - Station 2,FRA,FID/Construction,H2,47.31983205,5.038166514,2,435,0.3
NFC Belfort (Phase 2),FRA,Operational,H2,47.61924509,6.865037852,1,217,0.2
EcoH2 Breizh1,FRA,Concept,H2,48.40569195,-4.076933109,10,2222,1.7
EcoH2 Breizh2,FRA,Concept,H2,48.08363687,-2.281612498,10,2222,1.7
HyCOR,FRA,Feasibility study,H2,42.43006772,9.201023261,20,4444,3.5
D??pHy2A Ajaccio,FRA,Concept,H2,41.9204141,8.737072231,5,1111,0.9
D??pHy2B Bastia,FRA,Concept,H2,42.69710298,9.451137175,5,1111,0.9
Vhya Lorraine,FRA,Concept,H2,48.17805578,6.449566188,9,2000,1.6
H2V Thionville P1,FRA,Concept,H2,49.35746501,6.166983299,200,44444,34.7
H2V Thionville P2,FRA,Concept,H2,49.35746501,6.166983299,200,44444,34.7
H2V Valenciennes P1,FRA,Concept,H2,50.35776781,3.519002671,200,44444,34.7
H2V Valenciennes P2,FRA,Concept,H2,50.35776781,3.519002671,200,44444,34.7
EcoH2,FRA,Concept,H2,43.89416823,3.998628043,10,1923,1.5
HyLan,FRA,Concept,H2,43.12569085,0.386603373,30,6667,5.2
HyVENCE,FRA,Feasibility study,H2,43.43856889,4.950445388,60,13333,10.4
Usine Trang??,FRA,FID/Construction,H2,48.02687911,0.114277217,,157,0
H24FP Paris P1,FRA,Feasibility study,H2,48.81447888,2.529255676,0,,
H24FP Paris P2,FRA,Feasibility study,H2,48.81447888,2.529255676,0,,
eM-Lacq (part of E-CHO),FRA,Feasibility study,MeOH,43.41395514,-0.620279241,260,57778,45
H2 Bordeaux,FRA,Concept,H2,44.8386183,-0.584642715,30.4,6751,5
BioTJet (part of E-CHO),FRA,Concept,H2,43.41333166,-0.618219305,260,57778,45
Hydrogen Energy Storage System at Borrego Springs ,USA,DEMO,H2,33.25824687,-116.3790924,1,192,0.1
Waterfront Maritime Hydrogen Demonstration Project,USA,DEMO,H2,37.77160571,-122.3873521,,,
Solid Oxide Electrolysis System Demonstration,USA,DEMO,H2,41.3870348,-73.46898026,0.25,66,0.1
"TIWAG Power2X (Phase 2) (within ""Power2X Kufstein"")",AUT,Feasibility study,H2,47.583996,12.1692134,4,889,0.7
Plansee Group - Breitenwang,AUT,FID/Construction,H2,47.49462721,10.73701494,4,870,0.7
Wien Energie -  Simmering,AUT,Operational,H2,48.1816373,16.42343238,3,667,0.5
"TIWAG Power2X (Phase 1) (within ""Power2X Kufstein"")",AUT,FID/Construction,H2,47.583996,12.1692134,1,192,0.1
Renewable Gasfield,AUT,Operational,CH4,46.7813377,15.5881617,2,385,0.3
"Mobility of the Future (within ""Innovation Liquid Energy"")",AUT,FID/Construction,H2,47.05927603,15.46017718,1,263,0.2
HySnowGroomer (within HyWest),AUT,Operational,H2,47.71200111,14.16099566,0.35,78,0.1
Hotflex,AUT,Operational,H2,46.91170412,15.48736182,0.15,39,0
H2Value - Tartu,EST,Concept,H2,58.3776701,26.72959571,0,,
Green Port Paldiski,EST,Concept,H2,59.35384194,24.04530197,24,4615,3.6
Utilitas ELY,EST,Feasibility study,H2,59.43749775,24.90039849,0.2,46,0.036
Narva power plant ELY,EST,Operational,H2,59.27563664,27.90543878,0.1,32,0.025
Koppo Energy Cluster,FIN,Feasibility study,Various,63.854723,23.049399,200,43478,33.9
Green NortH2 Energy Kemi,FIN,Feasibility study,Ammonia,65.73929229,24.54969201,280,62222,48.5
Lappeenranta e-Methanol,FIN,Feasibility study,MeOH,61.03842299,28.18171253,17,3778,2.9
Ren-Gas  P2X Kotka,FIN,Feasibility study,CH4,60.441521,26.894655,40,8889,6.9
Ren-Gas  P2X Lahti,FIN,Feasibility study,CH4,60.98987,25.719878,120,26667,20.8
Ren-Gas  P2X Tampere,FIN,Feasibility study,H2,61.540897,23.981937,60,13333,10.4
P2X Solutions Joensuu,FIN,Feasibility study,H2,62.61996203,29.70255105,40,8889,6.9
Ren-Gas  P2X Mikkeli,FIN,Feasibility study,H2,61.67155,27.28966,40,8889,6.9
Ren-Gas  P2X Pori,FIN,Feasibility study,H2,61.574804,21.55598,20,4444,3.5
UPM Kymmene Biorefinery Green Hydrogen production?€?,FIN,Feasibility study,H2,61.06976653,28.2469299,20,4444,3.5
H-FLEX-E?€?,FIN,FID/Construction,H2,63.10121,21.601948,10,2222,1.7
Flexens Lemp????l??,FIN,FID/Construction,H2,61.29376322,23.74081191,2.5,556,0.4
3H2 - Helsinki Hydrogen Hub,FIN,FID/Construction,H2,60.21070992,25.14004726,4,769,0.6
Hidroelectrica - Sona,ROU,Concept,H2,45.84032496,25.04355177,100,22222,17.3
Nervia,ROU,Feasibility study,H2,46.567153,23.788949,5,1087,0.8
Sines GH2 Solar,PRT,FID/Construction,H2,37.98326891,-8.823675143,4,769,0.6
HEVO-Industria,PRT,Feasibility study,H2,37.98326891,-8.823675143,6.6,1269,1
Hydrogen Based Microgrid at NETRA,IND,Operational,H2,25.09179472,72.37797971,0.34,65,0.1
Chusul Project,IND,FID/Construction,H2,33.6019122,78.65730276,1,192,0.1
Apex Lubmin,DEU,Feasibility study,H2,54.13029867,13.62644337,600,133333,104
"Mote biomass-to-hydrogen plant, 2nd facility (CA)",USA,Feasibility study,H2,38.57435031,-121.5259747,,26936,21
Babcock & Wilcox?€?s - Louisiana,USA,Feasibility study,H2,30.81950983,-92.56542077,,,
Green Port Paldiski,EST,Concept,H2,59.35384194,24.04530197,24,4615,3.6
Convion SOE R&D ELY,FIN,DEMO,H2,60.18417387,24.81421773,0.125,33,0
ABC Cleantech H2,IND,Concept,Ammonia,14.74108332,75.06363788,1275,283333,220.9
Adani H2,IND,Concept,H2,0,0,11543.8,2565287,2000
Aranayak Mirzapur H2,IND,Feasibility study,H2,25.1367724,82.56624041,,520,0.41
Badarpur New Delhi H2,IND,Feasibility study,H2,28.51363866,77.29871255,1.1,243,0.19
Bellary-Nellore H2,IND,Feasibility study,H2,14.79754986,80.02928366,57.7,12826,10
Bina Refinery,IND,Feasibility study,H2,24.23985952,78.15025191,37.3,8292,6.46
Chamba H2,IND,Feasibility study,H2,30.5527427,78.42785996,0.1,19,0.01
Chitrakoot H2,IND,Concept,H2,26.42180325,80.91597936,1492.6,331692,259
Greenko green ammonia project,IND,Concept,Ammonia,0,0,3440,764444,596
Gwalpahari Solar-Hydrogen demonstration,IND,Operational,H2,28.43284201,77.1521652,0.2,50,0.04
Hydreen HLC Green Energy Himachal Pradesh H2,IND,Concept,Ammonia,31.93603016,77.20193231,3463.1,769586,600
HPCL Vizag Refinery H2,IND,FID/Construction,H2,17.7039381,83.2193165,2.4,533,0.4
Indore Waste to H2,IND,Feasibility study,H2,22.727435,75.85697955,,74906,58
Jindal Hygenco India,IND,Operational,H2,24.04597659,76.17661838,1.8,391,0.3
Jorhat H2,IND,Operational,H2,26.75069366,94.20316705,0.9,192,0.15
JSW green hydrogen,IND,Feasibility study,H2,19.22432298,72.86799388,0,9,0.01
JSW Karnataka H2,IND,Feasibility study,Ammonia,14.74108332,75.06363788,43.9,9748,8
Karnataka Acme H2,IND,Concept,Ammonia,14.74108332,75.06363788,2308.8,513057,400
Kochi Green Hydrogen (KGH2) Hub,IND,Feasibility study,H2,9.944459335,76.26521175,0,2,0
Larsen & Toubro/ReNew Power Project,IND,Concept,H2,0,0,221.8,49281,38
Leh H2,IND,Feasibility study,H2,34.65813756,77.09193467,57.7,12826,10
L&T Hazira Phase II,IND,Feasibility study,H2,21.1786042,72.66119862,1,192,0.1
Madhya Pradesh H2,IND,Feasibility study,H2,23.55535954,77.19709234,0.2,42,0.03
MAHAPREIT,IND,Feasibility study,H2,0,0,0.7,164,0.13
Maharashtra H2,IND,Concept,H2,19.54672769,75.57860328,577.2,128264,100
NMC Green Hydrogen,IND,Feasibility study,H2,21.1527412,79.09379222,,1152,0.9
NTPC Anakapalli H2,IND,Feasibility study,Various,17.6910437,83.00360557,57.7,12826,10
NTPC NETRA Campus,IND,Concept,H2,24.07378302,84.1805596,7303.4,1404494,1095
Numaligarh Refinery Green H2,IND,Feasibility study,H2,26.57534669,93.78871046,115.4,25653,20
Ocior Energy Andhra Pradesh H2,IND,Feasibility study,Ammonia,14.89433991,78.96540074,0.5,120,0.09
Ocior Energy Gujarat H2,IND,Feasibility study,Ammonia,23.21475219,70.90497557,30.3,6742,5.26
PMC Waste to H2 Phase I,IND,FID/Construction,H2,18.5288305,73.85918686,,2850,2
POSCO H2,IND,Feasibility study,Ammonia,0,0,0.1,26,0.02
Pune-Mumbai,IND,Feasibility study,H2,18.5288305,73.85918686,37,8213,6.4
Renew Efuels Odisha Green H2,IND,Feasibility study,Ammonia,20.47933411,84.35571206,4.2,936,0.73
SOEC demonstrator Bangalore,IND,Feasibility study,H2,12.98606377,77.59590418,0.008,2,0
Swaraj Green Power H2,IND,Feasibility study,H2,0,0,,52,0.04
Visakhapatnam H2,IND,Feasibility study,H2,17.7000133,83.26944161,15.9,3531,2.75
Waaree Renewable Technologies H2,IND,Feasibility study,H2,0,0,8.3,1847,1.44
WBPDCL Durgapur H2,IND,Feasibility study,H2,23.52244168,87.3072112,46.2,10261,8
"Hidrogen from bioethanol , phase 1",BRA,DEMO,H2,-23.56854641,-46.65847059,,51,0
"Hidrogen from bioethanol , phase 2",BRA,DEMO,H2,-23.56854641,-46.65847059,,461,0
Morro Pintado project,BRA,Concept,Ammonia,-4.706838666,-36.83928589,300.1,66697,52
Horizons Clean Hydrogen Hub ,USA,Feasibility study,Various,27.88453428,-97.2653451,1200,266667,207.9
Tallgras-Kowepo MoU,USA,Concept,Ammonia,28.85822204,-96.1058001,1000,222222,173.3
"Lhyfe, Perl",DEU,Feasibility study,H2,49.50721013,6.427742249,70,15556,12.1
Enertrag - Prignitz-Falkenhagen industrial park ,DEU,Feasibility study,Synfuels,53.2115383,12.21846617,130,28889,22.5
Huaneng Inner Mongolia East Energy - Xing'an League project,CHN,Feasibility study,H2,46.06225471,122.041626,270,58696,45.8
Vanadis Fuels - Phase 1,FIN,Feasibility study,MeOH,63.85877381,23.03063525,309.2,68713,54
Acme - Port of Victoria,USA,Concept,Ammonia,28.69859659,-96.95764379,2188.1,486249,379
Gaznat methanation project,CHE,Operational,CH4,46.32307,6.971941867,0.5,109,0.1
HYBRIT expansion,SWE,Concept,H2,65.58545581,22.15766136,500,111111,86.6
H2 Green Steel (H2GS) - phase 2,SWE,Concept,H2,65.8289892,21.6904535,800,177778,138.6
Aboriginal Ammonia project - East Kimberley Clean Energy project,AUS,Feasibility study,Ammonia,-15.77676273,128.7502333,259.8,57742,45
Amp Energy project,AUS,Concept,Ammonia,-34.18688365,136.3154842,5000,1111111,866.3
Hydrogen project - Oaxaca,MEX,Concept,H2,17.07243291,-96.72697749,0,,
Hydrogen project Duqm area,OMN,Concept,H2,19.64025589,57.6771363,1154.4,256529,200
Amea Power - Ammonia project,DJI,Concept,Ammonia,11.72055933,42.77294184,1000,222222,173
H2 project - Port of Mombasa ,KEN,Concept,H2,-4.060668821,39.66091964,1000,222222,173
e-SAF France Kereauzen project,FRA,Feasibility study,Synfuels,49.49488903,0.108083782,255,56667,44.2
E-fuels project in South Africa,ZAF,Concept,Synfuels,-31.21054228,17.92752719,1000,222222,173.3
H2 project - Profen mine,DEU,Feasibility study,H2,51.26052737,12.35036622,90,20000,15.6
Good Earth Green Hydrogen and Ammonia Project,AUS,FID/Construction,H2,-29.46161635,149.8335256,12,2667,2.1
e-SAF plant,DEU,Concept,Synfuels,51.26052737,12.35036622,1000,222222,173.3
Ammonia project Avaada Odisha,IND,Feasibility study,Ammonia,20.46904583,84.23517444,1039.4,230968,180
ACWA Power - Garuda Hidrogen Hijau (GH2),IDN,Feasibility study,Ammonia,-7.516576424,112.1441961,173.2,38479,30
H2 project Ascension Parish Louisiana,USA,Concept,H2,30.1923611,-90.96055847,507.9,112873,88
Hydrogen project in Cadiz,ESP,Concept,H2,36.52121315,-6.280664866,352,78222,61
Solar-to-hydrogen Inhambane province,MOZ,Concept,H2,-22.78655269,34.71736057,8427,1872659,1460
Ratcliffe power station - H2 project - phase 1,GBR,Concept,H2,52.86536752,-1.254339885,100,22222,17.3
Ratcliffe power station - H2 project - phase 2,GBR,Concept,H2,52.86536752,-1.254339885,400,88889,69.3
H2 project Lubmin - Deutsche ReGas - phase 1,DEU,Feasibility study,H2,54.13029867,13.62644337,200,38462,30
H2 project Lubmin - Deutsche ReGas - phase 2,DEU,Feasibility study,H2,54.13029867,13.62644337,300,57692,45
H2 plant Data center,USA,Concept,H2,38.9725641,-81.13295375,1000,222222,173.3
H2 project Narngulu industrial estate,AUS,Concept,Ammonia,-28.77617221,114.6091838,1039.4,230968,180.1
Floating Green Hydrogen & Ammonia project,NLD,Concept,Ammonia,53.1595242,5.266568127,0,,
Los Amigos del Verano - phase 1,CHL,Concept,H2,-25.40645747,-70.47993419,5000,1111111,866.3
Los Amigos del Verano - phase 2,CHL,Concept,H2,-25.40645747,-70.47993419,5000,1111111,866.3
Los Amigos del Verano - phase 3,CHL,Concept,H2,-25.40645747,-70.47993419,5000,1111111,866.3
Los Amigos del Verano - phase 4,CHL,Concept,H2,-25.40645747,-70.47993419,10000,2222222,1732.5
CEEC Songyuan Hydrogen Energy Industrial Park (Green H2-NH3 Integration) Phase 1,CHN,FID/Construction,Various,45.14689855,124.8288451,640,139130,108.5
Skipavika Green Ammonia - SkiGA,NOR,Feasibility study,Ammonia,61.03153035,5.087455641,130,28889,22.5
Mauritania & BP- Nassim project,MRT,Concept,H2,19.171723,-15.994444,20787.1,4619363,3601.4
"Hydrogen, ammonia project - Tecnicas Reunidas",AUS,Feasibility study,Ammonia,-12.30326005,136.8098794,948.4,210758,164.3
 GET H2 TransHyDE hydrogen project - Lingen,DEU,DEMO,H2,52.48255651,7.299667812,0.25,66,0.1
NeoGreen Portugal - Sines projetc,PRT,Feasibility study,H2,37.95600971,-8.81848919,330,73333,57.2
Indian Oil Corporation IOCL refinery,IND,Concept,H2,22.37091877,73.12275077,,499,0.39
Chennai Petroleum Corporation (CPCL) - phase 1,IND,Concept,H2,13.28039404,80.56241424,0.012,3,0
Chennai Petroleum Corporation (CPCL) - phase 2,IND,Concept,H2,13.28039404,80.56241424,0.046,10,0.01
MRPL Mangalore Refinery - phase 1,IND,Concept,H2,14.74108332,75.06363788,0.006,1,0
MRPL Mangalore Refinery - phase 2,IND,Concept,H2,14.74108332,75.06363788,0.046,10,0.01
H2 plant - St Lawrence Hydro Production,USA,Concept,H2,44.92789111,-74.8916922,92.2,20482,15.969
Hydrogen plant - August Global Investment,IDN,Feasibility study,H2,0,0,300,66667,52
HyNQ ?€? North Queensland Clean Energy Project,AUS,Feasibility study,Ammonia,-20.05607583,147.9072359,1000,222222,173.3
Knockshinnoch hydrogen production facility - Scotland,GBR,FID/Construction,H2,55.39400998,-4.191578532,2.5,556,0.4
"EWE - Clean Hydrogen Coastline, project Emdem",DEU,FID/Construction,H2,53.35948014,7.209588677,280,53846,42
HyPilot project ,NOR,FID/Construction,Ammonia,59.27490187,5.525922967,1,192,0.1
Aman - Green Hydrogen Project - phase 2,MRT,Feasibility study,Ammonia,23.7,-9.22,12500,2777778,2165.7
Ammonia project - Houston Ship Channel,USA,Feasibility study,Ammonia,29.61432759,-94.89992114,,230968,180
Shanghai Electric -Taonan Wind Power with Biomass for Green Methanol,CHN,FID/Construction,MeOH,45.62566102,122.8409928,721.5,160330,125
Nitrogen fertelizer plant Uberaba,BRA,Concept,H2,-19.74679439,-47.93305408,233.9,51968,41
Atlas' Pacific Green Fertilizer project,USA,Feasibility study,H2,46.27943227,-119.2721986,327.4,72755,57
Cleanergy Solutions Namibia HRS,NAM,Operational,H2,-22.97384909,14.51906652,5,962,0.7
Arcadia eFuels,DNK,Feasibility study,Synfuels,55.00901024,11.91116681,403.2,89609,69.9
Gibson Island Project,AUS,Feasibility study,Ammonia,-27.42884415,153.1848437,550,105769,82.5
Phoenix Hydrogen Hub (PHH) project,USA,FID/Construction,H2,33.44857594,-112.0714927,80,17391,13.6
Green Energy Park (GEP) phases I to VI,BRA,Concept,Ammonia,-7.682173767,-42.52223697,16161.30522,3591401,2800
Green Steel Plant Quebec,CAN,Concept,H2,50.31894415,-66.07494291,,,
Green Hydrogen Plant (GHP),IDN,Operational,H2,-6.194224907,106.8205743,0.3,65,0.1
"Hynet Northwest, phase 2 (Essar Stanlow refinery)",GBR,Feasibility study,H2,53.27703121,-2.841869148,,295008,230
MadoquaPower2X - Sines - phase 2,PRT,Concept,Ammonia,37.95889357,-8.860073289,700,155556,121.3
Renewable hydrogen project Western Australia,AUS,Concept,H2,-31.27355744,115.9577614,5.8,1283,1
ZEG H1 plant in CCB Energy Park - Northern Lights onshore CO??? terminal,NOR,Operational,H2,60.55828773,4.83767677,,520,0.4
Ammonia project on the Gulf Coast,USA,Concept,Ammonia,29.79420741,-92.5736165,,461936,360
Ammonia plant Deendayal Port - Site Kandla in Gujarat,IND,Concept,Ammonia,23.02120543,70.21247057,276.5,61438,48
Ammonia plant Kota - Rajasthan state - phase 1,IND,Concept,Ammonia,25.21904662,75.8644713,15.6,3465,3
Low-carbon hydrogen plant at Shaybah natural gas liquids facility,SAU,Concept,H2,22.52571514,54.00773744,,2809,2.2
Suez Green Ammonia site,EGY,Concept,Ammonia,29.67363938,32.33481088,2494.5,554324,432.2
Hunfeld project ,DEU,Feasibility study,H2,50.67365768,9.774692319,5,1111,0.9
Western Sahara hydrogen project,MAR,Feasibility study,H2,23.72317473,-15.93476244,8000,1777778,1386
Offshore floating  wind-hydrogen project,EST,Concept,H2,59.51297112,24.82092456,0,,
Indonesia-Singapore hydrogen project,IDN,Concept,H2,0,0,577.2,128264,100
Coyote Hydrogen Project,CAN,Concept,Ammonia,53.91748549,-122.7606666,1000,222222,173.3
Hydrogen plant - Environmental Business Park (PEMA),ESP,FID/Construction,H2,41.8174387,-2.444608522,2.5,556,0.4
Langnas: Mega Green Harbour (Aland Islands),FIN,Concept,Synfuels,60.16436369,20.06012468,3000,666667,519.8
H2 plant at Ironveld?€?s Rustenburg smelter,ZAF,DEMO,H2,-25.65511708,27.2514737,,56,0.04
H2 project - AEM Flex electrolyser,DEU,Operational,H2,52.29586541,7.586371423,0.1,27,0
M??hlenerft Industrial Park - Refuelling station,DEU,FID/Construction,H2,50.98816506,6.571997013,5,1111,0.9
H2CRETE Valley,GRC,Feasibility study,H2,35.01192808,26.13677504,90,17316,13.5
Oosterhorn Hydrogen project - Chemie Park Delfzijl,NLD,Feasibility study,H2,53.3344145,6.92135995,20,4444,3.5
Deep Sky Alpha pilot facility,CAN,DEMO,Various,56.64983735,-76.40743124,0,,
Zero Emission Valley (ZEV) - Le Cheylas,FRA,Feasibility study,H2,45.37101263,5.992734046,5,1111,0.9
"Oshivela DRI project, phase 1",NAM,FID/Construction,H2,-18.6212832,17.16913483,12,2609,2
"Oshivela DRI project, phase 2",NAM,Feasibility study,H2,-18.6212832,17.16913483,,,
HySCALE 100 - IPCEI project Heide refinery,DEU,Feasibility study,H2,54.19038729,9.108629401,500,111111,86.6
Green Energy Manufacturing Centre (GEM) -Gladstone -phase 1,AUS,FID/Construction,H2,-23.84153552,151.2505892,30,5769,4.5
Green Iron Trial Commercial Plant - Christmas Creek,AUS,FID/Construction,H2,-28.16883307,152.9814547,8.7,1924,1.5
EBIC - Ammonia plant - phase 2,EGY,Feasibility study,Ammonia,29.63339263,32.30080635,85,18889,14.7
Green Energy Manufacturing Centre (GEM) -Gladstone -phase 2,AUS,FID/Construction,H2,-23.84153552,151.2505892,20,3846,3
Eneco H2 project Rotterdam port area,NLD,Concept,H2,51.95886161,4.056341906,225,50000,39
White Dunes - Western Sahara hydrogen project -phase 1,MAR,Concept,H2,23.72317473,-15.93476244,1000,222222,173.3
White Dunes - Western Sahara hydrogen project -phase 2,MAR,Concept,H2,23.72317473,-15.93476244,7000,1555556,1212.8
Leuna 100,DEU,Operational,MeOH,51.32471117,12.02431106,0,,
Goldwind e-methanol project,CHN,FID/Construction,MeOH,46.09238249,122.0368066,552.2,122702,96
Scatec e-Methanol - second project,EGY,Concept,MeOH,31.26655423,32.30044652,190,42222,32.9
Hydrogen Park Takasago,JPN,Operational,H2,35.01960737,134.8331377,5.1,1100,0.9
H2eron,NLD,Feasibility study,H2,53.3344145,6.92135995,50,10870,8.5
ACWA Power - Green Hydrogen Project,EGY,Concept,Ammonia,29.659369,32.34481,623.6,138581,108
Cormorant Clean Energy Project,USA,Feasibility study,Ammonia,29.89258341,-93.89572376,,203252,158.5
Project Mauricie,CAN,Feasibility study,Various,46.91540993,-72.61552592,500,111111,86.6
"Cepsa la R??bida Energy Park (Huelva) - phase 2- Andalusian Green Hydrogen Valley THARSIS Project 
Together with ONUBA: LUXIA project)",ESP,Feasibility study,MeOH,37.21979579,-6.937173604,331.3,73621,57
Megaton Moon,MRT,Concept,H2,18.62110882,-12.46829637,35000,7777778,6063.9
C2X Green Methanol Plant,EGY,Feasibility study,MeOH,29.659369,32.34481,662.6,147243,115
Hydrogen Project - La Romana,DOM,Concept,H2,18.45242019,-68.94878554,350,77778,60.6
QAFCO ammonia project,QAT,FID/Construction,Ammonia,24.98971001,51.5723528,,277162,216.1
Underground Sun Storage 2030,AUT,DEMO,H2,47.98516825,13.56087454,2,385,0.3
Brightloop TM - CCS Demostration Plant: Converting Wyoming PRB Coal to Hydrogen,USA,DEMO,H2,44.27398674,-105.4550855,,7803,6.1
Integration of Produced Water Thermal Desalination and Steam Methane Reforming for Efficient Hydrogen Production,USA,DEMO,H2,41.05919431,-104.8915781,,520,0.4
Green Hydrogen Production Facility,KOR,FID/Construction,H2,36.06128519,128.0776677,4.3,936,1
AEM Nexus 1000 - Saerbeck,DEU,DEMO,H2,52.20003405,7.623218694,1,222,0.2
Keravan Energia (Kerava),FIN,Feasibility study,CH4,60.46625949,25.1127157,50,11111,8.7
Tarastenj??rvi power (Tampere),FIN,Feasibility study,CH4,61.55273794,23.97437241,150,33333,26
Kymij??rvi power (Lahti),FIN,Feasibility study,CH4,60.98270891,25.78945911,100,22222,17.3
Kotka power (Kotka),FIN,Feasibility study,CH4,60.52498704,26.85257272,150,33333,26
Mikkeli plant,FIN,Feasibility study,CH4,61.67033654,27.290097,50,11111,8.7
Aittaluoto power (Pori),FIN,Feasibility study,H2,61.48870832,21.81120969,69.3,15392,12
CEEC Songyuan Hydrogen Energy Industrial Park (Green H2-NH3 Integration) Phase 2,CHN,Concept,Various,45.14689855,124.8288451,808.5,175759,137
Sinopec Star Corp Ordos Green Power-to-Gas Demonstration (or: Uxin Banner Wind-Solar Integrated Green Hydrogen Petrochemical Refinery Demo) Phase 2,CHN,FID/Construction,H2,39.67405784,109.7247561,115.4,25653,20
GrandBlue Environment Renewable (Biogas) Hydrogen Production and Refuelling Primary Station ,CHN,Operational,H2,22.99336486,113.0762528,,3000,2.3
"Qitai Smart Energy Equipment Industrial Park - 50,000 Ton Green Hydrogen and Green Methanol Project (Phase 1)",CHN,FID/Construction,Various,44.04059712,87.25229589,56.4,12270,10
Zheneng-DSIC 10K Ton-Scale Green Methanol Project,CHN,FID/Construction,MeOH,38.920834,121.639168,11,2454,2
"Qitai Smart Energy Equipment Industrial Park - 50,000 Ton Green Hydrogen and Green Methanol Project (Phase 2)",CHN,Concept,Various,44.04059712,87.25229589,55.2,12270,10
"Qitai Smart Energy Equipment Industrial Park - 50,000 Ton Green Hydrogen and Green Methanol Project (Phase 3)",CHN,Concept,Various,44.04059712,87.25229589,220.9,49081,38
Proyecto Fenix,PER,Operational,H2,-12.50202847,-76.73010047,0,1,0
Solarbelt Fairfuel kerosene DEMO plant,DEU,DEMO,Synfuels,52.85051957,7.704941513,1.2,237,0.2
The Hydrogen Plant at Tse'khene Energy Transition Hub (TETH),CAN,Feasibility study,H2,54.71847619,-122.7821681,2297.214099,510492,398
Masdar green hydrogen project,JOR,Feasibility study,H2,29.46875453,34.9780013,288.6,64132,50
Aqua Saudi Arabia green ammonia project,JOR,Feasibility study,Ammonia,0,0,129.9,28871,23
KEPCO -Xenel green ammonia project,JOR,Feasibility study,Ammonia,0,0,1039.4,230968,180
Ocior Energy green ammonia project -Phase 1,JOR,Feasibility study,Ammonia,0,0,103.9,23097,18
Ocior Energy green ammonia project -Phase 2,JOR,Concept,Ammonia,0,0,935.4,207871,162
Catalyst green ammonia project,JOR,Feasibility study,Ammonia,0,0,155.9,34645,27
Kawar Energy green ammonia project,JOR,Feasibility study,Ammonia,0,0,103.9,23097,18
Philadelphia solar green ammonia project,JOR,Feasibility study,Ammonia,0,0,155.9,34645,27
Enertag green ammonia project,JOR,Feasibility study,Ammonia,0,0,207.9,46194,36
Amarenco green ammonia project,JOR,Feasibility study,Ammonia,0,0,1039.4,230968,180
Mass Group Holdings green ammonia project,JOR,Feasibility study,Ammonia,0,0,187.1,41574,32
Zijing Mining Renewable energy project,SRB,Feasibility study,H2,44.07274664,22.10210083,346.3,76959,60
Picea systems installed at multiple residential households (500 2.4 kW),DEU,Operational,H2,52.32992727,10.90507608,1.354,301,0.2
AEM Nexus for Metal Hardening Process,ITA,Feasibility study,H2,46.00524057,8.325122199,1,222,0.2
AEM Nexus for Fuel Cell factory FAT process,GBR,FID/Construction,H2,52.77136015,-1.20484782,1,222,0.2
AEM Nexus for Unigranit,CZE,FID/Construction,H2,49.29539701,14.14974488,0.5,111,0.1
Multiple AEM Nexus in China,CHN,Feasibility study,H2,0,0,,,
Zella-Mehlis waste incineration site methanol production,DEU,Concept,MeOH,50.64981689,10.67912413,0,,
eM-Rhone,FRA,Feasibility study,MeOH,45.36047596,4.796798229,290.6,64580,50
Nautilus,DEU,Concept,MeOH,52.9440659,8.883828097,85,18889,14.7
HS Orka-H2V green methanol plant,ISL,Feasibility study,H2,63.81066511,-22.68299121,60,13333,10.4
Cromarty Clean Fuels Project,GBR,Feasibility study,MeOH,57.70751877,-4.029546355,38.7,8611,7
SolWinHy C??diz,ESP,Concept,MeOH,36.52121315,-6.280664866,69.6,15460,12
eM-Iberica,ESP,Concept,MeOH,0,0,2208.6,490809,383
Hydrogen Hub Agder Phase 1,NOR,FID/Construction,H2,58.14492002,8.024657567,20,4348,3.4
Hydrogen Hub Agder Phase 2,NOR,Feasibility study,H2,58.14492002,8.024657567,40,8889,6.9
SoutH2Port,SWE,Feasibility study,H2,61.31984616,17.38710721,600,133333,104
Lhyfe - Brake green hydrogen plant,DEU,FID/Construction,H2,61.31984616,17.38710721,10,2222,1.7
Shandong Green Methanol Plant,CHN,Feasibility study,MeOH,36.79312041,121.1150679,387.5,86107,67
GACL-NTPC REL ammonia methanol plant,IND,Concept,Various,22.24792332,71.69636156,86.2,19153,15
Umwelt e-fuels plant ,IND,Concept,Synfuels,8.318853436,77.74044851,220.9,49081,38
ReNew E-Fuels Private Limited green methanol plant - Malkangiri,IND,Concept,MeOH,18.3460778,81.88304567,968.7,215267,168
ReNew E-Fuels Private Limited green methanol plant - Rayagada,IND,Concept,MeOH,19.17238364,83.41446687,581.2,129160,101
Padborg PtX ,DNK,Concept,MeOH,54.90134103,9.35218268,150,33333,26
IBCLNG hydrogen plant,THA,Concept,H2,13.66782677,100.6229944,25,5556,4.3
SAF+Consortium SAF plant,CAN,Feasibility study,Synfuels,45.6342664,-73.52131128,68.2,15155,11.8
SPIC SAF facility - Qiqihaer - Phase 1,CHN,Feasibility study,Synfuels,47.35570251,124.0482738,29.7,6589,5.1
SPIC SAF facility - Qiqihaer - Phase 2,CHN,Concept,Synfuels,47.35570251,124.0482738,946.6,210353.5,164
Baden-W??rttemberg SAF Demo plant,DEU,Feasibility study,Synfuels,48.66019196,10.15433618,148.3,32945,25.7
The Next Gate - P2X -Europe,DEU,DEMO,Synfuels,53.51426977,9.950046941,0.6,132,0.1
IdunnH2 SAF plant,ISL,Feasibility study,Synfuels,64.03116823,-22.56812273,192.7,42828,33.4
Swedish Biofuels/COWI SAF plant,SWE,Concept,Synfuels,59.66549889,17.89876727,59.3,13178,10.3
Carbonshift PtL SAF refinery,GBR,Feasibility study,Synfuels,54.59174102,-1.149655923,41.5,9224,7.2
NABOO,GBR,Feasibility study,Synfuels,54.59174102,-1.149655923,237.2,52711,41.1
Oxefuel Biogenic,GBR,Concept,Synfuels,53.35956598,-1.487301205,21.9,4876,3.8
Advancing Sustainable Aviation via PtL and Direct Air Capture (ASAP-DAC)  project,BGR,DEMO,Synfuels,0,0,3.1,694,0.5
Nujio'qonik Green Hydrogen -phase 3,CAN,Concept,H2,48.52239588,-58.43472528,650,144444,112.6
Semarak Renewable Energy hydrogen project in Perak,MYS,FID/Construction,H2,4.390097417,100.6914485,60,13333,10.4
Renewstable Mpumalanga,ZAF,Concept,H2,-26.53707188,29.61718287,346.3,76959,60
Renewstable Olutanga,PHL,Concept,H2,7.313407627,122.819841,30.8,6841,5
Renewstable Vitilevu,FJI,Concept,H2,-18.11545308,178.4470844,7.7,1710,1
LH2 Europe Project,GBR,Concept,H2,56.53901633,-2.64363629,360,80000,62.4
Uganda H2-based fertiliser project,UGA,Feasibility study,H2,2.241455509,32.27049659,115.4,25653,20
e-methanol plant in Port of Victoria,USA,Feasibility study,MeOH,28.69684477,-96.96252001,220.9,49081,38
Oulu Energy Hydrogen Plant,FIN,Feasibility study,Synfuels,65.0241588,25.50703578,100,22222,17.3
Stirling Green Hydrogen ,GBR,Feasibility study,H2,56.1158835,-3.925568303,10,2222,1.7
Wigan Green Hydrogen,GBR,Feasibility study,H2,53.51873665,-2.659910104,20,4444,3.5
H2Nord Gmbh&Co.,DEU,Feasibility study,H2,53.37610678,7.187695664,50,11111,8.7
HY.Waiblingen,DEU,FID/Construction,H2,48.84100374,9.309291077,2,444,0.3
HY.City.Bremerhaven,DEU,FID/Construction,H2,53.571939,8.573914832,2,385,0.3
H2Rivers,DEU,FID/Construction,H2,49.50781438,8.477696651,8.2,1575,1
Santos-Tokyo Gas e-methane plant,AUS,Concept,CH4,-26.61520735,143.1276063,751.4,166971,130
Fulcrum Centerpoint,USA,Feasibility study,Synfuels,41.61546246,-87.22933753,,58641,45.7
Bayou Fuels,USA,Feasibility study,Synfuels,31.54025922,-91.4346449,,50065,39
Net-Zero 1,USA,Feasibility study,Synfuels,44.35922004,-97.38225236,585.8,130169,101
Aemetis SAF plant,USA,FID/Construction,Synfuels,37.7188828,-120.917732,,,
USA BioEnergy biorefinery Bon Wier,USA,Feasibility study,Synfuels,30.73897303,-93.64036472,,68089,53
Hynfra-MGA Ammonia plant,MRT,Feasibility study,Ammonia,17.89945876,-15.98613335,160,35556,27.7
Eletrobras - Paul Wurth green hydrogen,BRA,Concept,H2,-23.00192945,-43.41509245,10,2222,1.7
Grenzland Energie Kompakt,DEU,Feasibility study,H2,54.85768217,8.989289677,4,769,0.6
Pathfinder,USA,Operational,Synfuels,27.80628524,-97.46073679,0,,
Green H2 Hub Neum??nster,DEU,FID/Construction,H2,54.10258737,9.980515444,50,11111,8.7
Hapora Project,FRA,Feasibility study,H2,49.40328306,1.018633785,350,77778,60.6
Lhyfe- Nantes Saint-Nazaire hydrogen plant,FRA,Feasibility study,H2,47.28271327,-2.192439157,200,44444,34.7
HEVO- Aveiro,PRT,Feasibility study,H2,40.65049567,-8.630521406,25,4808,3.7
Wilton International Industrial Zone green hydrogen (Wilton Green Hydrogen),GBR,Feasibility study,H2,54.58963248,-1.097455321,260,57778,45
Undergorund Sun Storage 2030,AUT,Operational,H2,47.99027408,13.55381783,2,385,0.3
CEIC  Cangzhou Green Ammonia project,CHN,FID/Construction,Ammonia,38.315775,116.8358027,150,32609,25.4
Renewstable Kwale Kenya (RKK),KEN,Feasibility study,H2,39.10926934,22.28294546,64,14222,11.1
Cyprus Renewstable 1 ,CYP,Feasibility study,H2,35.0645569,33.0039069,30,6667,5.2
Renewstable WM1 ,KEN,Feasibility study,H2,-0.75696266,37.81162213,50,11111,8.7
Axpo-ENEGO green hydrogen,ITA,Concept,H2,37.20105253,15.18346465,100,22222,17.3
Chevron Hydrogen Project,USA,Concept,H2,35.62150015,-119.6889085,5,962,0.7
Numantia SAF,ESP,Feasibility study,H2,41.8174387,-2.444608522,207.8,46175,36
Port of Antwerp-Bruges AEM electrolyser,BEL,DEMO,H2,51.2410643,4.404428036,,,
H2tALENT DEMO project,PRT,DEMO,H2,38.5705966,-7.914446602,11,2444,1.9
"White Martins Jacare??, S??o Paulo",BRA,FID/Construction,H2,-23.30478835,-45.98926499,5,1111,0.9
Emil'Hy - pilot,FRA,FID/Construction,H2,49.154152,6.705371,1.5,333,0.3
EnrHy4,FRA,Operational,H2,45.17264472,-0.225200416,4,889,0.7
TES-Vig'Hy,FRA,FID/Construction,H2,47.49917577,3.903195233,2.5,556,0.4
Hytouraine,FRA,FID/Construction,H2,47.39087076,0.654220571,5,1111,0.9
China Tianying Inc. Solar & Wind Power to Green Methanol Project,CHN,FID/Construction,MeOH,42.87801653,125.1016588,662.6,147243,115
L&T Hazira Phase I,IND,Operational,H2,21.1786042,72.66119862,1,192,0.1
Atome - Costa Rica project,CRI,Feasibility study,Ammonia,9.877567583,-83.47249416,120,26087,20.3
Enertrag Magdeburg,DEU,FID/Construction,H2,52.10645565,11.649374,10,1923,1.5
Rijeka oil refinery ,HRV,Feasibility study,H2,45.28852406,14.53345657,10,1923,1.5
Rompetrol Refinery,ROU,Concept,H2,44.34587224,28.64301761,63.5,14109,11
Chifeng Energy Internet of Things Zero Carbon Hydrogen Ammonia Demostration Project- Phase 2,CHN,Feasibility study,Ammonia,42.27209053,118.8909742,637.5,138581,108
Goondiwindi Hydrogen- Phase I,AUS,FID/Construction,H2,-28.53744762,150.284621,2,435,0.3
Goondiwindi Hydrogen- Phase II,AUS,Concept,H2,-28.53744762,150.284621,50,10870,8.5
EnergHys,NLD,Feasibility study,H2,51.41895364,3.727398275,300,66667,52
Rilland Oost hydrogen plant,NLD,Concept,H2,51.41592261,4.187382475,60,13333,10
Hydrogen Windfarm Van Pallandt,NLD,Concept,H2,51.75291811,4.168610699,0,,
InnovaHub,NLD,Operational,H2,51.7383512,4.240628273,0.068,15,0.01
HyDeer,NLD,FID/Construction,H2,52.53889029,5.548946525,24,5344,4
H2 Park Zeewolde,NLD,Concept,H2,52.38469086,5.417569778,15,3333,3
Holthausen Energy Point Amsterdam,NLD,Operational,H2,52.40641125,4.750135279,0.25,56,0
Hydrogen production De Liede,NLD,Concept,H2,52.39361109,4.657637971,15,3333,3
Hydrogen factory NLR Marknesse,NLD,Feasibility study,H2,52.70291249,5.8793141,20,4444,3
H2Hollandia,NLD,Feasibility study,H2,52.94188444,6.908028697,5,1111,1
Bay Hydrogen Hub,GBR,DEMO,H2,54.07311283,-2.899581216,1,263,0
OX2 Aurora,SWE,Concept,H2,56.84400131,18.02440554,0,,
Great Plains Synfuel Plant to sequestration (ND),USA,Feasibility study,H2,47.33376327,-101.7720151,,,
"Yanchang Integrated Carbon Capture and Storage Demonstration, phase 2",CHN,Feasibility study,H2,36.56322284,110.1008251,,,
"Yanchang Integrated Carbon Capture and Storage Demonstration, phase 3",CHN,Feasibility study,H2,36.56322284,110.1008251,,,
K+S Potash CCS,CAN,Feasibility study,Ammonia,50.64731339,-105.3763534,,,
Kutina Petrokemija ammonia,HRV,Feasibility study,Ammonia,45.45569358,16.75571554,,,
Cerilon gas-to-liquids complex (ND),USA,Feasibility study,Synfuels,48.32645901,-103.4208031,,,
Lake Charles low carbon ammonia (LA),USA,Feasibility study,Ammonia,30.24,-93.18,,,
Yara Pilbara ammonia,AUS,Feasibility study,Ammonia,-20.6244123,116.7837104,,184775,144
Gulf Coast Hydrogen Hub HyVelocity (TX),USA,Concept,H2,28.91323511,-95.76219953,,,
Gwangyang LNG terminal blue hydrogen,KOR,Concept,H2,34.91441975,127.6657021,,,
H2Notos- Phase 1,TUN,Feasibility study,H2,32.80864765,9.718175457,2000,444444,347
H2Notos- Phase 2,TUN,Concept,H2,32.80864765,9.718175457,8000,1777778,1386
Rijeka Refinery Hydrogen Project,HRV,Concept,H2,45.2891458,14.53267075,10,1923,1
J-Power Sumitomo joint feasibility clean hydrogen Latrobe Valley (VI),AUS,Feasibility study,H2,-38.43701898,146.6355298,,,
Mountaineer Gigasystem (WV) Phase 1,USA,Feasibility study,H2,38.7237451,-82.10196476,,,183
Mountaineer Gigasystem (WV) Phase 2,USA,Concept,H2,38.7237451,-82.10196476,,,183
Mountaineer Gigasystem (WV) Phase 3,USA,Concept,H2,38.7237451,-82.10196476,,,183
Mountaineer Gigasystem (WV) Phase 4,USA,Concept,H2,38.7237451,-82.10196476,,,183
Scotford refinery and chemicals complex (Shell's Polaris Carbon Capture project Shell hub) (ALB),USA,FID/Construction,H2,53.7967431,-113.0911515,,,
Equinor Mongstad refinery,NOR,Feasibility study,H2,60.8027913,5.018351212,,,
Gila Hydrogen Facility,USA,Concept,H2,33.49639363,-112.9328664,443.5245417,98561,77
SALCOS - Andritz green steel at Salzgitter Flachstahl plant,DEU,Feasibility study,H2,52.15234346,10.40665988,100,21739,17
Hyundai Hydrogen Project at Buan Renewable Energy Theme Park,KOR,Feasibility study,H2,35.71765832,127.1528888,2.5,481,0
Brindisi Green Hydrogen,ITA,Feasibility study,H2,40.56584217,18.04082157,2,444,0
La Zaida Green Hydrogen Project,ESP,Concept,H2,41.32509026,-0.427870477,20,4444,3
Musel GreenMet,ESP,Feasibility study,H2,43.53338264,-5.690452145,50,11111,9
Unamed Walia-Green Capital project,ESP,Concept,H2,41.23507547,-0.048939621,50,11111,9
GP H2 As Pontes,ESP,Concept,H2,43.45522062,-7.842269975,40,8889,7
H2-Vallmoll,ESP,Concept,H2,41.24644832,1.246501079,15,2885,2
HyBizkaia EFuels and Mobility at Basque Hydrogen Corridor,ESP,Feasibility study,H2,43.35157705,-3.079641717,10,2222,2
Hystone,ESP,Concept,H2,37.3519706,-2.19448564,10,2222,2
H2OSSA,ESP,Concept,MeOH,38.96120784,-2.745310454,50,11111,9
H2 Alcarria,ESP,Concept,H2,40.74411059,-3.029367389,5,1111,1
Hy Stor,USA,Feasibility study,H2,31.56256253,-88.84524046,2200,488889,381
J Westling,USA,FID/Construction,Ammonia,40.91911623,-100.1581853,200,43478,34
Essar-Gujarat MoU,IND,Concept,H2,21.9263617,71.54008709,1000,222222,173
"Calama Mining District, phase 1",CHL,Feasibility study,H2,-22.43316896,-68.9950676,20,3846,3
"Calama Mining District, phase 2",CHL,Concept,H2,-22.43316896,-68.9950676,80,17778,14
"Calama Mining District, phase 3",CHL,Concept,H2,-22.43316896,-68.9950676,100,22222,17
Infinuim Mo Industrial Park,NOR,Concept,Synfuels,66.31062121,14.16764064,34,7556,6
Industrial Promotion Services-Uganda MoU,UGA,Concept,Ammonia,2.255905681,32.24159,,,
Lhyfe Wallsend ,GBR,Concept,H2,54.9968367,-1.647315596,20,4444,3
Kolya-PNE Albacete,ESP,Concept,H2,38.94605822,-2.000500958,1000,222222,173.3
HydrOxy Hub Walsum- Phase 2-3,DEU,Concept,H2,51.44485416,6.722192705,363,80667,62.9
Green Hydrogen Almazan,ESP,Concept,MeOH,41.48160482,-2.528975471,300,66667,52
Tees Valley Hydrogen Vehicle Ecosystem- Riverside terminal ,GBR,Feasibility study,H2,54.57700199,-1.263734416,3.2,702,0.55
"ACWA-Tunisia MoU green hydrogen project, phase 1",TUN,Concept,H2,35.88312006,10.1304869,2000,444444,347
"ACWA-Tunisia MoU green hydrogen project, phases 2-3",TUN,Concept,H2,35.88312006,10.1304869,4000,888889,693
NW Natural - Modern Hydrogen pyrolysis pilot,USA,DEMO,H2,45.44165634,-122.4685197,,,
PetroChina Qinghai,CHN,Feasibility study,H2,37.38542732,97.31481437,1000,222222,173.3
EDF - J-POWER - Yamna Dhofar,OMN,Feasibility study,Ammonia,17.82195817,54.96785987,2500,555556,433.1
Actis - Fortescue,OMN,Feasibility study,H2,17.82195817,54.96785987,2308.8,513057,400
FertigHy first plant,FRA,Feasibility study,Ammonia,49.74602328,2.930227533,200,43478,33.9
"Shanxi International Energy Group SAF project, phasse 1",CHN,Feasibility study,Synfuels,44.8034952,120.8158191,741.3,164723,128.4
"Shanxi International Energy Group SAF project, phasse 1",CHN,Feasibility study,Synfuels,44.8034952,120.8158191,1482.5,329446,256.8
Phelan Green Energy - Peru,PER,Feasibility study,Ammonia,-16.74856167,-71.87425286,1539.2,342038,267
PV2Fuel,NAM,Feasibility study,Ammonia,-22.95338944,14.49213892,1039.4,230968,180
"P2XFloater and Oksefjorden wind farm
+
P2XFloater and Rubbedalsh??gda wind farm",NOR,Feasibility study,Ammonia,71.10544446,28.06977719,1152.7,256165,200
MetGreenPort,ESP,Feasibility study,MeOH,37.25542927,-6.966162769,800,177778,139
Go Energy Group - Gibraleon,ESP,Feasibility study,Ammonia,37.36561532,-6.974039189,100,22222,17
Go Energy Group - San Juan del Puerto,ESP,Feasibility study,Ammonia,37.31133946,-6.837115745,70,15556,12
Alfanar Energ??a Espa??a,URY,Concept,Ammonia,-33.90949051,-53.96240943,0,,
Sonatrach - Oran,DZA,Concept,H2,35.70581261,-0.664628543,50,11111,9
Chochin Airport Hydrogen project,IND,DEMO,H2,10.15456087,76.37886084,1,222,0
Pudimadaka Green Hydrogen hub,IND,Concept,H2,17.49414484,83.00250484,4435.2,985610,768
Shandong green methanol project- China Hydrogen,CHN,Feasibility study,MeOH,36.16899859,118.9776095,,24540,19
CGN Xinggan League Methanol Production Project,CHN,Feasibility study,MeOH,46.09571177,122.0503808,441.7,98162,77
CGN Chifeng City Balinzuo Banner,CHN,Feasibility study,MeOH,42.28762979,118.9050177,220.9,49081,38
H2-MeOH production and heavy truck integrated technology park in Zhenyuan,CHN,FID/Construction,MeOH,35.72696111,107.1853362,33.1,7362,6
Inner Mongolia Zhongsheng Tech. Group low-carbon methanol ,CHN,Feasibility study,MeOH,40.83880184,107.4068302,22.1,4908,4
Eneco Diamond Hydrogen,NLD,Concept,H2,53.48503093,6.436188614,839.5,186566,145
Chevron solar-to-Hydrogen California,USA,Feasibility study,H2,40.18925559,-122.1463476,5,1111,1
Waaree Odisha plant,IND,Feasibility study,Ammonia,20.24504737,86.16685026,2494.5,554324,432
EG Solwin Hybrid - Enfinity Global ammonia plant in  Tata Steel Special Economic Zone,IND,Feasibility study,Ammonia,19.31407075,85.00395609,623.6,138581,108
Sembcorp Gopalpur project,IND,Feasibility study,Ammonia,19.32385154,84.98703828,1312.9,291749,227
Tango Solar Sinaloa plant,MEX,Concept,H2,26.42048077,-108.6291132,808.1,179570,140
"Huadian Group - Minh Quang, Quang Tri province project",VNM,Concept,H2,16.67027301,107.1548065,692.6,153917,120
H2 Era Green Valley,ITA,Feasibility study,H2,43.60861191,11.46739271,15,3333,3
ReNew-Jera plant in Odisha,IND,Concept,Ammonia,20.31375126,86.70341402,207.9,46194,36
"Hygenco Gopalpur GNH3 Plant- Tata Steel Special Economic Zone MoU, phase 1",IND,Feasibility study,Ammonia,19.27725925,84.94041517,0.9,198,0
"Hygenco Gopalpur GNH3 Plant - Tata Steel Special Economic Zone MoU, phase 2",IND,Feasibility study,Ammonia,19.27725925,84.94041517,3.9,858,1
"ReNew Power Kerala plant, phase 1",IND,Feasibility study,Ammonia,8.374881464,76.98983626,207.9,46194,36
"ReNew Power Kerala plant, phase 2",IND,Concept,Ammonia,8.374881464,76.98983626,1039.4,230968,180
"ReNew Power Kerala plant, phase 3",IND,Concept,Ammonia,8.374881464,76.98983626,1039.4,230968,180
"Mitsubishi - Pupuk Indonesia, Bluen NH3 Sumatra-Java",IDN,Concept,Ammonia,-6.240134596,107.8861136,,168607,131
Sumatra Clean H2 Cluster - Geothermal,IDN,Concept,H2,-5.306544,104.577194,577.2,128264,100
Clean H2 Cluster Batam Bintan,IDN,Concept,H2,1.059386718,104.4669116,577.2,128264,100
North Sulawesi Green NH3 Cluster,IDN,Concept,Ammonia,1.247471226,124.6421686,519.7,115484,90
Cilegon Clean H2 Cluster,IDN,Concept,H2,-5.942069356,106.0377814,0,,
Sapio - Mantova green hydrogen,ITA,FID/Construction,H2,45.157,10.792,9.2,2040,2
Sapio - Porto Marghera green hydrogen,ITA,Feasibility study,H2,45.463,12.267,5,1111,1
Sangraf Italy graphite plant,ITA,Feasibility study,H2,42.518,12.516,8,1778,1.4
SIRAM green hydrogen plant in Termoli,ITA,Feasibility study,H2,41.949,15.004,800,177778,138.6
TH2ICINO valley,ITA,Feasibility study,H2,45.63548404,8.713974402,5,962,0.7
H2Iseo valley,ITA,Feasibility study,H2,45.54285622,10.2504533,5,1111,0.9
INOX Air Products - Maharashtra government MoU,IND,Concept,Ammonia,18.87296115,74.86698751,519.7,115484,90
North Ammonia Eydehavn plant,NOR,Feasibility study,Ammonia,58.44971775,8.84933771,171,38000,29.6
Slagen terminal,NOR,Concept,Ammonia,59.30994969,10.51841017,182.3432969,40521,31.6
Voltalia plant at Pecem Industrial complex - Phase 1,BRA,Feasibility study,Ammonia,-3.530928034,-38.79237746,1000,222222,173.3
"Vena Energy Queensland project, phase 1",AUS,Feasibility study,H2,-23.80597554,151.060685,50,11111,8.7
"Vena Energy Queensland project, phase 2",AUS,Concept,H2,-23.80597554,151.060685,350,77778,60.6
China Energy Engineering - Jiangsu institute - Nova RE Suria MoU,MYS,Concept,H2,4.650682382,103.3821676,200,44444,34.7
DLZ Costa Ric ammonia plant,CRI,Concept,Ammonia,9.412195251,-84.10402751,200,44444,34.7
European Energy  Pernambuco MeOH plant,BRA,Feasibility study,MeOH,-8.393468198,-34.96769705,193.7402283,43053,33.6
Power2X Parnu facility,EST,Feasibility study,MeOH,58.39582972,24.43997163,1003.926637,223095,173.9
Energia Verde Austral ,CHL,Concept,Ammonia,-53.46543756,-71.61680996,1000,222222,173.3
Punta Delgada ,CHL,Concept,Ammonia,-51.45771962,-73.92393873,1500,333333,259.9
Desierto verde,CHL,Concept,Ammonia,-23.47375068,-70.38869129,1440,320000,249.5
"FRV-X Pecem industrial complex plant, phase 1",BRA,Concept,Ammonia,-3.53,-38.79,500,111111,86.6
Green Ammonia Express Sines,PRT,Feasibility study,Ammonia,37.99347005,-8.854211959,137,30444,23.7
Eletrobras - Port of Acu,BRA,Concept,H2,-21.86672922,-41.01598431,10,2222,1.7
Cement Australia - Mitsubishi Gas Chemical Company Green Methanol in Gladstone,AUS,Concept,MeOH,-23.96506496,151.3407167,193.7402283,43053,33.6
Zheneng-DSIC 500K Ton-Scale Green Methanol Project,CHN,Concept,MeOH,38.920834,121.639168,541.1164576,120248,93.8
Teal Sept-??les,CAN,Feasibility study,Ammonia,50.25349086,-66.35119946,519.6783962,115484,90
"Mingyang Smart Energy Chifeng e-methanol project, phase 1",CHN,Feasibility study,MeOH,42.22308532,119.0080069,662.5915807,147243,114.8
"Mingyang Smart Energy Chifeng e-methanol project, phase 2",CHN,Concept,MeOH,42.22308532,119.0080069,441.7277205,98162,76.5
"Yuanbao Energy Inner Mongolia e-methanol project, phase 1",CHN,Feasibility study,MeOH,39.32551799,107.7587731,773.0235109,171783,133.9
Jidao Energy Ordos e-methanol project,CHN,Feasibility study,MeOH,39.7688255,109.7423522,372.7077642,82824,64.6
"Liquid Sunshine Energy Technology Alxa League Methanol project, phase 1",CHN,Feasibility study,MeOH,38.91723727,105.2937685,541.1164576,120248,93.8
"Liquid Sunshine Energy Technology Alxa League Methanol project, phase 2",CHN,Concept,MeOH,38.91723727,105.2937685,4969.436855,1104319,861
Liquid Wind Haapavesi project,FIN,Concept,MeOH,64.14312732,25.34664126,110.4319301,24540,19.1
Pac??fico Mexinol - Transition Industries Sinaloa methanol project,MEX,Concept,MeOH,25.69730352,-109.0743097,331.2957904,73621,57.4
ENOWA-Aramco MeOH demo plant,SAU,DEMO,MeOH,28.31,34.85,4.836918539,1075,0.8
NorthStarH2 ,SWE,Concept,MeOH,62.92487219,17.8416102,110.4319301,24540,19.1
"FRV-X Pecem industrial complex plant, phase 2",BRA,Concept,Ammonia,-3.53,-38.79,2000,444444,346.5
Ammonia project - Antofagasta -phase 1,CHL,Concept,Ammonia,-23.47375068,-70.38869129,547,121562,95
Ammonia project - Antofagasta -phase 2,CHL,Concept,Ammonia,-23.47375068,-70.38869129,547,121562,95
Horizonte de Verano - Summer Horizon - phase 2,PER,Concept,Ammonia,-16.40915315,-71.53472117,2556.8,568182,443
Helax Istmo,MEX,Concept,Various,17.07227257,-96.72864049,0,,
Port of Santos,BRA,Concept,H2,-23.9658349,-46.30163257,0,,
EPM Hydrogen project,COL,FID/Construction,Ammonia,8.247302514,-76.58021702,0.7,160,0.1
EPM Hydrogen project - Espiritu Santo power plant,COL,Concept,H2,8.247302514,-76.58021702,2.9,641,0.5
Eletronuclear hydrogen project - Angra nuclear power plant (I e II),BRA,DEMO,H2,-23.00862857,-44.45598552,0.577189472,128,0
Ammonia project - Araucania ,CHL,Concept,Ammonia,-38.596839,-73.2662985,0,,
CIPP (Ceara?€?s Pecem Industrial Port Complex) Hydrogen project,BRA,Concept,H2,-3.550958009,-38.82945632,6926.273665,1539172,1200
Leuna refinery,DEU,Concept,H2,51.38709173,11.86726281,30,6667,5
Siziwang Banner project,CHN,FID/Construction,Various,40.99705608,113.1262166,1000,217391,169.5
H2V Frontera Project,CHL,Concept,H2,-54.10517715,-68.11932626,227,50444,39.3
Turn2X - Extremadura,ESP,Operational,Synfuels,39.15170626,-5.897136042,2,385,0.3
Iqoxe,ESP,Feasibility study,H2,41.10861111,1.189444444,15,3261,2.5
AEM Nexus for H2 Fuel station,ITA,Feasibility study,H2,0,0,4,889,0.7
AEM Nexus for H2 Refueling Station,ITA,Concept,H2,41.88673421,12.53113265,3,667,0.5
AEM Nexus 500 for SAF and supply of internal hydrogen lines,DEU,Concept,H2,48.993417,8.550129,0.5,111,0.1
Hygenco Sterlite GH2 Plant,IND,FID/Construction,H2,24.04597659,76.17661838,1.8,391,0.3
Green hydrogen for fragrance industry,ESP,FID/Construction,H2,39.99341067,-0.020854671,1.25,240,0.2
Green hydrogen for oil industry,ESP,Feasibility study,H2,41.3904683,2.169883854,2.5,556,0.4
Sustainable Energy Authority project,BHR,Concept,H2,26.03671415,50.53688305,4,889,0.7
HYPORT Gargoub project,EGY,Feasibility study,Ammonia,31.13139601,27.42139257,500,111111,86.6
Alfanar Egypt,EGY,Concept,Ammonia,29.65691414,32.33789671,1039.4,230968,180
Actis project,EGY,Concept,Ammonia,0,0,415.7,92387,72
Armonia Green Sevilla phase I,ESP,Feasibility study,Ammonia,37.38918153,-5.983239367,298.3,66288,52
Armonia Green Sevilla phase II,ESP,Concept,Ammonia,37.38918153,-5.983239367,298.3,66288,52
Armonia Green Sevilla phase III,ESP,Concept,Ammonia,37.38918153,-5.983239367,298.3,66288,52
Atlanthia Green Hydrogen,ZAF,Concept,H2,-32.99511916,17.99265685,44,9778,7.6
Capanda Green Ammonia ,AGO,Feasibility study,Ammonia,-9.732639389,15.42609077,204.2,45383,35
Port of Brownsville Refinery ,USA,Feasibility study,H2,25.95542989,-97.37561437,,,
Power2Earth,SWE,Feasibility study,H2,65.62253301,22.18862285,218.3,48503,38
Nuclear Hydrogen Project,KOR,DEMO,H2,0,0,10,2222,1.7
Frigg,DNK,Concept,H2,55.4803657,9.122232803,101.2613109,22503,18
Aslan Net-zero Energy Mexico (ANEM) - Phase I,MEX,Concept,H2,29.46476406,-112.2089446,2078.7,461936,360
Aslan Net-zero Energy Mexico (ANEM) - Phase II,MEX,Concept,H2,29.46476406,-112.2089446,2078.7,461936,360
Xuchang LONGi Bioenergy Green Methanol Project,CHN,FID/Construction,MeOH,34.05078069,113.7969989,,29449,23
Hydrogen Energy Comprehensive Utilization Project,CHN,Feasibility study,MeOH,37.41207707,118.7198266,231.9,51535,40
Xinjiang Qitai Intelligent Energy Equipment Industrial Park Project,CHN,Feasibility study,MeOH,44.12011778,87.24584439,496.9,110432,86
Multi-complementary Hydroalcohol Integragtion Project,CHN,Feasibility study,MeOH,37.41772719,121.4306253,552.2,122702,96
700 MW Wind Power + Hydrogen + Green Methanol Integration Project,CHN,Feasibility study,MeOH,41.128245,121.110977,198.8,44173,34
Sinoneng Chifeng Wind-scope Hydrogen and Alcohol Integration and Hydrogen Energy Supporting Industry Project,CHN,Feasibility study,MeOH,42.30032761,118.9057043,132.5,29449,23
Annual output of 5 million tons of alcohol and hdrogen clean fuel industry project,CHN,Feasibility study,MeOH,40.63708901,122.2711955,5521.6,1227021,957
"Lanze Energy 300,000 tons per year green methanol project",CHN,Feasibility study,MeOH,33.36532238,120.1790807,331.3,73621,57
"Green Technology Bank's 380,000 tons per year green methanol project",CHN,Feasibility study,MeOH,32.12675868,118.7816432,419.6,93254,73
"Jidian corporation Yancheng 300,000 tons green methanol project",CHN,Feasibility study,MeOH,33.36532238,120.1790807,331.3,73621,57
Qair-SUAPE,BRA,Concept,H2,-8.393468198,-34.96769705,140,31111,24.3
Handan one million tons green methanol preparation demonstration area project,CHN,Feasibility study,MeOH,36.62827274,114.4408004,1104.3,245404,191
Research project on the topic of biomass gasification and green electricity to hydrogen synthesis of green methanol,CHN,DEMO,MeOH,30.00276835,122.210476,110.4,24540,19
Guoneng Zhongdian Group Guzhou Green Methanol Project,CHN,Feasibility study,MeOH,26.67178205,107.9734991,176.7,39265,31
Sinochem Baicheng Renewable Green Energy Project,CHN,Feasibility study,MeOH,45.62566102,122.8409928,331.3,73621,57
Zhongneng Construction Heilongjiang Million-ton Green Hydrogen to Green Methanol Production Project,CHN,Feasibility study,MeOH,46.67976268,131.1654174,1104.3,245404,191
Wind power coupled biomass green methanol integration Project  - Phase I,CHN,Feasibility study,MeOH,45.31194168,130.9634206,331.3,73621,57
"Debt Bio Ruichang World's First 150,000-ton Biomass Gasification Project for Green Methanol Preparation",CHN,Feasibility study,MeOH,29.69302923,115.6514643,,36811,29
"300,000 tons of biomass methanol project by Chifeng Green Hydrogen Chain Technology",CHN,FID/Construction,MeOH,42.30032761,118.9057043,,73621,57
Vision Tongliao Wind-Solar Power to Hydrogen-Ammonia-Methanol Integration Project,CHN,FID/Construction,Various,43.65708027,122.2009164,331.3,73621,57
"Shenghong Petrochemical 100,00 tons/year Carbon Dioxide to Green Methanol Project",CHN,Operational,MeOH,34.6205416,119.1068901,110.4,24540,19
"Yuanli Energy 700,000 tons/year Green methanol Demonstration Project",CHN,FID/Construction,MeOH,39.51723185,107.079938,773,171783,134
Jilin Changling Wind-Solar-Hydrogen-Ammonia Digital Demonstration Project,CHN,DEMO,Ammonia,45.14689855,124.8288451,361.1,80247,63
Diaobingshan Off-grid wind power to hydrogen coupled green ammonia-methanol Integration Demonstration Project,CHN,DEMO,MeOH,42.28187681,123.8089679,110.4,24540,19
"CNOOC 150,000 tons Biomass gasification to Green Methanol Project",CHN,Concept,MeOH,21.48342989,109.1843104,,36811,29
China Tiancheng wind-solar-storage-hydrogen-ammonia-methanol integration project,CHN,Feasibility study,Various,46.42824731,125.3842519,883.5,196323,153
"Huadian Keyouqianqi 50,000 kW wind power to hydrogen to green methanol integrated project",CHN,Feasibility study,MeOH,46.47705817,121.9849376,220.9,49081,38
Wind-solar Energy coupled biomass to green methanol project,CHN,Feasibility study,MeOH,42.28187681,123.8089679,1104.3,245404,191
"Sinochem Yueda 1,000,000 tons/year Green Methanol Project",CHN,Feasibility study,MeOH,33.36532238,120.1790807,1104.3,245404,191
"Dorlun County 200,000 tons green methanol project",CHN,Feasibility study,MeOH,44.01582273,116.0112126,220.9,49081,38
1.6GW Wind power grid-load-storage to green methanol project,CHN,Feasibility study,MeOH,35.99918199,118.1727476,331.3,73621,57
"Lishu Wind Power to green hydrogen, biomass coupling green biomass carbonization, biomass coal, and mature coal gasification to methanol project",CHN,Feasibility study,MeOH,43.18468151,124.4357462,,49081,38
Shuifa energy Qianguoer county source-grid-load-storage-hydrogen-ammonia-methanol integration project,CHN,Feasibility study,MeOH,45.14689855,124.8288451,441.7,98162,77
"Yushu 150,000 tons green hydrogen coupled biomass to methanol project",CHN,Feasibility study,MeOH,44.86183727,126.5675077,165.6,36811,29
Fortescue Future Industries - Port of Pecem (Phase III),BRA,Concept,Ammonia,-3.54515,-38.81322,1760.4,391206,305
COPPE/UFRJ pilot plant ,BRA,DEMO,Various,-22.8623464,-43.2289807,0.017315684,4,0
QAIR fraternit?? ,BRA,Feasibility study,H2,-3.530928034,-38.79237746,242.4195783,53871,42
ArcelorMittal -Florange steel plant,FRA,FID/Construction,H2,49.3201991,6.11268439,,,
Villarasa hydrogen project,ESP,Feasibility study,H2,37.38798057,-6.606133166,15.62259504,3472,3
Oranjewind hydrogen production,NLD,Feasibility study,H2,53.26826649,4.589773655,350,77778,61
North Atlantic Green Energy Hub,CAN,Feasibility study,H2,47.42509273,-53.62544977,1443,320661,250
Grey2Green (Phase II),PRT,Feasibility study,H2,37.96403252,-8.810157888,250,48077,37.5
Grey2Green (Phase III,PRT,Concept,H2,37.96403252,-8.810157888,200,38462,30
Chifeng Energy Internet of Things Zero Carbon Hydrogen Ammonia Demostration Project- Phase 3,CHN,Feasibility study,Ammonia,42.27209053,118.8909742,595,129342,101
Armonia Green Castellon Phase I,ESP,Feasibility study,Ammonia,39.95721371,0.012349413,294.1,65364,51
Armonia Green Castellon Phase II,ESP,Concept,Ammonia,39.95721371,0.012349413,295.2,65595,51
Armonia Green Castellon Phase III,ESP,Concept,Ammonia,39.95721371,0.012349413,294.1,65364,51
Armonia Green Galicia Phase I,ESP,Feasibility study,Ammonia,43.35926979,-8.405308974,200,44444,34.7
Armonia Green Galicia Phase II,ESP,Concept,Ammonia,43.35926979,-8.405308974,400,88889,69.3
Armonia Green Galicia Phase III,ESP,Concept,Ammonia,43.35926979,-8.405308974,400,88889,69.3
LONGi Urad Rear Banner Integrated wind and solar hydrogen production project,CHN,Feasibility study,H2,41.09157819,107.0459395,311.7,69263,54
"Cepsa San Roque Energy Park (Algeciras) - Andalusian Green Hydrogen Valley - Phase 2
CARTEIA Project",ESP,Concept,Various,36.20535,-5.382586,500,111111,86.6
CF Industries Donaldsonville Blue Ammonia (LA),USA,FID/Construction,Ammonia,30.09898196,-90.95452514,,,
Ain Sokhna ammonia project - Phase II,EGY,Concept,Ammonia,29.659369,32.34481,500,111111,86.6
Phelan Green Energy - Egypt,EGY,Concept,Ammonia,30.56643705,30.82584791,2598.4,577420,450
Smartenergy Green H2 Project,EGY,Concept,Ammonia,29.659369,32.34481,1000,222222,173.3
SK Ecoplant-CSCEC Consortium Green H2 project,EGY,Concept,Various,29.659369,32.34481,250,65789,51.3
Abu Qir Fertilizers Green Ammonia Project,EGY,Concept,Ammonia,31.27341997,30.09729773,910.5,202328,158
Kibbuts Yotvata Hydrogen Valley,ISR,Concept,H2,29.89567986,35.05564153,30,6667,5.2
Gaia-H2Pro Project,MAR,DEMO,H2,33.60868385,-7.147512542,15,3333,2.6
Gaia-Ajlan Bros Green H2 Project,MAR,Concept,H2,33.60868385,-7.147512542,1847,410446,320
Dakhla-Atlantic International Green Moleucle Hub,MAR,Concept,H2,23.72174627,-15.9445519,,,
S2H2+Bm Green H2 Project - Phase I,MAR,Concept,H2,23.458663,-13.92510001,3.1,689,0.5
S2H2+Bm Green H2 Project - Phase II,MAR,Concept,H2,23.458663,-13.92510001,2882.8,640633,499
Oman Shell?€?s Blue Hydrogen & Ammonia project,OMN,Feasibility study,H2,19.52817869,57.61694245,,252910,197
Uniper Masdar Hydrogen Solar PV Park,ARE,Concept,H2,25.89478591,38.83333774,,,
"Green Hydrogen and Ammonia Production Project, - Abu Dhabi",ARE,Concept,Ammonia,23.97271719,52.23033977,200,44444,34.7
Prumo-Fuella ammonia plant,BRA,Concept,Ammonia,-21.86672922,-41.01598431,520,115556,90.1
??Hydrogen and Innovative Energy Park in Marghera,ITA,Concept,H2,45.43956545,12.31752678,8,1778,1.4
New Horizon,FRA,Feasibility study,H2,49.48724424,0.234639468,100,22222,17.3
Olga,ITA,Feasibility study,H2,45.62314082,8.745472351,1,217,0.2
TES Tree Energy Solutions - UAE Project,ARE,Concept,CH4,24.0165844,53.54111166,500,111111,86.6
TES Tree Energy Solutions - Oman Project,OMN,Concept,CH4,23.22735216,56.78053589,500,111111,86.6
Project Nour - Phase 2,MRT,Concept,H2,19.171723,-15.994444,8500,1888889,1472.7
H2 Magallanes - Phase 2,CHL,Concept,Ammonia,-52.27645457,-69.52290731,3700,822222,641
Guelmim-Oued Noun - Chbika project - phase 1,MAR,Concept,Ammonia,28.266656,-10.716838,800,177778,138.6
Vanadis Fuels - Phase 2,FIN,Concept,MeOH,63.85877381,23.03063525,132.5,29449,23
Voltalia plant at Pecem Industrial complex - Phase 2,BRA,Concept,Ammonia,-3.530928034,-38.79237746,1000,222222,173.3
Narvik - Ammonia project- Phase 2,NOR,Concept,Ammonia,68.43902846,17.42319205,350,77778,60.6
Innio Jenbach - H2 Ready ,AUT,FID/Construction,H2,47.39624488,11.77978603,2,385,0.3
Campbeltown Hydrogen SIU,GBR,Concept,H2,55.4242924,-5.612319788,20,4444,3.5
Cromarty Hydrogen Project - phase 2,GBR,Concept,H2,57.68215645,-4.033684416,256.1,56911,44.4
Didcot Green Hydrogen Electrolyser,GBR,FID/Construction,H2,51.61642493,-1.249911372,10,2174,1.7
Markinch Green Hydrogen,GBR,Feasibility study,H2,56.20690813,-3.170161204,100,22222,17.3
Oban Hydrogen SIU,GBR,Concept,H2,0,0,20,4444,3.5
Pembroke power station - Pembroke Green Hydrogen/Net Zero Centre (Phase 2),GBR,Feasibility study,H2,51.68455515,-4.982472845,310,68889,54
Port of Tilbury Green Hydrogen (Phase 1),GBR,Feasibility study,H2,51.45927733,0.346296995,10,2222,1.7
Port of Tilbury Green Hydrogen (Phase 2),GBR,Concept,H2,51.45927733,0.346296995,90,20000,15.6
RWE Grangemouth,GBR,Feasibility study,H2,56.0224734,-3.707249585,200,44444,34.7
Stornoway Hydrogen SIU,GBR,Concept,H2,58.20944375,-6.374979597,20,4444,3.5
Thurso Hydrogen SIU,GBR,Concept,H2,58.20944375,-6.374979597,20,4444,3.5
Wick Hydrogen SIU,GBR,Concept,H2,58.43430591,-3.09907292,20,4444,3.5
"Dolphyn 1, phase 3",GBR,Concept,H2,57.06520831,-1.89828763,3979.65,884367,689.5
Green Hydrogen 1/HyRo Scotland,GBR,FID/Construction,H2,55.67035232,-3.782029222,15,3333,2.6
Kimberly-Clark Coleshill/HyRo 2,GBR,Feasibility study,H2,53.24333606,-3.149134387,11,2444,1.9
Whitelee Green Hydrogen Facility- Green Hydrogen for Glasgow (Phase 2),GBR,Feasibility study,H2,55.71249156,-4.341732424,-219.9,-42288,-33
Grenian Hydrogen -?€?Middlewich,GBR,FID/Construction,H2,53.18809533,-2.443116875,7.5,1442,1.1
Grenian Hydrogen - Speke,GBR,FID/Construction,H2,53.35187507,-2.853197973,0,,
Grenian Hydrogen - St Helens,GBR,FID/Construction,H2,53.45676971,-2.705638713,7.5,1442,1.1
Grenian Hydrogen -?€?Stretford,GBR,FID/Construction,H2,53.44965458,-2.311910909,7.5,1442,1.1
Grenian Hydrogen - Winnington,GBR,FID/Construction,H2,53.26530034,-2.531298028,7.5,1442,1.1
Grenian Hydrogen - Wrexham,GBR,FID/Construction,H2,53.04032759,-3.011002817,0,,
H2H/Easington Hydrogen Production Green,GBR,Feasibility study,H2,54.78173123,-1.354129377,1000,222222,173.3
Humber H2ub (Green),GBR,Concept,H2,53.65326727,-0.228541171,120,26667,20.8
HyMarnham,GBR,FID/Construction,H2,53.07872147,-0.791358689,9.3,2067,1.6
Inverness hydrogen hub - Phase 2,GBR,Concept,H2,57.477772,-4.224721,-402.7858829,-87562,-68.3
Lowestoft PowerPark hydrogen,GBR,FID/Construction,H2,52.47434195,1.758480168,2,444,0.3
trans,GBR,Feasibility study,H2,54.14189151,-7.587925197,5,1111,0.9
Meld Energy Green Hydrogen Hub,GBR,Feasibility study,H2,53.76880722,-0.326574708,100,22222,17.3
Net Zero Hub - West Isles,GBR,FID/Construction,H2,58.21185487,-6.380740746,50,11111,8.7
Protium - Wilton Universal Group Teeside (Phase 1),GBR,FID/Construction,H2,54.58674987,-1.228746646,17.2,3822,3
Protium Project Pioneer 2,GBR,FID/Construction,H2,51.59304175,-3.336501815,2.5,481,0.4
Tees Green Methanol,GBR,Feasibility study,MeOH,54.61213285,-1.147065663,200,44444,34.7
Suffolk Hydrogen,GBR,Feasibility study,H2,52.21272499,1.619539875,10,2222,1.7
Sullom Voe Terminal Hydrogen Project (Phase 1),GBR,FID/Construction,H2,60.44117244,-1.353205406,50,11111,8.7
Sullom Voe Terminal Hydrogen Project (Phase 2),GBR,Concept,H2,60.44117244,-1.353205406,250,55556,43.3
Tees Valley Hydrogen Vehicle Ecosystem (HYVE),GBR,FID/Construction,H2,56.00484612,-3.740974595,5,1111,0.9
Tees Valley Transport Hub,GBR,Feasibility study,H2,54.61213285,-1.147065663,26,5778,4.5
Kvinesdal Ammonia A Energi,NOR,Concept,Ammonia,58.27453972,6.875575503,600,133333,104
Hyperion H2 Alandroal- Phase 2,PRT,Concept,H2,38.708759,-7.400782,120,26667,20.8
Hyperion H2 Alandroal- Phase 3,PRT,Concept,H2,38.708759,-7.400782,100,22222,17.3
EDP Ribatejo - ALHIVE Alenquer,PRT,FID/Construction,H2,39.0276428,-8.950727451,5,962,0.7
Energi Hub Kjerlingland,NOR,Feasibility study,H2,58.25818901,8.368855779,5,1111,0.9
ET Fuels - Ranua,FIN,Concept,MeOH,65.92816662,26.51595538,350,77778,60.6
EuroWind Energy  Monte Das Areias ,PRT,FID/Construction,H2,39.83936163,-7.478576159,4,889,0.7
Galway Green Hydrogen Hub,IRL,FID/Construction,H2,53.29355033,-9.05080704,1.2,267,0.2
Green ammonia Plant in Korgen,NOR,Feasibility study,Ammonia,66.0767907,13.81808925,260,57778,45
Green NortH2 Energy Naantali,FIN,Feasibility study,Ammonia,60.41952832,21.89368216,280,62222,48.5
Green NortH2 Energy Pori,FIN,Feasibility study,Ammonia,61.48154107,21.82141972,280,62222,48.5
GreenH Bodo,NOR,Feasibility study,H2,67.26824865,14.3343841,15,3333,2.6
GreenH Kristiansund,NOR,Feasibility study,H2,63.11055399,7.734593503,24,5217,4.1
GreenH Sandnessj??en,NOR,Feasibility study,H2,66.0216537,12.63059862,20,4444,3.5
H2 Solar Rodao,PRT,FID/Construction,H2,39.65436463,-7.668814036,30,6667,5.2
H2Enable (Phase 2),PRT,Concept,Ammonia,40.75973363,-8.573266985,470,104444,81.4
H2Enable (Phase 3),PRT,Concept,Ammonia,40.75973363,-8.573266985,400,88889,69.3
H2Enable (Phase 4),PRT,Concept,Ammonia,40.75973363,-8.573266985,600,133333,104
H2Hub HyChem,PRT,Feasibility study,H2,38.95050551,-8.990685059,10,2174,1.7
Hardanger Hydrogen Hub,NOR,Feasibility study,H2,60.11683934,6.560769081,75,16667,13
Hemnes project Fortescue,NOR,Feasibility study,Ammonia,59.72077937,11.45534607,300,66667,52
HEVO Sines (Phase 1),PRT,Feasibility study,Various,37.95961408,-8.858586399,10,1923,1.5
HEVO Sines (Phase 3),PRT,Concept,Various,37.95961408,-8.858586399,530,101923,79.5
HTWO-Fuel Lutelandet,NOR,Concept,Synfuels,61.25642939,4.964049203,20,4444,3.5
HyFuel Floro/ Fjord base,NOR,Feasibility study,H2,61.5996884,5.034780312,20,4444,3.5
HyHubMo/Hydrogen Hub Mo,NOR,FID/Construction,H2,66.31379362,14.14360846,40,8696,6.8
Kvina Energy Park,NOR,Feasibility study,Ammonia,58.32153037,6.968945736,500,108696,84.7
Landsvirkjun - Lj??sifoss Hydropower Station,ISL,Concept,H2,64.09415044,-21.00986786,10,2222,1.7
Neptun Tromso,NOR,FID/Construction,Ammonia,69.6837748,18.94273332,70,15556,12.1
Nesbruket Gen2 plant 2,NOR,Feasibility study,Synfuels,65.83662968,13.19286291,100,21739,16.9
Norwegian Hydrogen - Tau,NOR,FID/Construction,H2,59.06469843,5.922976614,10,2222,1.7
Rorvik hydrogen hub,NOR,FID/Construction,H2,64.88837532,11.30016875,20,4444,3.5
WinPower - PtX Sines project,PRT,Concept,H2,37.95961408,-8.858586399,160,35556,27.7
Waawaata Green Hydrogen,COL,Feasibility study,Ammonia,11.71362939,-72.26231412,1400,269231,209.9
Sumitomo Hydrogen Cluster,COL,Feasibility study,H2,11.01537518,-74.83104443,30,6667,5.2
EPM Ammonia Project,COL,Feasibility study,Ammonia,10.41505379,-75.46955925,396.3,76219,59
e-Colibr?? 1,COL,Feasibility study,Synfuels,4.724925596,-74.06387682,100,22222,17.3
e-Colibr?? 2,COL,Feasibility study,Synfuels,10.41505379,-75.46955925,45,10000,7.8
Andes Energy,COL,Feasibility study,MeOH,3.599658106,-76.39860901,28,6222,4.9
Lhyfe Lubmin,DEU,Concept,H2,45.30914768,5.906512194,800,177778,138.6
Haapavesi biorefinery facility,FIN,Concept,Synfuels,64.14813405,25.35260306,192.7,42828,33.4
H2 Puerto Sevilla,ESP,Concept,H2,37.38918153,-5.983239367,9.1,2022,1.6
NeoGreen Portugal - Palmela projetc,PRT,Feasibility study,H2,38.56940654,-8.900066298,10,2222,1.7
AMEA- Mauritania project,MRT,Concept,H2,0,0,3000,666667,519.8
Green Springs,AUS,Concept,H2,-19.67237952,134.1874853,2885.9,641322,500
Hydro Havrand - Hoyanger,NOR,FID/Construction,H2,61.22025291,6.075355118,5,962,0.7
RVO- Holland coast project 1,NLD,Concept,H2,53.7736178,5.443230004,100,22222,17.3
RVO- Holland coast project 2,NLD,Concept,H2,53.7736178,5.443230004,500,111111,86.6
ESA green steel ,ARE,Concept,H2,0,0,,,
Liberty Steel green steel,ARE,Concept,H2,24.72885263,54.74667095,,,
Meraker,NOR,Feasibility study,H2,63.41401457,11.74440767,6,1304,1
Masdar - Castilla La Mancha,ESP,Concept,H2,39.41971311,-2.73625002,,,
Viker/Borg Hydrogen,NOR,Concept,H2,59.22089465,10.92830409,5,1111,0.9
Raahen Monivoima Kokkola,FIN,Feasibility study,H2,63.8413308,23.12764713,5.7,1267,1
GreenH2CY,CYP,Concept,H2,34.98044269,33.32331574,2,444,0.3
Solvay - Kouvola,FIN,Concept,H2,60.86013774,26.74617114,5.7,1267,1
SK Hydrogen-Ammonia plant,ARE,Concept,H2,24.54972368,54.46902991,259.8,57742,45
H2 Triangle,FIN,Feasibility study,H2,50.34925741,13.57394944,4,769,0.6
Zephyros project,NLD,Concept,H2,52.95903134,4.775208842,2,444,0.3
Torrent ammonia plant,IND,Concept,Ammonia,24.30901853,72.35204099,182.3,40521,32
H2M Eemshaven,NLD,Feasibility study,H2,52.11802927,4.240630745,,269355,210
Liepaja Special Economic Zone (SEZ),LVA,Concept,H2,56.52019837,21.01492331,1000,222222,173.3
MoU Lhyfe and SAF+,FRA,Concept,Synfuels,49.49594275,0.102074898,300,66667,52
H2 project Coesfeld area,DEU,Concept,H2,51.93856981,7.17208771,50,11111,8.7
H2 project US Gulf coast,USA,Concept,H2,29.72929247,-95.38760866,20,4444,3.5
E-methane pilot project ,OMN,DEMO,CH4,23.22735216,56.78053589,41,9119,7
Eneos project,USA,Concept,H2,29.66339693,-92.46465271,,313535,244
Sakhalin hydrogen cluster,RUS,Concept,H2,51.03093753,143.0064799,,,
Welspun ammonia project,IND,Concept,H2,23.60654332,69.80508895,1721.4,382542.7,298
 Blue Point complex  Louisiana,USA,Concept,Ammonia,30.76903155,-91.72444959,,115484,90
Ammonia project Baytown complex ,USA,Concept,Ammonia,29.75598425,-95.36566158,,230968,180
IHI - ISCE2 SAF project ,SGP,DEMO,Synfuels,1.278303621,103.7858852,0.02,5,0
H2 hub Bintulu Sarawak ,MYS,Concept,Ammonia,3.167729228,113.0032797,,,
Nujio'qonik Green Hydrogen -phase 4,CAN,Concept,H2,48.52239588,-58.43472528,650,144444,112.6
Green Hydrogen Hub Stuttgart (GH2S),DEU,FID/Construction,H2,48.79854422,9.146298968,10,2222,1.7
