Project/Plant Name,status,technology_all,technology,rated power_kW,country,latitude,longitude,grid_level
Ponale (Riva del Garda Ledro) Hydroelectric Power Station,Operational,Electro-mechanical energy storage,Pumped hydro storage,80000,Italy,45.8885171,10.84,Transmission
Urdiceto Hydroelectric Power Station,Operational,Electro-mechanical energy storage,Pumped hydro storage,7200,Spain,42.6334211,0.22,Transmission
Rocky River Pumped Storage Plant,Operational,Electro-mechanical energy storage,Pumped hydro storage,29000,United States,41.58258,-73.43,Transmission
Etzelwerk Pumped Hydro Storage Power Station,Operational,Electro-mechanical energy storage,Pumped hydro storage,135000,Switzerland,47.1369626,8.78,null
Skhodnenskaya Hydro Plant,Operational,Electro-mechanical energy storage,Pumped hydro storage,30000,Russia,55.850657,37.44,Transmission
??t??chovice Pumped Hydro Station,Operational,Electro-mechanical energy storage,Pumped hydro storage,45000,Czech Republic,49.846401,14.42,null
Provvidenza Hydro Power Plant,Operational,Electro-mechanical energy storage,Pumped hydro storage,156000,Italy,42.5575092,13.37,Transmission
Alrance Pumped Storage Power Station,Operational,Electro-mechanical energy storage,Pumped hydro storage,11000,France,44.1035517,2.69,Transmission
Bhira Pumped Storage Hydro Plant,Operational,Electro-mechanical energy storage,Pumped hydro storage,150000,India,18.4548333,73.39,Transmission
Waldshut Pumped Storage Power Plant,Operational,Electro-mechanical energy storage,Pumped hydro storage,150000,Germany,47.6184,8.19,Transmission
Dob??in?? I Pumped Storage Power Station,Operational,Electro-mechanical energy storage,Pumped hydro storage,24000,Slovakia,48.8207511,20.37,Transmission
Flatiron Powerplant,Operational,Electro-mechanical energy storage,Pumped hydro storage,8500,United States,40.364905,-105.24,Transmission
Gobantes Hydroelectric Power Station,Operational,Electro-mechanical energy storage,Pumped hydro storage,3600,Spain,36.95558,-4.8,Transmission
Reisach Pumped Storage Power Station,Operational,Electro-mechanical energy storage,Pumped hydro storage,99000,Germany,49.529869,12.29,Transmission
Kaprun Upper Stage Pumped Storage Power Plant,Operational,Electro-mechanical energy storage,Pumped hydro storage,113000,Austria,47.3648489,12.64,null
Fu??ine Pumped Hydro Storage Power Plant,Operational,Electro-mechanical energy storage,Pumped hydro storage,4600,Croatia,45.3049852,14.71,null
Argentat Pumped Storage Power Station,Operational,Electro-mechanical energy storage,Pumped hydro storage,48000,France,45.10418,1.95,Transmission
L??nerseewerk Pumped Hydro Storage Plant,Operational,Electro-mechanical energy storage,Pumped hydro storage,232000,Austria,47.0531826,9.75,null
Happurg Pumped Storage Power Plant,Offline/Under Repair,Electro-mechanical energy storage,Pumped hydro storage,160000,Germany,49.48711,11.47,Transmission
Gougra Pumped Hydro Storage Power Station,Operational,Electro-mechanical energy storage,Pumped hydro storage,164000,Switzerland,46.291289,7.54,Transmission
Sir Adam Beck Hydroelectric Generating Station,Operational,Electro-mechanical energy storage,Pumped hydro storage,174000,Canada,43.1444964,-79.04,Transmission
Tanzm??hle Pumped Storage Power Plant,Operational,Electro-mechanical energy storage,Pumped hydro storage,35000,Germany,49.552216,12.28,Transmission
Gaudalami Hydro Power Station,Operational,Electro-mechanical energy storage,Pumped hydro storage,80000,Italy,37.9937488,13.29,Transmission
Leitzachwerk II,Operational,Electro-mechanical energy storage,Pumped hydro storage,49200,Germany,47.8483283,11.86,Transmission
Ananaigawa Hydroelectric Power Station,Operational,Electro-mechanical energy storage,Pumped hydro storage,13500,Japan,33.6037185,133.69,Transmission
Hatanagi No. 1 Pumped Hydro Power Station,Operational,Electro-mechanical energy storage,Pumped hydro storage,137000,Japan,35.308032,138.2,null
Taum Sauk Hydroelectric Power Station,Operational,Electro-mechanical energy storage,Pumped hydro storage,440000,United States,37.4537502,-90.84,Transmission
Villa Gargnano Hydro Power Station,Operational,Electro-mechanical energy storage,Pumped hydro storage,137200,Italy,45.6885992,10.66,Transmission
Puente Bibey Hydroelectric Power Station,Operational,Electro-mechanical energy storage,Pumped hydro storage,315000,Spain,42.310337,-7.23,Transmission
Erzhausen Pumped Storage Power Plant,Operational,Electro-mechanical energy storage,Pumped hydro storage,220000,Germany,51.8989299,9.93,Transmission
Glems Pumped Storage Power Plant,Operational,Electro-mechanical energy storage,Pumped hydro storage,90000,Germany,48.5071632,9.29,Transmission
Alto Rabag??o Hydro Power Plant,Operational,Electro-mechanical energy storage,Pumped hydro storage,68000,Portugal,41.737703,-7.85,null
Campo Moro Hydro Power Station,Operational,Electro-mechanical energy storage,Pumped hydro storage,36500,Italy,46.2695803,9.87,Transmission
Ikehara Pumped  Hydro Power Plant,Operational,Electro-mechanical energy storage,Pumped hydro storage,350000,Japan,34.042191,135.98,null
Yards Creek Pumped Storage,Operational,Electro-mechanical energy storage,Pumped hydro storage,400000,United States,41.00095,-75.03,Transmission
Capriati Hydro Power Station,Operational,Electro-mechanical energy storage,Pumped hydro storage,115000,Italy,41.5230896,14.13,Transmission
Pintado Hydroelectric Power Station,Operational,Electro-mechanical energy storage,Pumped hydro storage,14000,Spain,37.93753,-5.78,Transmission
Torrejon Hydroelectric Power Station,Operational,Electro-mechanical energy storage,Pumped hydro storage,132000,Spain,39.835,-5.989,Transmission
Tods Corner Power Station,Operational,Electro-mechanical energy storage,Pumped hydro storage,1700,Australia,-41.8602187,146.76,null
Muddy Run Pumped Hydro Storage,Operational,Electro-mechanical energy storage,Pumped hydro storage,1070000,United States,39.847457,-76.29,Transmission
Smith Mountain Pumped Storage Project,Operational,Electro-mechanical energy storage,Pumped hydro storage,560000,United States,37.0497134,-79.64,Transmission
S??ckingen Pumped Storage Power Plant,Operational,Electro-mechanical energy storage,Pumped hydro storage,360000,Germany,47.5656,7.95,Transmission
Cabin Creek Generating Station,Operational,Electro-mechanical energy storage,Pumped hydro storage,324000,United States,39.7060984,-105.7,Transmission
Edward Hyatt (Oroville) Power Plant,Operational,Electro-mechanical energy storage,Pumped hydro storage,819000,United States,39.5137752,-121.56,Transmission
Pracomune Hydro Power Station,Operational,Electro-mechanical energy storage,Pumped hydro storage,42000,Italy,46.5478079,11.01,Transmission
Shin Nariwagawa Pumped Storage Plant,Operational,Electro-mechanical energy storage,Pumped hydro storage,303000,Japan,34.822844,133.4,null
Nagano Pumped Hydro Power Station,Operational,Electro-mechanical energy storage,Pumped hydro storage,220000,Japan,36.6485496,138.19,null
Solina Pumped Storage Power Plant,Operational,Electro-mechanical energy storage,Pumped hydro storage,200000,Poland,49.3958323,22.46,Transmission
Wendefurth Power Station,Operational,Electro-mechanical energy storage,Pumped hydro storage,80000,Germany,51.7422639,10.92,Transmission
San Luis (William R. Gianelli) Pumped Storage Hydroelectric Powerplant,Operational,Electro-mechanical energy storage,Pumped hydro storage,424000,United States,37.069105,-121.08,Transmission
Gangnan Pumped-hydro Storage Station (??????),Operational,Electro-mechanical energy storage,Pumped hydro storage,41000,China,38.265728,113.98,null
"Azumi, Inekoki Dam Pumped Hydro Power Station",Operational,Electro-mechanical energy storage,Pumped hydro storage,623000,Japan,36,138,null
Rifawerk Pumped Hydro Plant,Operational,Electro-mechanical energy storage,Pumped hydro storage,7000,Austria,46.9782553,10.04,null
Ib??n de Ip Hydroelectric Power Station,Operational,Electro-mechanical energy storage,Pumped hydro storage,88500,Spain,42.7201458,-0.46,Transmission
Kubanskaya PSP,Operational,Electro-mechanical energy storage,Pumped hydro storage,15900,Russia,44.6680993,43.52,null
R??nkhausen Pumped Storage Power Plant,Operational,Electro-mechanical energy storage,Pumped hydro storage,140000,Germany,51.1736091,7.97,Transmission
Thermalito Pumping - Generating Plant,Offline/Under Repair,Electro-mechanical energy storage,Pumped hydro storage,120000,United States,39.5137752,-121.56,Transmission
Takane Daiichi Pumped Hydro Power Station,Operational,Electro-mechanical energy storage,Pumped hydro storage,340000,Japan,35.6473601,138.64,null
Villarino (Almendra) Reversible Hydro Power Station,Operational,Electro-mechanical energy storage,Pumped hydro storage,810000,Spain,41.268575,-6.47,null
Midono Pumped Hydro Power Station,Operational,Electro-mechanical energy storage,Pumped hydro storage,260000,Japan,36.154152,137.75,null
Seneca Pumped Storage Generating Station,Operational,Electro-mechanical energy storage,Pumped hydro storage,440000,United States,41.831299,-79.01,null
Hongrin-Leman  Pumped Hydro Storage Power Station,Operational,Electro-mechanical energy storage,Pumped hydro storage,240000,Switzerland,46.4198999,6.93,Transmission
Kisenyama Pumped Storage Plant,Operational,Electro-mechanical energy storage,Pumped hydro storage,466000,Japan,34.8844606,135.8,null
Fadalto Hydro Power Station,Operational,Electro-mechanical energy storage,Pumped hydro storage,210000,Italy,46.0714347,12.34,Transmission
Cardos Valley Hydroelectric Complex - Montamara Power Station,Operational,Electro-mechanical energy storage,Pumped hydro storage,90000,Spain,42.644804,1.26,null
??ydowo Pumped Storage Power Plant,Operational,Electro-mechanical energy storage,Pumped hydro storage,156000,Poland,54.0249,16.7069,Transmission
Salina Pumped Storage Project,Operational,Electro-mechanical energy storage,Pumped hydro storage,260000,United States,36.26566,-95.1,Transmission
Mormon Flat Pumped Hydro Storage,Operational,Electro-mechanical energy storage,Pumped hydro storage,50000,United States,33.553,-111.443,Transmission
Kyivska (Kijev) Pumped Hydro Power Station,Operational,Electro-mechanical energy storage,Pumped hydro storage,603000,Ukraine,50.5904776,30.48,null
Ru????n Pumped Storage Power Plant,Operational,Electro-mechanical energy storage,Pumped hydro storage,60000,Slovakia,48.86311,21.09,Transmission
Shin Toyone Pumped Storage,Operational,Electro-mechanical energy storage,Pumped hydro storage,1125000,Japan,35.1467376,137.72,Transmission
DeGray Lake Pumped Hydro Storage,Operational,Electro-mechanical energy storage,Pumped hydro storage,28000,United States,34.213624,-93.11,Transmission
Vilarinho Furnas Pumped Hydro Station,Operational,Electro-mechanical energy storage,Pumped hydro storage,125000,Portugal,41.763285,-8.21,null
Ro??hag Pumped Storage Power Plant,Operational,Electro-mechanical energy storage,Pumped hydro storage,231000,Austria,47.0867914,11.77,null
Northfield Mountain Pumped Storage Hydroelectricity Facility ,Operational,Electro-mechanical energy storage,Pumped hydro storage,1119000,United States,42.611429,-72.473883,null
Castaic Pumped-Storage Plant,Operational,Electro-mechanical energy storage,Pumped hydro storage,1247000,United States,34.6548333,-118.78,null
San Fiorano Hydro Power Station,Operational,Electro-mechanical energy storage,Pumped hydro storage,568000,Italy,46.0551036,10.35,Transmission
Roncovalgrande (Lago Delio) Hydroelectric Plant,Operational,Electro-mechanical energy storage,Pumped hydro storage,1000000,Italy,46.0033754,8.69,Transmission
Tumut Hydroelectric Power Station 3,Operational,Electro-mechanical energy storage,Pumped hydro storage,1500000,Australia,-35.6239558,148.3,Transmission
Ruselkraftwerke Power Plant,Operational,Electro-mechanical energy storage,Pumped hydro storage,3500,Germany,48.8555897,13,Transmission
Guillena Hydroelectric Power Station,Operational,Electro-mechanical energy storage,Pumped hydro storage,215000,Spain,37.5429955,-6.06,null
O'Neill Pump-Generating Plant,Operational,Electro-mechanical energy storage,Pumped hydro storage,25200,United States,37.0582786,-120.85,Transmission
Ludington Pumped Storage,Operational,Electro-mechanical energy storage,Pumped hydro storage,1872000,United States,43.894481,-86.44,Transmission
John W. Keys III Pump-Generating Plant,Operational,Electro-mechanical energy storage,Pumped hydro storage,314000,United States,47.953884,-118.99,Transmission
Numappara Pumped Hydro Power Plant,Operational,Electro-mechanical energy storage,Pumped hydro storage,675000,Japan,37.09,139.9,null
Blenheim-Gilboa Pumped Storage Power Project,Operational,Electro-mechanical energy storage,Pumped hydro storage,1160000,United States,42.442978,-74.45,Transmission
Miyun Pumped-hydro Storage Station (??????),Operational,Electro-mechanical energy storage,Pumped hydro storage,22000,China,40.376299,116.84,null
Jukla Hydro Power Plants ,Operational,Electro-mechanical energy storage,Pumped hydro storage,40000,Norway,59.9361331,6,null
Waldeck II,Operational,Electro-mechanical energy storage,Pumped hydro storage,480000,Germany,51.1624468,9.06,Transmission
Turlough Hill Pumped Storage,Operational,Electro-mechanical energy storage,Pumped hydro storage,292000,Ireland,53.0280556,-6.39,Transmission
Bear Swamp Hydroelectric Power Station,Operational,Electro-mechanical energy storage,Pumped hydro storage,600000,United States,42.687055,-72.96,Transmission
Niikappu Pumped Hydro Power Plant,Operational,Electro-mechanical energy storage,Pumped hydro storage,200000,Japan,42.3624055,142.32,null
Bargi Hydro Power Plant,Operational,Electro-mechanical energy storage,Pumped hydro storage,330000,Italy,44.1260632,11.06,Transmission
Ohira Pumped Hydro Power Plant,Operational,Electro-mechanical energy storage,Pumped hydro storage,500000,Japan,32.5074371,130.6,null
Liptovsk?? Mara Pumped Storage Power Plant,Operational,Electro-mechanical energy storage,Pumped hydro storage,198000,Slovakia,49.0986111,19.49,Transmission
La Coche Pumped Storage Power Plant,Operational,Electro-mechanical energy storage,Pumped hydro storage,310000,France,45.4824436,6.53,Transmission
Conso Hydroelectric Power Station,Operational,Electro-mechanical energy storage,Pumped hydro storage,228000,Spain,42.1429146,-7.29,Transmission
Emosson Pumped Hydro Storage Power Station,Operational,Electro-mechanical energy storage,Pumped hydro storage,360000,Switzerland,46.1025948,7.08,null
Poithan (Jayakwadi Dam) Hydro Station,Operational,Electro-mechanical energy storage,Pumped hydro storage,12000,India,19.4779213,75.37,null
Nabara Pumped Hydro Power Station,Operational,Electro-mechanical energy storage,Pumped hydro storage,620000,Japan,34.5411347,132.51,null
Rodundwerk II Pumped Storage Power Station,Operational,Electro-mechanical energy storage,Pumped hydro storage,295000,Austria,47.0851253,9.88,Transmission
Langenprozelten Pumped Storage Power Plant,Operational,Electro-mechanical energy storage,Pumped hydro storage,164000,Germany,50.059739,9.63,Transmission
Revin Pumped Storage Power Plant,Operational,Electro-mechanical energy storage,Pumped hydro storage,800000,France,49.9218041,4.6,Transmission
Wehr Pumped Storage Power Plant,Operational,Electro-mechanical energy storage,Pumped hydro storage,910000,Germany,47.6363693,7.91,Transmission
Mazegawa Daiichi Pumped Hydro Power Station,Operational,Electro-mechanical energy storage,Pumped hydro storage,288000,Japan,35.4232984,136.76,null
Poatina Power Station,Operational,Electro-mechanical energy storage,Pumped hydro storage,300000,Australia,-41.8602187,146.76,null
Carters Dam Pumped Storage,Operational,Electro-mechanical energy storage,Pumped hydro storage,250000,United States,34.7659145,-84.77,Transmission
Tajo De La Encantada (M??laga) Power Plant,Operational,Electro-mechanical energy storage,Pumped hydro storage,360000,Spain,36.90817,-4.76,null
Mapragg Pumped Hydro Storage Power Plant,Operational,Electro-mechanical energy storage,Pumped hydro storage,370000,Switzerland,46.9429623,9.48,Transmission
Kangaroo Valley Pumping and Power Station,Operational,Electro-mechanical energy storage,Pumped hydro storage,160000,Australia,-34.733688,150.47,Transmission
Bendeela Pumping and Power Station,Operational,Electro-mechanical energy storage,Pumped hydro storage,80000,Australia,-34.721119,150.48,Transmission
Max Planck Institute ASDEX-Upgrade Pulsed Power Supply System - 155 MW With Pulse Duration of 9.7 sec.,Operational,Electro-mechanical energy storage,Flywheel,387000,Germany,48.2632698,11.671654,Transmission
Taloro Hydro Power Station,Operational,Electro-mechanical energy storage,Pumped hydro storage,240000,Italy,40.0948744,9.16,Transmission
Tanes Hydroelectric Power Station,Operational,Electro-mechanical energy storage,Pumped hydro storage,133000,Spain,43.2504393,-5.98,Transmission
Raccoon Mountain Pumped Storage Plant,Operational,Electro-mechanical energy storage,Pumped hydro storage,1652000,United States,35.0198163,-85.37,Transmission
Dale??ice Pumped Storage Power Plant,Operational,Electro-mechanical energy storage,Pumped hydro storage,450000,Czech Republic,49.124395,16.12,Transmission
Fairfield Pumped Storage,Operational,Electro-mechanical energy storage,Pumped hydro storage,511200,United States,34.2993741,-81.31,Transmission
Kraftwerk Huntorf - 321-MW Plant Utilizes Nuclear-Sourced Night-Time Power,Operational,Electro-mechanical energy storage,Compressed air energy storage,290000,Germany,53.1897685,8.4099915,Transmission
Aurland III Hydro Power Plant,Operational,Electro-mechanical energy storage,Pumped hydro storage,270000,Norway,60.90357,7.2,null
Porabka-Zar Pumped Storage Power Plant,Operational,Electro-mechanical energy storage,Pumped hydro storage,500000,Poland,49.7704966,19.21,null
Le Cheylas Pumped Storage Power Plant,Operational,Electro-mechanical energy storage,Pumped hydro storage,480000,France,45.3815081,5.99,Transmission
Coo-Trois-Ponts Hydroelectric Power Station,Operational,Electro-mechanical energy storage,Pumped hydro storage,1164000,Belgium,50.3717154,5.87,Transmission
Malta Main Stage Pumped Storage Power Plant,Operational,Electro-mechanical energy storage,Pumped hydro storage,730000,Austria,46.87241,13.33,null
Malta Upper Stage Pumped Storage Power Plant,Operational,Electro-mechanical energy storage,Pumped hydro storage,120000,Austria,47.0791667,13.34,null
Markersbach Pumped Storage Power Plant,Operational,Electro-mechanical energy storage,Pumped hydro storage,1050000,Germany,50.53528,12.86,Transmission
Wallace Dam Pumped Storage,Operational,Electro-mechanical energy storage,Pumped hydro storage,208000,United States,33.350038,-83.16,Transmission
Steenbras Dam Pumped Storage Scheme,Operational,Electro-mechanical energy storage,Pumped hydro storage,180000,South Africa,-34.1514673,18.87,Transmission
Rovina Hydro Power Plant (Entracque Pumped Storage),Operational,Electro-mechanical energy storage,Pumped hydro storage,134000,Italy,44.2439659,7.4,Transmission
Okuyoshino Pumped Storage,Operational,Electro-mechanical energy storage,Pumped hydro storage,1206000,Japan,34.04469,135.79,Transmission
Kuhtai PSH (K??htai Pumped Hydro Station),Operational,Electro-mechanical energy storage,Pumped hydro storage,289000,Austria,47.2537414,11.6,Transmission
Shin-Takasegawa Pumped Storage Station,Operational,Electro-mechanical energy storage,Pumped hydro storage,1280000,Japan,36.473841,137.69,Transmission
Srisailam Pumped Hydro Storage,Operational,Electro-mechanical energy storage,Pumped hydro storage,1670000,India,16.0732748,78.87,Primary Distribution
Oschenik Innerfragant Pumped Storage Power Station,Operational,Electro-mechanical energy storage,Pumped hydro storage,108000,Austria,47.1374819,12.33,Transmission
??ierny V??h Pumped Storage Power Plant,Operational,Electro-mechanical energy storage,Pumped hydro storage,735160,Slovakia,49.011138,19.93,Transmission
Chiotas Hydro Power Plant (Entracque Pumped Storage),Operational,Electro-mechanical energy storage,Pumped hydro storage,1184000,Italy,44.1775758,7.42,Transmission
Aguieira Hydro Power Station,Operational,Electro-mechanical energy storage,Pumped hydro storage,336000,Portugal,40.340285,-8.2,null
Mount Elbert Power Plant,Operational,Electro-mechanical energy storage,Pumped hydro storage,200000,United States,39.094098,-106.35,null
Okuyahagi No. 1 Pumped Hydro Power Station,Operational,Electro-mechanical energy storage,Pumped hydro storage,317000,Japan,35.1801883,136.91,null
Okuyahagi No. 2 Pumped Hydro Power Station,Operational,Electro-mechanical energy storage,Pumped hydro storage,780000,Japan,35.1801883,136.91,null
Daini Numazawa Pumped Hydro Power Station,Operational,Electro-mechanical energy storage,Pumped hydro storage,460000,Japan,37.453851,139.52,null
Drakensberg Pumped Storage Scheme,Operational,Electro-mechanical energy storage,Pumped hydro storage,1000000,South Africa,-28.5846,29.0945,Transmission
Gabriel Y Galan Hydroelectric Power Station,Operational,Electro-mechanical energy storage,Pumped hydro storage,111000,Spain,40.195346,-6.16,Transmission
Guijo de Granadilla Hydroelectric Power Station,Operational,Electro-mechanical energy storage,Pumped hydro storage,54000,Spain,40.195346,-6.16,Transmission
Tanbara Pumped Hydro Power Station,Operational,Electro-mechanical energy storage,Pumped hydro storage,1200000,Japan,36.7862665,139.16,null
Okikuyotsu (Okukiyotsu) Pumped Hydro Storage Power Plant,Operational,Electro-mechanical energy storage,Pumped hydro storage,1000000,Japan,36.844,138.766,null
Aguayo I Pumped Storage Power Plant,Operational,Electro-mechanical energy storage,Pumped hydro storage,360000,Spain,43.092929,-4.02,Transmission
Thermal Storage at San Antonio International Airport,Operational,Thermal energy storage,Sensible heat,422,United States,29.5280155,-98.48,Secondary Distribution
Grimsel 2 Pumped Hydro Storage Power Station,Operational,Electro-mechanical energy storage,Pumped hydro storage,350000,Switzerland,46.65532,8.29,Transmission
Mont??zic Pumped Storage Power Plant,Operational,Electro-mechanical energy storage,Pumped hydro storage,910000,France,44.709426,2.64,Transmission
??arnowiec Pumped Storage,Operational,Electro-mechanical energy storage,Pumped hydro storage,716000,Poland,54.7697655,18.05,Transmission
Leitzachwerk I,Operational,Electro-mechanical energy storage,Pumped hydro storage,49000,Germany,47.8483283,11.86,Transmission
Le Pouget Pumped Storage Power Plant,Operational,Electro-mechanical energy storage,Pumped hydro storage,445000,France,44.059565,2.77,Transmission
Wivenhoe Power Station,Operational,Electro-mechanical energy storage,Pumped hydro storage,500000,Australia,-27.4129715,152.64,Transmission
Velebit Pump Storage Power Plant,Operational,Electro-mechanical energy storage,Pumped hydro storage,276000,Croatia,44.2007328,15.68,null
Hongawa (Motokawa) Pumped Hydro Power Station,Operational,Electro-mechanical energy storage,Pumped hydro storage,615000,Japan,33.5588035,133.53,null
Clarence Cannon Dam Pumped Storage,Operational,Electro-mechanical energy storage,Pumped hydro storage,58000,United States,39.524633,-91.64,Transmission
Dinorwig Power Station,Operational,Electro-mechanical energy storage,Pumped hydro storage,1728000,United Kingdom,53.1340503,-4.11,Transmission
Los Reyunos Pumped Hydro Storage,Operational,Electro-mechanical energy storage,Pumped hydro storage,224000,Argentina,-34.5921633,-68.67,Transmission
Lepenica Pumped Hydro Power Station,Operational,Electro-mechanical energy storage,Pumped hydro storage,1140,Croatia,45.3049852,14.71,null
Edolo Pumped Storage Plant,Operational,Electro-mechanical energy storage,Pumped hydro storage,1000000,Italy,46.1804266,10.33,Transmission
Richard B. Russell Pumped Storage,Operational,Electro-mechanical energy storage,Pumped hydro storage,600000,United States,34.025195,-82.59,Transmission
Moralets-Llauset (Lleida/Huesca) Hydroelectric Power Station,Operational,Electro-mechanical energy storage,Pumped hydro storage,219100,Spain,42.580864,0.69,Transmission
Sfikia Pumped Hydro Power Station,Operational,Electro-mechanical energy storage,Pumped hydro storage,315000,Greece,40.3856573,22.21,null
Estany Gento/Sallente Pumped Storage Power Plant,Operational,Electro-mechanical energy storage,Pumped hydro storage,468000,Spain,42.5104171,1,Transmission
Minghu Pumped Storage,Operational,Electro-mechanical energy storage,Pumped hydro storage,1008000,Taiwan,23.7919524,120.86,Transmission
Samrangjin Pumped Hydro Power Plant,Operational,Electro-mechanical energy storage,Pumped hydro storage,600000,South Korea,35.5037598,128.75,Transmission
Bath County Pumped Storage Station - Dominion Generation / First Energy,Operational,Electro-mechanical energy storage,Pumped hydro storage,3003000,United States,38.198392,-79.81,Transmission
St??lsdal Pumped Hydro Power Plant,Operational,Electro-mechanical energy storage,Pumped hydro storage,17000,Norway,59.223399,6.19,null
Saurdal Hydro Power Station,Operational,Electro-mechanical energy storage,Pumped hydro storage,640000,Norway,59.49881,6.53,null
Aldead??vila Hydro Power Station,Operational,Electro-mechanical energy storage,Pumped hydro storage,1139000,Spain,41.203,-6.688,null
Super Bissorte Pumped Storage Power Plant,Operational,Electro-mechanical energy storage,Pumped hydro storage,748000,France,45.183414,6.48,Transmission
Tamahara Pumped Storage Power Station,Operational,Electro-mechanical energy storage,Pumped hydro storage,1200000,Japan,36.6460769,139.04,Transmission
Tenzan Pumped Hydro Power Station,Operational,Electro-mechanical energy storage,Pumped hydro storage,600000,Japan,33.431907,129.95,null
Grand'Maison Dam Pumped Storage Power Plant,Operational,Electro-mechanical energy storage,Pumped hydro storage,1820000,France,45.205931,6.12,Transmission
Big Creek (John S. Eastwood) Pumped Storage,Operational,Electro-mechanical energy storage,Pumped hydro storage,199800,United States,37.104114,-119.32,Transmission
Berliner Kraft- und Licht BEWAG Battery,De-Commissioned,Electro-chemical battery and chemical storage,Lead-acid battery,8500,Germany,52.5200066,13.4,null
Crescent Electric Membership Cooperative BESS,De-Commissioned,Electro-chemical battery and chemical storage,Lead-acid battery,500,United States,35.7826363,-80.89,null
Orphey Hydro Power Plant,Operational,Electro-mechanical energy storage,Pumped hydro storage,160000,Bulgaria,41.7429109,24.39,Transmission
Kadamparai Hydroelectric Pumped Storage Power Plant,Operational,Electro-mechanical energy storage,Pumped hydro storage,400000,India,11.0168445,76.96,Transmission
H??usling Pumped Storage Power Plant,Operational,Electro-mechanical energy storage,Pumped hydro storage,360000,Austria,47.14584,11.97,null
Torr??o Pumped Storage Power Plant,Operational,Electro-mechanical energy storage,Pumped hydro storage,140000,Portugal,41.097355,-8.26,Transmission
SCE Chino Battery Storage Project,De-Commissioned,Electro-chemical battery and chemical storage,Lead-acid battery,10000,United States,33.9985758,-117.68,null
Palmiet Pumped Storage Scheme,Operational,Electro-mechanical energy storage,Pumped hydro storage,400000,South Africa,-34.158688,19.01,Transmission
Imaichi Pumped Storage Power Station,Operational,Electro-mechanical energy storage,Pumped hydro storage,1050000,Japan,36.7199026,139.7,Transmission
Auxiliar Maitenes Hydro Power Plant,Operational,Electro-mechanical energy storage,Pumped hydro storage,30800,Chile,-33.665194,-70.09,Transmission
Herdecke Pumped Storage Power Plant,Operational,Electro-mechanical energy storage,Pumped hydro storage,153000,Germany,51.4031667,7.43,Transmission
Frunzaru Reversible Pump Hydro Power Station,Operational,Electro-mechanical energy storage,Pumped hydro storage,53000,Romania,43.900408,25.97,null
Yagisawa Pumped Hydro Power Station,Operational,Electro-mechanical energy storage,Pumped hydro storage,240000,Japan,36.6786996,139,Primary Distribution
McIntosh CAES Plant - Unit 1 Facility Stores Compressed Air in a Solution-mined Salt Cavern,Operational,Electro-mechanical energy storage,Compressed air energy storage,110000,United States,31.2572207,-88.0280479,Transmission
Anapo (Solarino) Pumped Storage Plant,Operational,Electro-mechanical energy storage,Pumped hydro storage,600000,Italy,37.10085,15.12,null
Srinagarind Hydroelectric Power Plant,Operational,Electro-mechanical energy storage,Pumped hydro storage,720000,Thailand,14.4049116,99.13,Transmission
Domenico Cimarosa (Presenzano) Hydroelectric Plant,Operational,Electro-mechanical energy storage,Pumped hydro storage,1000000,Italy,41.3766245,14.09,Transmission
JC Penney Headquarters - Calmac,Operational,Thermal energy storage,Latent heat,4425,United States,33.0796578,-96.83,Secondary Distribution
Bad Creek Pumped Hydro Storage,Operational,Electro-mechanical energy storage,Pumped hydro storage,1065000,United States,35.010984,-83.01,Transmission
Panjiakou Pumped Hydro Power Station (?????????),Operational,Electro-mechanical energy storage,Pumped hydro storage,420000,China,40.1415,118.31,null
Cuntangkou Pumped Hydro Power Station (?????????),Operational,Electro-mechanical energy storage,Pumped hydro storage,2000,China,30.537713,105.19,null
Shiobara Pumped Hydro Power Station,Operational,Electro-mechanical energy storage,Pumped hydro storage,900000,Japan,36.961698,140.05,null
Mingtan Dam,Operational,Electro-mechanical energy storage,Pumped hydro storage,1600000,Taiwan,23.8666667,120.92,Transmission
New Waddell Dam Pumped Hydro Storage,Operational,Electro-mechanical energy storage,Pumped hydro storage,45000,United States,33.2917968,-112.43,Transmission
Puerto Rico Electric Power Authority (PREPA) Battery System,De-Commissioned,Electro-chemical battery and chemical storage,Lead-acid battery,20000,United States,18.3978052,-66.01,Primary Distribution
Okawachi Pumped Hydro Power Station,Operational,Electro-mechanical energy storage,Pumped hydro storage,1280,Japan,34.0237394,131.93,Primary Distribution
Chaira Hydro Power Plant,Operational,Electro-mechanical energy storage,Pumped hydro storage,788000,Bulgaria,42.1927654,24.33,null
Rocky Mountain Hydroelectric Plant,Operational,Electro-mechanical energy storage,Pumped hydro storage,1095000,United States,34.2828967,-85.23,Transmission
Okumino Pumped Hydro Power Station,Operational,Electro-mechanical energy storage,Pumped hydro storage,1500000,Japan,36.6485496,138.19,null
Okikuyotsu (Okukiyotsu) No. 2 Pumped Hydro Storage Plant,Operational,Electro-mechanical energy storage,Pumped hydro storage,600000,Japan,36.844,138.766,null
Bhumibol Hydroelectric Power Plant,Operational,Electro-mechanical energy storage,Pumped hydro storage,171000,Thailand,17.2440808,99,Transmission
Vernon 5 MW / 3.5 MWh BESS,Operational,Electro-chemical battery and chemical storage,Lead-acid battery,5000,United States,34.007122,-118.19,null
Thisavros Hydro Power Plant (???????????? ????????????????),Operational,Electro-mechanical energy storage,Pumped hydro storage,384000,Greece,41.267032,24.5,null
Brockway Standard Lithography Plant - PQ2000,De-Commissioned,Electro-chemical battery and chemical storage,Lead-acid battery,2000,United States,31.0365983,-82.75,null
Matanogawa Pumped Storage Power Station,Operational,Electro-mechanical energy storage,Pumped hydro storage,1200000,Japan,35.265767,133.51,Transmission
Dangling Rope Marina Hybrid Power System,Operational,Electro-chemical battery and chemical storage,Lead-acid battery,250,United States,37.37685715,-110.726121,null
VA Medical Center,Operational,Thermal energy storage,Sensible heat,2300,United States,32.694882,-96.79,Secondary Distribution
Niedzica Pumped Storage Power Plant,Operational,Electro-mechanical energy storage,Pumped hydro storage,82800,Poland,49.4099645,20.33,null
Yangzhuoyong Lake Pumped Hydro Storage Station (????????????),Operational,Electro-mechanical energy storage,Pumped hydro storage,90000,China,29.289455,90.98,null
Shisanling (Ming Tombs) Pumped Storage Power Station,Operational,Electro-mechanical energy storage,Pumped hydro storage,800000,China,40.22066,116.23,null
Sikou Pumped Hydro Storage Station (??????),Operational,Electro-mechanical energy storage,Pumped hydro storage,80000,China,29.655143,121.41,null
Metlakatla BESS,Operational,Electro-chemical battery and chemical storage,Lead-acid battery,1000,United States,55.0845439,-131.58,Primary Distribution
Kadana Hydroelectric Power Station,Operational,Electro-mechanical energy storage,Pumped hydro storage,240000,India,23.2895908,73.84,Transmission
Okutataragi Pumped Storage Power Station,Operational,Electro-mechanical energy storage,Pumped hydro storage,1932000,Japan,35.3396654,134.85,Transmission
El Capitan - Calmac,Operational,Thermal energy storage,Latent heat,150,United States,34.10146131,-118.3392454,Secondary Distribution
TAS Thermal Storage with Combined-Cycle Cogeneration Plant,Operational,Thermal energy storage,Sensible heat,5100,United States,29.626104,-95.07,Transmission
Moakley Courthouse - Calmac,Operational,Thermal energy storage,Latent heat,0,United States,42,-71,null
Ohito Substation - NGK,De-Commissioned,Electro-chemical battery and chemical storage,Sodium-based battery,6000,Japan,34.9945033,138.94,null
Xianghongdian Pumped-hydro Storage Station (?????????) ,Operational,Electro-mechanical energy storage,Pumped hydro storage,80000,China,31.72717,115.93,null
Sumitomo Densetsu Office,Operational,Electro-chemical battery and chemical storage,Flow battery,3000,Japan,34.6937378,135.5,null
Mission City Office Complex - Calmac,Operational,Thermal energy storage,Latent heat,500,United States,32.7832979,-117.13,Secondary Distribution
Guangzhou Pumped Storage Power Station,Operational,Electro-mechanical energy storage,Pumped hydro storage,2400000,China,23.1404452,113.34,Transmission
STMicroelectronics UPS System - S&C Electric,Operational,Electro-chemical battery and chemical storage,Lead-acid battery,10000,United States,33.643684,-112.06,null
Tiantang Pumped Hydro Storage Station (??????),Operational,Electro-mechanical energy storage,Pumped hydro storage,70000,China,30.783121,115.4,null
NGK NaS: Kasai Water Reclamation Center,Operational,Electro-chemical battery and chemical storage,Sodium-based battery,2400,Japan,35.64874,139.85,null
Lam Ta Khong Pumped Storage Power Plant,Operational,Electro-mechanical energy storage,Pumped hydro storage,500000,Thailand,14.8361163,101.55,Transmission
William & Flora Hewlett Foundation - Calmac,Operational,Thermal energy storage,Latent heat,124,United States,37.4241016,-122.193145,Secondary Distribution
Shahe Pumped Hydro Storage Station (??????),Operational,Electro-mechanical energy storage,Pumped hydro storage,102000,China,31.416911,119.48,null
Kind Island Renewable Energy Expansion VRB,Offline/Under Repair,Electro-chemical battery and chemical storage,Flow battery,200,Australia,-39.9282417,143.85,null
University of Texas Pan-Am Thermal Energy Storage,Operational,Thermal energy storage,Sensible heat,875,United States,26.3052059,-98.18,null
Zagorsk PSP-1,Operational,Electro-mechanical energy storage,Pumped hydro storage,1200000,Russia,56.3094531,38.13,Transmission
Dogo Island Flywheels - 200 kW Urenco Power Technology Flywheel,De-Commissioned,Electro-mechanical energy storage,Flywheel,200,Japan,36.25,133.266667,Transmission
NGK NaS: Morigasaki Water Reclamation Center,Operational,Electro-chemical battery and chemical storage,Sodium-based battery,8000,Japan,35.568724,139.75,null
Caliraya-Botocan-Kalayaan (CBK) Hydro-Elecric Power Plant Project,Operational,Electro-mechanical energy storage,Pumped hydro storage,709000,Philippines,14.35,121.57,null
PacifiCorp Castle Valley VRB,De-Commissioned,Electro-chemical battery and chemical storage,Flow battery,250,United States,38.6394278,-109.41,Transmission
Utsira Wind Power & Hydrogen Plant,De-Commissioned,Electro-chemical battery and chemical storage,Hydrogen storage,65,Norway,59.308129,4.88,null
NGK NaS: Hitachi Automotive Plant,Operational,Electro-chemical battery and chemical storage,Sodium-based battery,9600,Japan,36.3966149,140.53,null
PREPA BESS 2,Offline/Under Repair,Electro-chemical battery and chemical storage,Lead-acid battery,20000,United States,18.3978052,-66.01,Primary Distribution
University of Arizona - Calmac,Operational,Thermal energy storage,Latent heat,3000,United States,32.237685,-110.95,Secondary Distribution
"Graciosa (the Azores) PowerStore Flywheel Project -  Stabilize Voltage and Frequency, hold 18 MWs",Operational,Electro-mechanical energy storage,Flywheel,500,Portugal,39.0524827,-28.0068979,Transmission
Flores (the Azores) PowerStore Flywheel Project - Flywheel-Based Grid Stabilizing Generator,Operational,Electro-mechanical energy storage,Flywheel,500,Portugal,39.4474713,-31.193945,Transmission
Tomamae Wind Farm ,Operational,Electro-chemical battery and chemical storage,Flow battery,4000,Japan,44.3060399,141.65,Transmission
Frades I Pumped Hydro Station,Operational,Electro-mechanical energy storage,Pumped hydro storage,191600,Portugal,41.693192,-8.03,null
NGK NaS: Sunamachi Water Reclamation Center,Operational,Electro-chemical battery and chemical storage,Sodium-based battery,2000,Japan,35.6569697,139.84,null
Huilong Pumped Hydro Storage Station (??????),Operational,Electro-mechanical energy storage,Pumped hydro storage,120000,China,32.990833,112.53,Transmission
Baishan Pumped Hydro Storage Station (??????),Operational,Electro-mechanical energy storage,Pumped hydro storage,1800000,China,42.972097,126.75,null
Pont Ventoux-Susa Hydroelectric Plant,Operational,Electro-mechanical energy storage,Pumped hydro storage,158000,Italy,45.139117,6.97,Transmission
EFDA JET Fusion Flywheel - 400 MWs Supplied From Two Large Flywheels,Operational,Electro-mechanical energy storage,Flywheel,400000,United Kingdom,51.6578355,-1.2320366,Transmission
Ghatghar Pumped Storage Hydroelectric Power Plant,Operational,Electro-mechanical energy storage,Pumped hydro storage,250000,India,19.283333,73.7,Transmission
Tongbai Pumped Storage,Operational,Electro-mechanical energy storage,Pumped hydro storage,1224000,China,30.274085,120.16,Transmission
NGK NaS: Miyagi Water Reclamation Center,Operational,Electro-chemical battery and chemical storage,Sodium-based battery,2000,Japan,35.7597538,139.75,null
Cheongsong Pumped Hydro Power Plant,Operational,Electro-mechanical energy storage,Pumped hydro storage,600000,South Korea,36.4359045,129.06,Transmission
South Pole Telescope BESS,Operational,Electro-chemical battery and chemical storage,Lead-acid battery,500,Antarctica,-77.5247401,166.96,null
Virtua Health Data Center Calnetix (formerly VYCON) Flywheel,Operational,Electro-mechanical energy storage,Flywheel,140,United States ,39.8381698,-74.9648887,Transmission
"San Ramon Smart Energy Matrix FESS - Beacon Power, LLC -  6-kilowatt-hour flywheels",Operational,Electro-mechanical energy storage,Flywheel,100,United States,37.7799273,-121.9780153,Transmission
Yangyang Pumped Storage Power Plant,Operational,Electro-mechanical energy storage,Pumped hydro storage,1000000,South Korea,38.015499,128.55,Transmission
Coral Bay PowerStore Flywheel Project - PowerStore Grid-Stabilizing System,Operational,Electro-mechanical energy storage,Flywheel,500,Australia,-23.1410266,113.7764051,Transmission
NGK NaS: Kita-Tama Ichigo Water Reclamation Center,Operational,Electro-chemical battery and chemical storage,Sodium-based battery,1000,Japan,35.6564348,139.51,null
Nevada Solar One Solar Power Plant,Operational,Thermal energy storage,,64000,United States,35.800172,-114.98,null
Dulles TES Tank for Internet Service Provider,Operational,Thermal energy storage,Sensible heat,0,United States,38.9624899,-77.44,null
"TES Tank for Internet Service Provider Dulles, VA",Operational,Thermal energy storage,Sensible heat,1500,United States,39,-77,Secondary Distribution
Purulia Pumped Storage Hydroelectric Power Plant,Operational,Electro-mechanical energy storage,Pumped hydro storage,900000,India,23.3320779,86.37,null
Wakkanai Megasolar Project,Operational,Electro-chemical battery and chemical storage,Sodium-based battery,1500,Japan,45.4156641,141.67,Transmission
O-I World Headquarters,Operational,Thermal energy storage,Latent heat,250,United States,41.5285417,-83.65,null
Guadeloupe Li-ion Energy to Grid Test,De-Commissioned,Electro-chemical battery and chemical storage,Lithium-ion battery,107,France,16.2411,-61.53,null
Rokkasho Village Wind Farm - Futamata Wind Development,Operational,Electro-chemical battery and chemical storage,Sodium-based battery,34000,Japan,40.9673439,141.37,Transmission
Duquesne University Energy Storage,Operational,Thermal energy storage,Latent heat,600,United States,40.4359724,-79.99,Secondary Distribution
St. Kilian Parish and School,Operational,Thermal energy storage,Latent heat,100,United States,40.683741,-80.07,Secondary Distribution
Penta Career Center Thermal Storage,Operational,Thermal energy storage,Latent heat,750,United States,41.5818,-83.57,Secondary Distribution
Woojin/Maxwell Gyeongsan Test Line,Operational,Electro-chemical battery and chemical storage,Electro-chemical capacitor,525,South Korea,35.8250555,128.74,null
AEP Bluffton NaS Energy Storage System,Operational,Electro-chemical battery and chemical storage,Sodium-based battery,2000,United States,40.8953301,-83.89,Primary Distribution
XCEL NGK MinnWind Wind-to-Battery Project,Operational,Electro-chemical battery and chemical storage,Sodium-based battery,1000,United States,43.6541362,-96.21,Transmission
AEP Milton NaS Battery Energy Storage System,Operational,Electro-chemical battery and chemical storage,Sodium-based battery,2000,United States,38.4345321,-82.13,Primary Distribution
Yixing Pumped Storage,Operational,Electro-mechanical energy storage,Pumped hydro storage,1000000,China,31.340711,119.82,Transmission
"Julich Solar Tower - Kraftanlagen M??nchen; German Aerospace Center, Solar-Institute J??lich",Operational,Thermal energy storage,Heat thermal storage,1500,Germany,50.914,6.387,null
AEP Churubusco NaS Battery Energy Storage System,Operational,Electro-chemical battery and chemical storage,Sodium-based battery,2000,United States,41.2306034,-85.32,Primary Distribution
"Beacon Power 500 kW Flywheel (Tyngsboro, MA) - 0.5 MW Flywheel Energy Storage System",Operational,Electro-mechanical energy storage,Flywheel,500,United States,42.6608824,-71.4067111,Transmission
Institute of Plasma Physics (IPP) Flywheel System -  50 MW Pulse Duration for 2-3 Seconds,Operational,Electro-mechanical energy storage,Flywheel,70000,Czech Republic,50.0755381,14.4378005,Transmission
Antarctica NZ ABB PowerStore Flywheel - Meridian Energy (stabilize both voltage and frequency),Operational,Electro-mechanical energy storage,Flywheel,500,Antarctica,-77.5247401,166.96,Transmission
Altairnano-PJM Lyons Li-ion Battery Ancillary Services Demo,Operational,Electro-chemical battery and chemical storage,Lithium-ion battery,1000,United States,40.4776121,-75.77,null
Zhanghewan Pumped Storage Power Station,Operational,Electro-mechanical energy storage,Pumped hydro storage,1000000,China,37.965032,114.08,Transmission
Kops II Pumped Storage Power Station,Operational,Electro-mechanical energy storage,Pumped hydro storage,525000,Austria,46.9858102,10.03,Transmission
BYD Shenzhen Longgang Demo 2 (???????????????????????????????????????),Operational,Electro-chemical battery and chemical storage,Lithium-ion battery,200,China,22.720358,114.25,null
Pingshan 1MW/1MWh ESS For State Grid Company,Operational,Electro-chemical battery and chemical storage,Lithium-ion battery,1000,China,22.543099,114.06,null
Andasol 2 CSP Solar Power Plant,Operational,Thermal energy storage,Sensible heat,50000,Spain,37.182758,-3.06,null
Enercon Wind Turbine NaS BESS,Operational,Electro-chemical battery and chemical storage,Sodium-based battery,800,Germany,53.3594029,7.21,null
Arlanda Airport Aquifer Thermal Energy Storage,Operational,Thermal energy storage,,10000,Sweden,59.6493133,17.93,null
BYD Demo,Operational,Electro-chemical battery and chemical storage,Lithium-ion battery,1000,China,22.543099,114.06,null
BYD Shenzhen Longgang Demo 2 (???????????????????????????????????????),Operational,Electro-chemical battery and chemical storage,Lithium-ion battery,1000,China,22.720358,114.25,null
Kaheawa Wind Project - Younicos,Operational,Electro-chemical battery and chemical storage,Lead-acid battery,1500,United States,20.7983626,-156.33,Transmission
Horse Island Microgrid Project,Operational,Electro-chemical battery and chemical storage,Lead-acid battery,12,United Kingdom,57.986,-5.345,null
Woojin/Maxwell Daejeon Line 1 - Daedong Station (103),Operational,Electro-chemical battery and chemical storage,Electro-chemical capacitor,1870,South Korea,36.3294157,127.44,null
Holaniku at Keahole Point,Operational,Thermal energy storage,Heat thermal storage,2000,United States,19.7267618,-156.06,null
Los Andes Substation Battery Energy Storage System - AES Gener,Operational,Electro-chemical battery and chemical storage,Lithium-ion battery,12000,Chile,-27.366359,-70.33,Transmission
TAS Texas Cooperative,Operational,Thermal energy storage,Sensible heat,90000,United States,33.218512,-98.16,Primary Distribution
Long Island Bus BESS - New York Power Authority,Operational,Electro-chemical battery and chemical storage,Sodium-based battery,1000,United States,40.7267682,-73.63,Secondary Distribution
"Marble Bar PowerStore Flywheel Project - 2,000 Solar Modules and a Solar Tracking System",Operational,Electro-mechanical energy storage,Flywheel,500,Australia,-21.16493,119.741631,Transmission
China EPRI 100kW/100kWh ESS,Operational,Electro-chemical battery and chemical storage,Lithium-ion battery,100,China,40,116,null
ADWEA NaS BESS,Operational,Electro-chemical battery and chemical storage,Sodium-based battery,8000,United Arab Emirates,24.466667,54.37,null
Extresol 1 Solar Power Plant,Operational,Thermal energy storage,Sensible heat,50000,Spain,38.6194489,-6.8,null
Shiura Wind Park 4.5 MW / 10.5 MWh BESS,Operational,Electro-chemical battery and chemical storage,Lead-acid battery,4500,Japan,41.054513,140.35,null
Presidio NAS Energy Storage System - American Electric Power,Operational,Electro-chemical battery and chemical storage,Sodium-based battery,4000,United States,29.5607383,-104.37,Transmission
Shanghai Caoxi 100kW/80KWh ESS,Operational,Electro-chemical battery and chemical storage,Lithium-ion battery,100,China,31.1744632,121.44,null
100kW/80kWh For Shanghai Electric,Operational,Electro-chemical battery and chemical storage,Lithium-ion battery,100,China,23,114,null
Av??e Pumped Hydro Storage Plant,Operational,Electro-mechanical energy storage,Pumped hydro storage,185000,Slovenia,46.0855,13.67,null
Zhongsheng 100kW/60kWh ESS,Operational,Electro-chemical battery and chemical storage,Lithium-ion battery,100,China,32.060255,118.8,null
La Florida Solar Power Plant,Operational,Thermal energy storage,Sensible heat,49900,Spain,38.814241,-6.84,null
Bonaire Wind-Diesel Hybrid,Operational,Electro-chemical battery and chemical storage,Nickel-based battery,3000,Netherlands,12.1507,-68.28,Transmission
Fotonenboer 't Spieker Dairy Farm,Operational,Electro-chemical battery and chemical storage,Flow battery,10,Netherlands,52.1013808,6.2430783,Secondary Distribution
Heimifeng Pumped Storage Power Station,Operational,Electro-mechanical energy storage,Pumped hydro storage,1200000,China,28.228209,112.94,Transmission
Brooklyn Army Terminal Smart Grid Demonstration Project,Operational,Electro-chemical battery and chemical storage,Lead-acid battery,100,United States,40.6526006,-73.9497211,null
Enel Livorno Test Facility: 10 kW Vanadium Redox Flow,Operational,Electro-chemical battery and chemical storage,Flow battery,10,Italy,43.548473,10.31,null
Woojin/Maxwell Daejeon Line 1 - Cityhall Station (111),Operational,Electro-chemical battery and chemical storage,Electro-chemical capacitor,1400,South Korea,36.3513831,127.39,null
Woojin/Maxwell Daejeon Line 1 - Gapcheon Station (115),Operational,Electro-chemical battery and chemical storage,Electro-chemical capacitor,1400,South Korea,36.3543602,127.35,null
Yuza Wind Farm Battery,Operational,Electro-chemical battery and chemical storage,Lead-acid battery,4500,Japan,39.0146158,139.91,null
SCE Tehachapi Beacon Gen 4 FESS - 100 kW System,Operational,Electro-mechanical energy storage,Flywheel,100,United States,35.1321877,-118.4489739,Transmission
Long Island Power Authority Long Island Smart Energy Corridor,Operational,Electro-chemical battery and chemical storage,Lead-acid battery,8,United States,40.7233004,-73.59,null
EMC Durham Cloud Data Center VYCON Flywheels - Three 675 kW Flywheels,Operational,Electro-mechanical energy storage,Flywheel,4000,United States,35.9940329,-78.898619,Transmission
South Austin Recreational Center Distributed Energy Storage Pilot,Operational,Thermal energy storage,Latent heat,15,United States,30.2415445,-97.76859899,Secondary Distribution
Glendale Water and Power -  Ice Energy,Operational,Thermal energy storage,Latent heat,1500,United States,34.1425078,-118.26,null
100kW/400kWh For Zhongdian Purui,Operational,Electro-chemical battery and chemical storage,Lithium-ion battery,100,China,41,115,null
Koralpe Pumped Storage Power Plant,Operational,Electro-mechanical energy storage,Pumped hydro storage,50000,Austria,46.6407766,14.95,Transmission
Manchasol 2 Solar Power Plant,Operational,Thermal energy storage,Sensible heat,50000,Spain,39.39114,-3.21,null
Manchasol 1 Solar Power Plant,Operational,Thermal energy storage,Sensible heat,50000,Spain,39.39114,-3.21,null
Magellan GPSS - SWR ,Operational,Electro-chemical battery and chemical storage,Lithium-ion battery,25,Australia,-27.5713169,151.9195171,Transmission
Santo Ant??o Solar Micro Grid,Operational,Electro-chemical battery and chemical storage,Lead-acid battery,28,Cape Verde,17.0211993,-25.330719,null
EPRI Energy Storage System Demonstration - BYD,Operational,Electro-chemical battery and chemical storage,Lithium-ion battery,50,United States,35.9603948,-83.9210261,Secondary Distribution
EPRI Energy Storage System Demonstration - Greensmith Energy / International Battery,De-Commissioned,Electro-chemical battery and chemical storage,Lithium-ion battery,50,United States,35.9220262,-84.14,Secondary Distribution
EPRI Energy Storage System - Greensmith Energy / Boston Power ,De-Commissioned,Electro-chemical battery and chemical storage,Lithium-ion battery,25,United States,35.9220262,-84.14,Secondary Distribution
Kahuku Wind Farm - Younicos,De-Commissioned,Electro-chemical battery and chemical storage,Lead-acid battery,15000,United States,21.6659535,-157.94,Transmission
50kW/160KWh For Shanghai Jiaotong University,Operational,Electro-chemical battery and chemical storage,Lithium-ion battery,50,China,31,121,null
Gemasolar Plant ,Operational,Thermal energy storage,Sensible heat,19900,Spain,37.4687376,-5.35,null
Lake Cargelligo Solar Tower,Operational,Thermal energy storage,Heat thermal storage,3000,Australia,-33.2983593,146.37,null
Disney California Adventure,Operational,Thermal energy storage,Sensible heat,2000,United States,33.8153513,-117.93,Secondary Distribution
Hawi Wind Farm BESS - Hawaii Renewable Partners,Operational,Electro-chemical battery and chemical storage,Lithium-ion battery,1000,United States,19.5429151,-155.67,null
Feldsee Pumped Storage Power Plant,Operational,Electro-mechanical energy storage,Pumped hydro storage,140000,Austria,46.9985746,13.04,Transmission
Cheongpyeong Pumped Hydro Power Plant,Operational,Electro-mechanical energy storage,Pumped hydro storage,400000,South Korea,37.8315403,127.51,Transmission
SDG&E Century Park DESS - Greensmith Energy,Operational,Electro-chemical battery and chemical storage,Lithium-ion battery,50,United States,32.8234495,-117.14,Secondary Distribution
EPRI Energy Storage System Demonstration - NEC,Operational,Electro-chemical battery and chemical storage,Lithium-ion battery,25,United States,35.9220262,-84.14,Secondary Distribution
EPRI Energy Storage System Demonstration - Beckett Energy Systems,Operational,Electro-chemical battery and chemical storage,Lithium-ion battery,25,United States,35.9220262,-84.14,Secondary Distribution
Ford Manufacturing Assembly Plant - Xtreme Power,De-Commissioned,Electro-chemical battery and chemical storage,Lead-acid battery,750,United States,42.298855,-83.149457,null
Hampton Wind Park,De-Commissioned,Electro-chemical battery and chemical storage,Lead-acid battery,1000,Australia,-33.6457522,150.05,Primary Distribution
UC San Diego Panasonic / Sanyo Energy System,De-Commissioned,Electro-chemical battery and chemical storage,Lithium-ion battery,30,United States,32.8769207,-117.24,Transmission
Exfob (Tricon) Ft. Devens Military Container,Operational,Electro-chemical battery and chemical storage,Lithium-ion battery,100,United States,42.5370728,-71.62,null
Omarugawa Pumped Hydro Storage Station,Operational,Electro-mechanical energy storage,Pumped hydro storage,1200000,Japan,31.9076736,131.42,null
NEC 4 MW / 1 MWh GSS,Operational,Electro-chemical battery and chemical storage,Lithium-ion battery,4000,United States,33.7513419,-117.99,null
7-Eleven Distributed Energy Storage System (DESS) - ConEdison / Green Charge Networks,Operational,Electro-chemical battery and chemical storage,Lithium-ion battery,100,United States,40.7628254,-73.8343036,Secondary Distribution
Andasol 3 CSP Solar Power Plant,Operational,Thermal energy storage,Sensible heat,50000,Spain,37.163714,-3.07,null
PNM Prosperity Energy Storage Project,Operational,Electro-chemical battery and chemical storage,Lead-acid battery,500,United States,34.986823,-106.61,null
Woojin/Maxwell Seoul Line 7 - Sang-dong Station (756),Operational,Electro-chemical battery and chemical storage,Electro-chemical capacitor,1870,South Korea,37.505802,126.75,null
Inner Mongolia Hulunbuir Village Micro-grid (??????????????????????????????????????????????????????),Operational,Electro-chemical battery and chemical storage,Lithium-ion battery,50,China,49.211575,119.77,null
VCharge Concord Pilot,Operational,Thermal energy storage,Heat thermal storage,175,United States,42.4580676,-71.3599889,null
AES Laurel Mountain,Operational,Electro-chemical battery and chemical storage,Lithium-ion battery,32000,United States,39.002039,-79.89,Transmission
Waiawa High PV Penetration Circuit - Hawaiian Electric Company and University of Hawaii - HNEI,Operational,Electro-chemical battery and chemical storage,Lithium-ion battery,1000,United States,21.4389123,-158,Transmission
China Tianjin EcoCity Project (?????????????????????????????????????????),Operational,Electro-chemical battery and chemical storage,Lithium-ion battery,15,China,39.084158,117.2,null
Yecheon Pumped Storage Power Plant,Operational,Electro-mechanical energy storage,Pumped hydro storage,800000,South Korea,36.6577004,128.45,Transmission
150 kW Jeju Island Demonstration Site - Posco ICT,Operational,Electro-chemical battery and chemical storage,Lead-acid battery,150,South Korea,33.4890113,126.5,null
Termesol 50 (Valle 2) CSP Power Plant,Operational,Thermal energy storage,Sensible heat,50000,Spain,36.605904,-5.8,null
Zhangbei National Wind and Solar Energy Storage and Transmission Demonstration Project (II),Operational,Electro-chemical battery and chemical storage,Lithium-ion battery,4000,China,41.158557,114.72,null
Zhangbei National Wind and Solar Energy Storage and Transmission Demonstration Project (III),Operational,Electro-chemical battery and chemical storage,Lithium-ion battery,1000,China,41.158557,114.72,null
Zhangbei National Wind and Solar Energy Storage and Transmission Demonstration Project (V),Operational,Electro-chemical battery and chemical storage,Flow battery,2000,China,41.158557,114.72,null
Nevada Solar One R&D Project,Operational,Thermal energy storage,Heat thermal storage,100,United States,35.9787638,-114.8337739,null
Zhangbei National Wind and Solar Energy Storage and Transmission Demonstration Project (I),Operational,Electro-chemical battery and chemical storage,Lithium-ion battery,6000,China,41.158557,114.72,null
Rankin Substation Energy Storage Project,De-Commissioned,Electro-chemical battery and chemical storage,Sodium-based battery,402,United States,35.2981943,-81.02,Primary Distribution
Beacon Power - 20 MW plant comprises 200 Beacon Power Series 400 flywheels,Operational,Electro-mechanical energy storage,Flywheel,20000,United States ,42.5539158,-73.3944466,Transmission
Limberg II Pumped Storage Power Station,Operational,Electro-mechanical energy storage,Pumped hydro storage,480000,Austria,47.1592991,12.71,Transmission
Falk??ping Substation Smart Grid - ABB,Operational,Electro-chemical battery and chemical storage,Lithium-ion battery,75,Sweden,58.1631846,13.56,Secondary Distribution
Qingdao XueJiadao Battery Pilot Project (????????????????????????????????????????????????????????????????????),Operational,Electro-chemical battery and chemical storage,Lithium-ion battery,7020,China,36,120,null
Aquion Energy Sodium-Ion Battery for Grid-level Applications,De-Commissioned,Electro-chemical battery and chemical storage,Sodium-based battery,15,United States,40.4687825,-79.97,null
Southern California Edison - HVAC Optimization Program,Operational,Thermal energy storage,Latent heat,750,United States,34.0805651,-118.07,null
INES Project,Operational,Electro-chemical battery and chemical storage,Sodium-based battery,120,France,45.643296,5.87,Transmission
Xcel SolarTAC CES Test,Operational,Electro-chemical battery and chemical storage,Sodium-based battery,25,United States,39.755625,-104.62,Secondary Distribution
Lanai Sustainability Research / La Ola PV Farm - Xtreme Power,Operational,Electro-chemical battery and chemical storage,Lead-acid battery,1125,United States,20.8165975,-156.93,null
Redding Electric Utilities (Phase 1) - Ice Energy,Operational,Thermal energy storage,Latent heat,1000,United States,40.5865396,-122.39,null
Astexol II Solar Power Plant,Operational,Thermal energy storage,Sensible heat,50000,Spain,39,-7,null
Lanzarote PowerStore Flywheel Project  - 18 MWs of energy,Operational,Electro-mechanical energy storage,Flywheel,1600,Spain,28.953154,-13.651196,Primary Distribution
"SDGE Pala SES, GRC ES Program Unit 1",Operational,Electro-chemical battery and chemical storage,Lithium-ion battery,500,United States,33,-117,Primary Distribution
"Kannagawa Hydropower Plant No.1, No. 2",Operational,Electro-mechanical energy storage,Pumped hydro storage,940000,Japan,36,139,null
Univeristy of Corsica MYRTE Test Platform,Operational,Electro-chemical battery and chemical storage,Hydrogen storage,150,France,41.9075304,8.66,null
Aste 1B Solar Power Plant,Operational,Thermal energy storage,Sensible heat,50000,Spain,39,-3,null
Aste 1A Solar Power Plant,Operational,Thermal energy storage,Sensible heat,50000,Spain,39,-3,null
Arcosol 50 (Valle 1),Operational,Thermal energy storage,Sensible heat,50000,Spain,36.605904,-5.8,null
Sun-carrier Omega Net Zero Building in Bhopal,Operational,Electro-chemical battery and chemical storage,Flow battery,45,India,23,77,null
Cal Poly - Amonix / Greensmith Energy,Operational,Electro-chemical battery and chemical storage,Lithium-ion battery,75,United States,34,-118,Secondary Distribution
SMUD High Penetration Solar Pilot Project Anatolia (RES System),De-Commissioned,Electro-chemical battery and chemical storage,Lithium-ion battery,75,United States,38.5472263,-121.24,Secondary Distribution
SMUD High Penetration Solar Pilot Project Anatolia (CES System),De-Commissioned,Electro-chemical battery and chemical storage,Lithium-ion battery,90,United States,38.5520896,-121.24,Secondary Distribution
Ausgrid Smart Grid Smart City (SGSC) Project - RedFlow,De-Commissioned,Electro-chemical battery and chemical storage,Flow battery,200,Australia,-32.9206957,151.68,null
Acciona Energia Innovative Lithium-Ion System (ILIS) Project  ,De-Commissioned,Electro-chemical battery and chemical storage,Lithium-ion battery,1000,Spain,42.06483,-1.61,null
Gram Power Khareda Lakshmipura Microgrid,Operational,Electro-chemical battery and chemical storage,Lead-acid battery,40,India,27.5,76.56,null
Woojin Industrial Systems 2nd Factory,Operational,Electro-chemical battery and chemical storage,Lead-acid battery,150,South Korea,36.5184,126.8,null
Ausgrid Smart Grid Smart City (Scone Project) - RedFlow,De-Commissioned,Electro-chemical battery and chemical storage,Flow battery,100,Australia,-32.0506991,150.87,null
AES Angamos Storage Array,Operational,Electro-chemical battery and chemical storage,Lithium-ion battery,20000,Chile,-23.65,-70.4,Transmission
Slough Zero-Carbon Homes Community Energy Storage,Operational,Electro-chemical battery and chemical storage,Lithium-ion battery,75,United Kingdom,51.52164245,-0.61731975,null
HELCO BESS - Koyo (NELHA),Operational,Electro-chemical battery and chemical storage,Lithium-ion battery,100,United States,19.7173967,-156.05,null
HELCO BESS - West Hawaii Civic Center,Operational,Electro-chemical battery and chemical storage,Lithium-ion battery,100,United States,20,-156,null
Fujian Electric Power Research Institute Mobile Energy Storage Station I,Operational,Electro-chemical battery and chemical storage,Lithium-ion battery,250,China,25.055999,118.19,null
Fujian Electric Power Research Institute Mobile Energy Storage Station II,Operational,Electro-chemical battery and chemical storage,Lithium-ion battery,125,China,25.055999,118.19,null
EaglePicher HQ PowerPyramid,Operational,Electro-chemical battery and chemical storage,Lead-acid battery,1000,United States,37.0944308,-94.53,Secondary Distribution
Pualani Manor- EnSync Energy (formerly ZBB),Operational,Electro-chemical battery and chemical storage,Flow battery,60,United States,21.321448,-157.864271,null
University of Queensland - Redflow M90,De-Commissioned,Electro-chemical battery and chemical storage,Flow battery,90,Australia,-27.4709331,153.02,null
Kaheawa Wind Power Project II - Younicos,Operational,Electro-chemical battery and chemical storage,Lead-acid battery,10000,United States,20.7963889,-156.51,null
Las Cruces - Apollo Solar / Iron Edison,Operational,Electro-chemical battery and chemical storage,Nickel-based battery,48,United States,32.3140354,-106.7798078,null
Danbury Residence - Trace / Iron Edison,Operational,Electro-chemical battery and chemical storage,Nickel-based battery,20,United States,41.394817,-73.45,null
Montezuma Canyon - Apollo Solar / Iron Edison,Operational,Electro-chemical battery and chemical storage,Nickel-based battery,17,United States,37.5998493,-109.2494316,null
Beijing Badaling Solar Tower - Institute of Electrical Engineering of Chinese Academy of Sciences,Operational,Thermal energy storage,Heat thermal storage,1500,China,40.456657,115.97,null
Extresol 2 Solar Power Plant,Operational,Thermal energy storage,Sensible heat,50000,Spain,38.6194489,-6.8,null
Extresol 3 Solar Power Plant,Operational,Thermal energy storage,Sensible heat,50000,Spain,38.6194489,-6.8,null
PG&E Vaca Battery Energy Storage Pilot Project,Operational,Electro-chemical battery and chemical storage,Sodium-based battery,2000,United States,38.3565773,-121.99,Primary Distribution
Grid on Wheels,Operational,Electro-chemical battery and chemical storage,Lithium-ion battery,360,United States,39.6777096,-75.75,null
San Diego Zoo Solar-to-EV Project,Operational,Electro-chemical battery and chemical storage,Lithium-ion battery,100,United States,32.7360673,-117.15,null
InterContinental Hotels Group Stem Energy Optimization System,Operational,Electro-chemical battery and chemical storage,Lithium-ion battery,15,United States,37.7820694,-122.4047432,Secondary Distribution
SDG&E Borrego Springs Microgrid Demonstration Project: Home Energy Storage,Operational,Electro-chemical battery and chemical storage,Lithium-ion battery,24,United States,33.2558717,-116.38,Secondary Distribution
SDG&E Borrego Springs Microgrid Demonstration Project: Community Energy Storage,Operational,Electro-chemical battery and chemical storage,Lithium-ion battery,75,United States,33.2558717,-116.38,Primary Distribution
EnerDel GRESS - FSK St. Petersburg,Operational,Electro-chemical battery and chemical storage,Lithium-ion battery,1500,Russia,59.9342802,30.34,Secondary Distribution
100 kW Furukawa Battery Iwaki Factory ,Operational,Electro-chemical battery and chemical storage,Lead-acid battery,100,Japan,37.0504195,140.89,null
PSE Bellevue Storage Innovation Project,Operational,Electro-chemical battery and chemical storage,Flow battery,500,United States,47.6134732,-122.19,Primary Distribution
Pennsylvania ATLAS (Aggregated Transactive Load Asset),Operational,Thermal energy storage,Heat thermal storage,2010,United States,40.9995386,-75.18,null
Pillar Mountain Wind Project - Xtreme Power,Operational,Electro-chemical battery and chemical storage,Lead-acid battery,3000,United States,57,-153,Transmission
Scripps Ranch Community Center BESS,Operational,Electro-chemical battery and chemical storage,Lithium-ion battery,100,United States,32.928679,-117.08,null
Lem K??r 1.2 MW ESS Demo - Vestas Wind Systems,Operational,Electro-chemical battery and chemical storage,Lithium-ion battery,1200,Denmark,56.0251898,8.38,null
San Fermin Solar BESS,Operational,Electro-chemical battery and chemical storage,Lithium-ion battery,2000,United States,18.4308037,-65.88,null
Kauai Island Utility Cooperative - Xtreme Power,Operational,Electro-chemical battery and chemical storage,Lead-acid battery,1500,United States,21.9066667,-159.47,null
Zhangbei National Wind and Solar Energy Storage and Transmission Demonstration Project (IV),Operational,Electro-chemical battery and chemical storage,Lithium-ion battery,3000,China,41.158557,114.72,null
Younicos and Vattenfall Project: Lithium Ion,Operational,Electro-chemical battery and chemical storage,Lithium-ion battery,200,Germany,52.42726,13.55,Secondary Distribution
Younicos and Vattenfall Project: Sodium Sulfur,Operational,Electro-chemical battery and chemical storage,Sodium-based battery,1000,Germany,52.42726,13.55,Secondary Distribution
Etten-Leur Smart Storage - Enexis,Operational,Electro-chemical battery and chemical storage,Lithium-ion battery,400,Netherlands,51.5922561,4.65,Secondary Distribution
Barclay Tower,Operational,Electro-chemical battery and chemical storage,Lead-acid battery,225,United States,42.6434705,-73.7778297,Secondary Distribution
Port Angeles Landing Mall,De-Commissioned,Electro-chemical battery and chemical storage,Lithium-ion battery,75,United States,48.1139075,-123.42,Secondary Distribution
McAlpine Energy Storage System - Duke Energy / BYD,Operational,Electro-chemical battery and chemical storage,Lithium-ion battery,200,United States,35.2272086,-80.8430827,Primary Distribution
KIUC Port Allen Solar and BESS,Operational,Electro-chemical battery and chemical storage,Lead-acid battery,3000,United States,21.9061111,-159.59,null
Sumba Island Microgrid Project ,Operational,Electro-chemical battery and chemical storage,Flow battery,400,Indonesia,-9.6993439,119.97,null
Qatar Science & Technology Park - BYD,Operational,Electro-chemical battery and chemical storage,Lithium-ion battery,250,Qatar,25.27639325,51.51158611,null
Marshall Steam Station Energy Storage Project,Operational,Electro-chemical battery and chemical storage,Lithium-ion battery,250,United States,35.6204121,-80.9864655,Primary Distribution
Southwest Jiaotong University 100kW/100kWh ESS,Operational,Electro-chemical battery and chemical storage,Lithium-ion battery,100,China,30.572269,104.07,null
Texas Dispatchable Wind - 2.0MW Wind Generation Project Located in West Texas,Operational,Electro-mechanical energy storage,Compressed air energy storage,2000,United States,32.7189926,-102.6449101,Primary Distribution
Notrees Battery Storage Project - Duke Energy,Operational,Electro-chemical battery and chemical storage,Lithium-ion battery,36000,United States,31.9819386,-102.61,Transmission
Energy Storage Holdings Altair ALTI-ESS,Operational,Electro-chemical battery and chemical storage,Lithium-ion battery,1800,United States,40.0583238,-74.41,null
EDF EN Gabardone Project,Operational,Electro-chemical battery and chemical storage,Sodium-based battery,20,France,43,3,null
ADEME Intelligent Electricity Networks - Industrial Area Demonstration,Operational,Electro-chemical battery and chemical storage,Lithium-ion battery,3300,France,43.6040202,1.48,null
"Gasfinolhu Island Resort - T&D Water Technologies and Development (with Nidec ASI, FIAMM, ABB)",Operational,Electro-chemical battery and chemical storage,Sodium-based battery,600,Maldives,4,74,null
SMUD Solar EV Charge Port,Operational,Electro-chemical battery and chemical storage,Sodium-based battery,50,United States,38.553074,-121.43,Secondary Distribution
ShoEi Foods Stem PowerStore System,Operational,Electro-chemical battery and chemical storage,Lithium-ion battery,72,United States,39,-122,null
Siah Bishe Pumped Storage Power Plant,Operational,Electro-mechanical energy storage,Pumped hydro storage,1040000,Iran,36.198,51.321,Transmission
SMUD Galt Advanced Feeder Demo ESS,Operational,Electro-chemical battery and chemical storage,Lithium-ion battery,500,United States,38.2546373,-121.3,Secondary Distribution
EnBW Stuttgart Hydrogen Testing Facility,Operational,Electro-chemical battery and chemical storage,Hydrogen storage,400,Germany,48.7754181,9.18,null
Port Hueneme Naval Facility - EnSync Energy (formerly ZBB),De-Commissioned,Electro-chemical battery and chemical storage,Flow battery,25,United States,34.1477829,-119.2,null
LIRR Malverne WESS: Maxwell Technologies,Operational,Electro-chemical battery and chemical storage,Electro-chemical capacitor,1000,United States,40.6754071,-73.67,null
Toronto Hydro CES Project - eCAMION ,Operational,Electro-chemical battery and chemical storage,Lithium-ion battery,500,Canada,43.7306345,-79.49,Primary Distribution
Isle of Muck Microgrid System,Operational,Electro-chemical battery and chemical storage,Lead-acid battery,45,United Kingdom,56.83582,-6.23917,Primary Distribution
Termosol 1 Solar Power Plant,Operational,Thermal energy storage,Sensible heat,50000,Spain,39.192614,-5.58,null
Termosol 2 Solar Power Plant,Operational,Thermal energy storage,Sensible heat,49000,Spain,39.089699,-5.46,null
Caceres Solar Power Plant,Operational,Thermal energy storage,Sensible heat,50000,Spain,40.0830699,-6.25,Transmission
Battelle Memorial Institute 5 MW / 1.25 MWh Pacific Northwest Smart Grid Demonstration ,Operational,Electro-chemical battery and chemical storage,Lithium-ion battery,5000,United States,44.9428975,-123.04,null
PSU GridSTAR Microgrid Test Center,Operational,Electro-chemical battery and chemical storage,Lithium-ion battery,250,United States,39.892936,-75.172169,null
Orkney Storage Park Project,Operational,Electro-chemical battery and chemical storage,Lithium-ion battery,2000,United Kingdom,58.984674,-2.96,null
Solar Grid Storage Hackettstown,Operational,Electro-chemical battery and chemical storage,Lithium-ion battery,250,United States,40.8553203,-74.82497512,null
Solar Grid Storage Denville,Operational,Electro-chemical battery and chemical storage,Lithium-ion battery,250,United States,40.8922694,-74.4774255,null
Jeju SmartGrid Jocheon Substation ESS Test,Operational,Electro-chemical battery and chemical storage,Lithium-ion battery,4000,South Korea,33.532445,126.68,null
BC Hydro Field Battery Energy Storage,Operational,Electro-chemical battery and chemical storage,Sodium-based battery,1000,Canada,51.395609,-116.49,Transmission
"E.ON Power to Gas"" Pilot Plant Falkenhagen""",Operational,Electro-chemical battery and chemical storage,Hydrogen storage,1000,Germany,53.2064644,12.2326645,Secondary Distribution
Gangneung Low Carbon Green City: Experience Center,Operational,Electro-chemical battery and chemical storage,Lithium-ion battery,100,South Korea,38,129,null
"Bi-directional EV Charging Stations, LA",Operational,Electro-chemical battery and chemical storage,Lithium-ion battery,15,United States,34,-118,null
NRECA/CRN - Distributed Energy Storage Research Project (Great River Energy),Operational,Thermal energy storage,Heat thermal storage,15,United States,45.0954787,-93.44,Secondary Distribution
NRECA/CRN - Distributed Energy Storage Research Project (Federated),Operational,Electro-chemical battery and chemical storage,Lead-acid battery,5,United States,43.670011,-95.1500626,Secondary Distribution
NRECA/CRN - Distributed Energy Storage Research Project (Meeker),Operational,Electro-chemical battery and chemical storage,Lead-acid battery,5,United States,45.1271847,-94.5280474,Secondary Distribution
NRECA/CRN: Distributed Energy Storage Research Project (Minnesota Valley Electric),Operational,Electro-chemical battery and chemical storage,Lead-acid battery,32,United States,44.6671365,-93.61,Secondary Distribution
NRECA/CRN - Distributed Energy Storage Research Project (Wright-Hennepin),Operational,Electro-chemical battery and chemical storage,Lead-acid battery,64,United States,45.0927233,-93.75,Secondary Distribution
New Belgium Brewery  - City of Fort Collins Utilities,Operational,Thermal energy storage,Latent heat,135,United States,40.59335825,-105.0678422,Primary Distribution
Northern Powergrid CLNR ESS2-1,Operational,Electro-chemical battery and chemical storage,Lithium-ion battery,100,United Kingdom,54.5318057,-1.5524558,Secondary Distribution
Northern Powergrid CLNR EES1,Operational,Electro-chemical battery and chemical storage,Lithium-ion battery,2500,United Kingdom,54.5458828,-1.56,Primary Distribution
Northern Powergrid CLNR ESS2-2,Operational,Electro-chemical battery and chemical storage,Lithium-ion battery,100,United Kingdom,55.4221183,-1.6784563,Secondary Distribution
Northern Powergrid CLNR ESS3-1,Operational,Electro-chemical battery and chemical storage,Lithium-ion battery,50,United Kingdom,54.550091,-1.543956671,Secondary Distribution
Northern Powergrid CLNR EES3-2,Operational,Electro-chemical battery and chemical storage,Lithium-ion battery,50,United Kingdom,55.5458505,-2.0147556,Secondary Distribution
Northern Powergrid CLNR ESS3-3,Operational,Electro-chemical battery and chemical storage,Lithium-ion battery,50,United Kingdom,53.41831,-1.1866221,Secondary Distribution
Dynapower Headquarters - Enersys,Operational,Electro-chemical battery and chemical storage,Lead-acid battery,250,United States,44.440095,-73.15234,null
Zerobase Ocean Vodka PV Microgrid,Operational,Electro-chemical battery and chemical storage,Lithium-ion battery,100,United States,21,-156,null
Konterra Realty HQ (Laurel) ESS,Operational,Electro-chemical battery and chemical storage,Lithium-ion battery,500,United States,39.087324,-76.9,null
SCE Irvine Smart Grid Demonstration: RESU,Operational,Electro-chemical battery and chemical storage,Lithium-ion battery,56,United States,33.6387024,-117.84,Secondary Distribution
ATK Launch Systems Microgrid EaglePicher BESS,Operational,Electro-chemical battery and chemical storage,Lead-acid battery,300,United States,41.65921,-112.44,null
Passivhaus 50kW/130kWh ESS,Operational,Electro-chemical battery and chemical storage,Lithium-ion battery,50,Switzerland,46.9479222,7.44,null
Arenales CSP Plant,Operational,Thermal energy storage,Sensible heat,50000,Spain,37.161774,-5.54,null
GE Tehachapi Wind Durathon Battery Project - Invenergy,Operational,Electro-chemical battery and chemical storage,Sodium-based battery,300,United States,31.6137467,-98.57,Transmission
Energy Storage Holdings - NextEra,Operational,Electro-chemical battery and chemical storage,Lithium-ion battery,1800,United States,39.8318378,-75.19,null
Tibet Ali 2MW/5.32MWh Microgrid,Operational,Electro-chemical battery and chemical storage,Lithium-ion battery,2000,China,32.501111,80.11,null
Almacena Lithium Ion Battery,Operational,Electro-chemical battery and chemical storage,Lithium-ion battery,1000,Spain,37.471274,-5.64,null
Casablanca Solar Power Plant,Operational,Thermal energy storage,Sensible heat,50000,Spain,39.0345808,-5.23,Transmission
Endesa: V2G,Operational,Electro-chemical battery and chemical storage,Lithium-ion battery,80,Spain,36.721261,-4.42,null
Fort Hunter Liggett Battery Storage Project,Operational,Electro-chemical battery and chemical storage,Lithium-ion battery,1000,United States,36.0079494,-121.24,null
Green Charge Networks Lithium Ion Distributed Energy Storage System at 7-Eleven,Operational,Electro-chemical battery and chemical storage,Lithium-ion battery,100,United States,40.74502245,-73.77704494,Secondary Distribution
La Guardia Airport Avis Car Rental - Green Charge Networks,Operational,Electro-chemical battery and chemical storage,Lithium-ion battery,100,United States,40.7737328,-73.8871546,Secondary Distribution
Vestas Lem K??r ESS Demo 400 kW,Operational,Electro-chemical battery and chemical storage,Lithium-ion battery,400,Denmark,56.0251898,8.38,null
Ice Energy project at 1200 W Ogden Ave,Operational,Thermal energy storage,Latent heat,10,United States,41.7817857,-88.17266312,null
St Charles City Purchasing Department - Ice Energy,Operational,Thermal energy storage,Latent heat,10,United States,41.9036415,-88.3033342,null
Ice Energy project at 1028 Central St.,Operational,Thermal energy storage,Latent heat,10,United States,42.064113,-87.685746,null
Shakopee Public Utilities- Environmental Learning Center,Operational,Electro-chemical battery and chemical storage,Lead-acid battery,9,United States,44.7980186,-93.5268986,Secondary Distribution
Ice Energy project at 7211 S. 16TH ST,Operational,Thermal energy storage,Latent heat,10,United States,33.38103821,-112.0472164,null
iZEUS ????? Intelligent Zero Emission Urban System,De-Commissioned,Electro-chemical battery and chemical storage,Lithium-ion battery,150,Germany,48.7433425,9.32,null
UEP CCNY Demonstration,Operational,Electro-chemical battery and chemical storage,Flow battery,100,United States,40.81819805,-73.95100898,Secondary Distribution
Netlab2 Sonderbuch,Operational,Electro-chemical battery and chemical storage,Lithium-ion battery,30,Germany,48.23081,9.46,null
Ice Energy project at 27140 Eucalyptus Ave Suite A,Operational,Thermal energy storage,Latent heat,10,United States,33.937517,-117.2305944,null
Ice Energy project at 27130 Eucalyptus Ave Ste D,Operational,Thermal energy storage,Latent heat,20,United States,33.937517,-117.2305944,null
Ice Energy project at 27110 Eucalyptus Ave ste E,Operational,Thermal energy storage,Latent heat,10,United States,33.937517,-117.2305944,null
Ice Energy project at 27120 Eucalyptus Ave Ste B,Operational,Thermal energy storage,Latent heat,20,United States,33.937517,-117.2305944,null
Kohl's Department Store - Ice Energy,Operational,Thermal energy storage,Latent heat,20,United States,40.592158,-122.35,null
Ice Energy project at 950 Twin View Blvd,Operational,Thermal energy storage,Latent heat,20,United States,40.62084286,-122.3703527,null
Ice Energy project at 1894 Churn Creek Rd ,Operational,Thermal energy storage,Latent heat,120,United States,40.58114683,-122.3543054,null
Ice Energy project at 729 North Dalton Ave.,Operational,Thermal energy storage,Latent heat,40,United States,34.13571985,-117.9050175,null
San Francisco Residence - Ice Energy,Operational,Thermal energy storage,Latent heat,20,United States,37.7169711,-122.41,null
Ice Energy project at 348 Boston Post Road,Operational,Thermal energy storage,Latent heat,10,United States,41.26218375,-73.00631746,null
Ice Energy project at 385 Boston Post Road,Operational,Thermal energy storage,Latent heat,10,United States,41.26140035,-73.00910026,null
Rustenburg VRLA Project,Operational,Electro-chemical battery and chemical storage,Lead-acid battery,10,South Africa,-26,27,Secondary Distribution
Redding Subaru - Ice Energy,Operational,Thermal energy storage,Latent heat,30,United States,40.5706464,-122.36,null
Valley Ace Hardware - Ice Energy,Operational,Thermal energy storage,Latent heat,30,United States,40.564228,-122.35,null
Mountain View Medical Group - Ice Energy,Operational,Thermal energy storage,Latent heat,30,United States,40.5800399,-122.39,null
Angelo's Pizza Parlor - Ice Energy,Operational,Thermal energy storage,Latent heat,20,United States,40.5812156,-122.39,null
The Old Pine St Schoolhouse (Cheesecakes Unlimited Restaurant) - Ice Energy,Operational,Thermal energy storage,Latent heat,40,United States,40.5885906,-122.39,null
DIY ESS - 5kWh LiFePO4,Operational,Electro-chemical battery and chemical storage,Lithium-ion battery,2,France,48.8588897,2.320041022,null
SmartRegion Pellworm (Lithium-Ion),Operational,Electro-chemical battery and chemical storage,Lithium-ion battery,560,Germany,54.523474,8.67,Secondary Distribution
SmartRegion Pellworm (Vanadium Redox Flow),Operational,Electro-chemical battery and chemical storage,Flow battery,200,Germany,54.523826,8.67,Secondary Distribution
Wright-Hennepin Solar Community,Operational,Electro-chemical battery and chemical storage,Lead-acid battery,37,United States,45.0880899,-93.72,Secondary Distribution
Solana Solar Generating Plant,Operational,Thermal energy storage,Sensible heat,280000,United States,32.918396,-112.97,Transmission
"SustainX Inc Isothermal Compressed Air Energy Storage - 1.5MW pilot system in Seabrook, New Hampshire",Operational,Electro-mechanical energy storage,Compressed air energy storage,1500,United States,42.9006942,-70.8816111,Transmission
SkyGrid Energy,Operational,Electro-chemical battery and chemical storage,Lithium-ion battery,100,United States,20.2293206,-155.7985278,null
GM E-Motor Charging Station & Microgrid,Operational,Electro-chemical battery and chemical storage,Lithium-ion battery,30,United States,39,-76,null
Wilson Creek Winery - Ice Energy,Operational,Thermal energy storage,Latent heat,210,United States,33.54781,-117.05,null
PVCROPS  Evora Demonstration Flow Battery Project,Operational,Electro-chemical battery and chemical storage,Flow battery,5,Portugal,39,-8,null
"Portland Maine ATLAS (Aggregated Transactive Load Asset) - VCharge, Inc.",Operational,Thermal energy storage,Heat thermal storage,300,United States,44,-70,null
Ice Energy project at 20th Street West,Operational,Thermal energy storage,Latent heat,10,United States,34.6738959,-118.1656437,null
Ice Energy project at 33317 Santiago Road,Operational,Thermal energy storage,Latent heat,10,United States,34.6981064,-118.1366153,null
Ice Energy project at 1228 West Ave I,Operational,Thermal energy storage,Latent heat,10,United States,34.70350265,-118.152086,null
Endesa STORE: La Gomera Project -  Flywheel With Total Installed Capacity of 0.5MW/18MWs,Operational,Electro-mechanical energy storage,Flywheel,500,Spain,28.0271769,-17.2006914,Secondary Distribution
29 Palms Durathon Battery Project,Operational,Electro-chemical battery and chemical storage,Sodium-based battery,500,United States,33.8302961,-116.55,null
Ray Power Systems Beijing Frequency Regulation Project,Operational,Electro-chemical battery and chemical storage,Lithium-ion battery,2000,China,39.904336,116.41,null
Allegheny Power Demonstration Project (RDSI) - West Virginia Super Circuit,Operational,Electro-chemical battery and chemical storage,Lithium-ion battery,24,United States,39.629526,-79.96,Secondary Distribution
World Journal Stem PowerStore System,Operational,Electro-chemical battery and chemical storage,Lithium-ion battery,36,United States,38,-122,null
Bucknell University Thermal Energy Storage,Operational,Thermal energy storage,Sensible heat,1000,United States,40.9645293,-76.88,null
Sandia National Solar Thermal Test Facility Molten Salt Loop,Operational,Thermal energy storage,Sensible heat,1400,United States,34.9635,-106.51,Secondary Distribution
Reisseck II Pumped Storage Power Plant,Operational,Electro-mechanical energy storage,Pumped hydro storage,430000,Austria,47.0791667,13.34,null
15 MW Energy Storage at Volklingen-Fenne Cogeneration Plant - STEAG GmbH,Contracted,Electro-chemical battery and chemical storage,Lithium-ion battery,15000,Germany,49.2489783,6.88,Transmission
1 MW LESSY Volklingen-Fenne Power Plant - STEAG,Operational,Electro-chemical battery and chemical storage,Lithium-ion battery,1000,Germany,49.2556226,6.86,null
Sumitomo EV Battery,Operational,Electro-chemical battery and chemical storage,Lithium-ion battery,600,Japan,34.6937378,135.5,null
UCSD BMW 2nd Life EV Energy Storage System,Operational,Electro-chemical battery and chemical storage,Lithium-ion battery,108,United States,32.8769207,-117.24,null
NEC 500kW/125kWh GSS- Hangzhou China,Operational,Electro-chemical battery and chemical storage,Lithium-ion battery,500,China,30.5483388,119.77,null
St. Petersburg Solar Parks Project - EnSync Energy (formerly ZBB),Operational,Electro-chemical battery and chemical storage,Flow battery,25,United States,28,-83,null
CERTS Test Bed ESS,Operational,Electro-chemical battery and chemical storage,Lithium-ion battery,100,United States,40,-83,null
Smart Operator Kisselbach Pb,Operational,Electro-chemical battery and chemical storage,Lead-acid battery,75,Germany,50,8,Primary Distribution
Walgreens - Green Charge Network,Operational,Electro-chemical battery and chemical storage,Lithium-ion battery,27,United States,41,-74,null
49er Stadium Green Charge Networks GreenStation,Operational,Electro-chemical battery and chemical storage,Lithium-ion battery,30,United States,37.4016481,-122.0076931,Secondary Distribution
Redwood City Public Library Green Charge Networks Greenstation,Operational,Electro-chemical battery and chemical storage,Lithium-ion battery,30,United States,37.52997315,-122.2580937,null
SDG&E Julian - S&C / Kokam,Operational,Electro-chemical battery and chemical storage,Lithium-ion battery,1000,United States,33.0786552,-116.6,Primary Distribution
SDG&E Carmel Valley - Saft / ABB,Operational,Electro-chemical battery and chemical storage,Lithium-ion battery,1000,United States,32.9436607,-117.21,Primary Distribution
Goldthwaite Storage-Invenergy,Operational,Electro-chemical battery and chemical storage,Sodium-based battery,600,United States,31.4498855,-98.57,null
Eumseong ESS Project - Korea Institute of Energy Technology Evaluation and Planning,Operational,Electro-chemical battery and chemical storage,Lithium-ion battery,1000,South Korea,36.9396792,127.69,null
CSU Fullerton Greenstation - Green Charge Networks,Operational,Electro-chemical battery and chemical storage,Lithium-ion battery,480,United States,33.8800938,-117.89,null
Carros NICE GRID Primary Substation Battery (PSB) Project,Operational,Electro-chemical battery and chemical storage,Lithium-ion battery,1100,France,43.792389,7.19,Primary Distribution
Swiss Dual-Circuit Redox Flow Battery,Operational,Electro-chemical battery and chemical storage,Flow battery,10,Switzerland,46.1146883,7.084424,null
NREL American Vanadium CellCube Test Site,Operational,Electro-chemical battery and chemical storage,Flow battery,20,United States,39.7408399,-105.17,null
30 kW / 300 kWh DMG Mori Seiki Headquarters,Operational,Electro-chemical battery and chemical storage,Flow battery,30,Japan,35.7090259,139.73,null
Tehachapi Wind Energy Storage Project - Southern California Edison,Operational,Electro-chemical battery and chemical storage,Lithium-ion battery,8000,United States,35.036143,-118.28,Transmission
Ait Baha Plant Thermal Storage - Airlight Energy ,Operational,Thermal energy storage,Heat thermal storage,650,Morocco,30.218837,-9.15,null
CuisinArt Resort Solar Plus Storage Microgird,Operational,Electro-chemical battery and chemical storage,Lithium-ion battery,500,Anguilla,18.1758569,-63.11,Secondary Distribution
Annobon Island Microgrid,Operational,Electro-chemical battery and chemical storage,Sodium-based battery,5000,Equatorial Guinea,-1.4221087,5.62,null
Kyogoku Pumped Hydro Power Station (Unit 1),Operational,Electro-mechanical energy storage,Pumped hydro storage,200000,Japan,42.8582077,140.88,null
State of North Carolina - DN Tanks,Operational,Thermal energy storage,Sensible heat,2590,United States,35.7749644,-78.64,null
Stored Energy Integration Facility (SEIF),Operational,Electro-chemical battery and chemical storage,Lead-acid battery,150,Australia,-32.884454,151.73,Secondary Distribution
Lee DeKalb Energy Storage - NextEra,Operational,Electro-chemical battery and chemical storage,Lithium-ion battery,20000,United States,41.9294736,-88.75,null
Smart Operator Wincheringen Pb,Operational,Electro-chemical battery and chemical storage,Lead-acid battery,15,Germany,50,6,Primary Distribution
2.2 MW Pando Project ESS,Operational,Electro-chemical battery and chemical storage,Lithium-ion battery,2200,Bolivia,-10.7988901,-67,null
Thomastown Network 1 MW Lithium-ion Trial - AusNet Services,Operational,Electro-chemical battery and chemical storage,Lithium-ion battery,1000,Australia,-37.6811991,145.01,null
300 kW Seoul Grand Park ESS,Operational,Electro-chemical battery and chemical storage,Lithium-ion battery,300,South Korea,37.429246,126.99,null
KTX (Train station #1 and #2) - SmartGrid.or.kr,Operational,Electro-chemical battery and chemical storage,Lithium-ion battery,1000,South Korea,37.6824891,126.77,null
Daesung Energy Daegu Smart Grid Project (Cogeneration plant) - SmartGrid.or.kr & Hyundai Autoever,Operational,Electro-chemical battery and chemical storage,Lithium-ion battery,1000,South Korea,35.866353,128.59,null
Iksan ESS - LG Chem,Operational,Electro-chemical battery and chemical storage,Lithium-ion battery,3000,South Korea,35.9482858,126.96,null
Small Commercial Storage: Remote Telecomunications Base Station,Operational,Electro-chemical battery and chemical storage,Lead-acid battery,20,Australia,-34.4243941,150.89385,null
"LA Metro Wayside Flywheel Energy Storage System - 2 MW Flywheel Based Energy Storage System,",Operational,Electro-mechanical energy storage,Flywheel,2000,United States,34.05637,-118.274883,Secondary Distribution
GridSolar Boothbay Pilot Project: Thermal Storage (Peak Shaving),Operational,Thermal energy storage,Latent heat,221,United States,43.8764706,-69.6336571,Transmission
Blue Solutions - Bluezone Cacavelli 140kWc Solar Power Plant,Operational,Electro-chemical battery and chemical storage,Lithium-ion battery,90,Togo,6.1219213,1.1153379,Transmission
LJW Solar: Small Commercial Storage: Peak Shaving And Solar Self-Consumption,Operational,Electro-chemical battery and chemical storage,Lead-acid battery,20,Australia,-33.6876398,151.0267199,null
RES Amphora,Operational,Electro-chemical battery and chemical storage,Lithium-ion battery,4000,Canada,42.955129,-81.61,Primary Distribution
South Coast Air Quality Management District - CODA BESS 1+2,Operational,Electro-chemical battery and chemical storage,Lithium-ion battery,1000,United States,34.141763,-118,Primary Distribution
Butte College Green Charge Networks GreenStation,Operational,Electro-chemical battery and chemical storage,Lithium-ion battery,30,United States,39.71577024,-121.79542,Secondary Distribution
Green Charge Networks (43rd Street Site 1),Operational,Electro-chemical battery and chemical storage,Lithium-ion battery,27,United States,40.76177471,-73.99825214,Secondary Distribution
Green Charge Networks (43rd Street Site 2),Operational,Electro-chemical battery and chemical storage,Lithium-ion battery,27,United States,40.76177471,-73.99825214,Secondary Distribution
Green Charge Networks (43rd Street Site 3),Operational,Electro-chemical battery and chemical storage,Lithium-ion battery,27,United States,40.76177471,-73.99825214,Secondary Distribution
Blue Solutions - Bluezone Kaloum 140kWc Solar Power Plant,Operational,Electro-chemical battery and chemical storage,Lithium-ion battery,90,Guinea,9.517125,-13.4226917,Transmission
"BAI Broadcast Tower, Muswellbrook, Australia",Operational,Electro-chemical battery and chemical storage,Lead-acid battery,14,Australia,-32.2673747,150.8903015,null
NRStor Minto Flywheel Energy Storage Project - 2 MW of Frequency Regulation Services,Operational,Electro-mechanical energy storage,Flywheel,2000,Canada,43.9180476,-80.8841675,Primary Distribution
Beacon Power 20 MW Flywheel Frequency Regulation Plant - 200 Beacon Power Series 400 flywheels,Operational,Electro-mechanical energy storage,Flywheel,20000,United States,40.9568399,-76.0275859,Transmission
Mainstream Renewable Power - 2000 kW,Operational,Electro-mechanical energy storage,Flywheel,2000,Ireland,53.41291,-8.24389,Transmission
Mackerel Islands (Thevenard Island) Solar Plus Storage,Operational,Electro-chemical battery and chemical storage,Lithium-ion battery,325,Australia,-21.637849,115.11,null
Camp Pendleton Fractal Grid Demonstration - 30kW,Operational,Electro-mechanical energy storage,Flywheel,30,United States,33.4209412,-117.4321452,Secondary Distribution
Toronto Hydrostor UCAES Demonstration Facility - 1 MW/4 MWh Demonstration Facility,Operational,Electro-mechanical energy storage,Compressed air energy storage,1000,Canada,43.582387,-79.416845,Transmission
Kazunogawa (No.4) Pump Expansion,Operational,Electro-mechanical energy storage,Pumped hydro storage,400000,Japan,35.6641575,138.57,null
GridSolar Boothbay Pilot Project: Thermal Storage (Demand Response),Operational,Thermal energy storage,Latent heat,29,United States,43.8764706,-69.6336571,Transmission
Customer Project,Operational,Electro-chemical battery and chemical storage,Lithium-ion battery,55,Germany,49,7,null
Slepe Farm: Solar + 250 kWh storage - Farm Power Apollo,Operational,Electro-chemical battery and chemical storage,Lithium-ion battery,598,United Kingdom,50.739014,-2.1,null
"Smart ZAE Flywheel Project - COFELY INEO - 170kWp of Solar panels, 15kW of Wind Generation",Operational,Electro-mechanical energy storage,Flywheel,100,France,43.6487455,1.4638675,Secondary Distribution
Bosch Braderup ES Facility: Li-Ion Battery,Operational,Electro-chemical battery and chemical storage,Lithium-ion battery,2000,Germany,54.83235,8.9,Primary Distribution
Monrovia South Coast Air Quality Management District BESS 3 - CODA Energy Holdings,Operational,Electro-chemical battery and chemical storage,Lithium-ion battery,510,United States,34.141845,-118,Secondary Distribution
St Paul Island Wind/Diesel/Beacon Flywheel Power Plant Demonstration - TDX Power 160 kW,Operational,Electro-mechanical energy storage,Flywheel,160,United States ,57.1224981,-170.2799461,Transmission
"Smart Polygeneration Microgrid, Univeristy of Genoa",Operational,Electro-chemical battery and chemical storage,Sodium-based battery,63,Italy,44.2334238,8.252572737,null
Smarter Network Storage,Operational,Electro-chemical battery and chemical storage,Lithium-ion battery,6000,United Kingdom,51.9174658,-0.65,Primary Distribution
Blue Solutions - Bluezone Dosso 70kWc Solar Power Plant,Operational,Electro-chemical battery and chemical storage,Lithium-ion battery,45,Niger,13.235012,3.1051625,Transmission
Xianju (??????) Pumped Storage Power Station,Operational,Electro-mechanical energy storage,Pumped hydro storage,1500000,China,28.846926,120.73,null
San Diego Repertory - Stem,Operational,Electro-chemical battery and chemical storage,Lithium-ion battery,36,United States,32.7145351,-117.16,null
"500 kW Kashiwa Smart City Hitachi Li-ion AEMS - Mitsui Fudosan Co., Ltd.",Operational,Electro-chemical battery and chemical storage,Lithium-ion battery,500,Japan,36,140,null
Linthal 2015 (Linth-Limmern Expansion) Pumped Hydro Storage Power Plant,Operational,Electro-mechanical energy storage,Pumped hydro storage,1000000,Switzerland,46.9218287,9,null
Crescent Dunes Solar Energy Project,Operational,Thermal energy storage,Sensible heat,110000,United States,38.237766,-117.38,Transmission
UCSD - Maxwell Technologies Ultracapacitor Bank,Operational,Electro-chemical battery and chemical storage,Electro-chemical capacitor,28,United States,32.8769207,-117.24,Primary Distribution
Salamonde II Pumped Hydro Station,Operational,Electro-mechanical energy storage,Pumped hydro storage,211000,Portugal,41.689967,-8.09,null
"Terna Storage Lab 2, Sicily (1)",Operational,Electro-chemical battery and chemical storage,Lithium-ion battery,1000,Italy,38,14,Transmission
"Terna Storage Lab 2, Sicily (3)",Operational,Electro-chemical battery and chemical storage,Lithium-ion battery,1000,Italy,38,14,Transmission
"Terna Storage Lab 2, Sicily (4)",Operational,Electro-chemical battery and chemical storage,Lithium-ion battery,1000,Italy,38,14,Transmission
"Terna Storage Lab 2, Sicily (5)",Operational,Electro-chemical battery and chemical storage,Sodium-based battery,1200,Italy,38,14,Transmission
"Terna Storage Lab 2, Sicily (2)",Operational,Electro-chemical battery and chemical storage,Lithium-ion battery,900,Italy,37.8803139,13.55343139,Transmission
Okinawa Battery System,Operational,Electro-chemical battery and chemical storage,Lead-acid battery,1500,United States,26.3344266,127.81,null
Peak Shaving Battery at BMW Technology,Operational,Electro-chemical battery and chemical storage,Lithium-ion battery,100,United States,37.4231222,-122.0946938,null
"BJ's Wholesale Club - SolarCity / Direct Energy - (Framingham, MA)",Operational,Electro-chemical battery and chemical storage,Lithium-ion battery,200,United States,42,-71,null
Moora Moora: Residential Storage: 100% Off-grid Community,Operational,Electro-chemical battery and chemical storage,Lead-acid battery,20,Australia,-37.7183444,145.561431,null
GridSolar Boothbay Pilot Project: BESS,Operational,Electro-chemical battery and chemical storage,Lead-acid battery,500,United States,43.8993343,-69.62,Transmission
Terna SANC Project (3),Operational,Electro-chemical battery and chemical storage,Sodium-based battery,10800,Italy,41.0911341,15.3,Transmission
Terra Verde/SolarCity - Burton School District Energy Storage & PV Project,Contracted,Electro-chemical battery and chemical storage,Lithium-ion battery,360,United States,36.06523,-119.02,Transmission
Natural Energy Laboratory of Hawaii Authority (NELHA) - Aquion Energy,Operational,Electro-chemical battery and chemical storage,Sodium-based battery,10,United States,19.641941,-155.996933,null
FerroSmartGrid - Recuperation/Interoperability Node,Operational,Electro-chemical battery and chemical storage,Electro-chemical capacitor,50,Spain,36.7086133,-4.44,Secondary Distribution
LIRR Malverne WESS: Ioxus,Operational,Electro-chemical battery and chemical storage,Electro-chemical capacitor,1000,United States,40.6754071,-73.67,null
Saft 232 kWh BESS Arctic Circle,Operational,Electro-chemical battery and chemical storage,Lithium-ion battery,1100,Canada,67.0386393,-126.09,Primary Distribution
Powertree Services San Francisco One,Operational,Electro-chemical battery and chemical storage,Lithium-ion battery,3264,United States,37.7749295,-122.42,null
SCE Irvine Smart Grid Demonstration: Containerized Distributed Storage Unit,Operational,Electro-chemical battery and chemical storage,Lithium-ion battery,2000,United States,33.6588951,-117.83,null
"Cedarvale: Small Commercial Storage: Health Retreat, Kangaroo Valley",Operational,Electro-chemical battery and chemical storage,Lead-acid battery,20,Australia,-34.7351573,150.5325429,null
Shin-Yongin Substation ESS Pilot Project - 24 MW ESS - KEPCO / Samsung SDI,Operational,Electro-chemical battery and chemical storage,Lithium-ion battery,24000,South Korea,37.2437487,127.15,null
Jake Energy Storage Center: RES Americas,Operational,Electro-chemical battery and chemical storage,Lithium-ion battery,19800,United States,41.4877384,-88.1,null
Elwood Energy Storage Center: RES Americas,Operational,Electro-chemical battery and chemical storage,Lithium-ion battery,19800,United States,41.8978524,-88.22,null
Borehole Thermal Energy Storage - Marine Corps Logistics Base Albany,Operational,Thermal energy storage,Heat thermal storage,0,United States,32,-84,null
UCSD - BYD Energy Storage System,Operational,Electro-chemical battery and chemical storage,Lithium-ion battery,2500,United States,32.8769207,-117.24,null
250 kW / 1 MWh ElChe Wettringen,Operational,Electro-chemical battery and chemical storage,Lithium-ion battery,250,Germany,52.2323411,7.29,null
Stafford Hill Solar Farm & Microgrid: Lithium Ion,Operational,Electro-chemical battery and chemical storage,Lithium-ion battery,2000,United States,43.619416,-72.95,Secondary Distribution
Stafford Hill Solar Farm & Microgrid: Lead Acid,Operational,Electro-chemical battery and chemical storage,Lead-acid battery,2000,United States,43.619416,-72.95,Secondary Distribution
H??pital Albert Schweitzer,Operational,Electro-chemical battery and chemical storage,Lithium-ion battery,200,Haiti,19.104927,-72.69,null
Anahola Solar Array and Battery - Kauai Island Utility Cooperative & REC Solar,Operational,Electro-chemical battery and chemical storage,Lithium-ion battery,6000,United States,22.1452778,-159.32,Primary Distribution
Merchandise Mart Energy Storage - Johnson Controls,Operational,Electro-chemical battery and chemical storage,Lithium-ion battery,0,United States,42,-88,Secondary Distribution
Kyogoku Pumped Hydro Power Station (Unit 2),Operational,Electro-mechanical energy storage,Pumped hydro storage,200000,Japan,42.8582077,140.88,null
H??sahagi Wind Farm ESS: Faroe Islands 700 kWh ,Operational,Electro-chemical battery and chemical storage,Lithium-ion battery,2300,Faroe Islands,62.007864,-6.79,null
V.C. Bird International Airport of Antigua Solar/Energy Storage Project - PV Energy Ltd,Operational,Electro-chemical battery and chemical storage,Flow battery,3000,Antigua and Barbuda,17.1274104,-61.85,null
Meyersdale Energy Storage - NextEra,Operational,Electro-chemical battery and chemical storage,Lithium-ion battery,18000,United States,40.022493,-78.93,null
Green Mountain Energy Storage - NextEra,Operational,Electro-chemical battery and chemical storage,Lithium-ion battery,10400,United States,40.022493,-78.93,null
Veytaux (FMHL+) Pumped Hydro Storage Power Plant,Operational,Electro-mechanical energy storage,Pumped hydro storage,240000,Switzerland,46.4358779,6.91,Transmission
Kaxu Solar One,Operational,Thermal energy storage,Sensible heat,100000,South Africa,-28.880269,19.59,Transmission
Energiepark Mainz,Operational,Electro-chemical battery and chemical storage,Hydrogen storage,6000,Germany,49.9928617,8.25,Primary Distribution
SmartPowerFlow Project - Gildemeister,De-Commissioned,Electro-chemical battery and chemical storage,Flow battery,200,Germany,48.1005133,10.56,null
30 kW Smart Storage at Baker Electric Corporate Headquarters,Operational,Electro-chemical battery and chemical storage,Lithium-ion battery,30,United States,33.107254,-117.12,Transmission
Blue Solutions - Bluezone Niamey 70kWc Solar Power Plant,Operational,Electro-chemical battery and chemical storage,Lithium-ion battery,45,Niger,13.2959909,2.813534,Transmission
Beech Ridge Wind Storage 31.5 MW,Operational,Electro-chemical battery and chemical storage,Lithium-ion battery,31500,United States,37.9631733,-80.69,null
Izu Oshima Battery Storage System - Hitachi Chemical Company,Operational,Electro-chemical battery and chemical storage,Lithium-ion battery,1500,Japan,34.7408836,139.39,Primary Distribution
Lausanne Polytechnic School-Martigny-200kW,Operational,Electro-chemical battery and chemical storage,Flow battery,200,Switzerland,46.1049798,7.08,null
Amber Kinetics Flywheel Energy Storage Demonstration - Full-scale Mechanical Flywheel Battery,De-Commissioned,Electro-mechanical energy storage,Flywheel,25,United States,37.7652065,-122.2416355,Transmission
Kodiak ABB PowerStore Flywheels for Microgrid Stability and Harbor Crane Operation - Two 1 MW ABB PowerStore Grid Stabilization,Operational,Electro-mechanical energy storage,Flywheel,2000,United States,57.7893609,-152.3972311,Primary Distribution
Blue Solutions - Bluezone Cotonou 140kWc Solar Power Plant,Operational,Electro-chemical battery and chemical storage,Lithium-ion battery,90,Benin,6.212344,2.2531969,Transmission
HIU PV-Battery System,Operational,Electro-chemical battery and chemical storage,Lithium-ion battery,60,Germany,48.4263931,9.96,null
"EDF EN Guiana, Toucan Project",Operational,Electro-chemical battery and chemical storage,Sodium-based battery,1600,French Guiana,5,-53,null
Oncor's System Operating Services Facility Microgrid: 200 kW Tesla Battery,Operational,Electro-chemical battery and chemical storage,Lithium-ion battery,200,United States,33,-97,null
Oncor's System Operating Services Facility (SOSF) Microgrid: 25 kW S&C Electric Battery,Operational,Electro-chemical battery and chemical storage,Lithium-ion battery,25,United States,32.575595,-96.758266,null
Glasgow Electric Plant Board - Sunverge 165 Home Pilot,Contracted,Electro-chemical battery and chemical storage,Lithium-ion battery,990,United States,36.9958839,-85.91,null
Feldheim Regional Regulating Power Station (RRKW),Operational,Electro-chemical battery and chemical storage,Lithium-ion battery,10000,Germany,52.011579,12.82,null
Panasonic Eco Solutions Canada- Vaughan,Operational,Electro-chemical battery and chemical storage,Lithium-ion battery,2,Canada,44,-80,null
SNOPUD MESA 1a Project,Operational,Electro-chemical battery and chemical storage,Lithium-ion battery,1000,United States,47.9366303,-122.25,Primary Distribution
Blue Solutions - Bluezone Dixxin 140kWc Solar Power Plant,Operational,Electro-chemical battery and chemical storage,Lithium-ion battery,90,Guinea,9.338953,-13.3929746,Transmission
Blue Solutions - Bluezone Yataya 35kWc Solar Power Plant,Operational,Electro-chemical battery and chemical storage,Lithium-ion battery,20,Guinea,9.3927878,-13.3551694,Transmission
Blue Solutions - Bluezone Kagbelen 35kWc Solar Power Plant,Operational,Electro-chemical battery and chemical storage,Lithium-ion battery,20,Guinea,9.403868,-13.3450749,Transmission
Blue Solutions - Bluezone Sonfonia 35kWc Solar Power Plant,Operational,Electro-chemical battery and chemical storage,Lithium-ion battery,20,Guinea,9.403868,-13.3450749,Transmission
JuiceBox Residential solar energy storage - AC-coupled peak-shifting and backup,Operational,Electro-chemical battery and chemical storage,Lithium-ion battery,5,United States,37.226611,-121.9746797,Secondary Distribution
West-Ansung (Seo-Anseong) Substation ESS Pilot Project - 28 MW ESS - KEPCO / Kokam / LG Chem,Operational,Electro-chemical battery and chemical storage,Lithium-ion battery,28000,South Korea,37.0969412,127.22,null
Bakken Hale Microgrid,Operational,Electro-chemical battery and chemical storage,Sodium-based battery,450,United States,19.8547732,-155.92,null
Gardner Community Center Grid Resiliency with JuiceBox Energy Storage System,Operational,Electro-chemical battery and chemical storage,Lithium-ion battery,6,United States,37.31966505,-121.8955159,Secondary Distribution
Juelich DuraStor - 420 kW Fkywheel,Operational,Electro-mechanical energy storage,Flywheel,420,Germany,50.9323312,6.3782481,Transmission
Highview Pilot Plant - Relocated to University of Birmingham,De-Commissioned,Thermal energy storage,Latent heat,350,United Kingdom,52.4608009,-1.91,null
Toronto Hydro/HydroStor 660 kW Underwater Storage,Operational,Electro-mechanical energy storage,Compressed air energy storage,660,Canada,43.6289467,-79.3944199,Transmission
University of Birmingham Cryogenic Energy Storage (CES) Pilot,Operational,Thermal energy storage,Latent heat,350,United Kingdom,52.4608009,-1.914995,Transmission
Mike Hess Brewing- Green Charge Networks,Operational,Electro-chemical battery and chemical storage,Lithium-ion battery,30,United States,32.7477019,-117.13,null
DOD Marine Corps Air Station Miramar Microgrid Energy Storage System,Operational,Electro-chemical battery and chemical storage,Flow battery,250,United States,32.8701459,-117.14,Secondary Distribution
Bokpoort Concentrated Solar Plant ,Operational,Thermal energy storage,Sensible heat,55000,South Africa,-28.727278,22,Transmission
University of Queensland Gatton Campus PV Pilot Plant,Operational,Electro-chemical battery and chemical storage,Lithium-ion battery,600,Australia,-27.537373,152.27,null
500 kW / 800 kWh - Electrovaya Transportable Energy Storage,Contracted,Electro-chemical battery and chemical storage,Lithium-ion battery,500,United States,40.7127837,-74.01,null
Cypress College TES Tank,Operational,Thermal energy storage,Sensible heat,0,United States,33.8280924,-118.03,null
NOOR I (Ouarzazate) CSP Solar Plant,Operational,Thermal energy storage,Sensible heat,160000,Morocco,30.91987,-6.89,null
Anchorage Area Battery Energy Storage System,Operational,Electro-chemical battery and chemical storage,Lithium-ion battery,25000,United States,61.2163655,-149.89,Transmission
"Distributed Energy Storage Systems Demonstration (Worcester, MA) - National Grid ",Operational,Electro-chemical battery and chemical storage,Flow battery,500,United States,42,-72,null
Synergy / EMC Alkimos Beach Community Battery Trial,Operational,Electro-chemical battery and chemical storage,Lithium-ion battery,500,Australia,-31.6171563,115.68,null
Hong Kong Railway-Wayside Energy Storage 1,Operational,Electro-chemical battery and chemical storage,Lithium-ion battery,2000,Hong Kong,22.2478472,113.92,null
Hong Kong Railway-Wayside Energy Storage 2,Operational,Electro-chemical battery and chemical storage,Lithium-ion battery,2000,Hong Kong,22.373644,114.12,null
Helen BESS - Landis+Gyr (Toshiba Group),Operational,Electro-chemical battery and chemical storage,Lithium-ion battery,1200,Finland,60.1698557,24.94,null
Oshawa Power / Tabuchi Electric - 30 Home Solar-Plus-Storage Pilot - 5 kW / 10 kWh per home,Operational,Electro-chemical battery and chemical storage,Lithium-ion battery,150,Canada,43.8970929,-78.87,Secondary Distribution
UCSD EV Smart Charging with Energy Storage,Operational,Electro-chemical battery and chemical storage,Lithium-ion battery,60,United States,32.8753618,-117.24,Transmission
Idaho National Laboratory - ViZn,Contracted,Electro-chemical battery and chemical storage,Flow battery,128,United States,43.519585,-112.05,null
Llo Solar Thermal Project,Contracted,Thermal energy storage,Heat thermal storage,9000,France,42.455625,2.06,null
M5BAT (Modular Multi-Megawatt Multi-Technology Medium-Voltage Battery Storage),De-Commissioned,Electro-chemical battery and chemical storage,Lead-acid battery,5000,Germany,50.7768093,6.13,Secondary Distribution
College of Marin Kentfield Campus - Tesla,Operational,Electro-chemical battery and chemical storage,Lithium-ion battery,2400,United States,37.955595,-122.55,null
Uiryeong Substation ESS - 24 MW ESS - KEPCO / LG CNS,Operational,Electro-chemical battery and chemical storage,Lithium-ion battery,24000,South Korea,35.36713,128.13893,null
Masinloc Coal Plant ESS - AES,Operational,Electro-chemical battery and chemical storage,Lithium-ion battery,10000,Philippines,15.5081766,119.97,null
Garden Island Microgrid Project,Operational,Electro-chemical battery and chemical storage,,0,Australia,-32,116,null
Younicos-OCI Solar Power-Austin,Announced,Electro-chemical battery and chemical storage,Lithium-ion battery,1000,United States,29.4241219,-98.49,null
Suomenoja Power Plant - Fortum / Saft,Operational,Electro-chemical battery and chemical storage,Lithium-ion battery,2000,Finland,60.2054911,24.66,null
Blue Lake Rancheria Native American Reservation Microgrid - 950 kWh,Operational,Electro-chemical battery and chemical storage,Lithium-ion battery,950,United States,40.8829072,-123.98,Transmission
Imperial Irrigation District BESS - GE,Operational,Electro-chemical battery and chemical storage,Lithium-ion battery,30000,United States,32.792,-115.56,Transmission
Wawona Frozen Foods - MMR Power Solutions,Operational,Electro-chemical battery and chemical storage,,250,United States,36.8438329,-119.71,Secondary Distribution
Snohomish PUD - MESA 2,Contracted,Electro-chemical battery and chemical storage,Flow battery,2000,United States,47.9789848,-122.2,null
Daimler 2nd Life Storage - The Mobility House,Operational,Electro-chemical battery and chemical storage,Lithium-ion battery,13000,Germany,51.61662,7.47,null
"Distributed Energy Storage Systems Demonstration (Everett, MA) - National Grid ",Operational,Electro-chemical battery and chemical storage,Flow battery,500,United States,42,-71,null
California State University Long Beach Campus - AMS,Operational,Electro-chemical battery and chemical storage,Lithium-ion battery,1000,United States,33.7830608,-118.11,Secondary Distribution
Tucson Electric Power (TEP) - NextEra,Contracted,Electro-chemical battery and chemical storage,Lithium-ion battery,10000,United States,32.2217429,-110.93,null
Khi Solar One Power Plant,Operational,Thermal energy storage,Heat thermal storage,50000,South Africa,-28.4,21.27,Transmission
Rhode Hybrid Demo Project - Hitachi Chemical,Operational,Electro-chemical battery and chemical storage,Lead-acid battery,240,Ireland,53,-7,Secondary Distribution
Kyushu Electric - Buzen Substation - Mitsubishi Electric / NGK Insulators,Operational,Electro-chemical battery and chemical storage,Sodium-based battery,50000,Japan,33.6115108,131.13,null
Welsh House-Tesla,Operational,Electro-chemical battery and chemical storage,Lithium-ion battery,2,United Kingdom,51,-3,null
Pollegio-Loderio Tunnel Demonstration Plant - ALACAES - Adiabatic Compressed Air Energy Storage Concept,Operational,Electro-mechanical energy storage,Compressed air energy storage,500,Switzerland,46.384626,8.963535,Transmission
Village of Minster - S&C Electric Company,Operational,Electro-chemical battery and chemical storage,Lithium-ion battery,7000,United States,40.3986964,-84.39,null
Sunrun's Brightbox Residential Energy Storage-Hawaii,Operational,Electro-chemical battery and chemical storage,Lithium-ion battery,0,United States,21,-158,null
Shin-Gimje Substation ESS - 24 MW ESS - KEPCO / Kokam,Operational,Electro-chemical battery and chemical storage,Lithium-ion battery,24000,South Korea,35.7590321,127,null
Horizon Energy Solar Farm Storage System - Sonnedix / Aquion Energy,Operational,Electro-chemical battery and chemical storage,Sodium-based battery,250,Puerto Rico,17.9545733,-66.2221049,null
Powercor 2 MW Grid Scale Energy Storage - Kokam,Operational,Electro-chemical battery and chemical storage,Lithium-ion battery,2000,Australia,-37.6484069,143.88,Primary Distribution
DeGrussa Copper Mine - juwi AG,Operational,Electro-chemical battery and chemical storage,Lithium-ion battery,6000,Australia,-26.3622715,118.61,null
Bundaberg Christian College,Operational,Electro-chemical battery and chemical storage,Lead-acid battery,25,Australia,-24.8589975,152.4039527,null
Alpine Energy BESS - Infratec / EMC,Operational,Electro-chemical battery and chemical storage,Lithium-ion battery,36,New Zealand,-44.39,171.25,null
Loisaba Conservancy ,Operational,Electro-chemical battery and chemical storage,Lithium-ion battery,50,Kenya,0,37,Transmission
Diesel Generator Solar + Storage Replacement,Operational,Electro-chemical battery and chemical storage,Sodium-based battery,11,United Kingdom,51.126,-4.054,null
Clear Creek Flywheel Wind Farm Project  - 10-Flywheel 5MW Installation,Operational,Electro-mechanical energy storage,Flywheel,5000,Canada,42.6114835,-80.5979231,Secondary Distribution
Johan Cruyff ArenA Storage - The Mobility House,Operational,Electro-chemical battery and chemical storage,Lithium-ion battery,4000,Netherlands,52.3143354,4.94,Primary Distribution
Jemalong Solar Thermal Station - Vast Solar,Operational,Thermal energy storage,Heat thermal storage,1100,Australia,-33.4446398,147.72,Secondary Distribution
Nant de Drance Pumped Hydro Storage Power ,Operational,Electro-mechanical energy storage,Pumped hydro storage,900000,Switzerland,46.1025948,7.08,null
Panasonic Enterprise Solutions Facility (Xcel Energy Storage),Announced,Electro-chemical battery and chemical storage,Lithium-ion battery,1000,United States,39.7392358,-104.99,null
University of Arizona Science and Technology Park  / TEP - E.ON,Contracted,Electro-chemical battery and chemical storage,Lithium-ion battery,10000,United States,32.2217429,-110.93,null
Ulsan manufactoring facility VRFB Project,Operational,Electro-chemical battery and chemical storage,Flow battery,100,South Korea,36,129,null
California State University Chancellor's Office - AMS,Operational,Electro-chemical battery and chemical storage,Lithium-ion battery,250,United States,33.767257,-118.2019109,Secondary Distribution
University of St Thomas Renewable Energy Facility,Operational,Electro-chemical battery and chemical storage,Lithium-ion battery,250,United States,44.94124429,-93.18965748,null
Glendale Water and Power/Skylar Energy BESS Pilot ,Operational,Electro-chemical battery and chemical storage,Lithium-ion battery,2000,United States,34.1622436,-118.28,null
California State University Dominguez Hills Campus - AMS,Contracted,Electro-chemical battery and chemical storage,Lithium-ion battery,750,United States,33.8624657,-118.25,Secondary Distribution
Green Omni Terminal Demonstration Project,Operational,Electro-chemical battery and chemical storage,,2600,United States,33.7380087,-118.26,null
Emerald Lake State Park ,Announced,Electro-chemical battery and chemical storage,Lithium-ion battery,10,United States,43.2808225,-73,null
TILOS (Technology Innovation for the Local Scale Optimum Integration of Battery Energy Storage),Contracted,Electro-chemical battery and chemical storage,Sodium-based battery,800,Greece,36.4230663,27.37,Primary Distribution
15 MW Energy Storage at Herne Cogeneration Plant - STEAG GmbH,Contracted,Electro-chemical battery and chemical storage,Lithium-ion battery,15000,Germany,51.5368948,7.2,Transmission
15 MW Energy Storage at Walsum Cogeneration Plant - STEAG GmbH,Contracted,Electro-chemical battery and chemical storage,Lithium-ion battery,15000,Germany,51.5278689,6.72,Transmission
15 MW Energy Storage at Bexbach Cogeneration Plant - STEAG GmbH,Contracted,Electro-chemical battery and chemical storage,Lithium-ion battery,15000,Germany,49.3560225,7.26,Transmission
Lakeland Solar & Storage Project - Conergy,Operational,Electro-chemical battery and chemical storage,Lithium-ion battery,1400,Australia,-15.9087784,144.85,null
Xina Solar One Power Plant,Operational,Thermal energy storage,Sensible heat,100000,South Africa,-29.12952,19.39,null
Kingfisher Project (Stage 1),Operational,Electro-chemical battery and chemical storage,Lithium-ion battery,2000,Australia,-30.5620637,136.9,null
HyBalance - Air Liquide Advanced Business,Operational,Electro-chemical battery and chemical storage,Hydrogen storage,1250,Denmark,56.6296373,9.82,Secondary Distribution
Ashalim CSP Plant,Operational,Thermal energy storage,Sensible heat,121000,Israel,30.964245,34.7,Transmission
Hornsdale Power Reserve 100MW / 129MWh Tesla Battery,Operational,Electro-chemical battery and chemical storage,Lithium-ion battery,100000,Australia,-33.205278,138.6,null
Stapleton Neighborhood Energy Storage (Xcel Energy),Operational,Electro-chemical battery and chemical storage,Lithium-ion battery,0,United States,39.7780041,-104.91,Primary Distribution
Blue Solutions - CanalOlympia Douala 140kWc Solar Power and 400kWh Battery,Operational,Electro-chemical battery and chemical storage,Lithium-ion battery,100,Cameroon,4.319771,9.4243037,Transmission
Blue Solutions - CanalOlympia Niamey 140kWc Solar Power and 400kWh Battery Storage,Operational,Electro-chemical battery and chemical storage,Lithium-ion battery,100,Niger,13.2959909,2.813534,Transmission
Blue Solutions - CanalOlympia Yennega 140kWc Solar power and 400kWh Battery Storage,Operational,Electro-chemical battery and chemical storage,Lithium-ion battery,100,Burkina-Faso,12.1838308,-1.2957444,Transmission
SCE LM6000 Hybrid EGT - Grapeland,Operational,Electro-chemical battery and chemical storage,Lithium-ion battery,10000,United States,34.1063989,-117.59,null
North York Energy Storage - Convergent + Temporal 5 MW / IESO,Contracted,Electro-mechanical energy storage,Flywheel,5000,Canada,43.653226,-79.3831843,Transmission
Blue Solutions - CanalOlympia Dakar 140kWc Solar Power and 400kWh Battery Storage,Operational,Electro-chemical battery and chemical storage,Lithium-ion battery,100,Senegal,14.4051208,-17.2614341,Transmission
Blue Solutions - CanalOlympia Yaound????????  140kWc Solar Power and 400kWh Battery Storage,Operational,Electro-chemical battery and chemical storage,Lithium-ion battery,100,Cameroon,3.5133412,11.294723,Transmission
Blue Solutions - CanalOlympia Godop???????? 140kWc Solar Power and 400kWh Battery Storage,Operational,Electro-chemical battery and chemical storage,Lithium-ion battery,100,Togo,6.834634,1.1311798,Transmission
Blue Solutions - CanalOlympia Kaloum 140kWc Solar Power and 400kWh Battery Storage,Operational,Electro-chemical battery and chemical storage,Lithium-ion battery,100,Guinea,9.3046458,-13.4226917,Transmission
Flinders Island - Hydro Tasmania,Contracted,Electro-chemical battery and chemical storage,,0,Australia,-40.1202414,148.02,null
Blue Solutions - CanalOlympia Cotonou 140kWc Solar Power and 400kWh Battery Storage,Operational,Electro-chemical battery and chemical storage,Lithium-ion battery,100,Benin,6.2232966,2.2452077,Transmission
Deepwater Wind-New York ,Operational,Electro-chemical battery and chemical storage,Lithium-ion battery,15000,United States,41.0359353,-71.95,null
Batwind - Statoil,Operational,Electro-chemical battery and chemical storage,Lithium-ion battery,1000,United Kingdom,57.508123,-1.78,null
Kennedy Energy Park - Windlab / Eurus ,Operational,Electro-chemical battery and chemical storage,Lithium-ion battery,2000,Australia,-20.85,144.2,null
One Maritime Plaza - Advanced Microgrid Solutions (AMS),Operational,Electro-chemical battery and chemical storage,Lithium-ion battery,500,United States,37.7954528,-122.4,Secondary Distribution
Upper Cisokan Pumped Storage Power Plant,Operational,Electro-mechanical energy storage,Pumped hydro storage,1040000,Indonesia,-6.9147444,107.61,Transmission
Gilboa Pumped Storage Power Plant,Operational,Electro-mechanical energy storage,Pumped hydro storage,300000,Israel,32.7940463,34.99,null
Dalrymple 30 MW / 8 MWh battery,Announced,Electro-chemical battery and chemical storage,Lithium-ion battery,30000,Australia,-35.0184732,137.6,null
Amsterdam Energy Arena,Contracted,Electro-chemical battery and chemical storage,,3750,Netherlands,52.3143277,4.94,null
Blue Solutions - CanalOlympia Pissy 140kWc Solar Power and 400kWh Battery Storage,Operational,Electro-chemical battery and chemical storage,Lithium-ion battery,100,Burkina-Faso,12.209551,-1.343561,Transmission
Blue Solutions - CanalOlympia Port Gentil 140kWc Solar Power and 400kWh Battery Storage,Operational,Electro-chemical battery and chemical storage,Lithium-ion battery,100,Gabon,-0.4411965,8.472972,Transmission
Blue Solutions - CanalOlympia Cacavelli 140kWc Solar Power and 400kWh Battery Storage,Operational,Electro-chemical battery and chemical storage,Lithium-ion battery,100,Togo,6.1219213,1.1153379,Transmission
Kidston Pumped Storage Hydro Project  - Kidston Renewable Energy Hub,Announced,Electro-mechanical energy storage,Pumped hydro storage,250000,Australia,-18.889097,144.14,null
"SDG&E / Hecate Energy Bancroft - (San Diego, CA)",Contracted,Electro-chemical battery and chemical storage,Lithium-ion battery,20000,United States,33,-117,Transmission
PG&amp;E Advanced Underground Compressed Air Energy Storage (CAES) -  300 MW A-CAES demo plant,Announced,Electro-mechanical energy storage,Compressed air energy storage,300000,United States,37.9175935,-121.171038,Transmission
Kannagawa Pumped Hydro Plant no.3 - 6,Operational,Electro-mechanical energy storage,Pumped hydro storage,1880000,Japan,36.0359852,138.55,null
Kyogoku Pumped Hydro Power Station (Unit 3),Operational,Electro-mechanical energy storage,Pumped hydro storage,200000,Japan,42.8582077,140.88,null
Kings County Energy Storage - PG&E Henrietta Substation,Contracted,Electro-chemical battery and chemical storage,Zinc-based battery,10000,United States,36.0988489,-119.88,null
Convergent 35 MW / 140 MWh - SCE,Contracted,Electro-chemical battery and chemical storage,Lithium-ion battery,35000,United States,33.7174708,-117.83,Transmission
MAREX,Under Construction,Electro-mechanical energy storage,Pumped hydro storage,1500,Ireland,53.7355952,-9.57,Transmission
20 MW / 80 MWh - Energy Nuevo - Amber Kinetics,Announced/Never Built,Electro-mechanical energy storage,Flywheel,20000,United States,36.6783938,-119.9277947,Transmission
Valdencanas Hydroelectric Power Station,Operational,Electro-mechanical energy storage,Pumped hydro storage,225000,Spain,40.2268415,-2.33,Transmission
Flathead Electric ViZn Z20,Operational,Electro-chemical battery and chemical storage,Flow battery,80,United States,48.2359399,-114.28,null
The Cork Trust Medical Centre Dorrigo,Operational,Electro-chemical battery and chemical storage,Lead-acid battery,60,Australia,-30.297854,152.6861458,null
Busselton Farm Property - Gildemeister / VSUN Energy,Operational,Electro-chemical battery and chemical storage,Flow battery,10,Australia,-33.8133575,115.3299128,Secondary Distribution
Jeju Smart Grid Test-Bed and Wind Farm,Operational,Electro-chemical battery and chemical storage,Lithium-ion battery,800,South Korea,33.5588706,126.81,null
Jeju Smart Grid: Sehwa School Demo,Operational,Electro-chemical battery and chemical storage,Lithium-ion battery,40,South Korea,33.5213068,126.85,null
Rio Grande-Cerro Pelado Hydroelectric Complex,Operational,Electro-mechanical energy storage,Pumped hydro storage,750000,Argentina,-31.9166667,-64.63,Transmission
Smart Operator,Operational,Electro-chemical battery and chemical storage,Lead-acid battery,75,Germany,48,11,Primary Distribution
Newcastle Sportsground No 2 - Elmofo / Kokam,Operational,Electro-chemical battery and chemical storage,Lithium-ion battery,10,Australia,-32.9298771,151.7607026,null
Grand Ridge Energy Storage 31.5 MW,Operational,Electro-chemical battery and chemical storage,Lithium-ion battery,31500,United States,41.3308666,-88.71,null
Invenergy Grand Ridge Wind Project BESS,Operational,Electro-chemical battery and chemical storage,Lithium-ion battery,31500,United States,41.3308666,-88.71,null
Franchise Services - JLM Energy,Operational,Electro-chemical battery and chemical storage,Lead-acid battery,60,United States,33.5965685,-117.659405,Secondary Distribution
Archimede Solar Power Plant,Operational,Thermal energy storage,Sensible heat,4720,Italy,37.1578584,15.18,null
Xiangshuijian (???????????????????????????) Pumped Storage Power Station,Operational,Electro-mechanical energy storage,Pumped hydro storage,1000000,China,31.352859,118.43,Transmission
MVLA High School District - Mountain View HS,Operational,Electro-chemical battery and chemical storage,Lithium-ion battery,200,United States,37.3586027,-122.0671533,Secondary Distribution
Olivenhain-Hodges Storage Project,Operational,Electro-mechanical energy storage,Pumped hydro storage,40000,United States,33.12,-117.09,null
Entergy Chef Menteur Highway 500 kW Energy Storage,Operational,Electro-chemical battery and chemical storage,,500,United States,30.0733718,-89.86,null
La Muela pumped-storage plant,Operational,Electro-mechanical energy storage,Pumped hydro storage,2000000,Spain,39.2408334,-0.94,null
Ferrolinera WESS: Li-Ion Batteries - Win Inertia ,Operational,Electro-chemical battery and chemical storage,Lithium-ion battery,300,Spain,40.37563,-3.68,Secondary Distribution
Ferrolinera WESS: Ultracapacitors - Win Inertia,Operational,Electro-chemical battery and chemical storage,Electro-chemical capacitor,300,Spain,40.37563,-3.68,Secondary Distribution
Clean Energy Storage: Sun Buzz,Operational,Electro-chemical battery and chemical storage,Lithium-ion battery,5,United States,47.6739881,-122.12,null
Rocky Mountain Institute Innovation Center,Operational,Electro-chemical battery and chemical storage,Lithium-ion battery,30,United States,39.3685167,-107.04,null
Duke Energy Rankin Substation - Win Inertia / Aquion Energy,Operational,Electro-chemical battery and chemical storage,Sodium-based battery,50,United States,35.29315669,-81.02474807,Primary Distribution
Duke Energy Rankin Substation - Win Inertia / Maxwell,Operational,Electro-chemical battery and chemical storage,Electro-chemical capacitor,250,United States,35.29315669,-81.02474807,Primary Distribution
Santa Rita Jail Smart Grid - Alameda County RDSI CERTS Microgrid Demonstration ,Operational,Electro-chemical battery and chemical storage,Lithium-ion battery,2000,United States,37.7176811,-121.89,Secondary Distribution
Guodian Longyuan Wind Farm VFB - Rongke Power & Anshan Rongxin,Operational,Electro-chemical battery and chemical storage,Flow battery,5000,China,41.805865,123.43,null
SEPTA Recycled Energy and Optimization Project - Viridity Energy,Operational,Electro-chemical battery and chemical storage,Lithium-ion battery,800,United States,39.9866038,-75.13,Primary Distribution
Schooner America 2.0 Electric Populsion,Operational,Electro-chemical battery and chemical storage,Lithium-ion battery,250,United States,40.7481266,-74.01,Secondary Distribution
Huizhou Pumped Storage Power Station,Operational,Electro-mechanical energy storage,Pumped hydro storage,2448000,China,23.111847,114.42,Transmission
East Penn Manufacturing Co. Grid-Scale Energy Storage Demonstration,Operational,Electro-chemical battery and chemical storage,Lead-acid battery,3000,United States,40.4776121,-75.77,Transmission
GAT College 30 kW Imergy Flow Battery,Operational,Electro-chemical battery and chemical storage,Flow battery,30,India,12.926844,77.53,null
Community Energy Storage for Grid Support (Residential CES Units) - DTE Energy,Operational,Electro-chemical battery and chemical storage,Lithium-ion battery,500,United States,41.910738,-83.43,Secondary Distribution
Ice Energy Project at 1540 Charles Dr Ste B,Operational,Thermal energy storage,Latent heat,10,United States,40.5863563,-122.391675,null
Caterva SWARM,Operational,Electro-chemical battery and chemical storage,Lithium-ion battery,1300,Germany,49.45203,11.08,null
VRB ESS Green Vision ,Contracted,Electro-chemical battery and chemical storage,Flow battery,200,Germany,50.3569429,7.59,Secondary Distribution
SEPTA Wayside Energy Storage System - Viridity Energy,Operational,Electro-chemical battery and chemical storage,Lithium-ion battery,900,United States,40,-75,null
SEPTA Wayside Energy Storage System - Griscom Ultracapacitors,Operational,Electro-chemical battery and chemical storage,Electro-chemical capacitor,70,United States,40.017107,-75.084547,null
15 MW Energy Storage at Herne Cogeneration Plant - STEAG GmbH,Operational,Electro-chemical battery and chemical storage,Lithium-ion battery,15000,Germany,51.6104829,7.53,null
DMG Gildemeister CellCube Industrial Smart Grid,Operational,Electro-chemical battery and chemical storage,Flow battery,260,Germany,52.0302285,8.53,null
McAlpine Circuit CES System,Operational,Electro-chemical battery and chemical storage,Lithium-ion battery,50,United States,35.2272086,-80.8430827,Secondary Distribution
CKW E-SpeicherWerk Castle Meggenhorn,Operational,Electro-chemical battery and chemical storage,Lithium-ion battery,55,Switzerland,47,8,Secondary Distribution
NICE GRID project in Carros (Southern France): Low Voltage Grid Batteries (LVGB),Operational,Electro-chemical battery and chemical storage,Lithium-ion battery,33,France,43.7846,7.18785,Secondary Distribution
Bosch Braderup ES Facility: Flow Battery - Energiespeicher Nord GmbH & Co KG,Operational,Electro-chemical battery and chemical storage,Flow battery,325,Germany,54.83235,8.9,Primary Distribution
Geesthacht Pumped Storage Power Station,Operational,Electro-mechanical energy storage,Pumped hydro storage,120000,Germany,53.4379562,10.36,Transmission
Cruachan Power Station,Operational,Electro-mechanical energy storage,Pumped hydro storage,440000,United Kingdom,56.406482,-5.11,Transmission
Miyako Island Mega-Solar Demo: Li-Ion,Operational,Electro-chemical battery and chemical storage,Lithium-ion battery,100,Japan,25,125,Secondary Distribution
Miyako Island Mega-Solar Demo: NaS,Operational,Electro-chemical battery and chemical storage,Sodium-based battery,4000,Japan,24.730068,125.42,Transmission
5 kW / 40 kWh - redT Wokingham Development Facility,Operational,Electro-chemical battery and chemical storage,Flow battery,5,United Kingdom,51,-1,null
Minera El Tesoro CSP Installation,Operational,Thermal energy storage,Heat thermal storage,10500,Chile,-23.3695439,-69.86,null
Xcel Energy - Xtreme Power,De-Commissioned,Electro-chemical battery and chemical storage,Lead-acid battery,1500,United States,39.7566228,-104.62,null
Baoquan Pumped Storage Power Station,Operational,Electro-mechanical energy storage,Pumped hydro storage,1200000,China,35.460431,113.48,Transmission
Dutt Power Electronics BESS,Operational,Electro-chemical battery and chemical storage,Lead-acid battery,40,Spain,43.1294954,-2.1374208,null
Okinawa Yanbaru Seawater Pumped Storage Power Station,De-Commissioned,Electro-mechanical energy storage,Pumped hydro storage,30000,Japan,26.67347,128.27,null
Fort Bliss Microgrid - Lockheed Martin,Operational,Electro-chemical battery and chemical storage,Lead-acid battery,300,United States,31.8072113,-106.43,null
Net Zero Plus Electric Training Institute (NZP-ETI) - Solar Plus Storage,Operational,Electro-chemical battery and chemical storage,Lithium-ion battery,500,United States,34.0005691,-118.16,null
Nissan Technical Center North America,Operational,Thermal energy storage,Latent heat,1425,United States,42.508645,-83.41,Secondary Distribution
Ice Energy project at 280 Hartnell Ave ,Operational,Thermal energy storage,Latent heat,20,United States,40.56610748,-122.368486,null
Ice Energy project at 2680 Radio Ln ,Operational,Thermal energy storage,Latent heat,170,United States,40.54787428,-122.3792334,null
NICE GRID project in Carros (Southern France): Secondary Substation Battery (SSB),Operational,Electro-chemical battery and chemical storage,Lithium-ion battery,250,France,43.792389,7.19,Secondary Distribution
WEMAG Schwerin Battery Park - Younicos,Operational,Electro-chemical battery and chemical storage,Lithium-ion battery,15000,Germany,53.635359,11.4,Secondary Distribution
Xilongchi Pumped Storage Power Station,Operational,Electro-mechanical energy storage,Pumped hydro storage,1200000,China,37.87059,112.55,Transmission
SMUD 2500 R St. Housing Development,Operational,Electro-chemical battery and chemical storage,Lithium-ion battery,153,United States,38.5693268,-121.4890322,Secondary Distribution
University of Central Florida - DN Tanks,Operational,Thermal energy storage,Sensible heat,3000,United States,28.6004783,-81.2,Secondary Distribution
DREWAG Reick 2 MW Pilot,Operational,Electro-chemical battery and chemical storage,Lithium-ion battery,2000,Germany,51.015794,13.79,Primary Distribution
EPSRC Grid Connected Energy Storage Research Demonstrator with WPD and Toshiba,Operational,Electro-chemical battery and chemical storage,Lithium-ion battery,2000,United Kingdom,52.5853723,-2.06,Secondary Distribution
Vianden Pumped Storage Plant,Operational,Electro-mechanical energy storage,Pumped hydro storage,1096000,Luxembourg,49.9341924,6.2,Transmission
"University of Hawaii Smart Grid Regional and Energy Storage Demonstration Project (Maui Smart Grid) - Maui Electric Company & NEC Energy Solutions, Inc.",Operational,Electro-chemical battery and chemical storage,Lithium-ion battery,1000,United States,21,-156,Transmission
"CSIRO, ZBB Experimental Zinc-Bromide Flow Battery",De-Commissioned,Electro-chemical battery and chemical storage,Flow battery,100,Australia,-32.8852157,151.727845,null
Washington State University 1 MW UET Flow Battery - Avista Utilities,Operational,Electro-chemical battery and chemical storage,Flow battery,1000,United States,46.7273316,-117.15,null
Los Angeles Community College District - Calmac,Operational,Thermal energy storage,Latent heat,4620,United States,34.086772,-118.29,Secondary Distribution
"NextEra Canada Development & Acquisitions, Inc.- Parry ",Announced,Electro-chemical battery and chemical storage,Lithium-ion battery,2000,Canada,51,-85,Transmission
Japan-US Collaborative Smart Grid Project,Operational,Electro-chemical battery and chemical storage,Sodium-based battery,1000,United States,35.8783147,-106.32,Primary Distribution
"1 MW / 2 MWh - EPRI + Southern Company Pilot BESS - Cedartown, Georgia",Operational,Electro-chemical battery and chemical storage,Lithium-ion battery,1000,United States,34,-85,null
Ice Energy project at 2010 Churn Creek Rd ,Operational,Thermal energy storage,Latent heat,20,United States,40.57787115,-122.3542245,null
Ice Energy project at 100 Lake Blvd ,Operational,Thermal energy storage,Latent heat,20,United States,40.61151949,-122.3822139,null
Warrior Run 10 MW Advancion Energy Storage - AES,Operational,Electro-chemical battery and chemical storage,Lithium-ion battery,10000,United States,39.5987423,-78.74,Transmission
20 Pacifica Irvine Co - AMS Hybrid-Electric Building,Operational,Electro-chemical battery and chemical storage,Lithium-ion battery,250,United States,33.65068625,-117.7497199,Secondary Distribution
Nordstrom (Ala Moana Center) - Calmac,Operational,Thermal energy storage,Latent heat,1200,United States,21.2912881,-157.84,Secondary Distribution
Geli EOS enabled CODA Core System (City of Benicia City Hall),Operational,Electro-chemical battery and chemical storage,Lithium-ion battery,20,United States,38.05237612,-122.1525948,null
2 MW - W.C. Beckjord Retired Coal Plant - Duke Energy,Operational,Electro-chemical battery and chemical storage,Lithium-ion battery,2000,United States,38.9486757,-84.28,null
Smart Operator Wincheringen LiOn,Operational,Electro-chemical battery and chemical storage,Lithium-ion battery,30,Germany,50,6,Primary Distribution
Plate Taille Pumped Storage Power Plant,Operational,Electro-mechanical energy storage,Pumped hydro storage,143000,Belgium,50.1857528,4.38,Transmission
Intelligentes Netz Energie Speicher System (INESS),Operational,Electro-chemical battery and chemical storage,Lithium-ion battery,27,Germany,48.930813,10.11,null
Puerto Errado 1 Thermosolar Power Plant,Operational,Thermal energy storage,Sensible heat,1400,Spain,38.283086,-1.6,null
Tanna Island Renewable Energy Community,Operational,Electro-chemical battery and chemical storage,Lead-acid battery,15,Vanuatu,-20,169,null
Gills Onions - Prudent Energy VRB-ESS,Operational,Electro-chemical battery and chemical storage,Flow battery,600,United States,34.1908099,-119.16,Secondary Distribution
Vancouver Electrochemical Energy Storage Project - University of British Columbia,Operational,Electro-chemical battery and chemical storage,Lithium-ion battery,1000,Canada,49.261045,-123.25,null
Regina High Wind and Storage Project - Cowessess First Nation,Operational,Electro-chemical battery and chemical storage,Lithium-ion battery,400,Canada,50.41699,-104.46,Secondary Distribution
NEC Kyuhsu BESS,Operational,Electro-chemical battery and chemical storage,Lithium-ion battery,500,Japan,33.5903547,130.4,null
ABB & UK Power Networks Energy Storage Installation,De-Commissioned,Electro-chemical battery and chemical storage,Lithium-ion battery,200,United Kingdom,52.6969622,1.6917444,Transmission
Western Power Distribution (WPD) Battery Storage Facility - RES (UK),Operational,Electro-chemical battery and chemical storage,,300,United Kingdom,51.0737494,-2.71,null
Golden Valley Electric Association (GVEA) Battery Energy Storage System (BESS),Operational,Electro-chemical battery and chemical storage,Nickel-based battery,27000,United States,64.8377778,-147.72,Transmission
KT GAMACO Project,Operational,Electro-chemical battery and chemical storage,Lithium-ion battery,250,South Korea,37.613098,127.1319711,Transmission
Grapzow 140 MW Wind Park with 1 MW Power to Gas System,Operational,Electro-chemical battery and chemical storage,Hydrogen storage,1000,Germany,53.71199,13.29,Secondary Distribution
Tierra Atacama Hotel & Spa,Operational,Electro-chemical battery and chemical storage,,180,Chile,-23,-68,null
EEBatt - Energy Neighbor Pilot Project,Operational,Electro-chemical battery and chemical storage,Lithium-ion battery,249,Germany,49.01487865,12.10299361,Secondary Distribution
"20 kW / 72 kWh ICL Fire Retardant Production Site - Rancho Cucamonga, CA",Operational,Electro-chemical battery and chemical storage,Flow battery,20,United States,34,-118,Secondary Distribution
Tozzi Green - i-NEXT,Operational,Electro-chemical battery and chemical storage,Sodium-based battery,100,Italy,38.1253798,14.72,Secondary Distribution
Jocassee Pumped Hydro Storage,Operational,Electro-mechanical energy storage,Pumped hydro storage,710000,United States,34.960334,-82.92,Transmission
Kruonis Hydro Pumped Storage & Extension Project,Operational,Electro-mechanical energy storage,Pumped hydro storage,900000,Lithuania,54.797866,24.25,Primary Distribution
CODA Energy - CORE 40/30,Operational,Electro-chemical battery and chemical storage,Lithium-ion battery,30,United States,34.141763,-118,Secondary Distribution
Nishi-Sendai Substation - Tohoku Electric / Toshiba,Operational,Electro-chemical battery and chemical storage,Lithium-ion battery,40000,Japan,38.268215,140.87,null
Waldeck I Pumped Hydro Power Plant,Operational,Electro-mechanical energy storage,Pumped hydro storage,140000,Germany,51.1624468,9.06,Transmission
Fast-Charging e-Bus M??nster,Operational,Electro-chemical battery and chemical storage,Lithium-ion battery,55,Germany,51.9401087,7.64,Primary Distribution
Yerba Buena Battery Energy Storage Pilot Project - Pacific Gas & Electric Company,Operational,Electro-chemical battery and chemical storage,Sodium-based battery,4000,United States,37.3061821,-121.75,Primary Distribution
IPL Advancion Energy Storage Array,Operational,Electro-chemical battery and chemical storage,Lithium-ion battery,20000,United States,39.7113135,-86.19,Transmission
Dlouh?? Str??n?? Pumped Storage Power Plant,Operational,Electro-mechanical energy storage,Pumped hydro storage,650000,Czech Republic,50.0817956,17.18,Transmission
Sardar Sarovar Pumped Storage Power Station,Operational,Electro-mechanical energy storage,Pumped hydro storage,1450000,India,22.7997334,72.58,Transmission
RES Battery Utility of Ohio,Operational,Electro-chemical battery and chemical storage,Lithium-ion battery,4000,United States,40.261109,-82.83,Primary Distribution
Enel Livorno Test Facility: 15 kW Lithium Ion,Operational,Electro-chemical battery and chemical storage,Lithium-ion battery,15,Italy,43.548473,10.31,null
Goldisthal Pumped Storage Power Station,Operational,Electro-mechanical energy storage,Pumped hydro storage,1060000,Germany,50.509,11.003,Transmission
S&C CES: Chicago/PJM Frequency Regulation,Operational,Electro-chemical battery and chemical storage,Lithium-ion battery,150,United States,41.8781136,-87.63,null
Seville BESS Abeinsa- Instalaciones Inabensa (Abengoa),Operational,Electro-chemical battery and chemical storage,Lithium-ion battery,1000,Spain,37.3890924,-5.98,null
Diamant PV Plant & Energy Storage,Operational,Electro-chemical battery and chemical storage,Lithium-ion battery,2472,Martinique,14.4887388,-61.01,Secondary Distribution
Hohhot Pumped Storage Power Station - Alstom / GE,Operational,Electro-mechanical energy storage,Pumped hydro storage,1224000,China,40.842299,111.75,Transmission
Tai'an Pumped Storage Power Station,Operational,Electro-mechanical energy storage,Pumped hydro storage,1000000,China,36.200252,117.09,Transmission
SCE LESTA: 2 MW A123 Test,Operational,Electro-chemical battery and chemical storage,Lithium-ion battery,2000,United States,33.7513419,-117.99,null
Auwahi Wind Farm ,Operational,Electro-chemical battery and chemical storage,Lithium-ion battery,11000,United States,20.7909697,-156.33,null
Del Lago Academy (IES),Operational,Electro-chemical battery and chemical storage,Lithium-ion battery,100,United States,33.0982635,-117.1,null
Xianyou Pumped Storage Power Station,Operational,Electro-mechanical energy storage,Pumped hydro storage,1200000,China,25.362094,118.69,Transmission
Carlsbad 7-Eleven Green Charge Networks Greenstation,Operational,Electro-chemical battery and chemical storage,Lithium-ion battery,30,United States,33.121631,-117.32,null
Golden Hills - NextEra Energy,Contracted,Electro-chemical battery and chemical storage,Lithium-ion battery,30000,United States,37.6818745,-121.77,null
McHenry Battery Storage Project - EDF Renewable Energy,Operational,Electro-chemical battery and chemical storage,Lithium-ion battery,20000,United States,42.3039993,-88.4,Primary Distribution
Alachua County Library,Operational,Thermal energy storage,Latent heat,100,United States,29.65153375,-82.32156145,Secondary Distribution
The Zurich Dietikon 1 MW BESS,Operational,Electro-chemical battery and chemical storage,Lithium-ion battery,1000,Switzerland,47.4048128,8.56,Primary Distribution
Ponte Winery - Ice Energy,Operational,Thermal energy storage,Latent heat,60,United States,33.536932,-117.05,null
Tortilla Flats Restaurant - Ice Energy,Operational,Thermal energy storage,Latent heat,20,United States,40.573885,-122.37,null
Skyway Recreation Products - Ice Energy,Operational,Thermal energy storage,Latent heat,20,United States,40.6263796,-122.38,null
Sault Ste. Marie Energy Storage - Convergent + GE / IESO,Contracted,Electro-chemical battery and chemical storage,Lithium-ion battery,7000,Canada,46.521858,-84.35,null
EPCC Thermal Storage: Valle Verde,Operational,Thermal energy storage,Latent heat,930,United States,31.753527,-106.37,null
BESS Neuhardenberg,Operational,Electro-chemical battery and chemical storage,Lithium-ion battery,5000,Germany,52.6016493,14.24,Primary Distribution
Stone Edge Farm Winery- All Iron Flow Battery (IFB),Operational,Electro-chemical battery and chemical storage,Flow battery,10,United States,38.5110803,-122.8473388,null
Mitsubishi UPS at CoreSite Santa Clara Data Center,Operational,Electro-chemical battery and chemical storage,,1500,United States,37.375202,-121.97,null
China EPRI 15 kW/19kWh Micro-grid,Operational,Electro-chemical battery and chemical storage,Lithium-ion battery,15,China,36,104,null
Toronto Zoo - Ice Energy,Operational,Thermal energy storage,Latent heat,15,Canada,43.824665,-79.18615097,null
Tunghai Green Transportation Management and Development / Low Carbon Demonstration Project,Operational,Electro-chemical battery and chemical storage,Lead-acid battery,2,Taiwan,24.2332076,120.94,null
Technology Solutions for Wind Integration - Center For Commercialization of Electric Technology (CCET),Operational,Electro-chemical battery and chemical storage,Lithium-ion battery,1000,United States,33.5934104,-102.03,Transmission
Bailianhe Pumped Storage Power Station,Operational,Electro-mechanical energy storage,Pumped hydro storage,1200000,China,30.6087078,115.56,Transmission
La Africana Solar Power Plant,Operational,Thermal energy storage,Sensible heat,50000,Spain,37.807018,-5.1,null
15 MW Energy Storage at Weiher Cogeneration Plant - STEAG GmbH,Contracted,Electro-chemical battery and chemical storage,Lithium-ion battery,15000,Germany,49.2964517,7.35,Transmission
Alliant Energy - Solar Demonstration Project,Operational,Electro-chemical battery and chemical storage,Lithium-ion battery,30,United States,43.15076665,-89.29613801,null
Monroe Community College CES Unit for Grid Support - DTE Energy,Operational,Electro-chemical battery and chemical storage,Lithium-ion battery,500,United States,41.916448,-83.47,Primary Distribution
Ice Energy project at 901 E Alosta Ave,Operational,Thermal energy storage,Latent heat,120,United States,34.1304633,-117.8879646,null
Ice Energy project at 701 E. Foothill Blvd,Operational,Thermal energy storage,Latent heat,120,United States,34.1344841,-117.8970195,null
Korea Electrotechnology Research Institute 250 kW,Operational,Electro-chemical battery and chemical storage,Lithium-ion battery,250,South Korea,35.227956,128.6818586,null
Kaua'i Dispatchable Solar Storage - 13 MW / 52MWh  - SolarCity,Contracted,Electro-chemical battery and chemical storage,Lithium-ion battery,13000,United States,21.9661076,-159.57,null
Taft Botanical Gardens - SimpliPhi Power,Operational,Electro-chemical battery and chemical storage,Lithium-ion battery,10,United States,34,-119,null
Randolph-Macon College - Dominion Virginia Power,Operational,Electro-chemical battery and chemical storage,Flow battery,48,United States,38,-77,null
EnerVault Redox Flow Battery Demo Project,De-Commissioned,Electro-chemical battery and chemical storage,Flow battery,250,United States,37.526323,-120.8,Secondary Distribution
SCE Distributed Energy Storage Integration (DESI) Pilot 1,Operational,Electro-chemical battery and chemical storage,Lithium-ion battery,2400,United States,33.78659,-117.88,Primary Distribution
PDE Smart Microgrid System,Operational,Electro-chemical battery and chemical storage,Lithium-ion battery,90,United States,33.97983212,-118.1429253,null
AllCell Chicago EV Charging Station,Operational,Electro-chemical battery and chemical storage,Lithium-ion battery,40,United States,42.0450722,-87.69,null
Pilbara Meta Maya Regional Aboriginal Corporation - EMC,Operational,Electro-chemical battery and chemical storage,,40,Australia,-20.3767008,118.5904727,null
"Axion PowerCube for PJM (New Castle, PA)",Operational,Electro-chemical battery and chemical storage,Lead-acid battery,500,United States,41,-80,Secondary Distribution
Aikang 35 kw/37 kWh Micro-Grid,Operational,Electro-chemical battery and chemical storage,Lithium-ion battery,35,China,32,121,null
Airbnb and kitHAUS Microgrid Pop Up House,Operational,Electro-chemical battery and chemical storage,Lithium-ion battery,5,United States,34,-118,null
Toshiba Unga Station TESS,Operational,Electro-chemical battery and chemical storage,Lithium-ion battery,1000,Japan,35.8563097,139.9,null
The Zhangbei Project - State Grid / Sparton Resources,Operational,Electro-chemical battery and chemical storage,Flow battery,2000,China,41.158557,114.72,null
S??wag - Bosch Community ESS,Operational,Electro-chemical battery and chemical storage,Lithium-ion battery,50,Germany,50.0597078,8.53,null
Laney College Green Charge Networks GreenStation,Operational,Electro-chemical battery and chemical storage,Lithium-ion battery,30,United States,37.7942491,-122.2607931,null
Merritt College Green Charge Networks GreenStation,Operational,Electro-chemical battery and chemical storage,Lithium-ion battery,30,United States,37.78901385,-122.1672324,null
Peralta College Green Charge Networks GreenStation,Operational,Electro-chemical battery and chemical storage,Lithium-ion battery,30,United States,37.7936847,-122.2612767,null
250 kWh Berkshire Farm (Anesco UK),Operational,Electro-chemical battery and chemical storage,,250,United Kingdom,51.4669939,-1.19,null
Bajina Basta Reversible Hydro Power Plant,Operational,Electro-mechanical energy storage,Pumped hydro storage,614000,Serbia,43.95559,19.45,null
164 W. Magnolia - Ice Energy,Operational,Thermal energy storage,Latent heat,8,United States,34.1780047,-118.32,null
Lancaster MOAH Green Charge Networks Greenstation,Operational,Electro-chemical battery and chemical storage,Lithium-ion battery,30,United States,34.69814135,-118.1418401,null
Escondido Energy Storage,Operational,Electro-chemical battery and chemical storage,Lithium-ion battery,30000,United States,33.1192068,-117.09,null
Hiwassee Dam,Operational,Electro-mechanical energy storage,Pumped hydro storage,185000,United States,35.1134803,-84.06,Transmission
Redding Furniture and Mattress - Ice Energy,Operational,Thermal energy storage,Latent heat,40,United States,40.6085464,-122.38,null
EDF R&D Les Renardi??res Concept Grid ESS,Operational,Electro-chemical battery and chemical storage,Lithium-ion battery,1000,France,48.371189,2.84,Secondary Distribution
"Yokohama Works Energy Storage System - Sumitomo Electric Industries, Ltd.",Operational,Electro-chemical battery and chemical storage,Flow battery,1000,Japan,35,140,null
Fossil Ridge High School,Operational,Thermal energy storage,Latent heat,200,United States,40.512543,-105.02,Secondary Distribution
AES Kilroot Advancion Energy Storage Array,Operational,Electro-chemical battery and chemical storage,Lithium-ion battery,10000,United Kingdom,54.725289,-5.77,Primary Distribution
Jiangsu 100kW/400kWh ESS,Operational,Electro-chemical battery and chemical storage,Lithium-ion battery,100,China,32.061707,118.76,null
Enel Chiaravalle Substation,Operational,Electro-chemical battery and chemical storage,Lithium-ion battery,2000,Italy,38.679329,16.41,Primary Distribution
CrystEna 1 MW Energy Storage System- Demansys Energy Inc.,Operational,Electro-chemical battery and chemical storage,Lithium-ion battery,1000,United States,39.8440027,-75.02,null
D??rverden 3 MW Battery Storage - Statkraft,Operational,Electro-chemical battery and chemical storage,,3000,Germany,52.8469714,9.23,null
Shanghai 50kW/50kWh ESS,Operational,Electro-chemical battery and chemical storage,Lithium-ion battery,50,China,31.230416,121.47,null
Ice Energy project at 27200 Eucalyptus Ave,Operational,Thermal energy storage,Latent heat,20,United States,33.936265,-117.18646,null
AMS 50 MW Hybrid-Electric Buildings,Contracted,Electro-chemical battery and chemical storage,,50000,United States,34.0522342,-118.24,null
FerroSmartGrid - Regulation Node,Operational,Electro-chemical battery and chemical storage,Lead-acid battery,50,Spain,37,-5,Secondary Distribution
Planta Solar 10 Solar Plant,Operational,Thermal energy storage,Heat thermal storage,11000,Spain,37.38604,-6.2,Transmission
Audi e-gas Project,Operational,Electro-chemical battery and chemical storage,Hydrogen storage,6000,Germany,53,8,null
IntelliStore 1000 - 1MWh Power Plant Balancing Power Optimization,Operational,Electro-chemical battery and chemical storage,Lithium-ion battery,500,Hungary,47.9059454,21.06,Transmission
Pueblo Air Cooled Run Test Facility - Calmac,Operational,Thermal energy storage,Latent heat,3517,United States,38.2821073,-104.52,null
Pueblo West Factory Building - Calmac,Operational,Thermal energy storage,Latent heat,3517,United States,38.2821073,-104.52,null
Woojin/Maxwell Daegu Line 2 - Jukjeon Station (224),Operational,Electro-chemical battery and chemical storage,Electro-chemical capacitor,1050,South Korea,35.850752,128.54,null
Woojin/Maxwell Seoul Line 9 - COEX Station (929),Operational,Electro-chemical battery and chemical storage,Electro-chemical capacitor,1870,South Korea,37.5172363,127.05,null
EnergyNest TES Pilot,Operational,Thermal energy storage,Sensible heat,100,United Arab Emirates,24.42748265,54.62348762,null
Crpna Hidroelektrana Capljina - ??apljina Pumped Hydro Storage - (Bosnia and Herzegovina),Operational,Electro-mechanical energy storage,Pumped hydro storage,420000,Bosnia and Herzegovina,43.0166042,17.81,Transmission
Th??ga-Demonstrationsprojekt Strom zu Gas - ITM Power plc,Operational,Electro-chemical battery and chemical storage,Hydrogen storage,320,Germany,50.1170757,8.74,Secondary Distribution
Everett MESA 1b Project - SNOPUD,Operational,Electro-chemical battery and chemical storage,Lithium-ion battery,1000,United States,47.936062,-122.25,Primary Distribution
Tianhuangping Pumped Storage Hydro Plant,Operational,Electro-mechanical energy storage,Pumped hydro storage,1836000,China,30.638675,119.68,Transmission
Prudent Energy Corporation/CEPRI Zhangbei Vanadium Redox Battery Energy Storage System,Operational,Electro-chemical battery and chemical storage,Flow battery,500,China,41.158557,114.72,null
Minami Hayakita Substation Hokkaido Electric Power- Sumitomo,Operational,Electro-chemical battery and chemical storage,Flow battery,15000,Japan,43.0646147,141.35,null
Minami-Soma Substation - Tohoku Electric / Toshiba,Operational,Electro-chemical battery and chemical storage,Lithium-ion battery,40000,Japan,37.6421608,140.96,null
Stone Edge Farm Winery - Aquion Energy,Operational,Electro-chemical battery and chemical storage,Sodium-based battery,30,United States,38.27134251,-122.4385839,Secondary Distribution
Charleston NaS Energy Storage Project - AEP ,Operational,Electro-chemical battery and chemical storage,Sodium-based battery,1200,United States,38.3498195,-81.63,Primary Distribution
Dundalk Institute of Technology (DkIT) Wind Turbine Energy Storage - CALMAC ,Operational,Thermal energy storage,Latent heat,4560,Ireland,53.9830884,-6.4,null
New Orleans City Hall - PosiGen / SimpliPhi Power,Operational,Electro-chemical battery and chemical storage,Lithium-ion battery,10,United States,30,-90,Secondary Distribution
Hartley Nature Center,Operational,Electro-chemical battery and chemical storage,Lithium-ion battery,6,United States,46.8385968,-92.08302584,null
EPFL/Leclanche Distributed Electrical Systems Laboratory,Operational,Electro-chemical battery and chemical storage,Lithium-ion battery,720,Switzerland,46.5208057,6.58,null
Remote Off-Grid Container - Regional Queensland ,Operational,Electro-chemical battery and chemical storage,,2,Australia,-23.5263118,148.1618622,null
La Rance Tidal Power Station,Operational,Electro-mechanical energy storage,Pumped hydro storage,240000,France,48.6180022,-2.02,Transmission
Andasol 1 CSP Solar Power Plant,Operational,Thermal energy storage,Sensible heat,50000,Spain,37.163714,-3.07,null
XinAo (ENN) 100kW/400kWh ESS,Operational,Electro-chemical battery and chemical storage,Lithium-ion battery,100,China,40,117,null
Woojin/Maxwell Seoul Line 2 - Seocho Station (224),Operational,Electro-chemical battery and chemical storage,Electro-chemical capacitor,2340,South Korea,37.49184,127.01,null
Woojin/Maxwell Incheon Line 1 - Technopark Station (I134),Operational,Electro-chemical battery and chemical storage,Electro-chemical capacitor,2340,South Korea,37.3824125,126.66,null
Ice Energy project at 2143 Hilltop Dr ,Operational,Thermal energy storage,Latent heat,20,United States,40.57650552,-122.3580583,null
Ice Energy project at 2155 Hilltop Dr Ste A,Operational,Thermal energy storage,Latent heat,10,United States,40.5863563,-122.391675,null
Ice Energy project at 2131 Hilltop Dr ,Operational,Thermal energy storage,Latent heat,10,United States,40.57672138,-122.3580521,null
Tallaght Smart Grid Testbed: Lithium Ion Battery,Operational,Electro-chemical battery and chemical storage,Lithium-ion battery,300,Ireland,53,-6,null
Tallaght Smart Grid Testbed: Ultracapacitors,Operational,Electro-chemical battery and chemical storage,Electro-chemical capacitor,0,Ireland,53.3497645,-6.2602732,null
ALTAIS,Operational,Electro-chemical battery and chemical storage,Sodium-based battery,120,Martinique,15,-61,null
El Hierro Hydro-Wind Plant,Operational,Electro-mechanical energy storage,Pumped hydro storage,11300,Spain,27.795065,-17.92,Primary Distribution
Star Island Microgrid,Operational,Electro-chemical battery and chemical storage,Lead-acid battery,600,United States,42.9765042,-70.61,null
Supcon Power Tower Solar Project,Operational,Thermal energy storage,Sensible heat,10000,China,37.369436,97.36,null
Domino's Pizza 135kW / 135kWh Tesla Powerwall,Operational,Electro-chemical battery and chemical storage,Lithium-ion battery,135,Australia,-33.7531,150.84,null
Lewiston Pump-Generating Plant,Operational,Electro-mechanical energy storage,Pumped hydro storage,240000,United States,43.142984,-79.02,Transmission
Muju pumped storage power plant,Operational,Electro-mechanical energy storage,Pumped hydro storage,600000,South Korea,36.0068191,127.66,Transmission
Aquion AHI at Redwood Gate Ranch,Operational,Electro-chemical battery and chemical storage,Sodium-based battery,15,United States,38.4497134,-123.12,null
Wind Energy Institute of Canada Wind R&D Park and Storage System for Innovation in Grid Integration,Operational,Electro-chemical battery and chemical storage,Sodium-based battery,1000,Canada,47.055645,-64,Secondary Distribution
Planta Solar 20 Solar Power Plant (PS 20),Operational,Thermal energy storage,Heat thermal storage,20000,Spain,37.38604,-6.2,Transmission
Enel Puglia ESS,Operational,Electro-chemical battery and chemical storage,Lithium-ion battery,2000,Italy,41.4621984,15.54,Primary Distribution
Black & Veatch World Headquarters Microgrid System,Operational,Electro-chemical battery and chemical storage,,200,United States,38.92448315,-94.65568564,null
CLPCCD - Utility Infrastructure Project,Operational,Thermal energy storage,Latent heat,890,United States,37.6396128,-122.1,null
KIER/Jeju Island Vanadium Redox Battery Project,Operational,Electro-chemical battery and chemical storage,Flow battery,100,South Korea,33.4996213,126.53,null
Kansas City Green Impact Zone SmartGrid - Kansas City Power and Light,Operational,Electro-chemical battery and chemical storage,Lithium-ion battery,1000,United States,39.0402879,-94.57,Primary Distribution
Sancheong Pumped Storage Power Plant,Operational,Electro-mechanical energy storage,Pumped hydro storage,700000,South Korea,35.4155885,127.87,Transmission
90 kW / 180 kWh Santa Cruz County Building - Green Charge Networks,Operational,Electro-chemical battery and chemical storage,Lithium-ion battery,90,United States,36.97879656,-122.0208881,Secondary Distribution
Enel Isernia Smart Grid Project,Operational,Electro-chemical battery and chemical storage,Lithium-ion battery,1000,Italy,41.5922026,14.32,Secondary Distribution
Shore Hotel Green Charge Networks GreenStation,Operational,Electro-chemical battery and chemical storage,Lithium-ion battery,60,United States,34.0125238,-118.4956258,Secondary Distribution
Clique Solar Solar Thermal HVAC System,Operational,Thermal energy storage,Sensible heat,175,India,28.4828339,77.52,null
PowerStream Penetanguishene Microgrid,Operational,Electro-chemical battery and chemical storage,Lithium-ion battery,750,Canada,44.7687678,-79.93,null
Pushihe Pumped Storage Power Station,Operational,Electro-mechanical energy storage,Pumped hydro storage,1200000,China,40.0005,124.35,Transmission
La Dehesa Solar Power Plant,Operational,Thermal energy storage,Sensible heat,49900,Spain,38.959432,-6.46,null
Wholefood Signage System,Operational,Electro-chemical battery and chemical storage,Lithium-ion battery,1,United States,39,-121,null
Tallangatta Integrated Community Centre,Operational,Electro-chemical battery and chemical storage,Lithium-ion battery,16,Australia,-36.2165804,147.18,null
Bethel Park High School,Operational,Thermal energy storage,Latent heat,375,United States,40.3362589,-80.05,Secondary Distribution
Clay Terrace Plug-In Ecosystem,Operational,Electro-chemical battery and chemical storage,Lithium-ion battery,75,United States,39.978371,-86.12,null
"Off-Grid Installation in Regional Queensland, Australia",Operational,Electro-chemical battery and chemical storage,,5,Australia,-23.6036388,146.1241529,null
Carthage Water & Electric Plant,Operational,Electro-chemical battery and chemical storage,Lead-acid battery,100,United States,37,-94,Secondary Distribution
SCE LM6000 Hybrid EGT - Center,Operational,Electro-chemical battery and chemical storage,Lithium-ion battery,10000,United States,33.9022367,-118.08,null
Zhongdianpurui 100kW/400kWh ESS,Operational,Electro-chemical battery and chemical storage,Lithium-ion battery,100,China,40.824418,114.89,null
Helms Pumped Hydro Storage Project,Operational,Electro-mechanical energy storage,Pumped hydro storage,1212000,United States,37.039152,-118.96,Transmission
Borrego Springs Microgrid - SDG&E ,Operational,Electro-chemical battery and chemical storage,Lithium-ion battery,500,United States,33.2558717,-116.38,Primary Distribution
Clean Energy Storage: Centralia College,Operational,Electro-chemical battery and chemical storage,Lithium-ion battery,5,United States,46.7153384,-122.96,null
Enel Ventotene Project - Siemens,Operational,Electro-chemical battery and chemical storage,Lithium-ion battery,300,Italy,40.7983097,13.43,null
Seeo Inc. Solid State Batteries for Grid-Scale Energy Storage,De-Commissioned,Electro-chemical battery and chemical storage,Lithium-ion battery,100,United States,37.6688205,-122.08,null
Alcatraz Island Microgrid ,Operational,Electro-chemical battery and chemical storage,Lead-acid battery,400,United States,37.8269775,-122.42,null
SCE Catalina Island Energy Storage,Operational,Electro-chemical battery and chemical storage,Sodium-based battery,1000,United States,33.3397913,-118.31,Primary Distribution
Kasai Green Energy Park - Panasonic,Operational,Electro-chemical battery and chemical storage,Lithium-ion battery,288,Japan,34.9279363,134.84,null
Endesa STORE: La Palma Project - Ingeteam,Operational,Electro-chemical battery and chemical storage,Electro-chemical capacitor,4000,Spain,28.6629785,-17.79,null
Qinous Demonstrator Site - Aquion,Operational,Electro-chemical battery and chemical storage,Sodium-based battery,20,Germany,52,14,null
Shanghai Pujiang 50kW/160kWh ESS,Operational,Electro-chemical battery and chemical storage,Lithium-ion battery,50,China,30.9982268,121.43,null
Southern Grid Baoqing Plant Phase 1 - BYD,Operational,Electro-chemical battery and chemical storage,Lithium-ion battery,3000,China,22.543099,114.06,null
AES Tait Battery Array,Operational,Electro-chemical battery and chemical storage,Lithium-ion battery,20000,United States,39.7256182,-84.21,Transmission
Endesa STORE: Gran Canaria Project,Operational,Electro-chemical battery and chemical storage,Lithium-ion battery,1000,Spain,27.9822218,-15.78,Secondary Distribution
Ice Energy project at 10661 Business Dr.,Operational,Thermal energy storage,Latent heat,20,United States,34.05986265,-117.5092538,null
TransGrid iDemand,Operational,Electro-chemical battery and chemical storage,Lithium-ion battery,100,Australia,-33.8243541,150.83,Transmission
Illinois Institute of Technology RDSI Perfect Power Demonstration - EnSync Energy (formerly ZBB),Operational,Electro-chemical battery and chemical storage,Flow battery,250,United States,42,-88,null
NGK-Chugoku Electric,Operational,Electro-chemical battery and chemical storage,Sodium-based battery,4200,Japan,36.0930267,132.99,null
Kotzebue Electric Association - Saft,Operational,Electro-chemical battery and chemical storage,Lithium-ion battery,2100,United States,66.8983333,-162.6,null
The Smart Sodium Storage Solution (S4) Project,Announced,Electro-chemical battery and chemical storage,Sodium-based battery,30,Australia,-33.8688197,151.21,null
Nauiyu (Daly River) Solar Project,Operational,Electro-chemical battery and chemical storage,Lithium-ion battery,800,Australia,-13.6126744,130.51,null
Reunion Island Pegase Project,Operational,Electro-chemical battery and chemical storage,Sodium-based battery,1000,France,-20.96,55.65,null
Woojin/Maxwell Seoul Line 4 - Ssangmun Station (413),Operational,Electro-chemical battery and chemical storage,Electro-chemical capacitor,2340,South Korea,37.6488107,127.03,null
"Germany Residential Energy Storage Systems - 34,000 PV Battery Storage Systems @ 2 kW",Operational,Electro-chemical battery and chemical storage,Lithium-ion battery,68000,Germany,51,7,null
SDG&E El Cajon Substation - AES,Operational,Electro-chemical battery and chemical storage,Lithium-ion battery,7500,United States,32.7947731,-116.96,Primary Distribution
SDG&E Escondido Substation - AES,Contracted,Electro-chemical battery and chemical storage,Lithium-ion battery,30000,United States,33.1192068,-117.09,Primary Distribution
Puerto Errado 2 Thermosolar Power Plant,Operational,Thermal energy storage,Sensible heat,30000,Spain,38.283086,-1.6,null
2 MW / 6 MWh ViZn Energy - Ontario IESO Project - Hecate Energy,Contracted,Electro-chemical battery and chemical storage,Flow battery,2000,Canada,51.253775,-85.32,null
2 MWh - Napa Sanitation District - Tesla,Operational,Electro-chemical battery and chemical storage,Lithium-ion battery,500,United States,38.236511,-122.28,null
2 MW/ 4.4 MWh Puget Sound Energy - Glacier Battery Storage,Operational,Electro-chemical battery and chemical storage,Lithium-ion battery,2000,United States,48.8901226,-121.95,Transmission
SCE Irvine Smart Grid Demonstration: CES,Operational,Electro-chemical battery and chemical storage,Lithium-ion battery,25,United States,33.6387024,-117.84,null
Tashlyk Pumped Hydro Power Station,Operational,Electro-mechanical energy storage,Pumped hydro storage,302000,Ukraine,47.8228,31.18,Primary Distribution
Qinous Demonstrator Site - Lithium-Ion ,Operational,Electro-chemical battery and chemical storage,Lithium-ion battery,100,Germany,52.4571175,13.5276733,null
Tesla 250kW / 570kWh Dominion Salt Plant Battery,Operational,Electro-chemical battery and chemical storage,Lithium-ion battery,250,New Zealand,-41.7333333,174.17,null
King Island Renewable Energy Integration Project (UltraBattery),Operational,Electro-chemical battery and chemical storage,Lead-acid battery,3000,Australia,-39.9384028,143.91,Primary Distribution
Austin Utilities Energy Storage Pilot,Operational,Electro-chemical battery and chemical storage,Lead-acid battery,37,United States,43.6831948,-92.9698262,Secondary Distribution
Lac Noir Pumped Storage Power Plant,De-Commissioned,Electro-mechanical energy storage,Pumped hydro storage,82000,France,48.109765,7.1,Transmission
Ffestiniog Pumped Hydro Power Plant,Operational,Electro-mechanical energy storage,Pumped hydro storage,360000,United Kingdom,52.959065,-3.93,Transmission
Horse Mesa Pumped Hydro Storage,Operational,Electro-mechanical energy storage,Pumped hydro storage,97000,United States,33.590733,-111.34,Transmission
Foyers Pumped Storage Power Station ,Operational,Electro-mechanical energy storage,Pumped hydro storage,300000,United Kingdom,57.3228575,-4.42,Transmission
AEP Gahanna NaS Battery Energy Storage System,Operational,Electro-chemical battery and chemical storage,Sodium-based battery,2000,United States,40.0192307,-82.88,null
Alqueva Pumped Hydro Storage Power Plant,Operational,Electro-mechanical energy storage,Pumped hydro storage,520000,Portugal,38.197508,-7.5,Transmission
AES Johnson City,De-Commissioned,Electro-chemical battery and chemical storage,Lithium-ion battery,8000,United States,42.112485,-75.98,Transmission
AEP Ohio gridSMART Demonstration Project,Operational,Electro-chemical battery and chemical storage,Lithium-ion battery,100,United States,39.9650746,-83.00544185,null
San Nicolas Island Naval Facility - EnSync Energy (formerly ZBB),De-Commissioned,Electro-chemical battery and chemical storage,Flow battery,500,United States,33.2464523,-119.5,null
"Terna Storage Lab 1, Sardinia (2)",Operational,Electro-chemical battery and chemical storage,Lithium-ion battery,1200,Italy,41,9,Transmission
"Terna Storage Lab 1, Sardinia (3)",Operational,Electro-chemical battery and chemical storage,Lithium-ion battery,1000,Italy,41,9,Transmission
"Terna Storage Lab 1, Sardinia (4)",Operational,Electro-chemical battery and chemical storage,Lithium-ion battery,1080,Italy,41,9,Transmission
"Terna Storage Lab 1, Sardinia (5)",Operational,Electro-chemical battery and chemical storage,Lithium-ion battery,1000,Italy,41,9,Transmission
"Terna Storage Lab 1, Sardinia (6)",Operational,Electro-chemical battery and chemical storage,Sodium-based battery,1200,Italy,41,9,Transmission
"Terna Storage Lab 1, Sardinia (7)",Operational,Electro-chemical battery and chemical storage,Sodium-based battery,1000,Italy,41,9,Transmission
Terna SANC Project (1),Operational,Electro-chemical battery and chemical storage,Sodium-based battery,12000,Italy,41.0760492,15.15,Transmission
Terna SANC Project (2),Operational,Electro-chemical battery and chemical storage,Sodium-based battery,12000,Italy,41.2993991,15.09,Transmission
"Terna Storage Lab 1, Sardinia (1)",Operational,Electro-chemical battery and chemical storage,Lithium-ion battery,1000,Italy,41,9,Transmission
Maui Brewing Company Microgrid,Operational,Electro-chemical battery and chemical storage,Lithium-ion battery,21,United States,20.74962204,-156.4402813,null
Halotechnics Advanced Molten Glass for Heat Transfer and Thermal Energy Storage,Operational,Thermal energy storage,Heat thermal storage,5,United States,37.831316,-122.29,null
Vlissingen Advancion Energy Storage - AES,Operational,Electro-chemical battery and chemical storage,Lithium-ion battery,10000,Netherlands,51.4536672,3.57,null
Graciosa Project - Younicos & Recharge,Operational,Electro-chemical battery and chemical storage,Lithium-ion battery,6000,Portugal,39.0524827,-28.01,Primary Distribution
OATI South Campus Microgrid,Operational,Electro-chemical battery and chemical storage,Lithium-ion battery,0,United States,44.840798,-93.3,null
Connecticut Municipal Electric Energy Cooperative (CMEEC) - SolarCity / Brightfields Development,Contracted,Electro-chemical battery and chemical storage,,1500,United States,41.6032207,-73.09,null
Santa Paula 1 - Western Grid Development LLC,Operational,Electro-chemical battery and chemical storage,Lithium-ion battery,5000,United States,34.35678,-119.06,Transmission
AltaGas Pomona Energy - SCE / Greensmith Energy,Operational,Electro-chemical battery and chemical storage,Lithium-ion battery,20000,United States,34.058936,-117.78,Transmission
Grand Johanna Aliso Canyon Energy Storage - SCE / Powin,Contracted,Electro-chemical battery and chemical storage,Lithium-ion battery,2000,United States,33.691031,-117.83,null
Aliso Canyon SCE Mira Loma Substation - Tesla,Contracted,Electro-chemical battery and chemical storage,Lithium-ion battery,20000,United States,34.0074494,-117.56,null
Clinton County BESS - Exelon / RES,Operational,Electro-chemical battery and chemical storage,Lithium-ion battery,10000,United States,39.4453393,-83.83,null
Park Place LBA Realty - Stem,Operational,Electro-chemical battery and chemical storage,Lithium-ion battery,1500,United States,33.674252,-117.84,Secondary Distribution
Rabbit Hill Energy Storage Project,Operational,Electro-chemical battery and chemical storage,Lithium-ion battery,10000,United States,30.6332618,-97.68,null
Tehri Pumped Storage Hydroelectric Power Plant,Operational,Electro-mechanical energy storage,Pumped hydro storage,1000000,India,30.3738609,78.43,Primary Distribution
Frades II Pumped Hydro Station - Voith,Operational,Electro-mechanical energy storage,Pumped hydro storage,778000,Portugal,39.399872,-8.22,null
Baixo Sabor Montante Pumped Hydro Station - EDP,Operational,Electro-mechanical energy storage,Pumped hydro storage,145000,Portugal,39.399872,-8.22,null
Baixo Sabor Jusante Pumped Hydro Station,Operational,Electro-mechanical energy storage,Pumped hydro storage,37000,Portugal,39.399872,-8.22,null
Venda Nova III Pumped Hydro Station,Operational,Electro-mechanical energy storage,Pumped hydro storage,736000,Portugal,41.692695,-8.03,null
Foz Tua Pumped Hydro Station,Operational,Electro-mechanical energy storage,Pumped hydro storage,259000,Portugal,41.218619,-7.42,null
Lakeland Solar and Storage - Lyon Group,Operational,Electro-chemical battery and chemical storage,Lithium-ion battery,20000,Australia,-15.8415527,144.85,null
Cape York Solar Storage 20MW / 80MWh - Lyon Group,Operational,Electro-chemical battery and chemical storage,Lithium-ion battery,20000,Australia,-15.8415527,144.85,Transmission
Redding Electric Utilities (Phase 2) - Ice Energy ,Operational,Thermal energy storage,Latent heat,6000,United States,40.5865396,-122.39,null
14.8 MW / 58.8 MWh IESO Energy Storage Procurement Phase 1 - Hecate Energy (Toronto Installation),Operational,Electro-chemical battery and chemical storage,Lithium-ion battery,14800,Canada,43.653226,-79.38,null
UK National Grid - RES,Contracted,Electro-chemical battery and chemical storage,Lithium-ion battery,20000,United Kingdom,55.378051,-3.44,null
Obervermuntwerk 2,Operational,Electro-mechanical energy storage,Pumped hydro storage,360000,Austria,47.0645191,9.93,null
100MW / 1200 MWh - Redstone Solar Thermal Power Project,Contracted,Thermal energy storage,Sensible heat,100000,South Africa,-28.3092768,23.11,null
Dalian VFB - UET / Rongke Power,Under Construction,Electro-chemical battery and chemical storage,Flow battery,200000,China,38.914003,121.61,null
100kW/60kWh For Zhongsheng,Operational,Electro-chemical battery and chemical storage,Lithium-ion battery,100,China,32,119,null
50 kW / 60 kWh Energy Storage System - BYD,Operational,Electro-chemical battery and chemical storage,Lithium-ion battery,50,Switzerland,47.5581077,7.5878261,null
RISO Syslab Redox Flow Battery,Operational,Electro-chemical battery and chemical storage,Flow battery,15,Denmark,55.763516,12.49,null
Lake Elsinore Advanced Pumped Storage,Announced,Electro-mechanical energy storage,Pumped hydro storage,500000,United States,33.6680772,-117.33,Transmission
Qingyuan Pumped Storage Power Station,Operational,Electro-mechanical energy storage,Pumped hydro storage,1280000,China,23.681764,113.06,Transmission
FIAMM Green Energy Island,Operational,Electro-chemical battery and chemical storage,Sodium-based battery,180,Italy,45.431821,11.3693545,null
Smart City Malaga (MT),Operational,Electro-chemical battery and chemical storage,Lithium-ion battery,106,Spain,36.721261,-4.42,null
City of Painesville Municipal Power Vanadium Redox Battery Demonstration,De-Commissioned,Electro-chemical battery and chemical storage,Flow battery,1080,United States,41.7264075,-81.25,Transmission
Lerwick Power Station - NGK,De-Commissioned,Electro-chemical battery and chemical storage,Sodium-based battery,1000,United Kingdom,60.1669641,-1.16,Primary Distribution
UC San Diego ZBB / SunPower Energy Storage,De-Commissioned,Electro-chemical battery and chemical storage,Flow battery,100,United States,32.8769207,-117.24,null
Ultralife SUNY Canton Wind Integration Demo,Contracted,Electro-chemical battery and chemical storage,Lithium-ion battery,500,United States,44.608012,-75.18,Transmission
Fort Collins Utilities Four Cities Smart Grid Development Project - Facilities Site ,Operational,Thermal energy storage,Latent heat,92,United States,40.522734,-105.09,Primary Distribution
Fort Collins Utilities Four Cities Smart Grid Development Project - CSU Site ,Operational,Thermal energy storage,Latent heat,80,United States,40.5729396,-105.08,Primary Distribution
Campolattaro Pumped Hydro Storage Plant,Contracted,Electro-mechanical energy storage,Pumped hydro storage,572000,Italy,41.2876603,14.74,null
Beth Israel Deaconess Medical Center Calnetix (formerly VYCON) Flywheels,Operational,Electro-mechanical energy storage,,430,United States ,42.339726,-71.104888,Transmission
Alabama Public Television Calnetix (formerly VYCON) Flywheel,Operational,Electro-mechanical energy storage,Flywheel,215,United States,31.4921084,-86.3649582,Transmission
Fort Sill Microgrid - EnSync (Formerly ZBB),Operational,Electro-chemical battery and chemical storage,Flow battery,250,United States,34.6809319,-98.57088468,null
Actavis Calnetix (formerly VYCON) Flywheel - 300 kW,Operational,Electro-mechanical energy storage,Flywheel,300,Romania,44.4325,26.103889,Transmission
4.8 MW Austin Energy Control Center VYCON  Flywheels - 4.8MW,Operational,Electro-mechanical energy storage,Flywheel,4800,United States,30.267153,-97.7430608,Transmission
Joint Base Pearl Harbor Hickam (JBPHH) U.S. Military Base,Operational,Electro-chemical battery and chemical storage,Flow battery,125,United States,21,-158,null
Terna Grid Defense Plan Phase II (1),Announced,Electro-chemical battery and chemical storage,Lithium-ion battery,20000,Italy,37.5999938,14.02,Transmission
Terna Grid Defense Plan Phase II (2),Announced,Electro-chemical battery and chemical storage,Sodium-based battery,4000,Italy,37.5999938,14.02,Transmission
"Terna Storage Lab 1, Sardinia (8)",Announced,Electro-chemical battery and chemical storage,Flow battery,1000,Italy,40.657261,8.679816,Transmission
"Terna Storage Lab 1, Sardinia (9)",Announced,Electro-chemical battery and chemical storage,Electro-chemical capacitor,1000,Italy,40.657261,8.679816,Transmission
"Terna Storage Lab 2, Sicily (6)",Announced,Electro-chemical battery and chemical storage,Flow battery,500,Italy,37.8803139,13.55343139,Transmission
"Terna Storage Lab 2, Sicily (7)",Announced,Electro-chemical battery and chemical storage,Electro-chemical capacitor,920,Italy,37.8803139,13.55343139,Transmission
JV Industrial Data Center Calnetix (formerly VYCON) Flywheel - 215 kW,Operational,Electro-mechanical energy storage,Flywheel,215,United States,29.6657838,-95.0193728,Transmission
DC Naval Yard Zero Energy Building,Operational,Electro-chemical battery and chemical storage,Lead-acid battery,16,United States,39,-77,null
Tobu Railway Regenerative GS Yuasa Power Storage System,Operational,Electro-chemical battery and chemical storage,Lithium-ion battery,1800,Japan,35.873905,139.51,null
Enel Dirillo Substation BESS Project ,Operational,Electro-chemical battery and chemical storage,Lithium-ion battery,2000,Italy,36.8711288,14.76,Primary Distribution
Follett Calnetix (formerly VYCON) Flywheel -  VDC-XE flywheel,Operational,Electro-mechanical energy storage,Flywheel,300,United States,41.8108837,-88.2166528,Transmission
Cochrane Thermal Power Station Storage System,Announced,Electro-chemical battery and chemical storage,Lithium-ion battery,20000,Chile,-23,-70,Primary Distribution
Linth?????Limmern Pumped Storage Scheme,Operational,Electro-mechanical energy storage,Pumped hydro storage,480000,Switzerland,47.0404265,9.07,Transmission
Zerobase Kenya Microgrid,Operational,Electro-chemical battery and chemical storage,Lead-acid battery,100,Kenya,4,34,null
ConEdison Interoperability of Demand Response Resources: Thermal,Operational,Thermal energy storage,Latent heat,1000,United States,40.7138275,-74.01,null
Bosch Fort Bragg,Operational,Electro-chemical battery and chemical storage,Lithium-ion battery,100,United States,35,-79,Secondary Distribution
Endesa HQ B2G (Barcelona),Operational,Electro-chemical battery and chemical storage,Lithium-ion battery,20,Spain,41.3850639,2.17,null
Bleiloch Pumped Storage Power Station,Operational,Electro-mechanical energy storage,Pumped hydro storage,80000,Germany,50.5166667,11.72,Transmission
Hohenwarte Pumped Storage Scheme,Operational,Electro-mechanical energy storage,Pumped hydro storage,383000,Germany,50.6492736,11.37,Transmission
Cape Barren Island Hybrid System,Operational,Electro-chemical battery and chemical storage,,163,Australia,-40.3982432,148.2,Transmission
Green Mountain Power Ice Energy Project 1 ,Operational,Thermal energy storage,Latent heat,45,United States,44,-73,Secondary Distribution
Citizens Bank - Green Mountain Power Ice Energy Project 2,Operational,Thermal energy storage,Latent heat,10,United States,43.60559979,-72.97903875,null
EnStorage Technology Demonstrator,Operational,Electro-chemical battery and chemical storage,Flow battery,50,Israel,31.069419,35.03,Secondary Distribution
Niederwartha Pumped Storage Power Station,Operational,Electro-mechanical energy storage,Pumped hydro storage,40000,Germany,51.093356,13.6,Transmission
Witznau Pumped Storage Power Station,Operational,Electro-mechanical energy storage,Pumped hydro storage,220000,Germany,47.68774,8.25,Transmission
Kyushu Electric Power/GS Yuasa Ashibe Substation ESS Demo,Operational,Electro-chemical battery and chemical storage,Lithium-ion battery,1279,Japan,33.801206,129.76,Secondary Distribution
Duke Energy- Residential,Operational,Electro-chemical battery and chemical storage,Lithium-ion battery,6,United States,35,-81,Secondary Distribution
"Promontory Microgrid CAES - ATK Launch Systems - Over 540 Buildings on a Sprawling 19,900-Acre Site",Operational,Electro-mechanical energy storage,Compressed air energy storage,80,United States,41.665573,-112.435667,Transmission
Micro-Grid I-Sare (Battery),Operational,Electro-chemical battery and chemical storage,,0,Spain,43.318334,-1.98,null
BlueSky Energy Microgrid ViZn Z20,Operational,Electro-chemical battery and chemical storage,Flow battery,64,Austria,48.0680308,13.4921448,null
Discovery at Spring Trails Residential Energy Storage,De-Commissioned,Electro-chemical battery and chemical storage,Lithium-ion battery,30,United States,30.1200111,-95.37,Secondary Distribution
UNLV RDSI Demonstration Project,Operational,Electro-chemical battery and chemical storage,Lithium-ion battery,9,United States,36.1672559,-115.148516,Secondary Distribution
DC/AC Hybrid Control System for Smart Building,Operational,Electro-chemical battery and chemical storage,Lithium-ion battery,48,Japan,38.268215,140.87,null
Bethel Energy Center - Apex Compressed Air Energy Storage - 317 MW Compressed Air Energy Storage,Operational,Electro-mechanical energy storage,Compressed air energy storage,317000,United States,31.8354447,-95.8388504,Transmission
Rose City Lights,Operational,Electro-chemical battery and chemical storage,Lead-acid battery,225,United States,40.74438495,-73.95730377,null
Kirchentellinsfurt Hydroelectric Power Plant,Operational,Electro-mechanical energy storage,Pumped hydro storage,1300,Germany,48.536,9.133,Transmission
H??usern Pumped Storage Power Plant,Operational,Electro-mechanical energy storage,Pumped hydro storage,100000,Germany,47.75523,8.19,Transmission
UTS (University of Technology) Sydney,Operational,Electro-chemical battery and chemical storage,Flow battery,25,Australia,-34,151,null
Ice Energy Big Box Retailer Project,Operational,Thermal energy storage,Latent heat,38,United States,36.114646,-115.17,Secondary Distribution
Texas Scottish Rite Hospital for Children VYCON Flywheels - Two 300kW Flywheels,Operational,Electro-mechanical energy storage,Flywheel,600,United States ,32.8021433,-96.8141251,Transmission
Shell Point Retirement Village,Operational,Thermal energy storage,Latent heat,4800,United States,26.5156681,-82,Secondary Distribution
Cache Creek Casino,Operational,Thermal energy storage,Sensible heat,1300,United States,38.7342564,-122.14,Secondary Distribution
Lackland Air Force Base,Operational,Thermal energy storage,Sensible heat,580,United States,29.38263,-98.61,Secondary Distribution
Geisinger Health System Danville Chilled Water Thermal Storage,Operational,Thermal energy storage,Sensible heat,700,United States,40.9678905,-76.61,Secondary Distribution
Texas Instruments Manufacturing Plant,Operational,Thermal energy storage,Sensible heat,6400,United States,32.7801399,-96.8,Secondary Distribution
Federal Government Facility Chilled Water TES,Operational,Thermal energy storage,Sensible heat,274,United States,38.52245,-77.29,Secondary Distribution
Ice Energy Storage at Staples Retailer,Operational,Thermal energy storage,Latent heat,38,United States,40.1421639,-74.23,Secondary Distribution
Ice Energy Manufacturing Facility Project,Operational,Thermal energy storage,Latent heat,24,United States,40.5787485,-105,Secondary Distribution
Park Marina Building,Operational,Thermal energy storage,Latent heat,132,United States,40.58224158,-122.3719622,Secondary Distribution
Encinitas Civic Center,Operational,Thermal energy storage,Latent heat,75,United States,33.044753,-117.27,Secondary Distribution
CALMAC Centex Building,Offline/Under Repair,Thermal energy storage,Latent heat,205,United States,32.7762719,-96.7968559,Secondary Distribution
Hachijo Island NaS Battery ,Operational,Electro-chemical battery and chemical storage,Sodium-based battery,400,Japan,33.102183,139.8,null
Nevada Energy Battery Storage Project (Villa Trieste),Operational,Electro-chemical battery and chemical storage,Lithium-ion battery,5,United States,36.144997,-115.23,Secondary Distribution
Hydrostor UCAES Aruba Project - Low-Cost Air Cavity to the Bottom of a Lake or Ocean,Contracted,Electro-mechanical energy storage,Compressed air energy storage,1000,Netherlands,12.4333333,-69.9166667,Transmission
Web2Energy Smart Grid Project ,Operational,Electro-chemical battery and chemical storage,Lithium-ion battery,5,Germany,49.8776483,8.65,null
Enel Voltage Regulation ESS at Teramo,Operational,Electro-chemical battery and chemical storage,Lithium-ion battery,32,Italy,42.6612893,13.6983524,Secondary Distribution
Enel Voltage Regulation at L'Aquila,Operational,Electro-chemical battery and chemical storage,Lithium-ion battery,32,Italy,42.3489203,13.3979672,Secondary Distribution
330 MW - Gaelectric Compressed Air Energy Storage (CAES),Announced/Never Built,Electro-mechanical energy storage,Compressed air energy storage,330000,United Kingdom,54.8448772,-5.8000087,Transmission
Micro-Grid I-Sare (Flywheel)  - A Smart Power Grid in the Region of Gipuzkoa,Operational,Electro-mechanical energy storage,Flywheel,0,Spain,43.301532,-1.9478952,Transmission
Eco House Project,Operational,Electro-chemical battery and chemical storage,,14,Japan,38.268215,140.87,null
RDT&E for Advanced Energy Storage & Management Demonstration for USAF High Energy Demand Operations and Facilities ,Operational,Electro-chemical battery and chemical storage,Sodium-based battery,100,United States,20.748894,-156.44,null
Xi'an EV Charging Staion and Wind-Solar-Storage Microgrid Pilot Project,Operational,Electro-chemical battery and chemical storage,Lithium-ion battery,30,China,34,109,null
Arista Durathon Battery Project,Operational,Electro-chemical battery and chemical storage,Sodium-based battery,100,United States,43.191445,-77.66,null
Powerco's Lead Acid Battery System (Hunterville),Operational,Electro-chemical battery and chemical storage,Lead-acid battery,5,New Zealand,-39.9376536,175.567714,null
"WPD Falcon Project, GE Durathon",Operational,Electro-chemical battery and chemical storage,Sodium-based battery,250,United Kingdom,52.0429797,-0.7589607,Secondary Distribution
Gigha Wind Farm Battery Project,Contracted,Electro-chemical battery and chemical storage,Flow battery,100,United Kingdom,55.68459,-5.75,null
HSCL Composite Hub and Rim - Rotor system,Contracted,Electro-mechanical energy storage,Flywheel,100,South Korea,37.291873,126.8387065,Secondary Distribution
JLM Energy: Alabama Solar-tied,Operational,Electro-chemical battery and chemical storage,Lithium-ion battery,300,United States,33.5080818,-86.79,null
Grimsel 3 Pumped Hydro Storage Power Station,Operational,Electro-mechanical energy storage,Pumped hydro storage,600000,Switzerland,46.65532,8.29,Transmission
Battery Energy Storage System (BESS) - DC-Linked System,Operational,Electro-chemical battery and chemical storage,Lithium-ion battery,250,Germany,49.2332246,8.41327317,null
Battery Energy Storage System (BESS) - AC-Linked System,Operational,Electro-chemical battery and chemical storage,Lithium-ion battery,30,Germany,49.2332246,8.41327317,null
Ocean Park Inn 18 kW Stem,Operational,Electro-chemical battery and chemical storage,Lithium-ion battery,18,United States,32.7950409,-117.26,null
IHEM - Intelligent HomeEnergyManagement,Operational,Electro-chemical battery and chemical storage,Lithium-ion battery,3,Germany,48.1440989,11.57,null
MID Primus Power Wind Energy Storage Demonstration - Renewables Firming,Operational,Electro-chemical battery and chemical storage,Flow battery,250,United States,37.6390972,-120.9968782,Secondary Distribution
Esstalion Technologies Varennes Energy Storage System ,Operational,Electro-chemical battery and chemical storage,Lithium-ion battery,1200,Canada,45.6552195,-73.42,Primary Distribution
VYCON (now Calnetix) Lights-Out Data Center - 800kW Flywheel,Contracted,Electro-mechanical energy storage,Flywheel,8000,United States,31.9685988,-99.9018131,Transmission
100 kW / 480 kWh - Ergon Energy - RedFlow,Contracted,Electro-chemical battery and chemical storage,Lithium-ion battery,1000,Australia,-20.9175738,142.7,null
EnerDel Sochi BESS,Operational,Electro-chemical battery and chemical storage,Lithium-ion battery,1500,Russia,43.585278,39.72,Secondary Distribution
Mifuneholdings Kagoshima Solar Plant with 1 MWh Samsung SDI,Announced,Electro-chemical battery and chemical storage,Lithium-ion battery,2000,Japan,27.78,128.96,null
30 kW / 130 kWh - University of New South Wales - Gildemeister CellCube,Operational,Electro-chemical battery and chemical storage,Flow battery,30,Australia,-34,151,null
NRG Energy 0.5 MW,Contracted,Electro-chemical battery and chemical storage,,500,United States,33.1580933,-117.35,Transmission
Ice Energy procurement from SCE's November 2014 LCR: 25.6 MW,Contracted,Thermal energy storage,Latent heat,25600,United States,34.0522342,-118.24,null
Stem 85 MW Western Los Angeles Basin,Contracted,Electro-chemical battery and chemical storage,,85000,United States,34.0522342,-118.24,Secondary Distribution
Enel Livorno Test Facility: 20 kW ZEBRA,Operational,Electro-chemical battery and chemical storage,Sodium-based battery,20,Italy,43.548473,10.31,null
"US NORTHCOM BESS project - Erigo Technologies, EaglePicher Technologies",Operational,Electro-chemical battery and chemical storage,Lead-acid battery,300,United States,40,-105,null
EnerDel Mobile Hybrid Power System,Operational,Electro-chemical battery and chemical storage,Lithium-ion battery,15,United States,40.1496962,-88.27,null
Mexico City Airport VYCON (now Calnetix) Flywheels - Kinetic Energy Storage Flywheel Systems,Contracted,Electro-mechanical energy storage,Flywheel,390,Mexico,19.4360762,-99.0719083,Transmission
Delta Dental Data Center VYCON (now Calnetix) Flywheels - 1200 kW,Operational,Electro-mechanical energy storage,Flywheel,1200,United States,42.7009169,-84.429746,Transmission
Banner Good Samaritan Medical Center VYCON Flywheels - 600KW,Operational,Electro-mechanical energy storage,Flywheel,600,United States,33.4645012,-112.057851,Transmission
Kazunogawa (No.3) Pump Expansion,Announced,Electro-mechanical energy storage,Pumped hydro storage,400000,Japan,35.6641575,138.57,null
Changsha 10MW/20MWh BESS,Announced,Electro-chemical battery and chemical storage,Lithium-ion battery,10000,China,28.228209,112.94,null
Power to Gas Plant in Reitbrook,Contracted,Electro-chemical battery and chemical storage,Hydrogen storage,800,Germany,53.4850299,10.1159276,Secondary Distribution
Isle of Rum Microgrid System,Operational,Electro-chemical battery and chemical storage,Lead-acid battery,45,United Kingdom,57.01544295,-6.280656054,Primary Distribution
PSE Storage Innovation Project 2,Contracted,Electro-chemical battery and chemical storage,Lithium-ion battery,2000,United States,48,-122,null
Canadian Solar Solutions for IESO,Contracted,Electro-chemical battery and chemical storage,Lithium-ion battery,4000,Canada,51.253775,-85.32,Transmission
SOPRA HAN University,Operational,Electro-chemical battery and chemical storage,Lithium-ion battery,60,Netherlands,51.9872391,5.95,null
SOPRA WUR Farm,Operational,Electro-chemical battery and chemical storage,Lithium-ion battery,60,Netherlands,52.5399186,5.56,null
SOPRA Zero Watt project,Operational,Electro-chemical battery and chemical storage,Lithium-ion battery,60,Netherlands,52.0704978,4.3,null
UET HQ Mukilteo BESS,Operational,Electro-chemical battery and chemical storage,Flow battery,600,United States,47.8887886,-122.29,null
AES Alamitos Energy Storage Array,Under Construction,Electro-chemical battery and chemical storage,Lithium-ion battery,100000,United States,33.7700504,-118.19,null
Champ de Mars Triomphe Cultural Centre - Saft,Operational,Electro-chemical battery and chemical storage,Lithium-ion battery,100,Haiti,19,-72,null
Kazakhstan - 25MW / 100MWh - Flow Batteries - Primus Power,Contracted,Electro-chemical battery and chemical storage,Flow battery,25000,Kazakhstan,51.1605227,71.47,null
China Southern Power Grid - Highpower International - 100 kWh ESS,Announced,Electro-chemical battery and chemical storage,Lithium-ion battery,100,China,22.543099,114.06,null
"2 MW Potsdam, New York - Microgrid",Announced,Electro-chemical battery and chemical storage,,2000,United States,45,-75,null
6 MW / 10 MWh Molokai Island Energy - Phase One,Announced,Electro-chemical battery and chemical storage,,6000,United States,21.1443935,-157.02,null
Cellcube-Willibald-Gluck High School,Operational,Electro-chemical battery and chemical storage,Flow battery,30,Germany,49,11,null
South Bohemian Science and Technology Park,Operational,Electro-chemical battery and chemical storage,Flow battery,30,Czech Republic,49,14,null
Western Power Distribution (WPD) Battery Storage Facility - RES (UK),Announced,Electro-chemical battery and chemical storage,,10,Australia,-33.581611,120.05,null
San Vicente Pumped Storage,Announced,Electro-mechanical energy storage,Pumped hydro storage,500000,United States,32.9179,-116.9264,null
Beverly Regional Cache Site (MASS DOER Community Resiliency),Announced,Electro-chemical battery and chemical storage,,39,United States,42.5878335,-70.9,null
Dennis-Yarmouth High School Regional Shelter (MASS DOER Community Resiliency),Announced,Electro-chemical battery and chemical storage,,512,United States,41.6775776,-70.19,null
Greenfield High School (MASS DOER Community Resiliency),Announced,Electro-chemical battery and chemical storage,,129,United States,42.6065743,-72.6,null
Holyoke Resiliency Facilities (MASS DOER Community Resiliency),Announced,Electro-chemical battery and chemical storage,,983,United States,42.2042586,-72.62,null
Burbank Central Library #3 - Ice Energy,Operational,Thermal energy storage,Latent heat,8,United States,34.1832126,-118.31,null
Burbank Central Library #2 - Ice Energy,Operational,Thermal energy storage,Latent heat,8,United States,34.1832126,-118.31,null
Colony Theater #4 - Ice Energy,Operational,Thermal energy storage,Latent heat,8,United States,34.185223,-118.31,null
Colony Theater #3 - Ice Energy,Operational,Thermal energy storage,Latent heat,8,United States,34.185223,-118.31,null
Colony Theater #2 - Ice Energy,Operational,Thermal energy storage,Latent heat,8,United States,34.185223,-118.31,null
M. David Paul & Associates #2 - Ice Energy,Operational,Thermal energy storage,Latent heat,8,United States,34.1948843,-118.35,null
City of Burbank Fire Training #2 - Ice Energy,Operational,Thermal energy storage,Latent heat,8,United States,34.187481,-118.35,null
Burbank Central Library #4 - Ice Energy,Operational,Thermal energy storage,Latent heat,8,United States,34.1832126,-118.31,null
Burbank Buena Vista Library #3 - Ice Energy,Operational,Thermal energy storage,Latent heat,8,United States,34.1641362,-118.33,null
Burbank Water Reclamation Plant #2 - Ice Energy,Operational,Thermal energy storage,Latent heat,8,United States,34.1823333,-118.32,null
Burbank Water Reclamation Plant #3 - Ice Energy,Operational,Thermal energy storage,Latent heat,8,United States,34.1823333,-118.32,null
Verdugo Recreation #2 - Ice Energy,Operational,Thermal energy storage,Latent heat,8,United States,34.1816482,-118.3258554,null
Burbank Fire Station #16 #2 - Ice Energy,Operational,Thermal energy storage,Latent heat,8,United States,34.2007113,-118.31,null
Burbank Buena Vista Library #2 - Ice Energy,Operational,Thermal energy storage,Latent heat,8,United States,34.1641362,-118.33,null
Warner Bros. Studios #1 - Ice Energy,Operational,Thermal energy storage,Latent heat,8,United States,34.1498296,-118.34,null
Warner Bros. Studios #2 - Ice Energy,Operational,Thermal energy storage,Latent heat,8,United States,34.1499697,-118.34,null
Warner Bros. Studios #3 - Ice Energy,Operational,Thermal energy storage,Latent heat,8,United States,34.1499451,-118.34,null
M. David Paul & Associates #1 - Ice Energy,Operational,Thermal energy storage,Latent heat,8,United States,34.194961,-118.35,null
City of Burbank Fire Training #1 - Ice Energy,Operational,Thermal energy storage,Latent heat,8,United States,34.187481,-118.35,null
Burbank Central Library #1 - Ice Energy,Operational,Thermal energy storage,Latent heat,8,United States,34.1832241,-118.31,null
Field Service (PW Yard) #1 - Ice Energy,Operational,Thermal energy storage,Latent heat,8,United States,34.1751567,-118.31,null
Colony Theater #1 - Ice Energy,Operational,Thermal energy storage,Latent heat,8,United States,34.185223,-118.31,null
Centurylink - Ice Energy,Operational,Thermal energy storage,Latent heat,8,United States,34.199848,-118.34,null
IKEA #1 - Ice Energy,Operational,Thermal energy storage,Latent heat,8,United States,34.185571,-118.31,null
IKEA #2 - Ice Energy,Operational,Thermal energy storage,Latent heat,8,United States,34.185571,-118.31,null
"Burbank Mall, Town Center - Ice Energy",Operational,Thermal energy storage,Latent heat,8,United States,34,-118,null
Hollywood Burbank Airport #1 - Ice Energy,Operational,Thermal energy storage,Latent heat,8,United States,34.1955111,-118.35,null
Hollywood Burbank Airport #2 - Ice Energy,Operational,Thermal energy storage,Latent heat,8,United States,34.1955111,-118.35,null
Hollywood Burbank Airport #3 - Ice Energy,Operational,Thermal energy storage,Latent heat,8,United States,34.1955111,-118.35,null
Disney Studios #1 - Ice Energy,Operational,Thermal energy storage,Latent heat,8,United States,34.1562013,-118.33,null
Disney Studios #2 - Ice Energy,Operational,Thermal energy storage,Latent heat,8,United States,34.1562013,-118.33,null
Burbank Fire Station #16 #1 - Ice Energy,Operational,Thermal energy storage,Latent heat,8,United States,34.2006531,-118.31,null
Verdugo Recreation #1 - Ice Energy,Operational,Thermal energy storage,Latent heat,8,United States,34.1808392,-118.31,null
Burbank Water Reclamation Plant #1 - Ice Energy,Operational,Thermal energy storage,Latent heat,8,United States,34.1822817,-118.32,null
Burbank Buena Vista Library #1 - Ice Energy,Operational,Thermal energy storage,Latent heat,8,United States,34.1639544,-118.33,null
1.5 MW - Austin Energy Kingsbury Substation,Contracted,Electro-chemical battery and chemical storage,Lithium-ion battery,1500,United States,30.267153,-97.74,null
3 MW - PG&E Clarksville Substation- Western Grid,Contracted,Electro-chemical battery and chemical storage,Zinc-based battery,3000,United States,38.6779591,-121.18,null
10 MW - PG&E Molino Substation- Hecate Energy,De-Commissioned,Electro-chemical battery and chemical storage,Lithium-ion battery,10000,United States,38.4259473,-122.83,Transmission
1 MW - PG&E Old Kearney Substation - Hecate Energy,De-Commissioned,Electro-chemical battery and chemical storage,Lithium-ion battery,1000,United States,36.6783938,-119.93,Primary Distribution
PG&E Mendocino Substation 1 MW Energy Storage System - Hecate Energy,De-Commissioned,Electro-chemical battery and chemical storage,Lithium-ion battery,1000,United States,39.258289,-123.22,Primary Distribution
RedFlow 300 kW Adelaide,Operational,Electro-chemical battery and chemical storage,Flow battery,300,Australia,-34.9286212,138.6,null
Rhode Hybrid Flywheel Energy Storage Plant - Schwungrad Energie 4 150kW units,Operational,Electro-mechanical energy storage,Flywheel,320,Ireland,53.3499888,-7.1989629,Secondary Distribution
Chugach Multi-Stage Energy Storage System (MS-ESS) - 320 kW,Contracted,Electro-mechanical energy storage,Flywheel,320,United States ,61.1688233,-149.9106884,Transmission
UCSD Amber Kinetics 40 kWh Flywheel,Announced/Never Built,Electro-mechanical energy storage,Flywheel,25,United States,32.8807318,-117.2401999,Transmission
CSIRO Murchison Radio-astronomy Observatory (MRO) - EMC,Operational,Electro-chemical battery and chemical storage,Lithium-ion battery,1000,Australia,-27.3985247,116.41,null
Temecula Valley Unified School District - SolarCity,Operational,Electro-chemical battery and chemical storage,Lithium-ion battery,260,United States,33.4936391,-117.15,Secondary Distribution
Kathu 100 MW Solar Thermal Park,Announced,Thermal energy storage,Sensible heat,100000,South Africa,-27.7,23.05,Transmission
"University of the Nations (Kona, Hawaii) - EnSync Energy (formerly ZBB Energy)",Announced,Electro-chemical battery and chemical storage,,0,United States,20,-156,null
Livermore Valley Performing Arts Center 30 kW Imergy Flow Battery,Announced,Electro-chemical battery and chemical storage,Flow battery,30,United States,37.680208,-121.79,null
Long Island Community Microgrid Project - 5 MW / 25 MWh,Announced,Electro-chemical battery and chemical storage,,5000,United States,40.9634335,-72.18,null
Hybrid Compressed Air Energy Storage and Thermal Energy Storage - UCLA - Southern California Edison,Announced,Electro-mechanical energy storage,Compressed air energy storage,0,United States,34.055103,-117.7499909,Transmission
"Marsabit, Kenya 500 kW Flywheel - ABB",Operational,Electro-mechanical energy storage,Flywheel,500,Kenya,2.3354966,37.9943453,Transmission
Borkum Island - Smart Grid Project - Netfficient,Operational,Electro-chemical battery and chemical storage,,0,Germany,54,7,null
Inland Empire Utilities Agency (IEUA) - AMS,Contracted,Electro-chemical battery and chemical storage,Lithium-ion battery,4000,United States,33.965929,-117.67,null
100 kW / 480 kWh - Ergon Energy - RedFlow,Contracted,Electro-chemical battery and chemical storage,Flow battery,100,Australia,-20.9175738,142.7,null
500 kW / 3 MWh - Liverpool Wind and Energy Storage Project,Announced/Never Built,Electro-mechanical energy storage,Compressed air energy storage,500,Canada,44.0570375,-64.6870236,Transmission
5 MW - WEB Aruba / Temporal Power (Phase 1),Announced,Electro-mechanical energy storage,Flywheel,5000,Netherlands,12.5092044,-70.0086306,Transmission
400 MW Gordon Butte Pumped Hydro,Contracted,Electro-mechanical energy storage,Pumped hydro storage,400000,United States,46.457695,-110.31,null
"Red Hook (Brooklyn, NY) - NY Prize Microgrid",Announced,Electro-chemical battery and chemical storage,,10000,United States,41,-74,null
5 MW / 20 MWh - Ontario IESO - SunEdison / Imergy Flow Battery,Contracted,Electro-chemical battery and chemical storage,Flow battery,5000,Canada,51.253775,-85.32,null
Las Positas College EPIC Microgrid - Imergy / GELI,Announced,Electro-chemical battery and chemical storage,Flow battery,250,United States,37.7108595,-121.8,null
Yeongheung Wind-Farm Energy Storage System,Operational,Electro-chemical battery and chemical storage,Lithium-ion battery,4000,South Korea,37.249147,126.46,null
Crimson Energy Storage - 450 MW,Announced,Electro-chemical battery and chemical storage,Lithium-ion battery,450000,United States ,33.58,-114.817,Transmission
Daimler AG 15 MWh,Under Construction,Electro-chemical battery and chemical storage,Lithium-ion battery,15000,Germany,52.4089418,9.67,Transmission
Grossmont Union High School District ,Announced,Electro-chemical battery and chemical storage,Lithium-ion battery,1850,United States,32.7783843,-116.99,null
Comed-Bronzeville-Demo,Announced,Electro-chemical battery and chemical storage,Flow battery,1000,United States,39.7817213,-89.65,null
Axion Power International-Sharon-12.5 MW ,Announced,Electro-chemical battery and chemical storage,Lead-acid battery,12500,United States,41.2331116,-80.49,null
Multinational Telecommunications company- Imergy,Announced,Electro-chemical battery and chemical storage,Flow battery,625,South Africa,-26.2041028,28.05,null
Marengo Project,Under Construction,Electro-chemical battery and chemical storage,Lithium-ion battery,20000,United States,42.2486332,-88.61,null
Nextera Wyman,Announced,Electro-chemical battery and chemical storage,,16200,United States,43.8006208,-70.19,null
Madagascar Renewable Mini-Grids - Fluidic Energy,Announced,Electro-chemical battery and chemical storage,Zinc-based battery,938,Madagascar,-18.8791902,47.51,null
"AGL 5MW/7MWh Virtual Power Plant""-Australia""",Announced,Electro-chemical battery and chemical storage,Lithium-ion battery,5000,Australia,-25.274398,133.78,null
NYSERDA-EOS Microgrid,Announced,Electro-chemical battery and chemical storage,Zinc-based battery,250,United States,41.5964825,-73.91,Transmission
L&T/eCamion-Anna University,Announced,Electro-chemical battery and chemical storage,Lithium-ion battery,125,India,13.0826802,80.27,null
Non-Gong Substation ESS - 36 MW ESS - KEPCO / Kokam,Contracted,Electro-chemical battery and chemical storage,Lithium-ion battery,36000,South Korea,36.638392,127.6961188,null
Newtown Housing ,Operational,Electro-chemical battery and chemical storage,Lithium-ion battery,30,Australia,-34,151,null
Queens College-CUNY PV System,Announced,Electro-chemical battery and chemical storage,Lithium-ion battery,60,United States,40.7127837,-74.01,null
Milton-IESO,Contracted,Electro-chemical battery and chemical storage,Flow battery,2000,Canada,43.5245705,-79.91,null
Drakes Landing-Solar Thermal Heating,Operational,Thermal energy storage,,1500,Canada,50.7254936,-113.97,null
Schneider Electric-Boston One,Announced,Electro-chemical battery and chemical storage,Lithium-ion battery,400,United States,42.6583356,-71.14,null
Campbell Industrial Park 8kW / 32kWh Flywheel ESS - Amber Kinetics &amp; Hawaiian Electric Company,Operational,Electro-mechanical energy storage,Flywheel,8,United States,21.4389123,-158.0000565,Transmission
Electricit???????? de France (EDF) Paris Concept Grid Flywheel ESS,Operational,Electro-mechanical energy storage,Flywheel,0,France,48.3603526,2.8268921,Transmission
Chugach Electric Association Microgrid Hybrid Storage - 2MW,Announced,Electro-mechanical energy storage,Flywheel,2000,United States,61.2180556,-149.9002778,Transmission
Monash University RedT 300kW / 1MWh Hybrid System ,Announced,Electro-chemical battery and chemical storage,Flow battery,300,Australia,-37.9153572,145.13,null
Jiangsu Jintan National AA-CAES Demonstration Project - 60 MW,Under Construction,Electro-mechanical energy storage,Compressed air energy storage,60000,China,31.723247,119.597896,Transmission
Ireland/United Kingdom Hybrid Flywheel Battery - Schwungrad Energie Limited,Announced,Electro-mechanical energy storage,Flywheel,1000,United Kingdom,52.585017,-2.057635,Transmission
VRB High Performance Vanadium Redox Flow ,Under Construction,Electro-chemical battery and chemical storage,Flow battery,200,Germany,50.383743,7.6,Transmission
Nauly Community Solar + Storage ,Operational,Electro-chemical battery and chemical storage,Lithium-ion battery,2000,Australia,-13.7128168,130.69,null
Vistra Moss Landing Energy Storage - 300 MW,Announced,Electro-chemical battery and chemical storage,Lithium-ion battery,300000,United States ,36.829514,-121.779089,Transmission
Razzler PV-Plus-Batteries For Energy Storage -12mW,Announced,Electro-chemical battery and chemical storage,Lithium-ion battery,5000,South Korea,36.441171,126.795959,Transmission
Kokam Lithium-Nickel-Manganese-Cobalt Oxide - 28mW,Announced,Electro-chemical battery and chemical storage,Lithium-ion battery,8000,South Korea,36.441171,126.795959,Transmission
Mt. San Antonio College Fully Buried Chilled Water TES Tank,Operational,Thermal energy storage,Sensible heat,0,United States,34.0451762,-117.85,null
Northeast Lakeview College TES Tank,Operational,Thermal energy storage,Sensible heat,0,United States,29.5457967,-98.32,null
Arrow Canyon Solar Project - 200 Megawatt Solar Photovoltaic Project,Announced,Electro-chemical battery and chemical storage,Lithium-ion battery,200,United States ,36.169202,-115.140597,Transmission
Southern Bighorn Solar &amp; Storage Center - 300 Megawatt Solar Array,Announced,Electro-chemical battery and chemical storage,Lithium-ion battery,300,United States ,36.527,-114.761,Transmission
Gemini Solar + Battery Storage Project - 690 Megawatt Solar Photovoltaic Array,Announced,Electro-chemical battery and chemical storage,Lithium-ion battery,690,null,36.1672559,-115.148516,Transmission
"TICC 500 kW - An Hui, China",Operational,Electro-mechanical energy storage,Compressed air energy storage,500,China,31.352859,118.432941,Secondary Distribution
EasyStreet Data Center VYCON Flywheels - 800kW,Operational,Electro-mechanical energy storage,Flywheel,800,United States,45.487062,-122.8037102,Transmission
Bardzour Solar Farm and Storage Project,Contracted,Electro-chemical battery and chemical storage,Lithium-ion battery,4500,France,-20.949347,55.31,Secondary Distribution
Pre-Commercial Liquid Air Energy Storage Technology Demonstrator - Highview Power Storage,Under Construction,Thermal energy storage,Latent heat,5000,United Kingdom,53.5843377,-2.26,Primary Distribution
Ausgrid SGSC - ZEN 60kW BESS,Operational,Electro-chemical battery and chemical storage,Lithium-ion battery,60,Australia,-33.83481045,151.0595329,null
Amamioshima Island Toshiba Li-Ion,De-Commissioned,Electro-chemical battery and chemical storage,Lithium-ion battery,2000,Japan,28.4512335,129.6,Primary Distribution
Tanegashima Island Toshiba Li-Ion,De-Commissioned,Electro-chemical battery and chemical storage,Lithium-ion battery,3000,Japan,30.5328223,130.96,Primary Distribution
Afourer Pumped Storage Scheme,Operational,Electro-mechanical energy storage,Pumped hydro storage,465000,Morocco,32.2081442,-6.54,Transmission
Environment Earth Conscious Station of East Japan Railway Company,Operational,Electro-chemical battery and chemical storage,Lithium-ion battery,80,Japan,39,141,null
Ova Spin Pumped Hydro Storage Power Station,Operational,Electro-mechanical energy storage,Pumped hydro storage,47000,Switzerland,46.7004826,10.09,Transmission
Ferrera Pumped Hydro Storage Power Plant,Operational,Electro-mechanical energy storage,Pumped hydro storage,185000,Switzerland,46.5301934,9.45,null
Tierfehd (Nestil) Pumped Hydro Storage ,Operational,Electro-mechanical energy storage,Pumped hydro storage,141000,Switzerland,46.8784824,8.98,Transmission
Robiei Pumped Hydro Storage Power Station,Operational,Electro-mechanical energy storage,Pumped hydro storage,160000,Switzerland,46.3367938,8.61,Transmission
Lago Bianco Pumped Hydro Storage Power Station,Operational,Electro-mechanical energy storage,Pumped hydro storage,1000000,Switzerland,46.3265,10.06,null
Giheung Samsung SDI Energy Storage Project,Operational,Electro-chemical battery and chemical storage,Lithium-ion battery,1000,South Korea,37.2373591,127.11,null
Eldorado Pumped Storage,Announced,Electro-mechanical energy storage,Pumped hydro storage,1000000,United States,36.0795613,-115.09,Transmission
Imergy Trojane Project,Announced,Electro-chemical battery and chemical storage,Flow battery,10,Slovenia,46,15,null
Veridian-Ontario-Microgrid,Announced,Electro-chemical battery and chemical storage,Lithium-ion battery,10,Canada,46.521858,-84.35,Transmission
Mari's Gardens Aquion Energy,Operational,Electro-chemical battery and chemical storage,Sodium-based battery,10,United States,21,-158,null
Rwanda Tesvolt Off-Grid ESS,Contracted,Electro-chemical battery and chemical storage,Lithium-ion battery,2680,Rwanda,-1.940278,29.87,null
"Nidec ASI 6MW/6MWh- Hokkaido Island, Japan",Announced,Electro-chemical battery and chemical storage,Lithium-ion battery,6000,Japan,43,143,null
Schwarzenbach Pumped Storage Power Plant,Operational,Electro-mechanical energy storage,Pumped hydro storage,44000,Germany,48.6559308,8.33,Transmission
Sorpesee Pumped Storage Power Plant,Operational,Electro-mechanical energy storage,Pumped hydro storage,7420,Germany,51.3510404,7.97,Transmission
National Park Service Isle Royale,Operational,Electro-chemical battery and chemical storage,Lead-acid battery,100,United States,47,-89,null
36 kW Watanabe Floral Project,Operational,Electro-chemical battery and chemical storage,Lithium-ion battery,36,United States,21.3236186,-157.88,Secondary Distribution
RedT-Germany-10KW,Announced,Electro-chemical battery and chemical storage,Flow battery,10,Germany,51.165691,10.45,null
RedT-Southwest England,Announced,Electro-chemical battery and chemical storage,Flow battery,40,United Kingdom,55.378051,-3.44,null
PV and EV Charging Systems at Sporting Venue ,Operational,Electro-chemical battery and chemical storage,Flow battery,25,United States,33.4483771,-112.07,null
UCSD SGIP PV Projects,Announced,Electro-chemical battery and chemical storage,Lithium-ion battery,730,United States,32.8807318,-117.24,null
UCSD Sunverge 10 kW,Operational,Electro-chemical battery and chemical storage,Lithium-ion battery,10,United States,32.8807318,-117.24,null
UCSD Thermal Storage Tank,Operational,Thermal energy storage,Sensible heat,4000,United States,32.8807318,-117.24,null
UCSD MCV 35 kW,Operational,Electro-chemical battery and chemical storage,Lithium-ion battery,35,United States,32.8807318,-117.24,null
Silver Creek Pumped Storage Project,Announced,Electro-mechanical energy storage,Pumped hydro storage,300000,United States,40.7564536,-76.13,Transmission
Con Edison Virtual Power Plant - SunPower / Sunverge,Operational,Electro-chemical battery and chemical storage,Lithium-ion battery,1800,United States,40.6781784,-73.94,Secondary Distribution
Kaimuki Middle School Microgrid Project,Operational,Electro-chemical battery and chemical storage,,2800,United States,21.2691946,-157.8,null
VISA (Data Processing Center),Operational,Electro-chemical battery and chemical storage,Flow battery,25,United States,39,-77,null
Tetiaroa Brando Resort,Operational,Electro-chemical battery and chemical storage,Flow battery,1000,French Polynesia,-16.9916652,-149.58,null
BPC Energy,Operational,Electro-chemical battery and chemical storage,Flow battery,25,Russia,56,38,null
GRID4EU Demo 4: Enel RCube,Operational,Electro-chemical battery and chemical storage,Lithium-ion battery,1000,Italy,44.1396438,12.25,null
"8 MWh Con Edison & GE - Central Valley, CA",Contracted,Electro-chemical battery and chemical storage,Lithium-ion battery,2000,United States,41,-122,null
GE and Con Edison 8 MWh,Contracted,Electro-chemical battery and chemical storage,Lithium-ion battery,2000,United States,40.6804279,-122.37,null
Anaheim Public Utility- Ice Energy,Operational,Thermal energy storage,Latent heat,200,United States,33.8347516,-117.911732,null
TransGrid City of Sydney's Alexandra Canal Works Depot,Announced,Electro-chemical battery and chemical storage,Lithium-ion battery,250,Australia,-33.90166,151.2,null
Underwriters Laboratories - Calmac,Operational,Thermal energy storage,Latent heat,1250,United States,42.1455766,-87.85,Secondary Distribution
EPRI / SunEdison Net-Zero Home Pilot,Contracted,Electro-chemical battery and chemical storage,Lithium-ion battery,0,United States,34.06,-117.44,null
KVK Energy Solar Project,Announced/Never Built,Thermal energy storage,Sensible heat,100000,India,27.3689942,71.75,null
Gujarat Solar One,Announced/Never Built,Thermal energy storage,Sensible heat,25000,India,23.7337326,69.86,null
Indonesia 500 Island Project - Fluidic Energy,Announced,Electro-chemical battery and chemical storage,Zinc-based battery,4400,Indonesia,-6.2087634,106.85,null
Quick Charging EV's Powered by the Sun (Hoogblokland A27),Operational,Electro-chemical battery and chemical storage,Lithium-ion battery,50,Netherlands,51.8745997,4.9735161,null
Quick Charging EV's Powered by the Sun (Leiden A4),Operational,Electro-chemical battery and chemical storage,Lithium-ion battery,50,Netherlands,52.1518157,4.481108867,null
Quick Charging EV's Powered by the Sun (Afsluitdijk A7),Operational,Electro-chemical battery and chemical storage,Lithium-ion battery,50,Netherlands,51.79578,5.0541,null
Quick Charging EV's Powered by the Sun (Ketelbrug A6),Operational,Electro-chemical battery and chemical storage,Lithium-ion battery,50,Netherlands,52.7091058,5.7477459,null
Quick Charging EV's Powered by the Sun (Amstelveen A9),Operational,Electro-chemical battery and chemical storage,Lithium-ion battery,50,Netherlands,52.3025582,4.8467875,null
Quick Charging EV's Powered by the Sun (Bodegraven A12),Operational,Electro-chemical battery and chemical storage,Lithium-ion battery,50,Netherlands,52.0834347,4.7510872,null
Endesa: CRAVE,Operational,Electro-chemical battery and chemical storage,Lithium-ion battery,47,Spain,41.6841242,-0.88,null
IREC B2G,Operational,Electro-chemical battery and chemical storage,Lithium-ion battery,23,Spain,41.4304832,2.2182775,null
Quick Charging EV's Powered by the Sun (Woerden A12),Operational,Electro-chemical battery and chemical storage,Lithium-ion battery,50,Netherlands,52.08701595,4.876687199,null
Quick Charging EV's Powered by the Sun (Bunnik A12),Operational,Electro-chemical battery and chemical storage,Lithium-ion battery,50,Netherlands,52.0632104,5.1957958,null
Quick Charging EV's Powered by the Sun (Delft A13),Operational,Electro-chemical battery and chemical storage,Lithium-ion battery,50,Netherlands,51.9994572,4.362724539,null
Quick Charging EV's Powered by the Sun (Beesd A2),Operational,Electro-chemical battery and chemical storage,Lithium-ion battery,50,Netherlands,51.8994088,5.1958729,null
Quick Charging EV's Powered by the Sun (Ridderkerk A15),Operational,Electro-chemical battery and chemical storage,Lithium-ion battery,50,Netherlands,51.8709913,4.592647898,null
Quick Charging EV's Powered by the Sun (Geldermalsen A2),Operational,Electro-chemical battery and chemical storage,Lithium-ion battery,50,Netherlands,51.8825577,5.2714789,null
Quick Charging EV's Powered by the Sun (Zaandam A8),Operational,Electro-chemical battery and chemical storage,Lithium-ion battery,50,Netherlands,52.4382493,4.8137421,null
Quick Charging EV's Powered by the Sun (Heemskerk A9),Operational,Electro-chemical battery and chemical storage,Lithium-ion battery,50,Netherlands,52.51011775,4.635060887,null
Western Power Distribution-SomerSet ,Contracted,Electro-chemical battery and chemical storage,Lithium-ion battery,300,United Kingdom,51.1007505,-2.68,null
New York City 1 MW Aggregated BTM - Glenwood Management,Operational,Electro-chemical battery and chemical storage,Lead-acid battery,1000,United States,40.7830603,-73.97,null
"Lewes BPW / Alevo - 8 MW - (Lewes, Delaware)",Announced,Electro-chemical battery and chemical storage,Lithium-ion battery,8000,United States,38.7733961,-75.1379574,null
Tozzi Green - Madagascar,Operational,Electro-chemical battery and chemical storage,Lead-acid battery,15,Madagascar,-22.3314117,45.7097999,null
Niijima Island Microgrid - Takaoka Toko Ltd,Operational,Electro-chemical battery and chemical storage,Lithium-ion battery,1000,Japan,34.3746494,139.27,null
"Jhajjar, Haryana BESS - AES",Announced,Electro-chemical battery and chemical storage,Lithium-ion battery,10000,India,29,77,null
Seattle City Light Microgrid,Announced,Electro-chemical battery and chemical storage,,0,United States,47.6062095,-122.33,null
Sarasota County School District,Operational,Thermal energy storage,Latent heat,20000,United States,27.3364347,-82.53,null
Jeju Island Smart Renewables (Gapado),Operational,Electro-chemical battery and chemical storage,Lithium-ion battery,1500,South Korea,33.4996213,126.53,null
Atacama I,Under Construction,Thermal energy storage,Sensible heat,100000,Chile,-22.453712,-68.93,null
Atacama II,Announced/Never Built,Electro-chemical battery and chemical storage,Lithium-ion battery,12000,Chile,-22.453712,-68.93,null
Energy Buffer Unit (EBU) - BELECTRIC GmbH,Operational,Electro-chemical battery and chemical storage,Lead-acid battery,1500,Germany,53.204087,12.5,null
500 kW Eugene Water & Electric Board (EWEB),Announced,Electro-chemical battery and chemical storage,Lithium-ion battery,500,United States,44.0520691,-123.09,null
Maxwell-China Guodin Wind Energy Storage System ,Announced,Electro-chemical battery and chemical storage,Electro-chemical capacitor,1000,China,37.463822,121.45,null
Ensync Distributed Energy Management: Aquion ,Operational,Electro-chemical battery and chemical storage,Sodium-based battery,25,United States,21,-158,null
Amari Pumped Hydro Hybrid Project,Announced,Electro-mechanical energy storage,Pumped hydro storage,50000,Greece,35.240117,24.81,null
Eagle Mountain Pumped Storage Project,Contracted,Electro-mechanical energy storage,Pumped hydro storage,1300000,United States,33.7133313,-115.4,Transmission
Kingfisher Project (Stage 2),Announced,Electro-chemical battery and chemical storage,Lithium-ion battery,100000,Australia,-30.5620637,136.9,null
Guodian Hefeng Beizhen Wind Farm: VFB,Operational,Electro-chemical battery and chemical storage,Flow battery,2000,China,41.707,121.858,null
110 kW Kitakyushu Museum of Natural History & Human History,Operational,Electro-chemical battery and chemical storage,Lead-acid battery,110,Japan,33.8834093,130.88,null
10 kW / 100 kWh Haak Fruitfarm Gildemeister CellCube,Operational,Electro-chemical battery and chemical storage,Flow battery,10,Germany,53.6420342,10.06,null
1 MW Necker Island NRG Virgin Project,Operational,Electro-chemical battery and chemical storage,,1000,British Virgin Islands,18.5267666,-64.36,null
85 kW Shimizu Corporation Microgrid,Operational,Electro-chemical battery and chemical storage,Lead-acid battery,85,Japan,35.7090259,139.73,null
Kitakyushu Smart Community Creation Project,Operational,Electro-chemical battery and chemical storage,Lead-acid battery,300,Japan,34,131,null
BMCC Urban Electric 100 kW New York,Announced,Electro-chemical battery and chemical storage,Zinc-based battery,100,United States,40.7127837,-74.01,null
Clean Energy Storage: Advanced Energy Storage Research & Innovation Center,Operational,Electro-chemical battery and chemical storage,Lithium-ion battery,30,United States,47.5877433,-122.24,Secondary Distribution
Willey Energy Storage Project,Operational,Electro-chemical battery and chemical storage,Lithium-ion battery,6000,United States,39.3995008,-84.56,Primary Distribution
1500 Walnut,Operational,Thermal energy storage,Latent heat,210,United States,39.948958,-75.17,null
Powerco's Redflow Battery Demonstration,Operational,Electro-chemical battery and chemical storage,Flow battery,3,New Zealand,-39.0579941,174.0806474,null
SolarCity Walmart Solar Storage Projects California,Announced,Electro-chemical battery and chemical storage,Lithium-ion battery,200,United States,37.5629917,-122.33,null
Bysolar Hillside ESS for PJM Frequency Regulation,Operational,Electro-chemical battery and chemical storage,Lead-acid battery,500,United States,40.6955044,-74.23,null
Bosch Second Life Batteries,Announced,Electro-chemical battery and chemical storage,Lithium-ion battery,2000,Germany,53.5510846,9.99,null
PREPA Coto Laurel ESS,Contracted,Electro-chemical battery and chemical storage,Lithium-ion battery,5500,United States,18.004089,-66.58,null
Dynapower Company HQ micro-grid,Announced,Electro-chemical battery and chemical storage,Lithium-ion battery,375,United States,44.442312,-73.15,null
SCE Irvine Smart Grid Demonstration: Solar Car Charging Station,Operational,Electro-chemical battery and chemical storage,Lithium-ion battery,100,United States,33.6839473,-117.79,null
ZECO Energy ,Operational,Electro-chemical battery and chemical storage,Lithium-ion battery,33,Australia,-38,145,null
Belmeken Hydro Power Plant,Operational,Electro-mechanical energy storage,Pumped hydro storage,104000,Bulgaria,42.1666667,23.8,null
Japan-Egypt-Hurghada-30 MW,Announced,Electro-chemical battery and chemical storage,Lithium-ion battery,30000,Egypt,27.2578957,33.81,null
Terna Ciminna Substation - UET,Announced,Electro-chemical battery and chemical storage,Flow battery,450,Italy,37.8964116,13.56,null
200 kW University of South Florida St. Petersburg,Operational,Electro-chemical battery and chemical storage,Lithium-ion battery,200,United States,28,-83,null
Vector Alice Springs Energy Storage Project,Announced,Electro-chemical battery and chemical storage,Lithium-ion battery,5000,Australia,-23.698042,133.88,Primary Distribution
Modesto Irrigation District - Primus Power,Offline/Under Repair,Electro-chemical battery and chemical storage,Flow battery,28000,United States,37.6390972,-121,Secondary Distribution
Sunvault Energy-Edison Power- Delaware Fire Station,Announced,Electro-chemical battery and chemical storage,Lithium-ion battery,600,United States,39.158168,-75.52,null
HECO/Greensmith Energy Battery Energy Storage System,Operational,Electro-chemical battery and chemical storage,Lithium-ion battery,5,United States,21,-158,Secondary Distribution
American Vanadium Corp. MTA CellCube Installation,Operational,Electro-chemical battery and chemical storage,Flow battery,90,United States,40.70446735,-74.01263158,null
Oncor Battery Storage,Announced,Electro-chemical battery and chemical storage,Lithium-ion battery,250,United States,32.7766642,-96.8,null
TimberRock De-MAP Test,Operational,Electro-chemical battery and chemical storage,Lithium-ion battery,10,United States,39,-77,null
UCI Microgrid: Thermal Storage,Operational,Thermal energy storage,Sensible heat,6590,United States,34,-118,null
GS Yuasa Gunma Solar Plant,Operational,Electro-chemical battery and chemical storage,Lithium-ion battery,100,Japan,36.29101,139.25594,null
INGRID Hydrogen Demonstration Project,Operational,Electro-chemical battery and chemical storage,Hydrogen storage,1200,Italy,41.3597802,15.31,null
Pecan Street Project Inc. Energy Internet Demonstration,Operational,Electro-chemical battery and chemical storage,Lithium-ion battery,15,United States,30.3952976,-97.74,null
Corsica 2 MW Storage by Saft and Schneider,Announced,Electro-chemical battery and chemical storage,Lithium-ion battery,2000,France,42.2918623,9.19,null
Takami Pumped Hydro Power Station,Operational,Electro-mechanical energy storage,Pumped hydro storage,200000,Japan,43.0620958,141.35,Primary Distribution
Rodundwerk I Pumped Hydro Station,Operational,Electro-mechanical energy storage,Pumped hydro storage,198000,Austria,47.08514,9.88,null
Nagarjuna Sagar Pumped Hydro Station Tail Pond Project,Operational,Electro-mechanical energy storage,Pumped hydro storage,700000,India,16.5919286,79.49,null
Juicebox Energy-Rising Sun Solar- Maui ,Operational,Electro-chemical battery and chemical storage,Lithium-ion battery,4,United States,21,-156,null
Ameresco Canada Inc-IESO,Announced,Electro-chemical battery and chemical storage,Lithium-ion battery,4000,Canada,51,-85,Transmission
Samyoung Vanadium Redox Flow Battery Project,Operational,Electro-chemical battery and chemical storage,Flow battery,50,South Korea,36.4465346,127.12,null
"Sullivan Water Treatment Plant (Cambridge, Massachusetts)",Announced,Electro-chemical battery and chemical storage,,0,United States,42,-71,null
Isentropic Demonstration Project,Announced,Thermal energy storage,Heat thermal storage,1400,United Kingdom,52.906367,-1.26,Primary Distribution
Global Change Institute M120 ,Operational,Electro-chemical battery and chemical storage,Flow battery,120,Australia,-27.4954306,153.01,null
RedoxWind - The Fraunhofer Institute for Chemical Technology (ICT),Operational,Electro-chemical battery and chemical storage,Lithium-ion battery,2000,Germany,48.9780878,8.54,null
Adobe Baker and Hamilton Building Stem System,Contracted,Electro-chemical battery and chemical storage,Lithium-ion battery,162,United States,37.7717908,-122.4,null
EPCC Thermal Storage: Rio Grande,Operational,Thermal energy storage,Latent heat,180,United States,31.7639721,-106.49,null
EPCC Thermal Storage: Transmountain,Operational,Thermal energy storage,Latent heat,225,United States,31.8855883,-106.44,Secondary Distribution
Entergy Solar-Plus-Storage Pilot Project,Announced,Electro-chemical battery and chemical storage,Lithium-ion battery,1000,United States,29.9510658,-90.07,null
Sumava National Park CellCube,Operational,Electro-chemical battery and chemical storage,Flow battery,10,Czech Republic,48.97187,13.63295,null
Kwigillingok Wind-Diesel Battery Hybrid,Operational,Electro-chemical battery and chemical storage,Lithium-ion battery,250,United States,60,-163,null
SunEdison Canada Origination LP-IESO,Announced,Electro-chemical battery and chemical storage,,5000,Canada,51.253775,-85.32,null
GS E&R-LG Chem ,Announced,Electro-chemical battery and chemical storage,Lithium-ion battery,12500,South Korea,36.6664,129.1127,null
Scituate Technical Assistance Project (MASS DOER Community Resiliency),Announced,Electro-chemical battery and chemical storage,Lithium-ion battery,1,United States,42,-71,null
Shirley Police Station Technical Assistance Project (MASS DOER Community Resiliency),Announced,Electro-chemical battery and chemical storage,Lithium-ion battery,1,United States,43,-72,null
Somerville Department of Public Works Technical Assistance,Announced,Electro-chemical battery and chemical storage,Lithium-ion battery,1,United States,42,-71,null
Northampton Microgrid with Islandable PV (MASS DOER Community Resiliency),Announced,Electro-chemical battery and chemical storage,Lithium-ion battery,1,United States,42.3250896,-72.64,null
Sterling Police and Communication Facility Microgrid (MASS DOER Community Resiliency),Announced,Electro-chemical battery and chemical storage,Lithium-ion battery,1,United States,42,-72,null
Amherst/Umass Microgrid (MASS DOER Community Resiliency),Announced,Electro-chemical battery and chemical storage,Lithium-ion battery,1,United States,42,-73,null
Madison Park High School Shelter - Boston (MASS DOER Community Resiliency),Announced,Electro-chemical battery and chemical storage,Lithium-ion battery,1,United States,42.3600825,-71.06,null
Cambridge Rindge and Latin School (MASS DOER Community Resiliency),Announced,Electro-chemical battery and chemical storage,Lithium-ion battery,1,United States,42,-71,null
Lawrence Water Treatment Plant (MASS DOER Community Resiliency),Announced,Electro-chemical battery and chemical storage,Lithium-ion battery,1,United States,43,-71,null
Leverett Resiliency Project (MASS DOER Community Resiliency),Announced,Electro-chemical battery and chemical storage,Lithium-ion battery,1,United States,42,-73,null
Falmouth High School (MASS DOER Community Resiliency),Announced,Electro-chemical battery and chemical storage,Lithium-ion battery,1,United States,42,-71,null
Lincoln/Wayland-MAPC TA Project (MASS DOER Community Resiliency),Announced,Electro-chemical battery and chemical storage,Lithium-ion battery,1,United States,42,-71,null
Melrose Microgrid TA Project (MASS DOER Community Resiliency),Announced,Electro-chemical battery and chemical storage,Lithium-ion battery,1,United States,42,-71,null
New Bedford Techincal Assistance Project (MASS DOER Community Resiliency),Announced,Electro-chemical battery and chemical storage,Lithium-ion battery,1,United States,42,-71,null
Newton Technical Assistance Project (MASS DOER Community Resiliency),Announced,Electro-chemical battery and chemical storage,Lithium-ion battery,1,United States,42,-71,null
Sandwich Technical Assistance Project (MASS DOER Community Resiliency),Announced,Electro-chemical battery and chemical storage,Lithium-ion battery,1,United States,42,-70,null
Saugus Technical Assistance Project (MASS DOER Community Resiliency),Announced,Electro-chemical battery and chemical storage,Lithium-ion battery,1,United States,42,-71,null
Medford Resiliency Project (MASS DOER Community Resiliency),Announced,Electro-chemical battery and chemical storage,Lithium-ion battery,1,United States,42,-71,null
Acton Critical Facilties Resiliency (MASS DOER Community Resiliency),Announced,Electro-chemical battery and chemical storage,Lithium-ion battery,1,United States,42,-71,Transmission
Solar Energy Corporation of India (SECI)-100MW,Announced,Electro-chemical battery and chemical storage,,100000,India,14.6818877,77.6,null
Dukhan Oil Field,Contracted,Electro-chemical battery and chemical storage,Nickel-based battery,2000,Qatar,25.4280036,50.78,null
Rockefeller Center Thermal Storage,Operational,Thermal energy storage,Latent heat,1025,United States,40.7589426,-73.98,null
Minami Daito Island Frequency Regulation,Operational,Electro-chemical battery and chemical storage,Nickel-based battery,300,Japan,25.846401,131.24,null
NEDO New Mexico Smart Grid Demonstration Project,Operational,Electro-chemical battery and chemical storage,Lead-acid battery,800,United States,35.8880796,-106.31,null
Cox Enterprises Stem PowerStore System,Operational,Electro-chemical battery and chemical storage,Lithium-ion battery,18,United States,34.0596323,-117.47,null
"SDGE Skills CES, GRC ES Program Unit 2",Operational,Electro-chemical battery and chemical storage,Lithium-ion battery,25,United States,33,-117,Secondary Distribution
Clean Energy Storage: Berkes,Contracted,Electro-chemical battery and chemical storage,Lithium-ion battery,11,United States,37.931868,-121.7,null
Clean Energy Storage: Golden Bridge Development,Contracted,Electro-chemical battery and chemical storage,Lithium-ion battery,5,United States,34.39,-117.4,null
Clean Energy Storage: Dibene,Contracted,Electro-chemical battery and chemical storage,Lithium-ion battery,24,United States,36.988562,-121.81,null
Hydrogenics Power-to-Gas,Contracted,Electro-chemical battery and chemical storage,Hydrogen storage,2000,Canada,43.7146484,-79.58875654,null
Lam Takhong Wind Hydrogren Hybrid Project,Contracted,Electro-chemical battery and chemical storage,Hydrogen storage,300,Thailand,14.9798997,102.1,null
Dal Molin Thermal Energy Storage,Operational,Thermal energy storage,Sensible heat,400,Italy,45.5454787,11.54,null
Taunton/Berkley Community Microgrid (MASS DOER Community Resiliency),Announced,Electro-chemical battery and chemical storage,Lithium-ion battery,1,United States,42,-71,null
Boston Community Centers (MASS DOER Community Resiliency),Announced,Electro-chemical battery and chemical storage,Lithium-ion battery,1,United States,42,-71,null
Northampton Fire Department HQ (MASS DOER Community Resiliency),Announced,Electro-chemical battery and chemical storage,Lithium-ion battery,1,United States,42,-73,Transmission
Prineville Pumped Storage,Announced,Electro-mechanical energy storage,Pumped hydro storage,150000,United States,44.0978126,-120.1,null
Kingdom of Jordan - NEPCO ,Announced,Electro-chemical battery and chemical storage,Lithium-ion battery,20000,Jordan,30.585164,36.24,null
Charlotte Hobbs Memorial Library - JuiceBox Energy,Operational,Electro-chemical battery and chemical storage,Lithium-ion battery,6,United States,44,-71,Secondary Distribution
SOPRA: Food-processing factory Sustainable Powerplant,Operational,Electro-chemical battery and chemical storage,Lithium-ion battery,1100,Nigeria,6.9098333,3.26,null
ACEA Raffineria Substation Smart Grid ,Operational,Electro-chemical battery and chemical storage,Lithium-ion battery,10,Italy,42,12,null
"NextEra Canada Development & Acquisitions, Inc.-Elmira",Announced,Electro-chemical battery and chemical storage,Lithium-ion battery,2000,Canada,51,-85,Transmission
Green Charge Networks GreenStation Announced 19,Announced,Electro-chemical battery and chemical storage,Lithium-ion battery,60,United States,32.753413,-117.13,Secondary Distribution
Green Charge Networks GreenStation Announced 20,Announced,Electro-chemical battery and chemical storage,Lithium-ion battery,60,United States,33.020912,-117.07,Secondary Distribution
Green Charge Networks GreenStation Announced 21,Announced,Electro-chemical battery and chemical storage,Lithium-ion battery,60,United States,32.80726,-117.12,Secondary Distribution
Green Charge Networks GreenStation Announced 24,Announced,Electro-chemical battery and chemical storage,Lithium-ion battery,60,United States,32.994222,-117.25,Secondary Distribution
Green Charge Networks GreenStation Announced 33,Announced,Electro-chemical battery and chemical storage,Lithium-ion battery,30,United States,32.7185482,-117.17,Secondary Distribution
Green Charge Networks GreenStation Announced 34,Announced,Electro-chemical battery and chemical storage,Lithium-ion battery,60,United States,32.829709,-117.13,Secondary Distribution
Green Charge Networks GreenStation Announced 18,Announced,Electro-chemical battery and chemical storage,Lithium-ion battery,90,United States,32.7156372,-117.17,Secondary Distribution
County of Santa Barbara Green Charge Networks GreenStation,Operational,Electro-chemical battery and chemical storage,Lithium-ion battery,30,United States,34.4249419,-119.7035796,Secondary Distribution
Oak Park USD - Brookside Elementary School Green Charge Networks GreenStation,Operational,Electro-chemical battery and chemical storage,Lithium-ion battery,60,United States,34.1726298,-118.76,Secondary Distribution
California Fresh Market Green Charge Networks GreenStation,Operational,Electro-chemical battery and chemical storage,Lithium-ion battery,30,United States,34.584807,-120.1441616,Secondary Distribution
MVLA High School District - Los Altos HS,Operational,Electro-chemical battery and chemical storage,Lithium-ion battery,200,United States,37.385071,-122.109264,Secondary Distribution
Kaiser Permanente San Rafael Green Charge Networks GreenStation,Operational,Electro-chemical battery and chemical storage,Lithium-ion battery,30,United States,38.00466675,-122.5551134,Secondary Distribution
Redwood City Parking Garage Green Charge Networks Greenstation,Operational,Electro-chemical battery and chemical storage,Lithium-ion battery,30,United States,37.48725195,-122.2272839,null
"Yokohama Smart City Project, SCADA Virtual Battery",Operational,Electro-chemical battery and chemical storage,Lithium-ion battery,600,Japan,35,140,null
Gasado Island Renewable & Off-grid Integration,Operational,Electro-chemical battery and chemical storage,Lithium-ion battery,1250,South Korea,34.4815801,126.05,null
Frequency Regulation ESS,Operational,Electro-chemical battery and chemical storage,Lithium-ion battery,4000,South Korea,34.8533747,127.73,null
2013 Smart Grid Project for Peak Shifting,Operational,Electro-chemical battery and chemical storage,Lithium-ion battery,500,South Korea,37.757948,127.63,null
Riverside Public Utilities 5 MW Ice Energy Project,Announced,Thermal energy storage,Latent heat,5000,United States,33.9533487,-117.4,null
Riverside Public Utilities 5 MW Ice Energy Project,Announced,Thermal energy storage,Latent heat,5000,United States,34,-117,null
Escondido School District-Tesla,Announced,Electro-chemical battery and chemical storage,Lithium-ion battery,150,United States,33.1192068,-117.09,null
Revelstoke Hydro Battery,Announced,Electro-mechanical energy storage,Pumped hydro storage,4000000,Canada,51,-118,null
ATL-SSL 1MW/2MWh Energy Storage System,Operational,Electro-chemical battery and chemical storage,Lithium-ion battery,1000,China,22.924983,113.88,null
Irvine Ranch Water District (IRWD) - AMS,Announced,Electro-chemical battery and chemical storage,Lithium-ion battery,7,United States,33.6588951,-117.83,null
Liaoning Electric Power Research Institute Micro-grid Project,Operational,Electro-chemical battery and chemical storage,Flow battery,100,China,41.805865,123.43,null
Gold Wind Smart Micro-grid VFB,Operational,Electro-chemical battery and chemical storage,Flow battery,200,China,39.90403,116.41,null
Snake Island Independent Power Supply System VFB,Operational,Electro-chemical battery and chemical storage,Flow battery,10,China,39,122,null
Dalian EV Charging Station VFB,Operational,Electro-chemical battery and chemical storage,Flow battery,60,China,38.914003,121.61,null
RKP R&D Center Building VFB,Operational,Electro-chemical battery and chemical storage,Flow battery,60,China,38.914003,121.61,null
30 MW SK Innovation BESS,Announced,Electro-chemical battery and chemical storage,Lithium-ion battery,30000,Germany,52.1205333,11.63,null
"SDGE Poway CES, GRC ES Program Unit 4",Operational,Electro-chemical battery and chemical storage,Lithium-ion battery,25,United States,33,-117,Secondary Distribution
"SDGE Borrego SES, GRC ES Program Unit 5",Operational,Electro-chemical battery and chemical storage,Lithium-ion battery,1000,United States,33,-116,Primary Distribution
"SDGE C1243 Ortega HWY, GRC ES Program Unit 6",Contracted,Electro-chemical battery and chemical storage,Lithium-ion battery,1000,United States,34,-118,Primary Distribution
"SDGE C75 Mt San Miguel, GRC ES Program Unit 7",Contracted,Electro-chemical battery and chemical storage,Lithium-ion battery,1000,United States,33,-117,Primary Distribution
"SDGE Clairmont CES, GRC ES Program Unit 3",Operational,Electro-chemical battery and chemical storage,Lithium-ion battery,25,United States,33,-117,Secondary Distribution
Benton PUD Battery Energy Storage,Offline/Under Repair,Electro-chemical battery and chemical storage,Lead-acid battery,10,United States,46.2087066,-119.1199192,Secondary Distribution
"Dublin, Ireland - Gaelectric, Tesla - 1 MW BESS",Contracted,Electro-chemical battery and chemical storage,Lithium-ion battery,1000,Ireland,53,-6,null
Whole Foods Kailua- Hawaii ,Under Construction,Electro-chemical battery and chemical storage,Lithium-ion battery,0,United States,21.4022222,-157.74,null
Marmora Pumped Storage,Announced,Electro-mechanical energy storage,Pumped hydro storage,400000,Canada,44.482947,-77.68,Transmission
IHI Corporation Tohoku Long Duration A123 System,Operational,Electro-chemical battery and chemical storage,Lithium-ion battery,1000,Japan,31.7623756,131.09,null
SolarCity / Tesla / Princeton Power Grid Services Project (Fremont Site 1),Announced,Electro-chemical battery and chemical storage,Lithium-ion battery,200,United States,37.5482697,-121.99,null
SolarCity / Tesla / Princeton Power EV Charging Station (Fremont Site 2),Announced,Electro-chemical battery and chemical storage,Lithium-ion battery,30,United States,37.5482697,-121.99,null
China Lake Microgrid,Operational,Electro-chemical battery and chemical storage,Lead-acid battery,200,United States,35.6507888,-117.66,null
"Freqcon's Tallaght Smart Grid Testbed, Dublin Ecoult ",Operational,Electro-chemical battery and chemical storage,Lead-acid battery,7,Ireland,53,-6,null
Asheville Plant - Duke Energy,Announced,Electro-chemical battery and chemical storage,Lithium-ion battery,5000,United States,35.478166,-82.55,null
20 kW / 187 kWh - SABIC Home of Innovation - Saft,Announced,Electro-chemical battery and chemical storage,Lithium-ion battery,20,Saudi Arabia,25.0054482,46.54,null
Pedreira Pumped Hydro Power Station,Operational,Electro-mechanical energy storage,Pumped hydro storage,20000,Brazil,-22.7418246,-46.9,Transmission
Anderson Pumped Storage,Announced,Electro-mechanical energy storage,Pumped hydro storage,80000,United States,43.3589,-115.4486,null
Black Canyon Pumped Storage,Announced,Electro-mechanical energy storage,Pumped hydro storage,1000000,United States,41.8023171,-107.24,null
Rose Creek Pumped Storage,Announced,Electro-mechanical energy storage,Pumped hydro storage,250000,United States,38.4343464,-118.49,null
White Pine Pumped Storage,Announced,Electro-mechanical energy storage,Pumped hydro storage,750000,United States,39.356,-114.799,null
Con Edison/Eos Energy Storage Distributed Energy Storage Pilot,Announced,Electro-chemical battery and chemical storage,Zinc-based battery,1000,United States,40.7127281,-74.0060152,null
Power Station Generation Storage,Operational,Thermal energy storage,Sensible heat,6000,United States,40,-75,Transmission
1 MW - SunSmart Emergency Shelters Program,Operational,Electro-chemical battery and chemical storage,Lead-acid battery,1000,United States,29.2738888,-82.15,null
Guodian Supply-Side Energy Storage Project,Contracted,Electro-chemical battery and chemical storage,Lithium-ion battery,5000,China,41.707,121.858,null
Guangdong Nuclear Power Corp - BYD,Contracted,Electro-chemical battery and chemical storage,Lithium-ion battery,2500,China,23.111847,114.42,null
Zhangbei 1 MW Battery Project for State Grid Company,Operational,Electro-chemical battery and chemical storage,Lithium-ion battery,1000,China,41.2189189,114.74,null
ZheJiang 250 kW/250 kWh ESS,Operational,Electro-chemical battery and chemical storage,Lithium-ion battery,250,China,30,122,null
Fujian Electric Institute 125 kW/250 kWh ESS,Operational,Electro-chemical battery and chemical storage,Lithium-ion battery,125,China,26.074508,119.3,null
Axion Solar Farm 9.1 MW Coatesville,Announced,Electro-chemical battery and chemical storage,Lead-acid battery,9000,United States,41.0036719,-80.35,null
Fomo Pumped-hydro Storage Station (??????),Operational,Electro-mechanical energy storage,Pumped hydro storage,160000,China,31.392786,116.33,null
Abdelmoumen Pumped Storage Power Station,Announced,Electro-mechanical energy storage,Pumped hydro storage,350000,Morocco,30.675233,-9.2,Transmission
SCE Home Battery Pilot,Contracted,Electro-chemical battery and chemical storage,Lithium-ion battery,80,United States,34.0805651,-118.07,null
Hydro Pumped Storage Amfilochia,Announced,Electro-mechanical energy storage,Pumped hydro storage,680000,Greece,38.8632567,21.17,null
Flat Holm Microgrid Project,Operational,Electro-chemical battery and chemical storage,Lead-acid battery,5,United Kingdom,51.377861,-3.12,null
Green Charge Networks GreenStation Announced 22,Announced,Electro-chemical battery and chemical storage,Lithium-ion battery,30,United States,33.98208635,-117.5153511,Secondary Distribution
Green Charge Networks GreenStation Announced 23,Announced,Electro-chemical battery and chemical storage,Lithium-ion battery,30,United States,34.1883735,-119.2220629,Secondary Distribution
Green Charge Networks GreenStation Announced 25,Announced,Electro-chemical battery and chemical storage,Lithium-ion battery,30,United States,36.992568,-121.9428597,Secondary Distribution
Green Charge Networks GreenStation Announced 26,Announced,Electro-chemical battery and chemical storage,Lithium-ion battery,200,United States,34.0196568,-118.0327764,Secondary Distribution
Green Charge Networks GreenStation Announced 27,Announced,Electro-chemical battery and chemical storage,Lithium-ion battery,60,United States,33.74349225,-117.0307443,Secondary Distribution
Green Charge Networks GreenStation Announced 28,Announced,Electro-chemical battery and chemical storage,Lithium-ion battery,60,United States,34.0990733,-118.1085682,Secondary Distribution
Green Charge Networks GreenStation Announced 29,Announced,Electro-chemical battery and chemical storage,Lithium-ion battery,90,United States,33.67334875,-117.9560726,Secondary Distribution
Green Charge Networks GreenStation Announced 30,Announced,Electro-chemical battery and chemical storage,Lithium-ion battery,400,United States,34.0574169,-117.1733065,Secondary Distribution
Green Charge Networks GreenStation Announced 31,Announced,Electro-chemical battery and chemical storage,Lithium-ion battery,90,United States,37.4922157,-122.22432,Secondary Distribution
Green Charge Networks GreenStation Announced 5,Announced,Electro-chemical battery and chemical storage,Lithium-ion battery,180,United States,36.80287166,-119.8623862,Secondary Distribution
Green Charge Networks GreenStation Announced 6,Announced,Electro-chemical battery and chemical storage,Lithium-ion battery,200,United States,36.81268964,-119.7091293,Secondary Distribution
Green Charge Networks GreenStation Announced 7,Announced,Electro-chemical battery and chemical storage,Lithium-ion battery,60,United States,36.82385166,-119.6976737,Secondary Distribution
Green Charge Networks GreenStation Announced 8,Announced,Electro-chemical battery and chemical storage,Lithium-ion battery,60,United States,36.8642229,-119.6391566,Secondary Distribution
Green Charge Networks GreenStation Announced 9,Announced,Electro-chemical battery and chemical storage,Lithium-ion battery,200,United States,36.81775116,-119.6818448,Secondary Distribution
Green Charge Networks GreenStation Announced 10,Announced,Electro-chemical battery and chemical storage,Lithium-ion battery,200,United States,36.8916092,-119.7340863,Secondary Distribution
Green Charge Networks GreenStation Announced 11,Announced,Electro-chemical battery and chemical storage,Lithium-ion battery,60,United States,36.85930408,-119.7630251,Secondary Distribution
Green Charge Networks GreenStation Announced 13,Announced,Electro-chemical battery and chemical storage,Lithium-ion battery,1000,United States,37.723561,-122.400192,Secondary Distribution
Green Charge Networks GreenStation Announced 14,Announced,Electro-chemical battery and chemical storage,Lithium-ion battery,60,United States,33.975344,-118.034833,Secondary Distribution
Green Charge Networks GreenStation Announced 15,Announced,Electro-chemical battery and chemical storage,Lithium-ion battery,200,United States,34.2772814,-119.2326676,Secondary Distribution
Green Charge Networks GreenStation Announced 16,Announced,Electro-chemical battery and chemical storage,Lithium-ion battery,200,United States,34.163043,-119.159316,Secondary Distribution
Green Charge Networks GreenStation Announced 17,Announced,Electro-chemical battery and chemical storage,Lithium-ion battery,400,United States,34.285558,-118.8820414,Secondary Distribution
Green Charge Networks GreenStation Announced 1,Announced,Electro-chemical battery and chemical storage,Lithium-ion battery,120,United States,36.81649333,-119.808477,Secondary Distribution
Green Charge Networks GreenStation Announced 2,Announced,Electro-chemical battery and chemical storage,Lithium-ion battery,60,United States,36.7212902,-119.8060144,Secondary Distribution
Green Charge Networks GreenStation Announced 3,Announced,Electro-chemical battery and chemical storage,Lithium-ion battery,60,United States,36.76620637,-119.8042239,Secondary Distribution
Green Charge Networks GreenStation Announced 4,Announced,Electro-chemical battery and chemical storage,Lithium-ion battery,60,United States,36.7647593,-119.7726064,Secondary Distribution
20 MW - Puerto Rico - Fonroche / Schneider Electric,Operational,Electro-chemical battery and chemical storage,Lithium-ion battery,20,United States,18.15,-65.82,null
Solar-thermal Hybrid Compressed Air Energy Storage (STHC-100),Operational,Electro-mechanical energy storage,Compressed air energy storage,100,China,36.5981032,101.8222356,Transmission
Leinster Nickel Operation PowerStore Flywheel - 1 MW PowerStore system,Operational,Electro-mechanical energy storage,Flywheel,1000,Australia,-27.9128383,120.6973818,Transmission
"Adele CAES Project - Sachsen-Anhalt, Germany",Announced,Electro-mechanical energy storage,Compressed air energy storage,200000,Germany,51.8608995,11.5790389,Transmission
Blue Solutions - CanalOlympia Brazzaville 140kWc Solar Power and 400kWh Battery Storage,Operational,Electro-chemical battery and chemical storage,Lithium-ion battery,100,Republic of the Congo,-4.162086,15.173814,Transmission
Blue Solutions - CanalOlympia Antananarivo 140kWc Solar Power and 400kWh Battery Storage,Operational,Electro-chemical battery and chemical storage,Lithium-ion battery,100,Madagascar,-18.52,47.3,Transmission
Blue Solutions - N????????mes 200kWh of LMP Batteries,De-Commissioned,Electro-chemical battery and chemical storage,Lead-acid battery,50,France ,43.503995,4.21361,Transmission
Blue Solutions - Tulle 200kWh of LMP Batteries,Operational,Electro-chemical battery and chemical storage,Lithium-ion battery,50,France ,45.1539575,1.465519,Transmission
Blue Solutions - Le-Puy-en-Velay 35kWc PV,Operational,Electro-chemical battery and chemical storage,Lithium-ion battery,20,France ,45.228669,3.532162,Transmission
Blue Solutions - Vaucresson 2MWh LMP,Operational,Electro-chemical battery and chemical storage,Lithium-ion battery,500,France ,48.5052069,2.1032041,Transmission
Blue Solutions - Odet 2MWh LMP Battery System,Operational,Electro-chemical battery and chemical storage,Lithium-ion battery,500,France ,48.131235,-4.116208,Transmission
Autonomous Lithium Ion Battery shelter ???????????????????? Tanzania,Operational,Electro-chemical battery and chemical storage,Lithium-ion battery,50,Tanzania,-1.32,31.9,Transmission
Angas A-CAES (Advanced Compressed Air Energy Storage) Project ???????????????????? Hydrostor,Under Construction,Electro-mechanical energy storage,Compressed air energy storage,5000,Australia,-35.251,138.916,Transmission
Goderich A-CAES (Advanced Compressed Air Energy Storage) Commercial Demonstration Facility ???????????????????? Hydrostor,Contracted,Electro-mechanical energy storage,Compressed air energy storage,1750,Canada,43.732,-81.6905,Transmission
Toronto A-CAES (Advanced Compressed Air Energy Storage) Technical Demonstration Facility ???????????????????? Hydrostor,Operational,Electro-mechanical energy storage,Compressed air energy storage,660,Canada,43.613,-79.381,Transmission
Canyon Creek Pumped Hydro Energy Storage Project,Announced,Electro-mechanical energy storage,Pumped hydro storage,75000,Canada,53.509661,-117.422649,Transmission
TOA 125 kW/250 kWh ESS,Operational,Electro-chemical battery and chemical storage,Lithium-ion battery,125,Taiwan,23.69781,120.96,null
TOA 250 kW/500 kWh ESS ,Operational,Electro-chemical battery and chemical storage,Lithium-ion battery,250,Taiwan,23.69781,120.96,null
TOA 250 kW/750 kWh ESS ,Operational,Electro-chemical battery and chemical storage,Lithium-ion battery,250,Taiwan,23.69781,120.96,null
Woojin/Maxwell Incheon Line 2 - Wanjeong Station (205),Operational,Electro-chemical battery and chemical storage,Electro-chemical capacitor,1200,South Korea,37.476364,126.62,null
TOA 100 kW/250 kWh ESS,Operational,Electro-chemical battery and chemical storage,Lithium-ion battery,100,Taiwan,23.69781,120.96,null
JiangSu ChangZhou 100 kW/250 kWh ESS,Operational,Electro-chemical battery and chemical storage,Lithium-ion battery,100,China,31.811226,119.97,null
POSCO Secondary Battery Research Activity,Operational,Electro-chemical battery and chemical storage,Sodium-based battery,198,South Korea,37.4562557,126.71,null
State Grid Shanghai FIAMM Battery Project,Operational,Electro-chemical battery and chemical storage,Sodium-based battery,100,China,31.2306855,121.47,null
Rellswerk Pumped Hydro Project,Operational,Electro-mechanical energy storage,Pumped hydro storage,12000,Austria,47.0531826,9.75,Secondary Distribution
Aguayo II Pumped Storage Power Plant,Operational,Electro-mechanical energy storage,Pumped hydro storage,1014000,Spain,43.1276249,-4.06,Transmission
Liyang Pumped Storage Power Station,Operational,Electro-mechanical energy storage,Pumped hydro storage,1500000,China,31.2865686,119.42,Transmission
Hongping Pumped Storage Power Station,Operational,Electro-mechanical energy storage,Pumped hydro storage,1200000,China,29.066,115.32,Transmission
Dniester Pumped Storage Power Station,Operational,Electro-mechanical energy storage,Pumped hydro storage,2268000,Ukraine,48.45,27.42,Transmission
Jixi Pumped Storage Power Station (????????????????????????) ,Operational,Electro-mechanical energy storage,Pumped hydro storage,1800000,China,30.132157,118.73,Transmission
GO Development Pumped Hydro Demonstration Project,Operational,Electro-mechanical energy storage,Pumped hydro storage,6,Denmark,54.92273,9.68,Transmission
Shedd Aquarium-1MW lithium-ion battery,Operational,Electro-chemical battery and chemical storage,Lithium-ion battery,1000,United States,41.8676217,-87.61,null
Ochang ESS - LG Chem,Operational,Electro-chemical battery and chemical storage,Lithium-ion battery,1500,South Korea,36.7397608,127.457992,null
Solar Smart Grid Tabarre,Operational,Electro-chemical battery and chemical storage,Lithium-ion battery,500,Haiti,18.594395,-72.31,null
Rural New York Smart Home - Lotus Energy / SimpliPhi,Operational,Electro-chemical battery and chemical storage,Lithium-ion battery,20,United States,41,-74,null
500 kW - Microgrid Research and Innovation Park at University of Ontario Institute of Technology (UOIT),Operational,Electro-chemical battery and chemical storage,Lithium-ion battery,500,Canada,43.8970929,-78.87,null
Silla University (Busan) Energy Storage,Operational,Electro-chemical battery and chemical storage,Lithium-ion battery,500,South Korea,35.1453713,128.46,null
Korail Wondang Station,Operational,Electro-chemical battery and chemical storage,Lithium-ion battery,1000,South Korea,37.566535,126.98,null
Korail Baekseok Station,Operational,Electro-chemical battery and chemical storage,Lithium-ion battery,1000,South Korea,37.6583599,126.83,null
Seoul Metro Euljiro 3(sam)-ga Station,Operational,Electro-chemical battery and chemical storage,Lithium-ion battery,1000,South Korea,37.566535,126.98,null
Chungbuk National University Hospital,Operational,Electro-chemical battery and chemical storage,Lithium-ion battery,250,South Korea,36.6424341,127.49,null
Korea Testing Laboratory,Operational,Electro-chemical battery and chemical storage,Lithium-ion battery,250,South Korea,37.566535,126.98,null
Dongguan SSL 1 MW/2 MWh ESS,Operational,Electro-chemical battery and chemical storage,Lithium-ion battery,1000,China,23.020536,113.75,null
Ningde 1 MW/2 MWh ESS,Operational,Electro-chemical battery and chemical storage,Lithium-ion battery,1000,China,26.665617,119.55,null
China Electric Power Research Institute Zhangbei 2.6 MWh ESS,Operational,Electro-chemical battery and chemical storage,Lithium-ion battery,650,China,41.158557,114.72,null
FuJian MeiZhou Island 1 MW/2 MWh ESS - Contemporary Amperex Technology Limited,Operational,Electro-chemical battery and chemical storage,Lithium-ion battery,1000,China,26.074508,119.3,null
Goldman Sachs Manhattan Headquarters,Operational,Thermal energy storage,Sensible heat,2000,United States,40.7148476,-74.01,Transmission
Woojin/Maxwell Incheon Line 2 - Depot S/S 1,Operational,Electro-chemical battery and chemical storage,Electro-chemical capacitor,1200,South Korea,37.476364,126.62,null
Woojin/Maxwell Incheon Line 2 - Guwol Station (I222),Operational,Electro-chemical battery and chemical storage,Electro-chemical capacitor,1200,South Korea,37.476364,126.62,null
Woojin/Maxwell Incheon Line 2 - Namdong gucheong Station (225),Operational,Electro-chemical battery and chemical storage,Electro-chemical capacitor,1200,South Korea,37.476364,126.62,null
Woojin/Maxwell Incheon Line 2 - Wanggil Station (202),Operational,Electro-chemical battery and chemical storage,Electro-chemical capacitor,1200,South Korea,37.476364,126.62,null
Woojin/Maxwell Incheon Line 2 - Depot S/S 2,Operational,Electro-chemical battery and chemical storage,Electro-chemical capacitor,1200,South Korea,37.476364,126.62,null
Planta Solar Cerro Dominador,Under Construction,Thermal energy storage,Sensible heat,110000,Chile,-22.453712,-68.93,null
"Gapado Island, Jeju Smart Grid Project",Operational,Electro-chemical battery and chemical storage,Lithium-ion battery,1000,South Korea,33,126,Primary Distribution
Southern Grid Baoqing Plant Phase 1 - BYD,Operational,Electro-chemical battery and chemical storage,Lithium-ion battery,1000,China,22.720358,114.25,null
Alba Nova 1 Solar Power Plant,Operational,Thermal energy storage,Heat thermal storage,12000,France,42.016837,9.4,Transmission
Diwakar CSP Plant,Announced/Never Built,Thermal energy storage,Sensible heat,100000,India,27.3689942,71.75,null
India One Solar Thermal Plant - World Renewal Spiritual Trust (WRST),Operational,Thermal energy storage,Heat thermal storage,1000,India,24.517022,72.79,Transmission
Rice Solar Energy Project,Announced/Never Built,Thermal energy storage,Sensible heat,150000,United States,34.072968,-114.81,Transmission
Clean Energy Storage: Steel Project,Operational,Electro-chemical battery and chemical storage,Lithium-ion battery,5,United States,47.6062095,-122.33,null
Clean Energy Storage: Devinenini,Operational,Electro-chemical battery and chemical storage,Lithium-ion battery,5,United States,47.6062095,-122.33,null
Clean Energy Storage: Nagasawa,Operational,Electro-chemical battery and chemical storage,Lithium-ion battery,5,United States,47.9789848,-122.2,null
Tozzi Energy Storage System - TESS,Operational,Electro-chemical battery and chemical storage,Sodium-based battery,35,Italy,44.5173435,12.16,Secondary Distribution
Green Charge Networks (Yonkers Site 1),Operational,Electro-chemical battery and chemical storage,Lithium-ion battery,96,United States,40.9312099,-73.8987469,null
Green Charge Networks Greenstation (Norwalk Site 1),Operational,Electro-chemical battery and chemical storage,Lithium-ion battery,30,United States,33.91737514,-118.0901529,null
Green Charge Networks Greenstation (San Diego Site 1),Operational,Electro-chemical battery and chemical storage,Lithium-ion battery,30,United States,32.816842,-117.16,null
Green Charge Networks Greenstation (San Diego Site 2),Operational,Electro-chemical battery and chemical storage,Lithium-ion battery,30,United States,32.8058569,-117.22,null
Green Charge Networks Greenstation (Playa Vista Site 1),Operational,Electro-chemical battery and chemical storage,Lithium-ion battery,30,United States,33.9760102,-118.4181654,null
Green Charge Networks Greenstation (Aliso Viejo Site 1),Operational,Electro-chemical battery and chemical storage,Lithium-ion battery,30,United States,33.565695,-117.725926,null
Quick Charging EV's Powered by the Sun (Breukelen),Operational,Electro-chemical battery and chemical storage,Lithium-ion battery,50,Netherlands,52.171959,5.002675,Transmission
Discovery Science Center Durathon Battery,Operational,Electro-chemical battery and chemical storage,Sodium-based battery,100,United States,33.7494951,-117.8732213,null
Zelenchukskaya HPP-PSP,Operational,Electro-mechanical energy storage,Pumped hydro storage,140000,Russia,44.2265,42.34,null
Palmdale Micro Grid Energy Storage Demonstration,Offline/Under Repair,Electro-chemical battery and chemical storage,Electro-chemical capacitor,450,United States,34.5794343,-118.12,null
CENER VRB,Operational,Electro-chemical battery and chemical storage,Flow battery,50,Spain,42.8101792,-1.596631384,null
Riedl Energy Storage Plant,Operational,Electro-mechanical energy storage,Pumped hydro storage,300000,Germany,48.5750459,13.67,null
Zagorsk PSP-2,Operational,Electro-mechanical energy storage,Pumped hydro storage,840000,Russia,56.3094531,38.13,Transmission
Modesto Irrigation District - Primus Power,null,Electro-chemical battery and chemical storage,Flow battery,28000,United States,37.6390972,-121,null
Brainerd Public Utilities Battery Pilot,De-Commissioned,Electro-chemical battery and chemical storage,Lead-acid battery,5,United States,46.35014,-94.22,Secondary Distribution
150 kW Ryerson University Energy Storage System,De-Commissioned,Electro-chemical battery and chemical storage,Lithium-ion battery,150,Canada,43.6575548,-79.38,null
Tsukuba Plant Mitsubishi Materials Corporation - NGK,De-Commissioned,Electro-chemical battery and chemical storage,Sodium-based battery,2000,Japan,36.0906905,139.95,null
Polebridge Mercantile & Cabins,De-Commissioned,Electro-chemical battery and chemical storage,Lithium-ion battery,22,United States,48.765106,-114.28,null
"Pernambuco, Brazil Lead-Carbon Solar PV Energy Storage Project - Moura Energy 242 kW",Operational,Electro-chemical battery and chemical storage,Lead-acid battery,242,Brazil,-8.33519,-36.417737,null
"Pernambuco, Brazil Lead-Carbon Energy Storage Project - Moura Energy 150 kW",Operational,Electro-chemical battery and chemical storage,Lead-acid battery,150,Brazil,-8.155506,-34.913149,null
Hinesburg Energy Storage System,Operational,Electro-chemical battery and chemical storage,Lithium-ion battery,2000,United States,44.328846,-73.129807,null
Plumsted Energy Storage,Operational,Electro-chemical battery and chemical storage,Lithium-ion battery,20000,United States,40.110352,-74.496807,null
Stryker Energy Storage,Operational,Electro-chemical battery and chemical storage,Lithium-ion battery,20000,United States,40.668032,-75.146055,null
Atlantic County Utility Authority,Operational,Electro-chemical battery and chemical storage,Lithium-ion battery,1000,United States,39.38177,-74.44907,null
Willey Energy Storage Project,Under Construction,Electro-chemical battery and chemical storage,Lithium-ion battery,10000,United States,39.3995008,-84.56,null
Rabbit Hill Energy Storage Project,Operational,Electro-chemical battery and chemical storage,Lithium-ion battery,9900,United States,30.6332618,-97.68,null
Cat Creek Energy & Water Storage Renewable Power Station,Announced,Electro-mechanical energy storage,Pumped hydro storage,720000,United States,43.3595096,-115.4501724,null
New York's First Completed Solar Energy Storage Project,Operational,Electro-chemical battery and chemical storage,Lithium-ion battery,490,United States,41.272,-73.778,null
