TerminalName,type,status,country,Capacity,CapacityUnits,CapacityInBcm/y,latitude,longitude
Fourchon LNG Terminal,Export,Cancelled,United States,2,mtpa,2.72,29.105833,-90.194444
Fourchon LNG Terminal,Export,Cancelled,United States,3,mtpa,4.08,29.105833,-90.194444
Alaska LNG Terminal,Export,Proposed,United States,6.7,mtpa,9.11,60.65996,-151.36505
Alaska LNG Terminal,Export,Proposed,United States,6.7,mtpa,9.11,60.65996,-151.36505
Alaska LNG Terminal,Export,Proposed,United States,6.7,mtpa,9.11,60.65996,-151.36505
Alturas LNG Terminal,Export,Cancelled,United States,1.5,mtpa,2.04,29.885,-93.94
American LNG Hialeah Terminal,Export,Operating,United States,0.01,bcf/d,0.08,25.809175,-80.296697
American LNG Titusville Terminal,Export,Cancelled,United States,0.08,bcf/d,0.85,28.591111,-80.82
Annova LNG Brownsville Terminal,Export,Cancelled,United States,1.08,mtpa,1.47,25.950835,-97.410844
Annova LNG Brownsville Terminal,Export,Cancelled,United States,1.08,mtpa,1.47,25.950835,-97.410844
Annova LNG Brownsville Terminal,Export,Cancelled,United States,1.08,mtpa,1.47,25.950835,-97.410844
Annova LNG Brownsville Terminal,Export,Cancelled,United States,1.08,mtpa,1.47,25.950835,-97.410844
Annova LNG Brownsville Terminal,Export,Cancelled,United States,1.08,mtpa,1.47,25.950835,-97.410844
Annova LNG Brownsville Terminal,Export,Cancelled,United States,1.08,mtpa,1.47,25.950835,-97.410844
Calcasieu Pass LNG Terminal,Export,Operating,United States,0.67,mtpa,0.91,29.77292736,-93.3343038
Calcasieu Pass LNG Terminal,Export,Operating,United States,0.67,mtpa,0.91,29.77292736,-93.3343038
Calcasieu Pass LNG Terminal,Export,Operating,United States,0.67,mtpa,0.91,29.77292736,-93.3343038
Calcasieu Pass LNG Terminal,Export,Operating,United States,0.67,mtpa,0.91,29.77292736,-93.3343038
Calcasieu Pass LNG Terminal,Export,Operating,United States,0.67,mtpa,0.91,29.77292736,-93.3343038
Calcasieu Pass LNG Terminal,Export,Operating,United States,0.67,mtpa,0.91,29.77292736,-93.3343038
Calcasieu Pass LNG Terminal,Export,Operating,United States,0.67,mtpa,0.91,29.77292736,-93.3343038
Calcasieu Pass LNG Terminal,Export,Operating,United States,0.67,mtpa,0.91,29.77292736,-93.3343038
Calcasieu Pass LNG Terminal,Export,Operating,United States,0.67,mtpa,0.91,29.77292736,-93.3343038
Calcasieu Pass LNG Terminal,Export,Operating,United States,0.67,mtpa,0.91,29.77292736,-93.3343038
Calcasieu Pass LNG Terminal,Export,Operating,United States,0.67,mtpa,0.91,29.77292736,-93.3343038
Calcasieu Pass LNG Terminal,Export,Operating,United States,0.67,mtpa,0.91,29.77292736,-93.3343038
Calcasieu Pass LNG Terminal,Export,Operating,United States,0.67,mtpa,0.91,29.77292736,-93.3343038
Calcasieu Pass LNG Terminal,Export,Operating,United States,0.67,mtpa,0.91,29.77292736,-93.3343038
Calcasieu Pass LNG Terminal,Export,Operating,United States,0.67,mtpa,0.91,29.77292736,-93.3343038
Calcasieu Pass LNG Terminal,Export,Operating,United States,0.67,mtpa,0.91,29.77292736,-93.3343038
Calcasieu Pass LNG Terminal,Export,Operating,United States,0.67,mtpa,0.91,29.77292736,-93.3343038
Calcasieu Pass LNG Terminal,Export,Operating,United States,0.67,mtpa,0.91,29.77292736,-93.3343038
CE FLNG Terminal,Export,Cancelled,United States,4,mtpa,5.44,29.30079786,-89.35821088
CE FLNG Terminal,Export,Cancelled,United States,4,mtpa,5.44,29.30079786,-89.35821088
Cameron LNG Terminal,Import,Mothballed,United States,11.4,mtpa,15.5,30.035471,-93.3383568
Cameron LNG Terminal,Export,Operating,United States,4.5,mtpa,6.12,30.035471,-93.3383568
Cameron LNG Terminal,Export,Operating,United States,4.5,mtpa,6.12,30.035471,-93.3383568
Cameron LNG Terminal,Export,Operating,United States,4.5,mtpa,6.12,30.035471,-93.3383568
Cameron LNG Terminal,Export,Proposed,United States,6.75,mtpa,9.18,30.035471,-93.3383568
Cameron LNG Terminal,Export,Cancelled,United States,5,mtpa,6.8,30.035471,-93.3383568
Cameron LNG Terminal,Export,Proposed,United States,0.68,mtpa,0.92,30.035471,-93.3383568
Commonwealth LNG Terminal,Export,Proposed,United States,1.55,mtpa,2.11,29.764163,-93.348066
Commonwealth LNG Terminal,Export,Proposed,United States,1.55,mtpa,2.11,29.764163,-93.348066
Commonwealth LNG Terminal,Export,Proposed,United States,1.55,mtpa,2.11,29.764163,-93.348066
Commonwealth LNG Terminal,Export,Proposed,United States,1.55,mtpa,2.11,29.764163,-93.348066
Commonwealth LNG Terminal,Export,Proposed,United States,1.55,mtpa,2.11,29.764163,-93.348066
Commonwealth LNG Terminal,Export,Proposed,United States,1.55,mtpa,2.11,29.764163,-93.348066
Corpus Christi LNG Terminal,Export,Operating,United States,5,mtpa,6.8,27.91354225,-97.28656287
Corpus Christi LNG Terminal,Export,Operating,United States,5,mtpa,6.8,27.91354225,-97.28656287
Corpus Christi LNG Terminal,Export,Operating,United States,5,mtpa,6.8,27.91354225,-97.28656287
Corpus Christi LNG Terminal,Export,Construction,United States,1.64,mtpa,2.23,27.91354225,-97.28656287
Corpus Christi LNG Terminal,Export,Construction,United States,1.64,mtpa,2.23,27.91354225,-97.28656287
Corpus Christi LNG Terminal,Export,Construction,United States,1.64,mtpa,2.23,27.91354225,-97.28656287
Corpus Christi LNG Terminal,Export,Construction,United States,1.64,mtpa,2.23,27.91354225,-97.28656287
Corpus Christi LNG Terminal,Export,Construction,United States,1.64,mtpa,2.23,27.91354225,-97.28656287
Corpus Christi LNG Terminal,Export,Construction,United States,1.64,mtpa,2.23,27.91354225,-97.28656287
Corpus Christi LNG Terminal,Export,Construction,United States,1.64,mtpa,2.23,27.91354225,-97.28656287
Corpus Christi LNG Terminal,Export,Proposed,United States,1.64,mtpa,2.23,27.91354225,-97.28656287
Corpus Christi LNG Terminal,Export,Proposed,United States,1.64,mtpa,2.23,27.91354225,-97.28656287
Cove Point LNG Import Terminal,Import,Operating,United States,13.7,mtpa,18.63,38.3913422,-76.4045082
Cove Point LNG Export Terminal,Export,Operating,United States,5.25,mtpa,7.14,38.3913422,-76.4045082
Delfin FLNG Terminal,Export,Proposed,United States,3.38,mtpa,4.59,29.13697735,-93.53395095
Delfin FLNG Terminal,Export,Proposed,United States,3.38,mtpa,4.59,29.13697735,-93.53395095
Delfin FLNG Terminal,Export,Proposed,United States,3.38,mtpa,4.59,29.13697735,-93.53395095
Delfin FLNG Terminal,Export,Proposed,United States,3.38,mtpa,4.59,29.13697735,-93.53395095
Driftwood LNG Terminal,Export,Proposed,United States,11,mtpa,14.96,30.091298,-93.330534
Driftwood LNG Terminal,Export,Proposed,United States,16.6,mtpa,22.58,30.091298,-93.330534
Eagle LNG Import Terminal,Import,Proposed,United States,,,--,30.40879661,-81.61041174
Eagle LNG Terminal,Export,Proposed,United States,550000,gal/day,0.44,30.40879661,-81.61041174
Eagle LNG Terminal,Export,Proposed,United States,550000,gal/day,0.44,30.40879661,-81.61041174
Eagle LNG Terminal,Export,Proposed,United States,550000,gal/day,0.44,30.40879661,-81.61041174
Elba Island LNG Terminal,Import,Retired,United States,12,mtpa,16.32,32.091111,-81.000278
Elba Island LNG Terminal,Export,Operating,United States,0.25,mtpa,0.34,32.091111,-81.000278
Elba Island LNG Terminal,Export,Operating,United States,0.25,mtpa,0.34,32.091111,-81.000278
Elba Island LNG Terminal,Export,Operating,United States,0.25,mtpa,0.34,32.091111,-81.000278
Elba Island LNG Terminal,Export,Operating,United States,0.25,mtpa,0.34,32.091111,-81.000278
Elba Island LNG Terminal,Export,Operating,United States,0.25,mtpa,0.34,32.091111,-81.000278
Elba Island LNG Terminal,Export,Operating,United States,0.25,mtpa,0.34,32.091111,-81.000278
Elba Island LNG Terminal,Export,Operating,United States,0.25,mtpa,0.34,32.091111,-81.000278
Elba Island LNG Terminal,Export,Operating,United States,0.25,mtpa,0.34,32.091111,-81.000278
Elba Island LNG Terminal,Export,Operating,United States,0.25,mtpa,0.34,32.091111,-81.000278
Elba Island LNG Terminal,Export,Operating,United States,0.25,mtpa,0.34,32.091111,-81.000278
Elba Island LNG Terminal,Export,Proposed,United States,0.4,mtpa,0.54,32.091111,-81.000278
Eos FLNG Terminal,Export,Cancelled,United States,1.6,bcf/d,16.54,25.950835,-97.410844
Floridian LNG Terminal,Export,Cancelled,United States,0.1,bcf/d,1.03,27.08,-80.4
Freeport LNG Import Terminal,Import,Mothballed,United States,13.2,mtpa,17.95,28.932003,-95.317355
Freeport LNG Terminal,Export,Operating,United States,5,mtpa,6.8,28.932003,-95.317355
Freeport LNG Terminal,Export,Operating,United States,5,mtpa,6.8,28.932003,-95.317355
Freeport LNG Terminal,Export,Operating,United States,5,mtpa,6.8,28.932003,-95.317355
Freeport LNG Terminal,Export,Proposed,United States,5.1,mtpa,6.94,28.932003,-95.317355
Freeport LNG Terminal,Export,Construction,United States,1.5,mtpa,2.04,28.932003,-95.317355
G2 LNG Terminal,Export,Cancelled,United States,1.3,mtpa,1.77,29.811571,-93.3596
G2 LNG Terminal,Export,Cancelled,United States,1.3,mtpa,1.77,29.811571,-93.3596
G2 LNG Terminal,Export,Cancelled,United States,1.3,mtpa,1.77,29.811571,-93.3596
G2 LNG Terminal,Export,Cancelled,United States,1.3,mtpa,1.77,29.811571,-93.3596
G2 LNG Terminal,Export,Cancelled,United States,1.3,mtpa,1.77,29.811571,-93.3596
G2 LNG Terminal,Export,Cancelled,United States,1.3,mtpa,1.77,29.811571,-93.3596
G2 LNG Terminal,Export,Cancelled,United States,1.3,mtpa,1.77,29.811571,-93.3596
G2 LNG Terminal,Export,Cancelled,United States,1.3,mtpa,1.77,29.811571,-93.3596
G2 LNG Terminal,Export,Cancelled,United States,1.3,mtpa,1.77,29.811571,-93.3596
G2 LNG Terminal,Export,Cancelled,United States,1.3,mtpa,1.77,29.811571,-93.3596
Golden Pass LNG Import Terminal,Import,Mothballed,United States,15.7,mtpa,21.35,29.761394,-93.919418
Golden Pass LNG Terminal,Export,Construction,United States,6.03,mtpa,8.21,29.761394,-93.919418
Golden Pass LNG Terminal,Export,Construction,United States,6.03,mtpa,8.21,29.761394,-93.919418
Golden Pass LNG Terminal,Export,Construction,United States,6.03,mtpa,8.21,29.761394,-93.919418
Gulf LNG Import Terminal,Import,Idle,United States,8.8,mtpa,11.97,30.322382,-88.503663
Gulf LNG Terminal,Export,Proposed,United States,5.43,mtpa,7.38,30.322382,-88.503663
Gulf LNG Terminal,Export,Proposed,United States,5.43,mtpa,7.38,30.322382,-88.503663
Ingleside Energy LNG Terminal,Export,Cancelled,United States,1,bcf/d,10.34,27.874167,-97.208333
Jordan Cove LNG Export Terminal,Export,Cancelled,United States,1.5,mtpa,2.04,43.425,-124.269
Jordan Cove LNG Export Terminal,Export,Cancelled,United States,1.5,mtpa,2.04,43.425,-124.269
Jordan Cove LNG Export Terminal,Export,Cancelled,United States,1.5,mtpa,2.04,43.425,-124.269
Jordan Cove LNG Export Terminal,Export,Cancelled,United States,1.5,mtpa,2.04,43.425,-124.269
Jordan Cove LNG Export Terminal,Export,Cancelled,United States,1.5,mtpa,2.04,43.425,-124.269
Kenai LNG Terminal,Import,Proposed,United States,0.01,bcf/d,0.07,60.679484,-151.38834
Kenai LNG Terminal,Export,Mothballed,United States,1.5,mtpa,2.04,60.679484,-151.38834
Lake Charles LNG Import Terminal,Import,Mothballed,United States,17.9,mtpa,24.34,30.120416,-93.287833
Lake Charles LNG Terminal,Export,Proposed,United States,0.78,bcf/d,8.06,30.120416,-93.287833
Lake Charles LNG Terminal,Export,Proposed,United States,0.78,bcf/d,8.06,30.120416,-93.287833
Lake Charles LNG Terminal,Export,Proposed,United States,0.78,bcf/d,8.06,30.120416,-93.287833
Louisiana LNG Terminal,Export,Cancelled,United States,2.5,mtpa,3.4,29.39,-89.48
Louisiana LNG Terminal,Export,Cancelled,United States,2.5,mtpa,3.4,29.39,-89.48
Magnolia LNG Terminal,Export,Proposed,United States,2.2,mtpa,2.99,30.105668,-93.300819
Magnolia LNG Terminal,Export,Proposed,United States,2.2,mtpa,2.99,30.105668,-93.300819
Magnolia LNG Terminal,Export,Proposed,United States,2.2,mtpa,2.99,30.105668,-93.300819
Magnolia LNG Terminal,Export,Proposed,United States,2.2,mtpa,2.99,30.105668,-93.300819
Monkey Island LNG Terminal,Export,Cancelled,United States,2,mtpa,2.72,29.79362711,-93.34143969
Monkey Island LNG Terminal,Export,Cancelled,United States,2,mtpa,2.72,29.79362711,-93.34143969
Monkey Island LNG Terminal,Export,Cancelled,United States,2,mtpa,2.72,29.79362711,-93.34143969
Monkey Island LNG Terminal,Export,Cancelled,United States,2,mtpa,2.72,29.79362711,-93.34143969
Monkey Island LNG Terminal,Export,Cancelled,United States,2,mtpa,2.72,29.79362711,-93.34143969
Monkey Island LNG Terminal,Export,Cancelled,United States,2,mtpa,2.72,29.79362711,-93.34143969
Point Comfort LNG Terminal,Export,Cancelled,United States,4.5,mtpa,6.12,28.676111,-96.558889
Point Comfort LNG Terminal,Export,Cancelled,United States,4.5,mtpa,6.12,28.676111,-96.558889
Port Arthur LNG Terminal,Export,Construction,United States,6.75,mtpa,9.18,29.81166342,-93.95962882
Port Arthur LNG Terminal,Export,Construction,United States,6.75,mtpa,9.18,29.81166342,-93.95962882
Port Arthur LNG Terminal,Export,Proposed,United States,6.75,mtpa,9.18,29.81166342,-93.95962882
Port Arthur LNG Terminal,Export,Proposed,United States,6.75,mtpa,9.18,29.81166342,-93.95962882
Texas LNG Terminal,Export,Proposed,United States,2,mtpa,2.72,25.950835,-97.410844
Texas LNG Terminal,Export,Proposed,United States,2,mtpa,2.72,25.950835,-97.410844
Rio Grande LNG Terminal,Export,Construction,United States,5.87,mtpa,7.98,25.950835,-97.410844
Rio Grande LNG Terminal,Export,Construction,United States,5.87,mtpa,7.98,25.950835,-97.410844
Rio Grande LNG Terminal,Export,Construction,United States,5.87,mtpa,7.98,25.950835,-97.410844
Rio Grande LNG Terminal,Export,Proposed,United States,5.4,mtpa,7.34,25.950835,-97.410844
Rio Grande LNG Terminal,Export,Proposed,United States,5.4,mtpa,7.34,25.950835,-97.410844
Rio Grande LNG Terminal,Export,Cancelled,United States,4.5,mtpa,6.12,25.950835,-97.410844
Sabine Pass LNG Import Terminal,Import,Operating,United States,30.4,mtpa,41.34,29.75409666,-93.87405115
Sabine Pass LNG Terminal,Export,Operating,United States,5,mtpa,6.8,29.75409666,-93.87405115
Sabine Pass LNG Terminal,Export,Operating,United States,5,mtpa,6.8,29.75409666,-93.87405115
Sabine Pass LNG Terminal,Export,Operating,United States,5,mtpa,6.8,29.75409666,-93.87405115
Sabine Pass LNG Terminal,Export,Operating,United States,5,mtpa,6.8,29.75409666,-93.87405115
Sabine Pass LNG Terminal,Export,Operating,United States,5,mtpa,6.8,29.75409666,-93.87405115
Sabine Pass LNG Terminal,Export,Operating,United States,4.5,mtpa,6.12,29.75409666,-93.87405115
Sabine Pass LNG Terminal,Export,Proposed,United States,16.83,mtpa,22.89,29.75409666,-93.87405115
Strom LNG Terminal,Export,Cancelled,United States,0.02,bcf/d,0.2,28.900556,-82.593611
Plaquemines LNG Terminal,Export,Construction,United States,13.33,mtpa,18.13,29.600411,-89.886404
Plaquemines LNG Terminal,Export,Proposed,United States,10,mtpa,13.6,29.600411,-89.886404
Plaquemines LNG Terminal,Export,Proposed,United States,3.2,mtpa,4.35,29.600411,-89.886404
Arzew-Bethioua LNG Terminal,Export,Retired,Algeria,1.3,mtpa,1.77,35.80452,-0.24097
Arzew-Bethioua LNG Terminal,Export,Operating,Algeria,1.32,mtpa,1.8,35.80452,-0.24097
Arzew-Bethioua LNG Terminal,Export,Operating,Algeria,1.32,mtpa,1.8,35.80452,-0.24097
Arzew-Bethioua LNG Terminal,Export,Operating,Algeria,1.32,mtpa,1.8,35.80452,-0.24097
Arzew-Bethioua LNG Terminal,Export,Operating,Algeria,1.32,mtpa,1.8,35.80452,-0.24097
Arzew-Bethioua LNG Terminal,Export,Operating,Algeria,1.32,mtpa,1.8,35.80452,-0.24097
Arzew-Bethioua LNG Terminal,Export,Operating,Algeria,1.32,mtpa,1.8,35.80452,-0.24097
Arzew-Bethioua LNG Terminal,Export,Operating,Algeria,1.37,mtpa,1.86,35.80452,-0.24097
Arzew-Bethioua LNG Terminal,Export,Operating,Algeria,1.37,mtpa,1.86,35.80452,-0.24097
Arzew-Bethioua LNG Terminal,Export,Operating,Algeria,1.37,mtpa,1.86,35.80452,-0.24097
Arzew-Bethioua LNG Terminal,Export,Operating,Algeria,1.37,mtpa,1.86,35.80452,-0.24097
Arzew-Bethioua LNG Terminal,Export,Operating,Algeria,1.37,mtpa,1.86,35.80452,-0.24097
Arzew-Bethioua LNG Terminal,Export,Operating,Algeria,1.37,mtpa,1.86,35.80452,-0.24097
Arzew-Bethioua LNG Terminal,Export,Operating,Algeria,4.7,mtpa,6.39,35.80452,-0.24097
Skikda LNG Terminal,Export,Retired,Algeria,1,mtpa,1.36,36.8779,6.9415
Skikda LNG Terminal,Export,Retired,Algeria,1,mtpa,1.36,36.8779,6.9415
Skikda LNG Terminal,Export,Retired,Algeria,1,mtpa,1.36,36.8779,6.9415
Skikda LNG Terminal,Export,Retired,Algeria,1,mtpa,1.36,36.8779,6.9415
Skikda LNG Terminal,Export,Retired,Algeria,1.25,mtpa,1.7,36.8779,6.9415
Skikda LNG Terminal,Export,Retired,Algeria,1.25,mtpa,1.7,36.8779,6.9415
Skikda LNG Terminal,Export,Operating,Algeria,4.5,mtpa,6.12,36.8779,6.9415
Angola LNG Terminal,Export,Operating,Angola,5.2,mtpa,7.07,-6.11957,12.33596
Cotonou FSRU,Import,Cancelled,Benin,,,--,6.346,2.429
Cameroon FLNG Terminal,Export,Operating,Cameroon,0.6,mtpa,0.82,2.935,9.91
Cameroon FLNG Terminal,Export,Operating,Cameroon,0.6,mtpa,0.82,2.935,9.91
Cameroon FLNG Terminal,Export,Operating,Cameroon,0.6,mtpa,0.82,2.935,9.91
Cameroon FLNG Terminal,Export,Operating,Cameroon,0.6,mtpa,0.82,2.935,9.91
Cameroon LNG Terminal,Export,Cancelled,Cameroon,3.5,mtpa,4.76,2.935,9.91
Damietta SEGAS LNG Terminal,Export,Operating,Egypt,5,mtpa,6.8,31.469,31.7473
Damietta SEGAS LNG Terminal,Export,Cancelled,Egypt,5,mtpa,6.8,31.469,31.7473
Egyptian LNG Terminal,Export,Operating,Egypt,3.6,mtpa,4.9,31.34904805,30.31864655
Egyptian LNG Terminal,Export,Operating,Egypt,3.6,mtpa,4.9,31.34904805,30.31864655
Fortuna FLNG Terminal,Export,Proposed,Equatorial Guinea,,,--,3.2,7.6
Fortuna FLNG Terminal,Export,Cancelled,Equatorial Guinea,0.63,mtpa,0.86,3.2,7.6
Fortuna FLNG Terminal,Export,Cancelled,Equatorial Guinea,0.63,mtpa,0.86,3.2,7.6
Fortuna FLNG Terminal,Export,Cancelled,Equatorial Guinea,0.63,mtpa,0.86,3.2,7.6
Punta Europa LNG Terminal,Export,Operating,Equatorial Guinea,3.7,mtpa,5.03,3.776,8.7015
Punta Europa LNG Terminal,Export,Cancelled,Equatorial Guinea,4.4,mtpa,5.98,3.776,8.7015
Tema FSRU,Import,Construction,Ghana,1.7,mtpa,2.31,5.734005,0.03197
Mombasa LNG Terminal,Import,Shelved,Kenya,,,--,-4.05,39.666667
Marsa El Brega LNG Terminal,Export,Mothballed,Libya,0.8,mtpa,1.09,30.40675,19.5935
Marsa El Brega LNG Terminal,Export,Mothballed,Libya,0.8,mtpa,1.09,30.40675,19.5935
Marsa El Brega LNG Terminal,Export,Mothballed,Libya,0.8,mtpa,1.09,30.40675,19.5935
Marsa El Brega LNG Terminal,Export,Mothballed,Libya,0.8,mtpa,1.09,30.40675,19.5935
Jorf Lasfar LNG Terminal,Import,Proposed,Morocco,7,bcm/y,7,33.1267,-8.62028
Mozambique LNG Terminal,Export,Proposed,Mozambique,6.45,mtpa,8.77,-10.807908,40.796899
Mozambique LNG Terminal,Export,Proposed,Mozambique,6.45,mtpa,8.77,-10.807908,40.796899
Mozambique LNG Terminal,Export,Proposed,Mozambique,5,mtpa,6.8,-10.807908,40.796899
Mozambique LNG Terminal,Export,Proposed,Mozambique,5,mtpa,6.8,-10.807908,40.796899
Coral South FLNG Terminal,Export,Operating,Mozambique,3.4,mtpa,4.62,-10.9,41.2
Nigeria LNG Terminal,Export,Operating,Nigeria,3.3,mtpa,4.49,4.41836,7.16157
Nigeria LNG Terminal,Export,Operating,Nigeria,3.3,mtpa,4.49,4.41836,7.16157
Nigeria LNG Terminal,Export,Operating,Nigeria,3.3,mtpa,4.49,4.41836,7.16157
Nigeria LNG Terminal,Export,Operating,Nigeria,4.1,mtpa,5.58,4.41836,7.16157
Nigeria LNG Terminal,Export,Operating,Nigeria,4.1,mtpa,5.58,4.41836,7.16157
Nigeria LNG Terminal,Export,Operating,Nigeria,4.1,mtpa,5.58,4.41836,7.16157
Nigeria LNG Terminal,Export,Construction,Nigeria,8,mtpa,10.88,4.41836,7.16157
Nigeria LNG Terminal,Export,Shelved,Nigeria,,,--,4.41836,7.16157
Nigeria LNG Terminal,Export,Shelved,Nigeria,,,--,4.41836,7.16157
Nigeria LNG Terminal,Export,Shelved,Nigeria,,,--,4.41836,7.16157
Nigeria LNG Terminal,Export,Shelved,Nigeria,,,--,4.41836,7.16157
Nigeria LNG Terminal,Export,Shelved,Nigeria,,,--,4.41836,7.16157
Nigeria LNG Terminal,Export,Proposed,Nigeria,3.4,mtpa,4.62,4.41836,7.16157
Brass LNG Terminal,Export,Proposed,Nigeria,5,mtpa,6.8,4.31,6.246
Brass LNG Terminal,Export,Proposed,Nigeria,5,mtpa,6.8,4.31,6.246
Olokola LNG Terminal,Export,Proposed,Nigeria,6.3,mtpa,8.57,5.021667,8.320278
Olokola LNG Terminal,Export,Proposed,Nigeria,6.3,mtpa,8.57,5.021667,8.320278
Olokola LNG Terminal,Export,Cancelled,Nigeria,,,--,5.021667,8.320278
Olokola LNG Terminal,Export,Cancelled,Nigeria,,,--,5.021667,8.320278
Tanzania LNG Terminal,Export,Proposed,Tanzania,5,mtpa,6.8,-9.96,39.708889
Tanzania LNG Terminal,Export,Proposed,Tanzania,5,mtpa,6.8,-9.96,39.708889
Mossel Bay FSRU,Import,Cancelled,South Africa,2,mtpa,2.72,-34.183333,22.133333
Coega FSRU,Import,Proposed,South Africa,,,--,-33.78287,25.7084
Richards Bay FSRU,Import,Proposed,South Africa,,,--,-28.8,32.1
Saldanha Bay FSRU,Import,Proposed,South Africa,,,--,-33.034722,18.009722
Kutubdia LNG Terminal (Petronet),Import,Cancelled,Bangladesh,7.5,mtpa,10.2,21.816667,91.858333
Kutubdia (Reliance) FSRU,Import,Cancelled,Bangladesh,3.75,mtpa,5.1,21.816667,91.858333
Moheshkhali FLNG Terminal (Petrobangla),Import,Operating,Bangladesh,4.5,mtpa,6.12,21.608081,91.825979
Summit FSRU,Import,Operating,Bangladesh,3.8,mtpa,5.17,21.55,91.95
Brunei LNG Terminal,Export,Operating,Brunei,1.5,mtpa,2.04,4.6698,114.467
Brunei LNG Terminal,Export,Operating,Brunei,1.5,mtpa,2.04,4.6698,114.467
Brunei LNG Terminal,Export,Operating,Brunei,1.5,mtpa,2.04,4.6698,114.467
Brunei LNG Terminal,Export,Operating,Brunei,1.5,mtpa,2.04,4.6698,114.467
Brunei LNG Terminal,Export,Operating,Brunei,1.4,mtpa,1.9,4.6698,114.467
Abadi LNG Terminal,Export,Proposed,Indonesia,9.5,mtpa,12.92,-9.109098777,130.280905
Arun LNG Import Terminal,Import,Operating,Indonesia,3,mtpa,4.08,5.2234,97.083
Arun LNG Terminal,Export,Retired,Indonesia,3,mtpa,4.08,5.2234,97.083
Arun LNG Terminal,Export,Retired,Indonesia,2.9,mtpa,3.94,5.2234,97.083
Arun LNG Terminal,Export,Retired,Indonesia,2.9,mtpa,3.94,5.2234,97.083
Arun LNG Terminal,Export,Retired,Indonesia,3.5,mtpa,4.76,5.2234,97.083
Arun LNG Terminal,Export,Retired,Indonesia,3.5,mtpa,4.76,5.2234,97.083
Arun LNG Terminal,Export,Retired,Indonesia,3.5,mtpa,4.76,5.2234,97.083
Tanjung Benoa FSRU,Import,Operating,Indonesia,0.35,mtpa,0.48,-8.746306,115.2094864
Bojonegara LNG Terminal,Import,Cancelled,Indonesia,7,mtpa,9.52,-5.8846501,106.0554886
Bontang LNG Terminal,Export,Retired,Indonesia,2.7,mtpa,3.67,0.10123,117.4701
Bontang LNG Terminal,Export,Retired,Indonesia,2.7,mtpa,3.67,0.10123,117.4701
Bontang LNG Terminal,Export,Retired,Indonesia,2.7,mtpa,3.67,0.10123,117.4701
Bontang LNG Terminal,Export,Retired,Indonesia,2.7,mtpa,3.67,0.10123,117.4701
Bontang LNG Terminal,Export,Idle,Indonesia,2.8,mtpa,3.81,0.10123,117.4701
Bontang LNG Terminal,Export,Idle,Indonesia,2.8,mtpa,3.81,0.10123,117.4701
Bontang LNG Terminal,Export,Operating,Indonesia,2.8,mtpa,3.81,0.10123,117.4701
Bontang LNG Terminal,Export,Operating,Indonesia,2.95,mtpa,4.01,0.10123,117.4701
Bontang LNG Terminal,Export,Cancelled,Indonesia,2.95,mtpa,4.01,0.10123,117.4701
Central Java FSRU,Import,Cancelled,Indonesia,1.4,mtpa,1.9,-7.733333,109
Jawa Satu FSRU,Import,Operating,Indonesia,2.4,mtpa,3.26,-6.2443159,107.5832748
Donggi-Senoro LNG Terminal,Export,Operating,Indonesia,2,mtpa,2.72,-1.254369,122.58559
Lampung FSRU,Import,Operating,Indonesia,2.7,mtpa,3.67,-5.45,105.94
Nusantara Regas Satu Terminal,Import,Operating,Indonesia,3,mtpa,4.08,-5.992909,106.82
Sengkang LNG Terminal,Export,Shelved,Indonesia,0.5,mtpa,0.68,-4.5459732,120.4136867
Sengkang LNG Terminal,Export,Shelved,Indonesia,0.5,mtpa,0.68,-4.5459732,120.4136867
Sengkang LNG Terminal,Export,Shelved,Indonesia,0.5,mtpa,0.68,-4.5459732,120.4136867
Sengkang LNG Terminal,Export,Shelved,Indonesia,0.5,mtpa,0.68,-4.5459732,120.4136867
Tangguh LNG Terminal,Export,Operating,Indonesia,3.8,mtpa,5.17,-2.44314,133.139
Tangguh LNG Terminal,Export,Operating,Indonesia,3.8,mtpa,5.17,-2.44314,133.139
Tangguh LNG Terminal,Export,Operating,Indonesia,3.8,mtpa,5.17,-2.44314,133.139
Lahad Datu Sabah LNG Terminal,Import,Cancelled,Malaysia,0.76,mtpa,1.03,5.03,118.34
Satu FLNG Terminal,Export,Operating,Malaysia,1.2,mtpa,1.63,7.375718,115.480022
Dua FLNG Terminal,Export,Operating,Malaysia,1.5,mtpa,2.04,12,113
Melaka FSRU,Import,Operating,Malaysia,3.8,mtpa,5.17,2.2444375,102.1234396
Pengerang Johor LNG Terminal,Import,Operating,Malaysia,3.5,mtpa,4.76,1.341382,104.182089
Dua Malaysia LNG Terminal,Export,Operating,Malaysia,3.2,mtpa,4.35,3.28238,113.083
Dua Malaysia LNG Terminal,Export,Operating,Malaysia,3.2,mtpa,4.35,3.28238,113.083
Dua Malaysia LNG Terminal,Export,Operating,Malaysia,3.2,mtpa,4.35,3.28238,113.083
Malaysia LNG Terminal,Export,Operating,Malaysia,3.6,mtpa,4.9,3.2903,113.087
Satu Malaysia Terminal,Export,Operating,Malaysia,2.8,mtpa,3.81,3.2851,113.08114
Satu Malaysia Terminal,Export,Operating,Malaysia,2.8,mtpa,3.81,3.2851,113.08114
Satu Malaysia Terminal,Export,Operating,Malaysia,2.8,mtpa,3.81,3.2851,113.08114
Tiga Malaysia LNG Terminal,Export,Operating,Malaysia,3.6,mtpa,4.9,3.29033,113.08767
Tiga Malaysia LNG Terminal,Export,Operating,Malaysia,3.6,mtpa,4.9,3.29033,113.08767
Mashal LNG Terminal,Import,Cancelled,Pakistan,3.5,mtpa,4.76,24.766667,67.333333
Engro Elengy FSRU,Import,Operating,Pakistan,4.8,mtpa,6.53,24.7907232,67.3688752
Engro Elengy FSRU,Import,Proposed,Pakistan,5.9,mtpa,8.02,24.769704,67.334731
GasPort FSRU,Import,Operating,Pakistan,5,mtpa,6.8,24.7749916,67.288333
Daewoo Gas LNG Terminal,Import,Shelved,Pakistan,2.5,mtpa,3.4,25.1106,62.3396
Liquid Niugini FLNG Terminal,Export,Cancelled,Papua New Guinea,5,mtpa,6.8,-9.478472,147.148058
Papua LNG Terminal,Export,Proposed,Papua New Guinea,1.4,mtpa,1.9,-9.3392748,146.9872856
Papua LNG Terminal,Export,Proposed,Papua New Guinea,1.4,mtpa,1.9,-9.3392748,146.9872856
Papua LNG Terminal,Export,Proposed,Papua New Guinea,1.4,mtpa,1.9,-9.3392748,146.9872856
Papua LNG Terminal,Export,Proposed,Papua New Guinea,1.4,mtpa,1.9,-9.3392748,146.9872856
Papua LNG Terminal,Export,Proposed,Papua New Guinea,1,mtpa,1.36,-9.3392748,146.9872856
Papua New Guinea LNG Terminal,Export,Operating,Papua New Guinea,4.15,mtpa,5.64,-9.33862,147.01825
Papua New Guinea LNG Terminal,Export,Operating,Papua New Guinea,4.15,mtpa,5.64,-9.33862,147.01825
Papua New Guinea LNG Terminal,Export,Cancelled,Papua New Guinea,2.6,mtpa,3.54,-9.33862,147.01825
Bataan-Manila LNG Terminal,Import,Cancelled,Philippines,,,--,14.57,120.6
Batangas LNG Terminal (PNOC),Import,Cancelled,Philippines,,,--,13.690671,120.891207
Mariveles LNG Terminal,Import,Proposed,Philippines,0.4,mtpa,0.54,14.49791,120.609209
Pagbilao Grande Island LNG Terminal,Import,Construction,Philippines,3,mtpa,4.08,13.966667,121.7
Singapore LNG Terminal,Import,Operating,Singapore,3.5,mtpa,4.76,1.23616,103.67135
Singapore LNG Terminal,Import,Operating,Singapore,2.5,mtpa,3.4,1.23616,103.67135
Singapore LNG Terminal,Import,Operating,Singapore,5,mtpa,6.8,1.23616,103.67135
Boryeong LNG Terminal,Import,Operating,South Korea,10.8,mtpa,14.69,36.415,126.4947
Gwangyang LNG Terminal,Import,Operating,South Korea,7.1,mtpa,9.66,34.889,127.7815
Incheon LNG Terminal,Import,Operating,South Korea,54.5,mtpa,74.12,37.35124,126.602
Pyeongtaek LNG Terminal,Import,Operating,South Korea,41,mtpa,55.76,37.0057,126.7841
Samcheok LNG Terminal,Import,Operating,South Korea,11.6,mtpa,15.78,37.1683,129.3502
Tongyoung LNG Terminal,Import,Operating,South Korea,26.5,mtpa,36.04,34.9474,128.4255
Kerawalapitiya LNG Terminal,Import,Proposed,Sri Lanka,2.7,mtpa,3.67,7.016667,79.883333
Taichung LNG Terminal,Import,Operating,Taiwan,3,mtpa,4.08,24.25304,120.49586
Taichung LNG Terminal,Import,Operating,Taiwan,2,mtpa,2.72,24.25304,120.49586
Taichung LNG Terminal,Import,Construction,Taiwan,2,mtpa,2.72,24.25304,120.49586
Taichung LNG Terminal,Import,Construction,Taiwan,4,mtpa,5.44,24.25304,120.49586
Taichung LNG Terminal,Import,Proposed,Taiwan,3,mtpa,4.08,24.25304,120.49586
Taoyuan LNG Terminal,Import,Construction,Taiwan,3,mtpa,4.08,25.045533,121.060884
Taoyuan LNG Terminal,Import,Proposed,Taiwan,3,mtpa,4.08,25.045533,121.060884
Yung-An LNG Terminal,Import,Operating,Taiwan,10.5,mtpa,14.28,22.80928,120.2054
Yung-An LNG Terminal,Import,Proposed,Taiwan,1.8,mtpa,2.45,22.80928,120.2054
Map Ta Phut LNG Terminal 1,Import,Operating,Thailand,10,mtpa,13.6,12.651686,101.159533
Map Ta Phut LNG Terminal 1,Import,Operating,Thailand,1.5,mtpa,2.04,12.651686,101.159533
Map Ta Phut LNG Terminal 2,Import,Operating,Thailand,7.5,mtpa,10.2,12.6791481,101.1178382
Thi Vai LNG Terminal,Import,Operating,Vietnam,1,mtpa,1.36,10.527191,107.026022
Thi Vai LNG Terminal,Import,Proposed,Vietnam,2,mtpa,2.72,10.527191,107.026022
Cai Mep LNG Terminal,Import,Construction,Vietnam,3,mtpa,4.08,10.383333,107.116667
Son My LNG Terminal,Import,Proposed,Vietnam,3.6,mtpa,4.9,10.65008,107.68464
Son My LNG Terminal,Import,Proposed,Vietnam,2.4,mtpa,3.26,10.65008,107.68464
Arrow Energy LNG Terminal,Export,Cancelled,Australia,4.5,mtpa,6.12,-23.6243946,151.1444092
Arrow Energy LNG Terminal,Export,Cancelled,Australia,4.5,mtpa,6.12,-23.6243946,151.1444092
Arrow Energy LNG Terminal,Export,Cancelled,Australia,4.5,mtpa,6.12,-23.6243946,151.1444092
Arrow Energy LNG Terminal,Export,Cancelled,Australia,4.5,mtpa,6.12,-23.6243946,151.1444092
Australia Pacific LNG Terminal,Export,Operating,Australia,4.5,mtpa,6.12,-23.75583,151.19061
Australia Pacific LNG Terminal,Export,Operating,Australia,4.5,mtpa,6.12,-23.75583,151.19061
Bonaparte FLNG Terminal,Export,Cancelled,Australia,2,mtpa,2.72,-14.855412,124.768939
Browse FLNG Terminal,Export,Proposed,Australia,5.7,mtpa,7.75,-17.961944,122.236111
Browse FLNG Terminal,Export,Proposed,Australia,5.7,mtpa,7.75,-17.961944,122.236111
Crib Point FSRU Terminal,Import,Cancelled,Australia,1.75,mtpa,2.38,-38.366667,145.333333
Darwin LNG Terminal,Export,Idle,Australia,3.7,mtpa,5.03,-12.5221,130.8663
Darwin LNG Terminal,Export,Shelved,Australia,3.7,mtpa,5.03,-12.5221,130.8663
Fishermans Landing LNG Terminal,Export,Cancelled,Australia,1.8,mtpa,2.45,-23.820194,151.242522
Fishermans Landing LNG Terminal,Export,Cancelled,Australia,1.8,mtpa,2.45,-23.820194,151.242522
Gladstone LNG Terminal,Export,Operating,Australia,3.9,mtpa,5.3,-23.776,151.2103
Gladstone LNG Terminal,Export,Operating,Australia,3.9,mtpa,5.3,-23.776,151.2103
Gorgon LNG Terminal,Export,Operating,Australia,5.2,mtpa,7.07,-20.79,115.44965
Gorgon LNG Terminal,Export,Operating,Australia,5.2,mtpa,7.07,-20.79,115.44965
Gorgon LNG Terminal,Export,Operating,Australia,5.2,mtpa,7.07,-20.79,115.44965
Gorgon LNG Terminal,Export,Cancelled,Australia,5.2,mtpa,7.07,-20.79,115.44965
Ichthys FLNG Terminal,Export,Operating,Australia,4.45,mtpa,6.05,-17.961944,122.236111
Ichthys FLNG Terminal,Export,Operating,Australia,4.45,mtpa,6.05,-17.961944,122.236111
Ichthys FLNG Terminal,Export,Proposed,Australia,,,--,-17.961944,122.236111
Newcastle FSRU,Import,Shelved,Australia,1,mtpa,1.36,-32.916667,151.75
North West Shelf LNG Terminal,Export,Operating,Australia,2.5,mtpa,3.4,-20.59424,116.7767
North West Shelf LNG Terminal,Export,Operating,Australia,2.5,mtpa,3.4,-20.59424,116.7767
North West Shelf LNG Terminal,Export,Operating,Australia,2.5,mtpa,3.4,-20.59424,116.7767
North West Shelf LNG Terminal,Export,Operating,Australia,4.6,mtpa,6.26,-20.59424,116.7767
North West Shelf LNG Terminal,Export,Operating,Australia,4.6,mtpa,6.26,-20.59424,116.7767
Pluto LNG Terminal,Export,Operating,Australia,4.9,mtpa,6.66,-20.6128,116.76556
Pluto LNG Terminal,Export,Construction,Australia,5,mtpa,6.8,-20.6128,116.76556
Pluto LNG Terminal,Export,Cancelled,Australia,4.3,mtpa,5.85,-20.6128,116.76556
Prelude FLNG Terminal,Export,Operating,Australia,3.6,mtpa,4.9,-15.2539252,123.5381736
Queensland Curtis LNG Terminal,Export,Operating,Australia,4.25,mtpa,5.78,-23.7693,151.199
Queensland Curtis LNG Terminal,Export,Operating,Australia,4.25,mtpa,5.78,-23.7693,151.199
Scarborough FLNG Terminal,Export,Cancelled,Australia,7,mtpa,9.52,-21.633333,115.116667
Sunrise FLNG Terminal,Export,Proposed,Timor-Leste,,,--,-10,127
Tassie Shoal LNG Terminal,Export,Cancelled,Australia,3,mtpa,4.08,-10.0512327,130.2960983
Wheatstone LNG Terminal,Export,Operating,Australia,4.45,mtpa,6.05,-21.6978845,115.001141
Wheatstone LNG Terminal,Export,Operating,Australia,4.45,mtpa,6.05,-21.6978845,115.001141
Atlantic Coast LNG Terminal,Export,Cancelled,Canada,16,mtpa,21.76,45.548673,-61.334441
Aurora LNG Terminal,Export,Cancelled,Canada,12,mtpa,16.32,54.284,-130.417
Aurora LNG Terminal,Export,Cancelled,Canada,12,mtpa,16.32,54.284,-130.417
Bear Head LNG Terminal,Export,Cancelled,Canada,3,mtpa,4.08,45.604444,-61.3675
Bear Head LNG Terminal,Export,Cancelled,Canada,3,mtpa,4.08,45.604444,-61.3675
Bear Head LNG Terminal,Export,Cancelled,Canada,3,mtpa,4.08,45.604444,-61.3675
Bear Head LNG Terminal,Export,Cancelled,Canada,3,mtpa,4.08,45.604444,-61.3675
Cacouna LNG Terminal,Import,Cancelled,Canada,3.8,mtpa,5.17,47.916667,-69.5
Saint John LNG Terminal,Import,Operating,Canada,7.5,mtpa,10.2,45.2114,-65.978
Canaport LNG Export Terminal,Export,Cancelled,Canada,7.5,mtpa,10.2,45.2114,-65.978
Saint John LNG Terminal,Export,Cancelled,Canada,,,--,45.2114,-65.978
Cedar FLNG Terminal,Export,Proposed,Canada,3.3,mtpa,4.49,54,-128.7
Discovery LNG Terminal,Export,Cancelled,Canada,5,mtpa,6.8,50.024444,-125.2475
Discovery LNG Terminal,Export,Cancelled,Canada,5,mtpa,6.8,50.024444,-125.2475
Discovery LNG Terminal,Export,Cancelled,Canada,5,mtpa,6.8,50.024444,-125.2475
Discovery LNG Terminal,Export,Cancelled,Canada,5,mtpa,6.8,50.024444,-125.2475
Douglas Channel LNG Terminal,Export,Cancelled,Canada,0.9,mtpa,1.22,53.666667,-129.133333
Goldboro LNG Terminal,Export,Shelved,Canada,,,--,45.182556,-61.645528
Goldboro LNG Terminal,Export,Shelved,Canada,,,--,45.182556,-61.645528
Grassy Point LNG Terminal,Export,Cancelled,Canada,15,mtpa,20.4,54.312194,-130.327083
Grassy Point LNG Terminal,Export,Cancelled,Canada,5,mtpa,6.8,54.312194,-130.327083
Kitimat LNG Terminal,Export,Cancelled,Canada,6,mtpa,8.16,53.92569797,-128.7530518
Kitimat LNG Terminal,Export,Cancelled,Canada,6,mtpa,8.16,53.92569797,-128.7530518
Kitimat LNG Terminal,Export,Cancelled,Canada,6,mtpa,8.16,53.92569797,-128.7530518
Kitsault LNG Terminal,Export,Cancelled,Canada,5,mtpa,6.8,55.466667,-129.483333
Kitsault LNG Terminal,Export,Cancelled,Canada,5,mtpa,6.8,55.466667,-129.483333
Kitsault LNG Terminal,Export,Cancelled,Canada,5,mtpa,6.8,55.466667,-129.483333
Kitsault LNG Terminal,Export,Cancelled,Canada,5,mtpa,6.8,55.466667,-129.483333
LNG Canada Terminal,Export,Construction,Canada,7,mtpa,9.52,53.9245114,-128.7515172
LNG Canada Terminal,Export,Construction,Canada,7,mtpa,9.52,53.9245114,-128.7515172
LNG Canada Terminal,Export,Proposed,Canada,7,mtpa,9.52,53.9245114,-128.7515172
LNG Canada Terminal,Export,Proposed,Canada,7,mtpa,9.52,53.9245114,-128.7515172
Malahat LNG Terminal,Export,Cancelled,Canada,6,mtpa,8.16,48.422,-123.365
New Times Energy LNG Terminal,Export,Cancelled,Canada,4,mtpa,5.44,54.312194,-130.327083
New Times Energy LNG Terminal,Export,Cancelled,Canada,4,mtpa,5.44,54.312194,-130.327083
New Times Energy LNG Terminal,Export,Cancelled,Canada,4,mtpa,5.44,54.312194,-130.327083
Nisga'a LNG Terminal,Export,Cancelled,Canada,,,--,54.733333,-130.4
Orca FLNG Terminal,Export,Cancelled,Canada,4,mtpa,5.44,54.312194,-130.327083
Orca FLNG Terminal,Export,Cancelled,Canada,4,mtpa,5.44,54.312194,-130.327083
Orca FLNG Terminal,Export,Cancelled,Canada,4,mtpa,5.44,54.312194,-130.327083
Orca FLNG Terminal,Export,Cancelled,Canada,4,mtpa,5.44,54.312194,-130.327083
Orca FLNG Terminal,Export,Cancelled,Canada,4,mtpa,5.44,54.312194,-130.327083
Orca FLNG Terminal,Export,Cancelled,Canada,4,mtpa,5.44,54.312194,-130.327083
Pacific Northwest LNG Terminal,Export,Cancelled,Canada,6,mtpa,8.16,54.2,-130.289
Pacific Northwest LNG Terminal,Export,Cancelled,Canada,6,mtpa,8.16,54.2,-130.289
Pacific Northwest LNG Terminal,Export,Cancelled,Canada,6,mtpa,8.16,54.2,-130.289
Prince Rupert LNG Terminal,Export,Cancelled,Canada,7,mtpa,9.52,54.312194,-130.327083
Prince Rupert LNG Terminal,Export,Cancelled,Canada,7,mtpa,9.52,54.312194,-130.327083
Prince Rupert LNG Terminal,Export,Cancelled,Canada,7,mtpa,9.52,54.312194,-130.327083
Rabaska LNG Terminal,Import,Cancelled,Canada,3.6,mtpa,4.9,46.8,-71.183333
Kwispaa LNG Terminal,Export,Cancelled,Canada,6,mtpa,8.16,49.233889,-124.805
Kwispaa LNG Terminal,Export,Cancelled,Canada,6,mtpa,8.16,49.233889,-124.805
Kwispaa LNG Terminal,Export,Cancelled,Canada,6,mtpa,8.16,49.233889,-124.805
Kwispaa LNG Terminal,Export,Cancelled,Canada,6,mtpa,8.16,49.233889,-124.805
Stewart Energy LNG Terminal,Export,Cancelled,Canada,5,mtpa,6.8,55.935833,-129.990833
Stewart Energy LNG Terminal,Export,Cancelled,Canada,1,mtpa,1.36,55.935833,-129.990833
Stewart Energy LNG Terminal,Export,Cancelled,Canada,1,mtpa,1.36,55.935833,-129.990833
Stewart Energy LNG Terminal,Export,Cancelled,Canada,1,mtpa,1.36,55.935833,-129.990833
Stewart Energy LNG Terminal,Export,Cancelled,Canada,1,mtpa,1.36,55.935833,-129.990833
Stewart Energy LNG Terminal,Export,Cancelled,Canada,1,mtpa,1.36,55.935833,-129.990833
Stolt LNGaz Terminal,Export,Cancelled,Canada,0.25,mtpa,0.34,46.333333,-72.433333
Stolt LNGaz Terminal,Export,Cancelled,Canada,0.25,mtpa,0.34,46.333333,-72.433333
Texada LNG Terminal,Import,Cancelled,Canada,3.8,mtpa,5.17,49.666667,-124.416667
Triton LNG Export Terminal,Export,Cancelled,Canada,2.3,mtpa,3.13,53.666667,-129.133333
Watson Island LNG Terminal,Export,Cancelled,Canada,1,mtpa,1.36,54.312194,-130.327083
WCC LNG Terminal,Export,Cancelled,Canada,5,mtpa,6.8,54.312194,-130.327083
WCC LNG Terminal,Export,Cancelled,Canada,5,mtpa,6.8,54.312194,-130.327083
WCC LNG Terminal,Export,Cancelled,Canada,5,mtpa,6.8,54.312194,-130.327083
WCC LNG Terminal,Export,Cancelled,Canada,5,mtpa,6.8,54.312194,-130.327083
WCC LNG Terminal,Export,Cancelled,Canada,5,mtpa,6.8,54.312194,-130.327083
WCC LNG Terminal,Export,Cancelled,Canada,5,mtpa,6.8,54.312194,-130.327083
Woodfibre LNG Terminal,Export,Construction,Canada,2.1,mtpa,2.86,49.701722,-123.15875
Binzhou Changlian LNG Terminal,Import,Cancelled,China,2,mtpa,2.72,38.220664,118.102097
Chaozhou LNG Terminal (Huafeng),Import,Construction,China,1,mtpa,1.36,23.576582,117.122439
Chaozhou LNG Terminal (Huafeng),Import,Shelved,China,3,mtpa,4.08,23.576582,117.122439
Chengmai LNG Terminal,Import,Cancelled,China,12,mtpa,16.32,19.977497,109.953888
Dalian LNG Terminal,Import,Operating,China,10,mtpa,13.6,38.9604,121.8841
Fangchenggang LNG Terminal,Import,Operating,China,0.6,mtpa,0.82,21.58857311,108.3547283
Fangchenggang LNG Terminal,Import,Shelved,China,0.4,mtpa,0.54,21.58857311,108.3547283
Fujian LNG Terminal,Import,Operating,China,5.2,mtpa,7.07,25.2135,118.9983
Fujian LNG Terminal,Import,Operating,China,1.3,mtpa,1.77,25.2135,118.9983
Fuqing LNG Terminal,Import,Proposed,China,3,mtpa,4.08,25.3425952,119.5897406
Ganyu LNG Terminal,Import,Construction,China,3,mtpa,4.08,35.027561,119.296956
Guangdong Dapeng LNG Terminal,Import,Operating,China,7.7,mtpa,10.47,22.5796,114.4345
Guangdong Dapeng LNG Terminal,Import,Proposed,China,,,--,22.5796,114.4345
Guangxi LNG Terminal,Import,Operating,China,3,mtpa,4.08,21.448966,109.531699
Guangxi LNG Terminal,Import,Construction,China,3.1,mtpa,4.22,21.448966,109.531699
Guangxi LNG Terminal,Import,Construction,China,6,mtpa,8.16,21.45062981,109.5253685
Hainan LNG Terminal,Import,Operating,China,3,mtpa,4.08,19.722623,109.180655
Hainan LNG Terminal,Import,Proposed,China,3,mtpa,4.08,19.722623,109.180655
Hong Kong FSRU,Import,Operating,Hong Kong,6.1,mtpa,8.3,22.15426872,113.9637415
Hongmei LNG Terminal,Import,Operating,China,1.5,mtpa,2.04,22.953596,113.556552
Jiangmen LNG Terminal,Import,Shelved,China,3,mtpa,4.08,21.876111,112.88815
Jiangmen LNG Terminal,Import,Shelved,China,6,mtpa,8.16,21.876111,112.88815
Jiangsu LNG Terminal,Import,Operating,China,3.5,mtpa,4.76,32.528814,121.428128
Jiangsu LNG Terminal,Import,Operating,China,3.5,mtpa,4.76,32.528814,121.428128
Jiangsu LNG Terminal,Import,Operating,China,3.5,mtpa,4.76,32.528814,121.428128
Jiangsu LNG Terminal,Import,Proposed,China,0,mtpa,0,32.528814,121.428128
Jiangyin LNG Terminal (Hanas),Import,Cancelled,China,3,mtpa,4.08,31.932055,120.108718
Jiangyin LNG Terminal (Zhongtian Energy),Import,Shelved,China,2,mtpa,2.72,31.9265543,120.1294682
Jieyang LNG Terminal (PipeChina),Import,Operating,China,2,mtpa,2.72,22.934479,116.371427
Lianyungang LNG Terminal,Import,Cancelled,China,3,mtpa,4.08,32.526845,121.412712
Penglai LNG Terminal,Import,Shelved,China,2.8,mtpa,3.81,37.776013,120.612407
Putian LNG Terminal,Import,Proposed,China,5.65,mtpa,7.68,25.10380917,119.0719378
Putian LNG Terminal,Import,Proposed,China,4.35,mtpa,5.92,25.10380917,119.0719378
Qidong LNG Terminal,Import,Operating,China,1.15,mtpa,1.56,32.041846,121.746907
Qidong LNG Terminal,Import,Operating,China,1.43,mtpa,1.94,32.041846,121.746907
Qidong LNG Terminal,Import,Operating,China,1.43,mtpa,1.94,32.041846,121.746907
Qidong LNG Terminal,Import,Operating,China,1,mtpa,1.36,32.041846,121.746907
Qinzhou LNG Terminal,Import,Proposed,China,4,mtpa,5.44,21.95,108.616667
Rizhao LNG Terminal,Import,Cancelled,China,2,mtpa,2.72,35.11435496,119.423449
Rizhao LNG Terminal,Import,Cancelled,China,6,mtpa,8.16,35.11435496,119.423449
Rizhao LNG Terminal,Import,Shelved,China,5,mtpa,6.8,35.11435496,119.423449
Rudong LNG Terminal,Import,Construction,China,3,mtpa,4.08,32.526845,121.412712
Shandong LNG Terminal,Import,Operating,China,3,mtpa,4.08,35.58624,119.759685
Shandong LNG Terminal,Import,Operating,China,4,mtpa,5.44,35.58624,119.759685
Shandong LNG Terminal,Import,Operating,China,4,mtpa,5.44,35.58624,119.759685
Shanghai Yangshan LNG Terminal,Import,Operating,China,3,mtpa,4.08,30.60437,122.10244
Shanghai Yangshan LNG Terminal,Import,Operating,China,3,mtpa,4.08,30.6036,122.111616
Shanghai Yangshan LNG Terminal,Import,Construction,China,6,mtpa,8.16,30.603601,122.1136925
Shantou LNG Terminal,Import,Proposed,China,3,mtpa,4.08,23.2256286,116.7944804
Shenzhen Diefu CNOOC LNG Terminal,Import,Operating,China,4,mtpa,5.44,22.593039,114.444262
Shenzhen LNG Terminal,Import,Construction,China,3,mtpa,4.08,22.594055,114.4283
Tangshan LNG Terminal,Import,Operating,China,6.5,mtpa,8.84,38.9331,118.5329
Tangshan LNG Terminal,Import,Operating,China,3.5,mtpa,4.76,38.9331,118.5329
Tianjin LNG Terminal (PipeChina),Import,Retired,China,2.2,mtpa,2.99,38.975833,117.7875
Tianjin LNG Terminal (PipeChina),Import,Operating,China,6,mtpa,8.16,38.975833,117.7875
Tianjin LNG Terminal (PipeChina),Import,Construction,China,4,mtpa,5.44,38.975833,117.7875
Tianjin LNG Terminal (Sinopec),Import,Operating,China,6,mtpa,8.16,38.749154,117.714895
Tianjin LNG Terminal (Sinopec),Import,Operating,China,4.8,mtpa,6.53,38.749154,117.714895
Tianjin LNG Terminal (Sinopec),Import,Construction,China,0.85,mtpa,1.16,38.749154,117.714895
Wenzhou LNG Terminal,Import,Operating,China,3,mtpa,4.08,28.004918,121.083173
West Guangdong LNG Terminal,Import,Cancelled,China,3,mtpa,4.08,21.409594,111.28753
West Guangdong LNG Terminal,Import,Proposed,China,3,mtpa,4.08,21.409594,111.28753
Wuhaogou LNG Storage Facility,Import,Operating,China,1.5,mtpa,2.04,31.293674,121.707193
Wuhu LNG Terminal,Import,Construction,China,1.5,mtpa,2.04,31.21557803,118.1084944
Yancheng LNG Terminal,Import,Operating,China,3,mtpa,4.08,34.274036,120.268185
Yancheng LNG Terminal,Import,Construction,China,3,mtpa,4.08,34.274036,120.268185
Yantai LNG Terminal,Import,Construction,China,5.9,mtpa,8.02,37.722118,121.046283
Yantai LNG Terminal,Import,Proposed,China,5,mtpa,6.8,37.722118,121.046283
Yingkou LNG Terminal,Import,Construction,China,6.2,mtpa,8.43,40.1988392,121.977137
Zhangzhou LNG Terminal,Import,Construction,China,3,mtpa,4.08,24.265361,118.1276
Zhejiang Ningbo LNG Terminal,Import,Operating,China,3,mtpa,4.08,29.893989,122.091771
Zhejiang Ningbo LNG Terminal,Import,Operating,China,3,mtpa,4.08,29.893989,122.091771
Zhejiang Ningbo LNG Terminal,Import,Construction,China,6,mtpa,8.16,29.893989,122.091771
Zhoushan LNG Terminal,Import,Operating,China,3,mtpa,4.08,30.100617,122.282508
Zhoushan LNG Terminal,Import,Operating,China,2,mtpa,2.72,30.100617,122.282508
Zhoushan LNG Terminal,Import,Construction,China,5,mtpa,6.8,30.100617,122.282508
Zhuhai Huangmaodao LNG Terminal,Import,Cancelled,China,6,mtpa,8.16,22.038428,113.665254
Zhuhai LNG Terminal,Import,Operating,China,3.5,mtpa,4.76,21.90599,113.219326
Zhuhai LNG Terminal,Import,Construction,China,3.5,mtpa,4.76,21.90599,113.219326
Eagle FSRU,Import,Cancelled,Albania,8.1,mtpa,11.02,40.683333,19.483333
Zeebrugge LNG Terminal,Import,Operating,Belgium,6.6,mtpa,8.98,51.353,3.22241
Zeebrugge LNG Terminal,Import,Operating,Belgium,4.7,mtpa,6.39,51.353,3.22241
Zeebrugge LNG Terminal,Import,Construction,Belgium,1.3,mtpa,1.77,51.353,3.22241
Dahej LNG Terminal,Import,Operating,India,15,mtpa,20.4,21.6746,72.536
Dahej LNG Terminal,Import,Operating,India,2.5,mtpa,3.4,21.6746,72.536
Dahej LNG Terminal,Import,Construction,India,5,mtpa,6.8,21.6746,72.536
Adria LNG Terminal,Import,Cancelled,Croatia,7,mtpa,9.52,45.211944,14.554167
Dabhol LNG Terminal,Import,Operating,India,5,mtpa,6.8,17.54,73.16
Dabhol LNG Terminal,Import,Proposed,India,7,mtpa,9.52,17.54,73.16
Dabhol LNG Terminal,Import,Construction,India,3,mtpa,4.08,17.54,73.16
Krk FSRU,Import,Operating,Croatia,2.6,bcm/y,2.6,45.188543,14.545081
Krk FSRU,Import,Operating,Croatia,0.3,bcm/y,0.3,45.188543,14.545081
Krk FSRU,Import,Construction,Croatia,3.2,bcm/y,3.2,45.188543,14.545081
Dhamra LNG Terminal,Import,Operating,India,5,mtpa,6.8,20.821109,86.9652643
Krk FSRU,Import,Proposed,Croatia,4.1,bcm/y,4.1,45.188543,14.545081
Cyprus LNG Terminal,Import,Construction,Cyprus,2,mtpa,2.72,34.720244,33.32384
Cyprus LNG Terminal,Export,Cancelled,Cyprus,0.63,mtpa,0.86,34.720244,33.32384
Cyprus LNG Terminal,Export,Cancelled,Cyprus,0.63,mtpa,0.86,34.720244,33.32384
Cyprus LNG Terminal,Export,Cancelled,Cyprus,0.63,mtpa,0.86,34.720244,33.32384
Cyprus LNG Terminal,Export,Cancelled,Cyprus,0.63,mtpa,0.86,34.720244,33.32384
Cyprus LNG Terminal,Export,Cancelled,Cyprus,0.63,mtpa,0.86,34.720244,33.32384
Cyprus LNG Terminal,Export,Cancelled,Cyprus,0.63,mtpa,0.86,34.720244,33.32384
Cyprus LNG Terminal,Export,Cancelled,Cyprus,0.63,mtpa,0.86,34.720244,33.32384
Cyprus LNG Terminal,Export,Cancelled,Cyprus,0.63,mtpa,0.86,34.720244,33.32384
Gangavaram LNG Terminal,Import,Shelved,India,10,mtpa,13.6,17.616667,83.233333
Paldiski LNG Terminal,Import,Shelved,Estonia,2.5,bcm/y,2.5,59.38445,24.07494
Haldia LNG Terminal,Import,Cancelled,India,1,mtpa,1.36,22.033333,88.1
Tallinn LNG Terminal,Import,Proposed,Estonia,4,bcm/y,4,59.50601,25.0045
Digha FSRU,Import,Cancelled,India,3,mtpa,4.08,21.68,87.55
Hamina LNG Terminal,Import,Operating,Finland,6000,MWh/d,0.22,60.5183139,27.1608198
Hazira LNG Terminal,Import,Operating,India,5,mtpa,6.8,21.098,72.624
Hazira LNG Terminal,Import,Cancelled,India,5,mtpa,6.8,21.098,72.624
Pori LNG Terminal,Import,Operating,Finland,0.1,mtpa,0.14,61.63817,21.39881
Hazira FSRU,Import,Cancelled,India,5,mtpa,6.8,21.098,72.624
Southern Finland LNG Terminal,Import,Cancelled,Finland,,,--,60.01371,23.95714
Jaigarh LNG Terminal,Import,Construction,India,6,mtpa,8.16,17.3040113,73.2061395
Jaigarh LNG Terminal,Import,Proposed,India,8,mtpa,10.88,17.3040113,73.2061395
Tornio Manga LNG Terminal,Import,Operating,Finland,0.4,mtpa,0.54,65.847366,24.152152
GAIL Kakinada FSRU,Import,Cancelled,India,5,mtpa,6.8,16.975,82.279
Dunkirk LNG Terminal,Import,Operating,France,13,bcm/y,13,51.03361,2.19653
Dunkirk LNG Terminal,Import,Operating,France,0,mtpa,0,51.03361,2.19653
Kochi LNG Terminal,Import,Operating,India,5,mtpa,6.8,9.9787,76.2261
Fos Cavaou LNG Terminal,Import,Operating,France,12,bcm/y,12,43.41963,4.90102
Fos Cavaou LNG Terminal,Import,Operating,France,0,bcm/y,0,43.41963,4.90102
Fos Cavaou LNG Terminal,Import,Proposed,France,5.5,bcm/y,5.5,43.41963,4.90102
Krishna Godavari FSRU,Import,Cancelled,India,4.7,mtpa,6.39,16.975,82.279
Fos Lavera Marseille LNG Terminal,Import,Cancelled,France,5.4,mtpa,7.34,43.40705,4.87237
BPCL Mangalore LNG Terminal,Import,Cancelled,India,5,mtpa,6.8,12.9331432,74.8163583
Fos Tonkin LNG Terminal,Import,Operating,France,1.2,mtpa,1.63,43.454,4.85167
Karwar FSRU,Import,Cancelled,India,7,mtpa,9.52,14.82,74.135
Le Havre-Antifer LNG Terminal,Import,Cancelled,France,7,mtpa,9.52,49.65782,0.15421
Mundra LNG Terminal,Import,Operating,India,5,mtpa,6.8,22.7374322,69.6668651
Montoir LNG Terminal,Import,Operating,France,8,mtpa,10.88,47.30296,-2.14278
Montoir LNG Terminal,Import,Proposed,France,2.5,bcm/y,2.5,47.30296,-2.14278
Jafrabad FSRU,Import,Construction,India,5,mtpa,6.8,20.8667,71.3667
Jafrabad FSRU,Import,Proposed,India,5,mtpa,6.8,20.8667,71.3667
Wilhelmshaven FSRU,Import,Operating,Germany,5.7,mtpa,7.75,53.516667,8.133333
Chita Kyodo LNG Terminal,Import,Operating,Japan,7.5,mtpa,10.2,34.96664,136.82288
Brunsb??ttel FSRU,Import,Operating,Germany,5,bcm/y,5,53.9140009,8.9760945
Chita LNG Terminal,Import,Operating,Japan,10.9,mtpa,14.82,34.96826,136.82721
Revithoussa LNG Terminal,Import,Operating,Greece,5.1,mtpa,6.94,37.96,23.4023
Chita Midorihama LNG Terminal,Import,Operating,Japan,7.7,mtpa,10.47,34.96245,136.8195
Shannon FSRU,Import,Proposed,Ireland,8.25,bcm/y,8.25,52.58099,-9.44246
Fukuoka LNG Terminal,Import,Operating,Japan,0.88,bcm/y,0.88,33.617457,130.4074
Adriatic LNG Terminal,Import,Operating,Italy,9,bcm/y,9,45.091667,12.586111
Futtsu LNG Terminal,Import,Operating,Japan,22.9,mtpa,31.14,35.3451724,139.8213313
Brindisi LNG Terminal,Import,Cancelled,Italy,6,mtpa,8.16,40.64801,17.99101
Hachinohe LNG Terminal,Import,Operating,Japan,1.5,mtpa,2.04,40.5432392,141.5245369
Falconara Marittima LNG Terminal,Import,Cancelled,Italy,4.8,mtpa,6.53,43.741,13.543
Hakodate LNG Terminal,Import,Operating,Japan,0.2,mtpa,0.27,41.8072,140.71292
Gioia Tauro LNG Terminal,Import,Proposed,Italy,12,bcm/y,12,38.46692,15.899
Hatsukaichi LNG Terminal,Import,Operating,Japan,0.9,mtpa,1.22,34.3405327,132.339621
Toscana FSRU,Import,Operating,Italy,5,bcm/y,5,43.644444,9.988889
Toscana FSRU,Import,Operating,Italy,0,bcm/y,0,43.644444,9.988889
Hibiki LNG Terminal,Import,Operating,Japan,2.4,mtpa,3.26,33.9305,130.778885
Hibiki LNG Terminal,Import,Proposed,Japan,,,--,33.9305,130.778885
Panigaglia LNG Terminal,Import,Operating,Italy,2.5,mtpa,3.4,44.07428,9.83087
Panigaglia LNG Terminal,Import,Cancelled,Italy,3.5,mtpa,4.76,44.07428,9.83087
Higashi Niigata LNG Terminal,Import,Operating,Japan,8.9,mtpa,12.1,37.99625,139.2373
Porto Empedocle LNG Terminal,Import,Proposed,Italy,8,bcm/y,8,37.28297,13.53774
Higashi Ohgishima LNG Terminal,Import,Operating,Japan,13.2,mtpa,17.95,35.4954,139.745
Higashi Ohgishima LNG Terminal,Import,Cancelled,Japan,6,mtpa,8.16,35.4954,139.745
Priolo Augusta LNG Terminal,Import,Cancelled,Italy,8,bcm/y,8,37.25,15.216667
Himeji Joint LNG Terminal,Import,Operating,Japan,8.1,mtpa,11.02,34.816667,134.683333
Trieste Monfalcone LNG Terminal,Import,Cancelled,Italy,6,mtpa,8.16,45.8,13.533333
Himeji LNG Terminal,Import,Operating,Japan,5.5,mtpa,7.48,34.816667,134.683333
Zaule LNG Terminal,Import,Cancelled,Italy,5.4,mtpa,7.34,45.61239,13.79281
Hitachi LNG Terminal,Import,Operating,Japan,3.2,mtpa,4.35,36.4842787,140.618882
Hitachi LNG Terminal,Import,Operating,Japan,3.2,mtpa,4.35,36.4842787,140.618882
Riga FSRU,Import,Cancelled,Latvia,3.6,mtpa,4.9,56.948889,24.106389
Riga FSRU,Import,Shelved,Latvia,,,--,56.948889,24.106389
Ishikari LNG Terminal,Import,Operating,Japan,4.6,mtpa,6.26,43.20997,141.293247
Klaipeda FSRU,Import,Operating,Lithuania,2.9,mtpa,3.94,55.66451,21.13762
Klaipeda FSRU,Import,Proposed,Lithuania,2.5,bcm/y,2.5,55.66451,21.13762
Joetsu LNG Terminal,Import,Operating,Japan,3.2,mtpa,4.35,37.20902,138.276978
Delimara FSRU,Import,Operating,Malta,0.5,mtpa,0.68,35.8277,14.5542
Kagoshima LNG Terminal,Import,Operating,Japan,0.2,mtpa,0.27,31.485155,130.529533
Gate LNG Terminal,Import,Operating,Netherlands,16,bcm/y,16,51.971111,4.068889
Gate LNG Terminal,Import,Construction,Netherlands,4,bcm/y,4,51.971111,4.068889
Kawagoe LNG Terminal,Import,Operating,Japan,8.7,mtpa,11.83,35.01,136.697007
Hammerfest LNG Snohvit Terminal,Export,Operating,Norway,4.2,mtpa,5.71,70.6854,23.59
Kushiro LNG Terminal,Import,Operating,Japan,0.5,mtpa,0.68,42.997851,144.345032
Risavika LNG Terminal,Export,Operating,Norway,0.33,mtpa,0.45,58.9237,5.5761
Mizushima LNG Terminal,Import,Operating,Japan,4.3,mtpa,5.85,34.49945,133.73324
??winouj??cie Polskie LNG Terminal,Import,Operating,Poland,3.7,mtpa,5.03,53.909167,14.294722
??winouj??cie Polskie LNG Terminal,Import,Operating,Poland,1.2,bcm/y,1.2,53.909167,14.294722
??winouj??cie Polskie LNG Terminal,Import,Construction,Poland,2.1,bcm/y,2.1,53.909167,14.294722
Nagasaki LNG Terminal,Import,Operating,Japan,0.2,mtpa,0.27,32.75898,129.806367
Sines LNG Terminal,Import,Operating,Portugal,5.6,mtpa,7.62,37.9419,-8.8435
Nakagusuku LNG Terminal,Import,Operating,Japan,9,mtpa,12.24,26.275375,127.811727
Constanta LNG Terminal,Import,Cancelled,Romania,6,mtpa,8.16,44.173333,28.638333
Negishi LNG Terminal,Import,Operating,Japan,12,mtpa,16.32,35.40423,139.6285
Ust Luga LNG Terminal,Export,Proposed,Russia,6.55,mtpa,8.91,59.76812511,28.44062604
Ust Luga LNG Terminal,Export,Proposed,Russia,6.55,mtpa,8.91,59.76812511,28.44062604
Ust Luga LNG Terminal,Export,Proposed,Russia,6.5,mtpa,8.84,59.76812511,28.44062604
Naoetsu LNG Terminal,Import,Operating,Japan,2.1,mtpa,2.86,37.2053496,138.2770886
Far East LNG Terminal,Export,Proposed,Russia,6.2,mtpa,8.43,51.473482,140.77754
Far East LNG Terminal,Export,Proposed,Russia,10,mtpa,13.6,51.473482,140.77754
Ohgishima LNG Terminal,Import,Operating,Japan,10.2,mtpa,13.87,35.493545,139.739692
Oita LNG Terminal,Import,Operating,Japan,5.4,mtpa,7.34,33.2707,131.7077
Pechora LNG Terminal,Export,Cancelled,Russia,4.3,mtpa,5.85,65.166667,57.25
Sakai LNG Terminal,Import,Operating,Japan,6.4,mtpa,8.7,34.57142,135.414
Sakhalin II LNG Terminal,Export,Operating,Russia,5.75,mtpa,7.82,46.6288,142.9112
Sakhalin II LNG Terminal,Export,Operating,Russia,5.75,mtpa,7.82,46.6288,142.9112
Sakhalin II LNG Terminal,Export,Proposed,Russia,5,mtpa,6.8,46.6288,142.9112
Sakaide LNG Terminal,Import,Operating,Japan,1.2,mtpa,1.63,34.3568348,133.8367306
Shtokman LNG Terminal,Export,Proposed,Russia,30,mtpa,40.8,73,44
Senboku 1 LNG Terminal,Import,Operating,Japan,1.9,mtpa,2.58,34.5488834,135.4284047
Senboku 2 LNG Terminal,Import,Operating,Japan,10,mtpa,13.6,34.536626,135.40147
Yamal LNG Terminal,Export,Operating,Russia,5.5,mtpa,7.48,71.2733,72.0725
Yamal LNG Terminal,Export,Operating,Russia,5.5,mtpa,7.48,71.2733,72.0725
Yamal LNG Terminal,Export,Operating,Russia,5.5,mtpa,7.48,71.2733,72.0725
Yamal LNG Terminal,Export,Operating,Russia,0.9,mtpa,1.22,71.2733,72.0725
Shin Minato LNG Terminal,Import,Operating,Japan,0.3,mtpa,0.41,38.280128,141.025958
Arctic LNG 2 Terminal,Export,Idle,Russia,6.6,mtpa,8.98,71.085,73.677
Arctic LNG 2 Terminal,Export,Construction,Russia,6.6,mtpa,8.98,71.085,73.677
Arctic LNG 2 Terminal,Export,Construction,Russia,6.6,mtpa,8.98,71.085,73.677
Shin-Sendai LNG Terminal,Import,Operating,Japan,1.7,mtpa,2.31,38.27678,141.0393
Barcelona LNG Terminal,Import,Operating,Spain,12.6,mtpa,17.14,41.3394,2.1583
Sodegaura LNG Terminal,Import,Operating,Japan,32.7,mtpa,44.47,35.467955,139.972393
Bilbao LNG Terminal,Import,Operating,Spain,5.1,mtpa,6.94,43.3612,-3.09473
Sodeshi Shimizu LNG Terminal,Import,Operating,Japan,2.9,mtpa,3.94,35.0274,138.4978
Cartagena LNG Terminal (Spain),Import,Operating,Spain,8.7,mtpa,11.83,37.57457,-0.9595
Soma Port LNG Terminal,Import,Mothballed,Japan,1.5,mtpa,2.04,37.8501123,140.9496459
El Musel LNG Terminal,Import,Operating,Spain,8,bcm/y,8,43.5696,-5.6934
Tobata LNG Terminal,Import,Operating,Japan,7.6,mtpa,10.34,33.91818,130.86609
Gran Canaria LNG Terminal,Import,Cancelled,Spain,1,mtpa,1.36,27.851956,-15.401621
Yanai LNG Terminal,Import,Operating,Japan,2.3,mtpa,3.13,33.950745,132.12518
Huelva LNG Terminal,Import,Operating,Spain,8.7,mtpa,11.83,37.17355,-6.911
Yokkaichi Works LNG Terminal,Import,Operating,Japan,2.1,mtpa,2.86,34.97726,136.666458
Mugardos LNG Terminal,Import,Operating,Spain,2.6,mtpa,3.54,43.4613,-8.2395
Mugardos LNG Terminal,Import,Cancelled,Spain,3.6,bcm/y,3.6,43.4613,-8.2395
Sagunto LNG Terminal,Import,Operating,Spain,6.4,mtpa,8.7,39.6329,-0.2152
Tenerife LNG Terminal,Import,Cancelled,Spain,1,mtpa,1.36,28.116667,-16.566667
Bahia Blanca GasPort FSRU,Import,Idle,Argentina,3.8,mtpa,5.17,-38.7855,-62.2869
Bah??a Blanca FLNG Export Terminal,Export,Mothballed,Argentina,0.45,mtpa,0.61,-38.785984,-62.316024
Brunnsviksholme LNG Terminal,Import,Operating,Sweden,0.4,mtpa,0.54,58.922139,17.976153
Dock Sud LNG Terminal,Import,Cancelled,Argentina,3.8,mtpa,5.17,-34.641667,-58.347778
Etki FSRU,Import,Operating,T??rkiye,5.7,mtpa,7.75,38.74443,26.895665
Escobar FSRU,Import,Operating,Argentina,6.1,mtpa,8.3,-34.333333,-58.816667
Izmir Aliaga LNG Terminal,Import,Operating,T??rkiye,10.7,mtpa,14.55,38.82245489,26.91411088
Ocean Cay LNG Terminal,Import,Cancelled,Bahamas,6.42,mtpa,8.73,25.41667,-79.21667
Marmara LNG Terminal,Import,Operating,T??rkiye,5.9,mtpa,8.02,40.99201724,27.98607026
Guanabara Bay FSRU,Import,Operating,Brazil,8.1,mtpa,11.02,-22.790278,-43.155556
Canatxx LNG Terminal,Import,Cancelled,United Kingdom,10,mtpa,13.6,53.283333,-4.333333
Pec??m FSRU,Import,Idle,Brazil,3.8,mtpa,5.17,-3.546667,-38.831389
Canvey LNG Terminal,Import,Cancelled,United Kingdom,4,mtpa,5.44,51.516,0.583
Santos Basin FLNG Terminal,Export,Cancelled,Brazil,2.7,mtpa,3.67,-23.936944,-46.325
Dragon LNG Terminal,Import,Operating,United Kingdom,5.6,mtpa,7.62,51.70453,-4.99774
Colbun FLNG Terminal,Import,Cancelled,Chile,1.5,mtpa,2.04,-32.783333,-71.533333
Grain LNG Terminal,Import,Operating,United Kingdom,14.3,mtpa,19.45,51.45107,0.67987
Grain LNG Terminal,Import,Construction,United Kingdom,8.7,mtpa,11.83,51.45107,0.67987
Gas Atacama FLNG Terminal,Import,Cancelled,Chile,1.4,mtpa,1.9,-23.1,-70.45
Port Meridian FSRU,Import,Cancelled,United Kingdom,6,mtpa,8.16,53.837,-2.861
Mejillones LNG Terminal,Import,Operating,Chile,1.5,mtpa,2.04,-23.058828,-70.366058
South Hook LNG Terminal,Import,Operating,United Kingdom,15.6,mtpa,21.22,51.7152,-5.07627
South Hook LNG Terminal,Import,Proposed,United Kingdom,4.6,mtpa,6.26,51.7152,-5.07627
Penco Lirqu??n FSRU,Import,Proposed,Chile,2.7,mtpa,3.67,-36.683333,-73.033333
Teesside GasPort FSRU,Import,Retired,United Kingdom,3,mtpa,4.08,54.57423,-1.23496
Teesside GasPort FSRU,Import,Proposed,United Kingdom,6,bcm/y,6,54.57423,-1.23496
Quintero LNG Terminal,Import,Operating,Chile,4,mtpa,5.44,-32.783333,-71.533333
Quintero LNG Terminal,Import,Cancelled,Chile,1.83,bcm/y,1.83,-32.783333,-71.533333
Ukraine LNG Terminal,Import,Cancelled,Ukraine,7.3,mtpa,9.93,46.623611,31.101111
Cartagena FSRU (Colombia),Import,Operating,Colombia,4.13,bcm/y,4.13,10.4,-75.5
Cartagena FSRU (Colombia),Import,Proposed,Colombia,0.52,bcm/y,0.52,10.4,-75.5
Cartagena FSRU (Colombia),Import,Proposed,Colombia,0.86,bcm/y,0.85,10.4,-75.5
Colombia FLNG Terminal,Export,Cancelled,Colombia,0.5,mtpa,0.68,10.963889,-74.796389
El Viajano Altenesol LNG Terminal,Import,Cancelled,Colombia,,,--,8.75,-75.883333
Andr??s LNG Terminal,Import,Operating,Dominican Republic,1.9,mtpa,2.58,18.406993,-69.628234
San Pedro de Macoris LNG Terminal,Import,Cancelled,Dominican Republic,1,mtpa,1.36,18.45,-69.3
El Salvador FSRU,Import,Cancelled,El Salvador,0.5,mtpa,0.68,13.336944,-87.843889
Altamira LNG Terminal,Import,Operating,Mexico,5.7,mtpa,7.75,22.3375,-97.869444
Lazaro Cardenas LNG Terminal,Import,Cancelled,Mexico,3.8,mtpa,5.17,17.927,-102.169
Manzanillo (Mexico) LNG Terminal,Import,Operating,Mexico,3.8,mtpa,5.17,19.052222,-104.315833
Progreso LNG Terminal,Import,Cancelled,Mexico,5.1,mtpa,6.94,21.28,-89.67
Costa Norte LNG Terminal,Import,Operating,Panama,1.5,mtpa,2.04,9.357222,-79.898611
Peru LNG Terminal,Export,Operating,Peru,4.45,mtpa,6.05,-13.2451,-76.297
Aguirre GasPort FSRU,Import,Cancelled,United States,3.8,mtpa,5.17,17.974167,-66.11
Penuelas LNG Terminal,Import,Operating,United States,2,mtpa,2.72,18.059444,-66.7225
Atlantic LNG Terminal,Export,Mothballed,Trinidad and Tobago,3.3,mtpa,4.49,10.18106,-61.69189
Atlantic LNG Terminal,Export,Operating,Trinidad and Tobago,3.4,mtpa,4.62,10.18106,-61.69189
Atlantic LNG Terminal,Export,Operating,Trinidad and Tobago,3.4,mtpa,4.62,10.18106,-61.69189
Atlantic LNG Terminal,Export,Operating,Trinidad and Tobago,5.2,mtpa,7.07,10.18106,-61.69189
Atlantic LNG Terminal,Export,Cancelled,Trinidad and Tobago,,,--,10.18106,-61.69189
GNL Del Plata FSRU,Import,Cancelled,Uruguay,0.1,mtpa,0.14,-34.883611,-56.181944
Bahrain Hidd FLNG Terminal,Import,Idle,Bahrain,6,mtpa,8.16,26.2104277,50.70314318
Iran NIOC LNG Terminal,Export,Construction,Iran,5.4,mtpa,7.34,27.476111,52.6075
Iran NIOC LNG Terminal,Export,Construction,Iran,5.4,mtpa,7.34,27.476111,52.6075
Iran NIOC LNG Terminal,Export,Construction,Iran,1.5,mtpa,2.04,27.476111,52.6075
North Pars LNG Terminal,Export,Cancelled,Iran,8,mtpa,10.88,26.619125,52.067964
North Pars LNG Terminal,Export,Cancelled,Iran,8,mtpa,10.88,26.619125,52.067964
North Pars LNG Terminal,Export,Cancelled,Iran,8,mtpa,10.88,26.619125,52.067964
North Pars LNG Terminal,Export,Cancelled,Iran,8,mtpa,10.88,26.619125,52.067964
Kangan LNG Terminal,Export,Cancelled,Iran,2,mtpa,2.72,27.476111,52.6075
Persian NIOC LNG Terminal,Export,Cancelled,Iran,8,mtpa,10.88,27.476111,52.6075
Persian NIOC LNG Terminal,Export,Cancelled,Iran,8,mtpa,10.88,27.476111,52.6075
Iran FLNG Terminal,Export,Cancelled,Iran,0.5,mtpa,0.68,29.235481,50.31
Eilat FLNG Terminal,Export,Cancelled,Israel,5,mtpa,6.8,29.55,34.95
Hadera FSRU Terminal,Import,Idle,Israel,3.8,mtpa,5.17,32.45,34.916667
Tamar FLNG Terminal,Export,Cancelled,Israel,3,mtpa,4.08,33.078333,33.951389
Aqaba Jordan FSRU,Import,Operating,Jordan,3.8,mtpa,5.17,29.3752527,34.9635687
Mina Al-Ahmadi Explorer FSRU,Import,Idle,Kuwait,3.8,mtpa,5.17,29.07137731,48.16090089
Mina Al-Ahmadi Golar FSRU,Import,Idle,Kuwait,5.8,mtpa,7.89,29.07137731,48.16090089
Oman Qalhat LNG Terminal,Export,Operating,Oman,3.8,mtpa,5.17,22.6586,59.40748
Oman Qalhat LNG Terminal,Export,Operating,Oman,3.8,mtpa,5.17,22.6586,59.40748
Oman Qalhat LNG Terminal,Export,Operating,Oman,3.8,mtpa,5.17,22.6586,59.40748
Oman Qalhat LNG Terminal,Export,Operating,Oman,0,mtpa,0,22.6586,59.40748
Oman Qalhat LNG Terminal,Export,Proposed,Oman,3.6,mtpa,4.9,22.6586,59.40748
Qatargas 1 Ras Laffan LNG Terminal,Export,Operating,Qatar,3.3,mtpa,4.49,25.9146,51.5564
Qatargas 1 Ras Laffan LNG Terminal,Export,Operating,Qatar,3.3,mtpa,4.49,25.9146,51.5564
Qatargas 1 Ras Laffan LNG Terminal,Export,Operating,Qatar,3.3,mtpa,4.49,25.9146,51.5564
Qatargas 2 Ras Laffan LNG Terminal,Export,Operating,Qatar,7.8,mtpa,10.61,25.9107,51.5591
Qatargas 2 Ras Laffan LNG Terminal,Export,Operating,Qatar,7.8,mtpa,10.61,25.9107,51.5591
Qatargas 2 Ras Laffan LNG Terminal,Export,Operating,Qatar,7.8,mtpa,10.61,25.9013,51.5558
Qatargas 2 Ras Laffan LNG Terminal,Export,Operating,Qatar,7.8,mtpa,10.61,25.9005,51.55767
Rasgas LNG Terminal 1,Export,Operating,Qatar,3.3,mtpa,4.49,25.89027,51.5491
Rasgas LNG Terminal 1,Export,Operating,Qatar,3.3,mtpa,4.49,25.89027,51.5491
Rasgas LNG Terminal 2,Export,Operating,Qatar,4.7,mtpa,6.39,25.891,51.5457
Rasgas LNG Terminal 2,Export,Operating,Qatar,4.7,mtpa,6.39,25.891,51.5457
Rasgas LNG Terminal 2,Export,Operating,Qatar,4.7,mtpa,6.39,25.891,51.5457
Rasgas LNG Terminal 3,Export,Operating,Qatar,7.8,mtpa,10.61,25.8939,51.5418
Rasgas LNG Terminal 3,Export,Operating,Qatar,7.8,mtpa,10.61,25.8939,51.5418
Das Island LNG Terminal,Export,Operating,United Arab Emirates,1.7,mtpa,2.31,25.1609,52.8766
Das Island LNG Terminal,Export,Operating,United Arab Emirates,1.7,mtpa,2.31,25.1609,52.8766
Das Island LNG Terminal,Export,Operating,United Arab Emirates,2.6,mtpa,3.54,25.1609,52.8766
Fujairah LNG Terminal,Import,Cancelled,United Arab Emirates,8,mtpa,10.88,25.266667,56.333333
Fujairah LNG Terminal,Export,Cancelled,United Arab Emirates,4.8,mtpa,6.53,25.266667,56.333333
Fujairah LNG Terminal,Export,Cancelled,United Arab Emirates,4.8,mtpa,6.53,25.266667,56.333333
Jebel Ali FLNG Terminal,Import,Operating,United Arab Emirates,6,mtpa,8.16,25.03103,55.0667
Ruwais FSRU,Import,Operating,United Arab Emirates,3.8,mtpa,5.17,24.1483,52.7389
Yemen LNG Terminal ,Export,Mothballed,Yemen,3.6,mtpa,4.9,13.9812,48.18115
Yemen LNG Terminal ,Export,Mothballed,Yemen,3.6,mtpa,4.9,13.9812,48.18115
Port Kembla FSRU Terminal,Import,Construction,Australia,304,TJ/d,3.17,-34.4814133,150.8893602
Outer Harbor FSRU,Import,Construction,Australia,1.1,mtpa,1.5,-34.769985,138.502867
West Yantai LNG Terminal,Import,Shelved,China,,,--,37.71420204,121.0901592
Yueyang LNG Terminal,Import,Construction,China,1.5,mtpa,2.04,29.577548,112.911354
FGEN Batangas LNG Terminal,Import,Proposed,Philippines,5,mtpa,6.8,13.7707075,121.0354947
Engro FSRU 2,Import,Cancelled,Pakistan,4.5,mtpa,6.12,24.766667,67.333333
KOGAS Dangjin LNG Terminal,Import,Construction,South Korea,11.6,mtpa,15.78,37.000213,126.3788396
Hsieh-Ho LNG Terminal,Import,Proposed,Taiwan,1.8,mtpa,2.45,25.16060244,121.7349555
Matarbari LNG Terminal,Import,Proposed,Bangladesh,7.5,mtpa,10.2,21.7271477,91.8797371
Gorskaya FLNG Terminal,Export,Cancelled,Russia,0.42,mtpa,0.57,60.026647,29.951994
Gorskaya FLNG Terminal,Export,Cancelled,Russia,0.42,mtpa,0.57,60.026647,29.951994
Gorskaya FLNG Terminal,Export,Cancelled,Russia,0.42,mtpa,0.57,60.026647,29.951994
D??rtyol FSRU,Import,Operating,T??rkiye,7.5,mtpa,10.2,36.85099026,36.12597587
Crimea LNG Terminal,Export,Cancelled,Ukraine,,,--,45.3098595,33.9329082
West Nile Delta LNG Terminal,Import,Cancelled,Egypt,1.4,bcf/d,14.47,31.337395,30.300927
Walvis Bay LNG Terminal (Import),Import,Cancelled,Namibia,,,--,-22.957199,14.484443
Walvis Bay LNG Terminal (Export),Export,Cancelled,Namibia,,,--,-22.957199,14.484443
Project Venezuela Liquefied Natural Gas,Export,Cancelled,Venezuela,4,mtpa,5.44,10.302279,-63.331569
Venezuela Offshore LNG Terminal,Export,Cancelled,Venezuela,,,--,10.784384,-63.183186
Delta Caribe Oriental Terminal,Export,Cancelled,Venezuela,4.7,mtpa,6.39,10.599336,-62.315522
Delta Caribe Oriental Terminal,Export,Cancelled,Venezuela,4.7,mtpa,6.39,10.599336,-62.315522
Qeshm LNG Terminal,Export,Cancelled,Iran,1.15,mtpa,1.56,26.951056,55.752355
Qeshm LNG Terminal,Export,Cancelled,Iran,1.15,mtpa,1.56,26.951056,55.752355
Qeshm LNG Terminal,Export,Cancelled,Iran,1.15,mtpa,1.56,26.951056,55.752355
Steelhead FSRU,Import,Cancelled,Canada,6,mtpa,8.16,48.595162,-123.527441
Energie Saguenay LNG Terminal,Export,Shelved,Canada,5.5,mtpa,7.48,48.441644,-70.697435
Energie Saguenay LNG Terminal,Export,Shelved,Canada,5.5,mtpa,7.48,48.441644,-70.697435
Everett Marine Terminal,Import,Operating,United States,5.1,mtpa,6.94,42.393,-71.064
Northeast Gateway FSRU,Import,Idle,United States,3,mtpa,4.08,42.398986,-70.616774
Neptune LNG Terminal,Import,Retired,United States,,,--,42.573468,-70.665422
Bradwood Landing LNG Terminal,Import,Cancelled,United States,,,--,46.197011,-123.438761
Main Pass Energy Hub FLNG Terminal,Export,Cancelled,United States,4,mtpa,5.44,29.265556,-88.759444
Main Pass Energy Hub FLNG Terminal,Export,Cancelled,United States,4,mtpa,5.44,29.265556,-88.759444
Main Pass Energy Hub FLNG Terminal,Export,Cancelled,United States,4,mtpa,5.44,29.265556,-88.759444
Main Pass Energy Hub FLNG Terminal,Export,Cancelled,United States,4,mtpa,5.44,29.265556,-88.759444
Main Pass Energy Hub FLNG Terminal,Export,Cancelled,United States,4,mtpa,5.44,29.265556,-88.759444
Main Pass Energy Hub FLNG Terminal,Export,Cancelled,United States,4,mtpa,5.44,29.265556,-88.759444
Calhoun LNG Terminal,Import,Cancelled,United States,7.2,mtpa,9.79,28.615556,-96.629722
Bienville FSRU,Import,Cancelled,United States,10.7,mtpa,14.55,30.256389,-88.125278
Galveston Bay LNG Terminals,Export,Cancelled,United States,5.5,mtpa,7.48,29.370473,-94.89321
Galveston Bay LNG Terminals,Export,Cancelled,United States,5.5,mtpa,7.48,29.370473,-94.89321
Galveston Bay LNG Terminals,Export,Cancelled,United States,5.5,mtpa,7.48,29.370473,-94.89321
Pointe LNG Terminal,Export,Cancelled,United States,2,mtpa,2.72,29.859605,-89.991638
Pointe LNG Terminal,Export,Cancelled,United States,2,mtpa,2.72,29.859605,-89.991638
Pointe LNG Terminal,Export,Cancelled,United States,2,mtpa,2.72,29.859605,-89.991638
Gulf Gateway LNG Terminal,Import,Retired,United States,5.3,mtpa,7.21,29.85,-93.2
Weaver's Cove LNG Terminal,Import,Cancelled,United States,6,mtpa,8.16,41.701389,-71.155556
Crown Landing LNG Terminal,Import,Cancelled,United States,11,mtpa,14.96,39.891609,-75.1167
Creole Trail LNG Terminal,Import,Cancelled,United States,27,mtpa,36.72,29.85,-93.2
Broadwater FSRU,Import,Cancelled,United States,8,mtpa,10.88,41.096667,-72.881111
Port Pelican LNG Terminal,Import,Cancelled,United States,12,mtpa,16.32,28.787546,-91.284707
Long Beach LNG Terminal,Import,Cancelled,United States,5,mtpa,6.8,33.754185,-118.216458
Quoddy Bay LNG Terminal,Import,Cancelled,United States,,,--,44.957541,-67.041773
Downeast LNG Terminal,Import,Cancelled,United States,3,mtpa,4.08,45.083333,-67.083333
Downeast LNG Terminal,Export,Cancelled,United States,3,mtpa,4.08,45.083333,-67.083333
Sparrows Point LNG Terminal,Import,Cancelled,United States,11.5,mtpa,15.64,39.219167,-76.476111
Oregon LNG Import Terminal,Import,Cancelled,United States,0.5,bcf/d,5.17,46.1764445,-123.9092231
Oregon LNG Export Terminal,Export,Cancelled,United States,4.8,mtpa,6.53,46.1764445,-123.9092231
Oregon LNG Export Terminal,Export,Cancelled,United States,4.8,mtpa,6.53,46.1764445,-123.9092231
Safe Harbor Energy LNG Terminal,Import,Cancelled,United States,2,bcf/d,20.67,40.388611,-73.609722
Port Dolphin LNG Terminal,Import,Cancelled,United States,6.4,mtpa,8.7,27.968056,-82.476389
OceanWay LNG Terminal,Import,Cancelled,United States,1.2,bcf/d,12.4,33.774258,-118.687825
Calypso LNG Terminal,Import,Cancelled,United States,8,mtpa,10.88,26.086022,-80.115287
Liberty FSRU,Import,Cancelled,United States,18,mtpa,24.48,40.222884,-74.010232
Barca LNG Terminal,Export,Cancelled,United States,1.6,bcf/d,16.54,25.950835,-97.410844
New Fortress Wyalusing LNG Terminal,Export,Proposed,United States,1750000,gal/day,1.4,41.653541,-76.233213
New Fortress Wyalusing LNG Terminal,Export,Proposed,United States,1750000,gal/day,1.4,41.653541,-76.233213
Greater Tortue Ahmeyim FLNG Terminal,Export,Construction,Mauritania,0.63,mtpa,0.85,16.355626,-17.745783
Greater Tortue Ahmeyim FLNG Terminal,Export,Construction,Mauritania,0.63,mtpa,0.85,16.355626,-17.745783
Greater Tortue Ahmeyim FLNG Terminal,Export,Construction,Mauritania,0.63,mtpa,0.85,16.355626,-17.745783
Greater Tortue Ahmeyim FLNG Terminal,Export,Construction,Mauritania,0.63,mtpa,0.85,16.355626,-17.745783
Greater Tortue Ahmeyim FLNG Terminal,Export,Proposed,Mauritania,3,mtpa,4.08,16.355626,-17.745783
Ennore LNG Terminal,Import,Operating,India,5,mtpa,6.8,13.259407,80.337425
Ennore LNG Terminal,Import,Proposed,India,5,mtpa,6.8,13.259407,80.337425
Gothenburg LNG Terminal,Import,Cancelled,Sweden,0.4,mtpa,0.54,57.70177,11.947963
Sergipe FSRU,Import,Operating,Brazil,5.6,mtpa,7.62,-10.843241,-36.918455
Maurice Bonnefil LNG Terminal,Import,Cancelled,Haiti,,,--,18.746498,-72.436775
Abu Dhabi FSRU,Import,Idle,United Arab Emirates,0.5,bcf/d,5.17,25.1609,52.8766
Djibouti FLNG Terminal,Export,Shelved,Djibouti,3,mtpa,4.08,11.482124,43.186891
Djibouti FLNG Terminal,Export,Shelved,Djibouti,3,mtpa,4.08,11.482124,43.186891
Djibouti FLNG Terminal,Export,Shelved,Djibouti,4,mtpa,5.44,11.482124,43.186891
Benin FSRU,Import,Cancelled,Benin,0.5,mtpa,0.68,6.346843,2.435208
Montego Bay LNG Terminal,Import,Operating,Jamaica,0.5,mtpa,0.68,18.463029,-77.934847
Al Zour LNG Import Terminal,Import,Operating,Kuwait,22,mtpa,29.92,28.71836828,48.3973631
Al Zour LNG Export Terminal,Export,Shelved,Kuwait,22,mtpa,29.92,28.707347,48.377053
North Shore LNG Terminal,Import,Proposed,Canada,,,--,48.717011,-86.388657
North Shore LNG Terminal,Import,Proposed,Canada,,,--,48.784304,-87.096503
North Shore LNG Terminal,Import,Proposed,Canada,,,--,48.809983,-87.266636
North Shore LNG Terminal,Import,Proposed,Canada,,,--,49.126128,-85.828821
North Shore LNG Terminal,Import,Proposed,Canada,,,--,47.992732,-84.771015
PEMEX LNG Terminal,Export,Cancelled,Mexico,5,mtpa,6.8,16.167933,-95.192147
Avocet FLNG Terminal,Export,Cancelled,United States,8,mtpa,10.88,28.692,-90.81287
American Coast LNG Terminal,Export,Cancelled,United States,8,mtpa,10.88,29.259765,-93.665566
Buenaventura FSRU,Import,Proposed,Colombia,4.13,bcm/y,4.13,3.904541,-77.077035
Acajutla FSRU,Import,Operating,El Salvador,2.15,mtpa,2.92,13.576094,-89.840455
Alexandroupolis FSRU,Import,Construction,Greece,5.5,bcm/y,5.5,40.748354,25.718754
Gibraltar LNG Terminal,Import,Operating,Gibraltar,0.1,mtpa,0.14,36.133677,-5.349828
Ravenna LNG Terminal,Import,Operating,Italy,0.7,mtpa,0.95,44.471734,12.248134
Old Harbour FSRU,Import,Operating,Jamaica,3.6,mtpa,4.9,17.894692,-77.101154
Ain Sokhna Hoegh FSRU,Import,Operating,Egypt,4.2,mtpa,5.71,29.60254411,32.34039475
Sumed BW FSRU,Import,Idle,Egypt,5.7,mtpa,7.75,29.60254411,32.34039475
Lysekil LNG Terminal,Import,Operating,Sweden,0.2,mtpa,0.27,58.274285,11.452119
Porto do A??u FSRU,Import,Operating,Brazil,5.6,mtpa,7.62,-21.847897,-40.991889
Alaska Japan LNG Terminal,Export,Cancelled,United States,1,mtpa,1.36,61.268424,-149.91703
Pichilingue LNG Terminal,Import,Operating,Mexico,0.8,mtpa,1.09,24.2740568,-110.3273078
Sudan Red Sea LNG Terminal,Import,Shelved,Sudan,,,--,19.580262,37.240723
Abbot Point LNG Terminal,Export,Cancelled,Australia,0.5,mtpa,0.68,-19.8988746,148.084116
Abbot Point LNG Terminal,Export,Cancelled,Australia,0.5,mtpa,0.68,-19.8988746,148.084116
Abbot Point LNG Terminal,Export,Cancelled,Australia,0.5,mtpa,0.68,-19.8988746,148.084116
Abbot Point LNG Terminal,Export,Cancelled,Australia,0.5,mtpa,0.68,-19.8988746,148.084116
Cash Maple FLNG Terminal,Export,Cancelled,Australia,2,mtpa,2.72,-12.294941,124.947613
Poseidon FLNG Terminal,Export,Cancelled,Australia,3.9,mtpa,5.3,-13.85783,119.802714
Longford LNG Terminal,Import,Cancelled,Australia,,,--,-38.2247742,146.8122813
Teluk Lamong LNG Terminal,Import,Construction,Indonesia,0.3,mtpa,0.41,-7.2038832,112.669148
Gorontalo FSRU,Import,Operating,Indonesia,0.2,mtpa,0.27,0.5453173,123.061134
Bangka Belitung-Pontianak FSRU,Import,Cancelled,Indonesia,,,--,0.045634,109.181164
Niihama LNG Terminal,Import,Operating,Japan,1,mtpa,1.36,33.984979,133.314241
Sittwe LNG Terminal,Import,Cancelled,Myanmar,,,--,20.1648761,92.8533529
Pandora FLNG Terminal,Export,Cancelled,Papua New Guinea,1,mtpa,1.36,-9.476749,144.765096
Western LNG Terminal,Export,Cancelled,Papua New Guinea,1.5,mtpa,2.04,-9.19426,143.257609
Tanglawan LNG Terminal,Import,Cancelled,Philippines,2.2,mtpa,2.99,13.7707075,121.0354947
Portovaya LNG Terminal,Export,Operating,Russia,0.75,mtpa,1.02,60.523347,28.130122
Portovaya LNG Terminal,Export,Operating,Russia,0.75,mtpa,1.02,60.523347,28.130122
Portovaya LNG Terminal,Export,Proposed,Russia,2,mtpa,2.72,60.523347,28.130122
Vysotsk LNG Terminal,Export,Operating,Russia,0.75,mtpa,1.02,60.603671,28.5496269
Vysotsk LNG Terminal,Export,Operating,Russia,0.75,mtpa,1.02,60.603671,28.5496269
Cambodia LNG Project,Import,Shelved,Cambodia,0.6,mtpa,0.82,11.5792295,104.6099912
Cambodia LNG Project,Import,Shelved,Cambodia,3,mtpa,4.08,11.5792295,104.6099912
Pinghu LNG Terminal,Import,Operating,China,1,mtpa,1.36,30.681206,121.246827
Longkou LNG Terminal,Import,Construction,China,6,mtpa,8.16,37.680774,120.220284
Longkou LNG Terminal,Import,Proposed,China,14,mtpa,19.04,37.680774,120.220284
Jeju Aewol LNG Terminal,Import,Operating,South Korea,1.1,mtpa,1.5,33.470118,126.3233004
Akita LNG Terminal,Import,Operating,Japan,0.6,mtpa,0.82,39.7617994,140.0547406
Shenzhen LNG Terminal (Shenzhen Gas),Import,Operating,China,0.8,mtpa,1.09,22.618619,114.384841
Shenzhen LNG Terminal (Shenzhen Gas),Import,Construction,China,2,mtpa,2.72,22.618619,114.384841
Talcahuano FSRU,Import,Shelved,Chile,2.3,mtpa,3.13,-36.718357,-73.102769
Salina Cruz LNG Terminal,Export,Proposed,Mexico,3,mtpa,4.08,16.161733,-95.195759
Rauma LNG Terminal,Import,Cancelled,Finland,,,--,61.130747,21.435687
Stade LNG Terminal,Import,Construction,Germany,13.3,bcm/y,13.3,53.652459,9.510382
Rostock LNG Terminal,Import,Proposed,Germany,0.8,mtpa,1.09,54.181909,12.088052
NextDecade Cork FSRU,Import,Cancelled,Ireland,4,bcm/y,4,51.831398,-8.322984
HIGAS LNG Terminal,Import,Operating,Italy,0.2,mtpa,0.27,39.863873,8.554238
Skulte LNG Terminal,Import,Proposed,Latvia,3,mtpa,4.08,57.315,24.367
Tjelbergodden LNG Terminal,Export,Retired,Norway,0.01,mtpa,0.02,63.408456,8.693715
Snurrevarden LNG Terminal,Export,Operating,Norway,0.02,mtpa,0.03,59.313521,5.285961
Kollsnes LNG Terminal,Export,Operating,Norway,0.04,mtpa,0.05,60.548447,4.834402
Kollsnes LNG Terminal,Export,Operating,Norway,0.08,mtpa,0.11,60.548447,4.834402
Fredrikstad LNG Terminal,Import,Operating,Norway,0.1,mtpa,0.14,59.1875329,10.9595717
Polish Baltic Sea Coast FSRU,Import,Proposed,Poland,6.1,bcm/y,6.1,54.424696,18.73585
Polish Baltic Sea Coast FSRU,Import,Shelved,Poland,4.5,bcm/y,4.5,54.424696,18.73585
G??vle LNG Terminal,Import,Cancelled,Sweden,0.3,bcm/y,0.3,60.681256,17.182174
Mosjoen LNG Terminal,Import,Operating,Norway,0.4,mtpa,0.54,65.836962,13.187084
Hainan Shennan LNG Storage Facility,Import,Operating,China,0.27,mtpa,0.37,19.977562,110.057687
San Juan LNG Terminal,Import,Operating,United States,1.1,mtpa,1.5,18.461942,-66.11091
Akonikien LNG Terminal,Import,Cancelled,Equatorial Guinea,,,--,1.832933,9.741385
Dwiputra FSRU,Import,Shelved,Mozambique,,,--,-14.534204,40.656408
Rovuma LNG Terminal,Export,Proposed,Mozambique,18,mtpa,24.48,-10.753277,40.798272
Cangzhou LNG Terminal,Import,Proposed,China,3,mtpa,4.08,38.365118,117.793201
Damaiyu LNG Terminal,Import,Construction,China,2,mtpa,2.72,28.106107,121.134782
Dongying LNG Terminal,Import,Cancelled,China,2,mtpa,2.72,38.08339506,119.0333177
Guangzhou Nansha LNG Terminal,Import,Operating,China,1,mtpa,1.36,22.83969325,113.5601836
Guangzhou Nansha LNG Terminal,Import,Proposed,China,1,mtpa,1.36,22.83969325,113.5601836
Huizhou LNG Terminal,Import,Construction,China,4,mtpa,5.44,22.611927,114.742272
Huizhou LNG Terminal,Import,Proposed,China,6,mtpa,8.16,22.611927,114.742272
Sinopec Liuheng LNG Terminal,Import,Proposed,China,7.18,mtpa,9.76,29.70836937,122.0804155
Sinopec Liuheng LNG Terminal,Import,Proposed,China,7.82,mtpa,10.64,29.70836937,122.0804155
Sinopec Longkou LNG Terminal,Import,Construction,China,6.5,mtpa,8.84,37.6497398,120.2907759
Sinopec Longkou LNG Terminal,Import,Proposed,China,5.5,mtpa,7.48,37.6497398,120.2907759
Suizhong LNG Terminal,Import,Cancelled,China,2.6,mtpa,3.54,40.160486,120.272945
Suizhong LNG Terminal,Import,Cancelled,China,2.5,mtpa,3.4,40.160486,120.272945
Suizhong LNG Terminal,Import,Cancelled,China,2.5,mtpa,3.4,40.160486,120.272945
Weihai Nangang New Port LNG Terminal,Import,Cancelled,China,3,mtpa,4.08,36.913393,122.052635
Wuhan LNG Terminal,Import,Proposed,China,1.86,mtpa,2.53,30.594686,114.558552
Chhara LNG Terminal,Import,Construction,India,5,mtpa,6.8,20.72124,70.749983
H-Energy Kakinada LNG Terminal,Import,Construction,India,4,mtpa,5.44,16.975,82.279
Kukrahati LNG Terminal,Import,Cancelled,India,3,mtpa,4.08,21.918011,88.002516
Karaikal FSRU,Import,Proposed,India,1,mtpa,1.36,10.911092,79.8438253
Karaikal FSRU,Import,Proposed,India,3,mtpa,4.08,10.911092,79.8438253
Yokkaichi LNG Center,Import,Operating,Japan,6.4,mtpa,8.7,34.978156,136.666458
Gulf of Saros FSRU,Import,Operating,T??rkiye,5.6,mtpa,7.62,40.636702,26.657427
Saguaro Energ??a LNG Terminal,Export,Proposed,Mexico,15,mtpa,20.4,29.905838,-112.688038
Saguaro Energ??a LNG Terminal,Export,Proposed,Mexico,15,mtpa,20.4,29.905838,-112.688038
Costa Azul LNG Import Terminal,Import,Operating,Mexico,7.6,mtpa,10.34,31.988557,-116.846466
Costa Azul Export Terminal,Export,Construction,Mexico,3.25,mtpa,4.42,31.988557,-116.846466
Costa Azul Export Terminal,Export,Proposed,Mexico,12,mtpa,16.32,31.988557,-116.846466
Xintian Tangshan LNG Terminal,Import,Operating,China,5,mtpa,6.8,38.938745,118.541145
Xintian Tangshan LNG Terminal,Import,Construction,China,5,mtpa,6.8,38.938745,118.541145
Xintian Tangshan LNG Terminal,Import,Proposed,China,2,mtpa,2.72,38.938745,118.541145
Yangjiang LNG Terminal,Import,Construction,China,2.8,mtpa,3.81,21.6673059,111.8346672
Zhejiang Energy Liuheng LNG Terminal,Import,Construction,China,6.35,mtpa,8.64,29.71231284,122.0687615
Zhejiang Energy Liuheng LNG Terminal,Import,Proposed,China,5,mtpa,6.8,29.71231284,122.0687615
Zhiwan Island LNG Terminal,Import,Proposed,China,5,mtpa,6.8,21.990644,114.153924
Qatar North Field LNG Terminal,Export,Construction,Qatar,8.25,mtpa,11.22,25.91869006,51.52770232
Qatar North Field LNG Terminal,Export,Construction,Qatar,8.25,mtpa,11.22,25.91869006,51.52770232
Qatar North Field LNG Terminal,Export,Construction,Qatar,8.25,mtpa,11.22,25.91869006,51.52770232
Qatar North Field LNG Terminal,Export,Construction,Qatar,8.25,mtpa,11.22,25.91869006,51.52770232
Qatar North Field LNG Terminal,Export,Construction,Qatar,8,mtpa,10.88,25.94493356,51.50166506
Qatar North Field LNG Terminal,Export,Construction,Qatar,8,mtpa,10.88,25.94493356,51.50166506
Qatar North Field LNG Terminal,Export,Proposed,Qatar,8,mtpa,10.88,25.94493356,51.50166506
Qatar North Field LNG Terminal,Export,Proposed,Qatar,8,mtpa,10.88,25.94493356,51.50166506
New Fortress Angola LNG Terminal,Import,Cancelled,Angola,,,--,,
Morocco FSRU,Import,Proposed,Morocco,,,--,33.71339,-7.397731
Matola FSRU,Import,Proposed,Mozambique,0.5,mtpa,0.68,-25.966562,32.506834
Bac Lieu LNG Terminal,Import,Proposed,Vietnam,2,mtpa,2.72,9.294,105.7216
Kiyanly LNG Terminal,Export,Operating,Turkmenistan,0.2,mtpa,0.27,40.1673615,52.7719129
Hoegh Cyprus FSRU,Import,Cancelled,Cyprus,,,--,34.710168,33.323549
NewMed FLNG Terminal,Export,Proposed,Israel,7,bcm/y,7,32.614,34.808
Marshal Vasilevskiy FSRU,Export,Idle,Russia,5.11,bcm/y,5.11,55.02598239,20.32205413
Argentina GNL Terminal,Export,Proposed,Argentina,1.2,mtpa,1.63,-41.576699,-64.995007
Argentina GNL Terminal,Export,Proposed,Argentina,9,mtpa,12.24,-41.576699,-64.995007
Argentina GNL Terminal,Export,Proposed,Argentina,20,mtpa,27.2,-41.576699,-64.995007
Jambel?? FSRU,Import,Proposed,Ecuador,0.38,mtpa,0.52,-3.13649,-80.132792
Fort Nelson LNG Terminal,Export,Operating,Canada,27000,gal/day,0.02,58.804672,-122.69979
Ivory Coast FSRU,Import,Shelved,C??te d'Ivoire,3,mtpa,4.08,5.272988,-4.028744
Calais LNG Terminal,Import,Cancelled,United States,7.6,mtpa,10.34,45.166111,-67.2425
Yoshinoura LNG Terminal,Import,Operating,Japan,0.8,mtpa,1.09,26.479444,127.927778
Keyspan LNG Terminal,Import,Cancelled,United States,4,mtpa,5.44,41.823611,-71.422222
Compass Port LNG Terminal,Import,Cancelled,United States,8,mtpa,10.88,30.256389,-88.125278
Battery Rock LNG Terminal,Import,Cancelled,United States,6.4,mtpa,8.7,42.341781,-70.877681
Vista Del Sol LNG Terminal,Import,Cancelled,United States,8,mtpa,10.88,27.874167,-97.208333
Beacon Port LNG Terminal,Import,Cancelled,United States,11.5,mtpa,15.64,29.763056,-93.698611
Casotte Landing LNG Terminal,Import,Cancelled,United States,10,mtpa,13.6,30.46,-88.62
Bay Crossing LNG Terminal,Import,Cancelled,United States,9.6,mtpa,13.06,29.281111,-94.825833
Oxnard LNG Terminal,Import,Cancelled,United States,11.5,mtpa,15.64,34.191389,-119.1825
Port Esperanza FSRU,Import,Cancelled,United States,,,--,33.754185,-118.216458
South Texas LNG Terminal,Export,Cancelled,United States,4,mtpa,5.44,27.812778,-97.407222
South Texas LNG Terminal,Export,Cancelled,United States,4,mtpa,5.44,27.812778,-97.407222
Wakayama LNG Terminal,Import,Cancelled,Japan,3.5,bcm/y,3.5,34.233333,135.166667
Port Lavaca FLNG Terminal,Export,Cancelled,United States,10,mtpa,13.6,28.615556,-96.629722
Krishnapatnam FSRU,Import,Cancelled,India,1,mtpa,1.36,14.253863,80.115081
Gibbstown Deepwater Port LNG Terminal,Export,Proposed,United States,1.5,mtpa,2.04,39.841886,-75.299108
Telfers FSRU,Import,Cancelled,Panama,,,--,9.357222,-79.898611
Predator FSRU,Import,Shelved,Ireland,2.6,bcm/y,2.6,51.264274,-8.045619
Puerto de la Luz LNG Terminal,Import,Shelved,Canary Islands,,,--,28.139483,-15.423414
Jinzhou FLNG Terminal,Import,Cancelled,China,2.8,mtpa,3.81,40.79672,121.074382
Tianjin LNG Terminal (Beijing Gas Group),Import,Operating,China,5,mtpa,6.8,38.738256,117.714095
Tianjin LNG Terminal (Beijing Gas Group),Import,Construction,China,0,mtpa,0,38.738256,117.714095
Tianjin LNG Terminal (Beijing Gas Group),Import,Construction,China,0,mtpa,0,38.738256,117.714095
Equus FLNG Terminal,Export,Cancelled,Australia,2,mtpa,2.72,-21.633333,115.116667
Payra FSRU,Import,Proposed,Bangladesh,3.75,mtpa,5.1,21.988808,90.280506
Aceh-Nias LNG Terminal,Import,Cancelled,Indonesia,,,--,5.5648441,95.2938741
Batam LNG Terminal,Import,Cancelled,Indonesia,1,mtpa,1.36,1.167769,103.99339
Amurang FSRU,Import,Mothballed,Indonesia,0.1,mtpa,0.14,1.192442,124.555669
Australasia Probolinggo FSRU,Import,Cancelled,Indonesia,3,mtpa,4.08,-7.196308,112.73391
Sorong LNG Terminal,Import,Cancelled,Indonesia,,,--,-2.535173,140.718594
Choguko Electric LNG Terminal,Import,Operating,Japan,4.3,mtpa,5.85,33.89299,130.886081
Sendai LNG Terminal,Import,Operating,Japan,0.8,mtpa,1.09,38.273591,141.005623
Toyama Shinko LNG Terminal,Import,Operating,Japan,1.8,mtpa,2.45,36.757158,137.22246
Ahlone LNG Terminal,Import,Cancelled,Myanmar,,,--,16.789024,96.120054
Mee Laung Gyaing FSRU,Import,Shelved,Myanmar,,,--,17.254775,94.4965
MCV LNG Terminal,Import,Mothballed,Myanmar,0.4,mtpa,0.54,16.788223,96.218176
Energas FSRU,Import,Proposed,Pakistan,0.75,bcf/d,7.75,24.769704,67.334731
GasPort FSRU 2,Import,Proposed,Pakistan,0.09,bcf/d,0.93,24.769704,67.334731
Tabeer LNG Terminal,Import,Proposed,Pakistan,0.75,bcf/d,7.75,24.72,67.21
Tabeer LNG Terminal,Import,Proposed,Pakistan,,,--,24.72,67.21
Batangas Clean Energy LNG Terminal,Import,Proposed,Philippines,3,mtpa,4.08,13.75391,121.040647
Singapore Offshore LNG Terminal,Import,Cancelled,Singapore,,,--,,
SLNG 2 LNG Terminal,Import,Proposed,Singapore,5,mtpa,6.8,1.200281,103.672847
Northeast Asia LNG Hub Terminal,Import,Construction,South Korea,,,--,34.871552,127.712685
Taichung (TaiPower) LNG Terminal,Import,Proposed,Taiwan,3,mtpa,4.08,24.291471,120.510622
Chana LNG Terminal,Import,Shelved,Thailand,,,--,7.235476,100.564161
Gulf MTP LNG Terminal,Import,Shelved,Thailand,5,mtpa,6.8,12.6610311,101.138036
Gulf MTP LNG Terminal,Import,Shelved,Thailand,5.8,mtpa,7.89,12.6610311,101.138036
Gulf of Thailand FSRU,Import,Cancelled,Thailand,5,mtpa,6.8,12.271182,100.836715
Songkhla FSRU,Import,Cancelled,Thailand,3,mtpa,4.08,7.229648,100.573438
Ca Na LNG Terminal,Import,Proposed,Vietnam,,,--,11.337419,108.885002
Chan May LNG Terminal,Import,Cancelled,Vietnam,,,--,16.332683,108.020046
Quang Nam LNG Terminal,Import,Shelved,Vietnam,,,--,15.876183,108.389096
Karimun Island LNG Terminal,Import,Shelved,Indonesia,,,--,0.988745,103.433783
Rakhine LNG Terminal,Import,Shelved,Myanmar,,,--,19.4281,93.5543
Filipinas LNG Gateway Project FSRU,Import,Construction,Philippines,4.4,mtpa,5.98,13.726365,120.99401
Kanbauk FSRU,Import,Cancelled,Myanmar,4,mtpa,5.44,14.56925,97.82761
Boudji FLNG Terminal,Export,Cancelled,Gabon,,,--,-4.302812,10.351025
Kulevi LNG Terminal,Import,Cancelled,Georgia,,,--,42.272729,41.64131
Etinde FLNG Terminal,Export,Proposed,Cameroon,1.3,mtpa,1.77,4.0237344,8.903989
Ksi Lisims FLNG Terminal,Export,Proposed,Canada,12,mtpa,16.32,54.991963,-130.0306788
South Pars LNG Terminal,Export,Cancelled,Iran,5,mtpa,6.8,26.619125,52.067964
South Pars LNG Terminal,Export,Cancelled,Iran,5,mtpa,6.8,26.619125,52.067964
AMIGO LNG Terminal,Export,Proposed,Mexico,4.2,mtpa,5.71,27.922867,-110.868082
AMIGO LNG Terminal,Export,Proposed,Mexico,3.6,mtpa,4.9,27.922867,-110.868082
Arctic LNG 1 Terminal,Export,Proposed,Russia,19.8,mtpa,26.93,70.908942,74.05613
Obsky LNG Terminal,Export,Proposed,Russia,3,mtpa,4.08,71.2733,72.0725
Obsky LNG Terminal,Export,Proposed,Russia,3,mtpa,4.08,71.2733,72.0725
Qilak LNG Terminal,Export,Proposed,United States,4,mtpa,5.44,70.1734,-146.2563
Port of Vlora FSRU,Import,Shelved,Albania,,,--,40.449271,19.480761
Bahia FSRU,Import,Operating,Brazil,5.6,mtpa,7.62,-12.785422,-38.703511
New Fortress Barcarena FSRU,Import,Operating,Brazil,6,mtpa,8.16,-1.539174,-48.754139
Cosan FSRU,Import,Operating,Brazil,3.7,mtpa,5.03,-23.911938,-46.342196
Geramar FSRU,Import,Proposed,Brazil,,,--,-2.579534,-44.368472
Hidrovias do Brasil FSRU,Import,Cancelled,Brazil,5.11,bcm/y,5.11,-1.504466,-48.736698
Imetame LNG Terminal,Import,Shelved,Brazil,,,--,-19.857997,-40.074054
Itacoatiara FSRU,Import,Shelved,Brazil,5.11,bcm/y,5.11,-3.15492,-58.433795
Paran?? FSRU,Import,Shelved,Brazil,5.11,bcm/y,5.11,-25.540198,-48.379359
Porto Norte Fluminense FSRU,Import,Proposed,Brazil,7.67,bcm/y,7.66,-21.514933,-40.978918
Presidente Kennedy FSRU,Import,Proposed,Brazil,7.3,bcm/y,7.3,-21.224754,-40.946933
S??o Marcos Bay FSRU,Import,Proposed,Brazil,7.67,bcm/y,7.66,-2.550981,-44.378683
Suape FSRU,Import,Construction,Brazil,5.11,bcm/y,5.11,-8.398179,-34.959574
Tepor Maca?? FSRU,Import,Proposed,Brazil,7.67,bcm/y,7.66,-22.323277,-41.72313
Terminal G??s Sul FSRU,Import,Operating,Brazil,6,mtpa,8.16,-26.230937,-48.640791
Skeena LNG Terminal,Export,Shelved,Canada,0.15,mpta,--,54.49342,-128.587023
Beihai LNG Terminal,Import,Cancelled,China,6,mtpa,8.16,21.499546,109.524152
Caofeidian LNG Terminal (Beijing Energy),Import,Cancelled,China,,,--,38.938745,118.541145
Caofeidian FSRU,Import,Cancelled,China,3,mtpa,4.08,38.938745,118.541145
Chaozhou LNG Terminal (Huaying???,Import,Operating,China,6,mtpa,8.16,23.583697,117.12851
Chaozhou LNG Terminal (Huaying???,Import,Proposed,China,6,mtpa,8.16,23.583697,117.12851
Zhangzhou LNG Terminal (China Energy Reserve),Import,Shelved,China,3,mtpa,4.08,24.406885,118.063012
Dongying LNG Terminal (China Huadian),Import,Cancelled,China,,,--,38.08339506,119.0333177
Dongying LNG Terminal (Hainuo Port),Import,Shelved,China,3,mtpa,4.08,38.08339506,119.0333177
Dongying FSRU,Import,Cancelled,China,3,mtpa,4.08,38.08339506,119.0333177
Jiangyin LNG Terminal (Garson Gas),Import,Construction,China,3,mtpa,4.08,31.949128,120.007213
Jiujiang LNG Terminal,Import,Shelved,China,,,--,29.77861542,116.2638593
Panjin LNG Terminal,Import,Shelved,China,,,--,40.679064,122.133293
Quanzhou LNG Terminal,Import,Shelved,China,3,mtpa,4.08,25.18252863,118.9743127
Quanzhou LNG Terminal,Import,Shelved,China,3,mtpa,4.08,25.18252863,118.9743127
Rongcheng LNG Terminal,Import,Cancelled,China,,,--,36.891775,122.437258
Rudong LNG Terminal (Jiangsu Guoxin),Import,Operating,China,2.95,mtpa,4.01,32.526845,121.412712
Rudong LNG Terminal (Jiangsu Guoxin),Import,Construction,China,3.05,mtpa,4.15,32.526845,121.412712
Taizhou Toumengang LNG Terminal,Import,Proposed,China,3,mtpa,4.08,28.68703057,121.7892551
Wenzhou Huagang LNG Terminal,Import,Construction,China,3,mtpa,4.08,27.903136,121.127993
Yantai FSRU,Import,Cancelled,China,,,--,37.66856,120.275379
Aguadulce FSRU,Import,Proposed,Colombia,,,--,3.921808,-77.108302
Mumbai FSRU,Import,Shelved,India,5,mtpa,6.8,18.958761,72.850767
Beddawi FSRU,Import,Shelved,Lebanon,3.5,mtpa,4.76,34.466704,35.832663
Selaata FSRU,Import,Shelved,Lebanon,,,--,34.281578,35.650967
Zahrani FSRU,Import,Shelved,Lebanon,,,--,33.508047,35.3422655
Puerto Sandino FSRU,Import,Construction,Nicaragua,1.3,mtpa,1.77,12.171182,-86.767115
Golar Lagos FSRU,Import,Cancelled,Nigeria,5.7,mtpa,7.75,6.450737,3.373252
Philippines LNG Terminal,Import,Operating,Philippines,5,mtpa,6.8,13.753821,121.040525
Hambantota LNG Terminal,Import,Shelved,Sri Lanka,1,mtpa,1.36,6.117128,81.10897
SK Group Sri Lanka LNG Terminal,Import,Shelved,Sri Lanka,,,--,,
Sharjah FSRU,Import,Cancelled,United Arab Emirates,1,bcf/d,10.34,25.379099,55.387511
CP2 LNG Terminal,Export,Proposed,United States,10,mtpa,13.6,29.77427234,-93.32394745
CP2 LNG Terminal,Export,Proposed,United States,10,mtpa,13.6,29.77427234,-93.32394745
Long Son LNG Terminal,Import,Shelved,Vietnam,4.4,mtpa,5.98,10.448768,107.053334
Mui Ke Ga FSRU,Import,Proposed,Vietnam,1.5,mtpa,2.04,10.7028408,107.987166
Tabangao FSRU,Import,Proposed,Philippines,3,mtpa,4.08,13.71335,121.06099
Vires FSRU,Import,Cancelled,Philippines,3,mtpa,4.08,13.661629,121.050747
Khanh Hoa LNG Terminal,Import,Shelved,Vietnam,3,mtpa,4.08,12.206079,109.215174
Cat Hai FSRU,Import,Shelved,Vietnam,3,mtpa,4.08,20.866225,106.678881
Port Phillip Bay FSRU,Import,Proposed,Australia,4.7,mtpa,6.39,-37.847216,144.9301
Geelong FSRU Terminal,Import,Proposed,Australia,2.5,mtpa,3.4,-34.495401,137.481029
Chernomorsky LNG Terminal,Export,Shelved,Russia,1.5,mtpa,2.04,44.15086521,39.0370808
Vista Pacifico LNG Terminal,Export,Proposed,Mexico,3,mtpa,4.08,25.581941,-109.059196
Delta LNG Terminal,Export,Proposed,United States,11.3,mtpa,15.37,29.597258,-89.872471
Delta LNG Terminal,Export,Proposed,United States,11.3,mtpa,15.37,29.597258,-89.872471
West Delta LNG Deepwater Port Terminal,Export,Proposed,United States,6.1,mtpa,8.3,29.067,-89.656
Terg??s Rio Grande LNG Terminal,Import,Shelved,Brazil,2.19,bcm/y,2.19,-32.118353,-52.106161
Ilo LNG Terminal,Export,Shelved,Peru,,,--,-17.647268,-71.347902
South West FSRU,Import,Cancelled,Vietnam,1,mtpa,1.36,9.571215183,106.5186744
Dioriga FSRU,Import,Proposed,Greece,2.6,bcm/y,2.6,37.91092,23.063539
Yakutia LNG Project,Export,Proposed,Russia,4.5,mtpa,6.12,56.46027167,138.1529212
Yakutia LNG Project,Export,Proposed,Russia,4.5,mtpa,6.12,56.46027167,138.1529212
Qushan LNG Terminal,Import,Proposed,China,3,mtpa,4.08,30.427224,122.351978
Eemshaven FSRU,Import,Operating,Netherlands,8,bcm/y,8,53.4356487,6.8330977
Wilhelmshaven NWO FSRU,Import,Shelved,Germany,9,bcm/y,9,53.516667,8.133333
Wilhelmshaven TES LNG Terminal,Import,Proposed,Germany,15,bcm/y,15,53.516667,8.133333
New Fortress Grand Isle FLNG Terminal,Export,Shelved,United States,2.8,mtpa,3.81,29.05902215,-89.82260253
Congo FLNG Terminal,Export,Operating,Republic of the Congo,0.6,mtpa,0.82,-4.774204,11.798651
Paldiski FSRU,Import,Construction,Estonia,,,--,59.38445,24.07494
Thrace FSRU,Import,Proposed,Greece,6,bcm/y,6,40.748354,25.718754
Argo FSRU,Import,Proposed,Greece,4.6,bcm/y,4.6,39.3512644,22.9324904
Le Havre FSRU,Import,Operating,France,5,bcm/y,5,49.46222839,0.042958426
Thessaloniki FSRU,Import,Proposed,Greece,7.3,bcm/y,7.3,40.2893,23.025
FGEN Batangas FSRU,Import,Operating,Philippines,5.3,mtpa,7.21,13.7707075,121.0354947
South East LNG Terminal,Import,Cancelled,Vietnam,6,mtpa,8.16,10.653405,107.776489
Placentia Bay FLNG Terminal,Export,Proposed,Canada,4,mtpa,5.44,47.417157,-53.875705
Tilbury Island LNG Terminal,Export,Operating,Canada,0.04,bcm/y,0.04,49.14251084,-123.0340825
Tilbury Island LNG Terminal,Export,Operating,Canada,0.25,mtpa,0.34,49.14251084,-123.0340825
Tilbury Island LNG Terminal,Export,Proposed,Canada,0.65,mtpa,0.88,49.14251084,-123.0340825
Tilbury Island LNG Terminal,Export,Proposed,Canada,2.5,mtpa,3.4,49.14251084,-123.0340825
New Fortress Banda LNG Terminal,Export,Shelved,Mauritania,,,--,17.948231,-16.658219
Karmol Dakar FSRU,Import,Construction,Senegal,2.5,mtpa,3.4,14.6893,-17.4323
Guinea LNG Terminal,Import,Proposed,Guinea,,,--,10.6523,-14.6149
Guinea LNG Terminal,Export,Proposed,Guinea,,,--,10.6523,-14.6149
Summit Matarbari FSRU,Import,Proposed,Bangladesh,0.6,bcf/d,6.2,21.703668,91.814862
UTM Offshore FLNG Terminal,Export,Proposed,Nigeria,2.72,mtpa,3.7,4.1485,7.5526
Crown Kakinada LNG Terminal,Import,Proposed,India,7.2,mtpa,9.79,16.9524,82.3869
LNG Alliance Mangalore FSRU,Import,Shelved,India,4,mtpa,5.44,12.926024,74.81257
New Fortress Colombo LNG Terminal,Import,Shelved,Sri Lanka,1200000,gal/day,0.96,6.9048,79.4723
Chuanbi Island LNG Terminal,Import,Cancelled,China,3,mtpa,4.08,29.91474423,122.0033309
Jieyang LNG Terminal (PetroChina),Import,Shelved,China,6.5,mtpa,8.84,22.9362588,116.2506755
Portovesme FSRU,Import,Proposed,Italy,,,--,39.195612,8.391925
Hai Lang LNG Terminal,Import,Construction,Vietnam,1.5,mtpa,2.04,16.9944,107.1154
Vung Ang LNG Terminal,Import,Proposed,Vietnam,,,--,18.09792,106.38123
Porto Torres FSRU,Import,Proposed,Italy,5,bcm/y,5,40.842386,8.399781
Tiga FLNG Terminal,Export,Construction,Malaysia,2,mtpa,2.72,5.968,118.215
Inkoo FSRU,Import,Operating,Finland,5,bcm/y,5,60.013697,23.91506
Thilawa LNG Terminal,Import,Cancelled,Myanmar,,,--,16.6181383,96.2668211
Arctic LNG 3 Terminal,Export,Proposed,Russia,19.8,mtpa,26.93,72.56577,73.847129
Kara LNG Terminal,Export,Proposed,Russia,30,mtpa,40.8,70.7893987,55.18380898
Lakach Field FLNG Terminal,Export,Shelved,Mexico,1.4,mtpa,1.9,19.2933,-95.4018
New Fortress Altamira FLNG Terminal,Export,Operating,Mexico,1.4,mtpa,1.9,22.6543,-97.68048
New Fortress Altamira FLNG Terminal,Export,Construction,Mexico,1.4,mtpa,1.9,22.6543,-97.68048
New Fortress Altamira FLNG Terminal,Export,Proposed,Mexico,1.4,mtpa,1.9,22.6543,-97.68048
New Fortress Altamira FLNG Terminal,Export,Proposed,Mexico,1.4,mtpa,1.9,22.6543,-97.68048
New Fortress Altamira FLNG Terminal,Export,Proposed,Mexico,1.4,mtpa,1.9,22.6543,-97.68048
Palu LNG Terminal,Import,Shelved,Indonesia,2,mtpa,2.72,-0.71358,119.86043
Surat Thani FSRU,Import,Shelved,Thailand,5,mtpa,6.8,9.24816,99.3268
PAWA PNG FSRU Project,Import,Proposed,Papua New Guinea,,,--,-9.059413815,143.2072899
PAWA PNG FSRU Project,Import,Proposed,Papua New Guinea,,,--,-6.756102427,147.0075481
PAWA PNG FSRU Project,Import,Proposed,Papua New Guinea,,,--,-3.073070244,152.5057782
PAWA PNG FSRU Project,Import,Proposed,Papua New Guinea,,,--,-2.227493875,146.8670599
PAWA PNG FSRU Project,Import,Proposed,Papua New Guinea,,,--,-5.410414644,154.6902964
PAWA PNG FSRU Project,Import,Proposed,Papua New Guinea,,,--,-5.537955404,150.1501539
PAWA PNG FSRU Project,Import,Proposed,Papua New Guinea,,,--,-10.31947913,150.4528498
PAWA PNG FSRU Project,Import,Proposed,Papua New Guinea,,,--,-5.232665519,145.8170959
PAWA PNG FSRU Project,Import,Proposed,Papua New Guinea,,,--,-4.206248988,152.1695425
PAWA PNG FSRU Project,Import,Proposed,Papua New Guinea,,,--,-3.553417519,143.6468213
PAWA PNG FSRU Project,Import,Proposed,Papua New Guinea,,,--,-6.12657885,141.2998883
PAWA PNG FSRU Project,Import,Proposed,Papua New Guinea,,,--,-7.415430904,144.2560886
Thai Binh FSRU,Import,Proposed,Vietnam,1,mtpa,1.36,20.45638,106.60887
Tien Giang LNG Terminal,Import,Cancelled,Vietnam,6,mtpa,8.16,0.448,106.709
Ben Tre FSRU,Import,Shelved,Vietnam,,,--,9.960177,106.641855
Tien Lang FSRU,Import,Shelved,Vietnam,,,--,20.6708553,106.7137204
Lubmin FSRU,Import,Retired,Germany,5.7,mtpa,7.75,54.153332,13.645319
GEIL FSRU,Import,Cancelled,Pakistan,,,--,24.7718,67.3119
Mauritius FSRU,Import,Proposed,Mauritius,,,--,-20.105785,57.420697
Penn LNG Terminal,Export,Proposed,United States,7,mtpa,9.52,39.837705,-75.370597
Itaqui FSRU,Import,Proposed,Brazil,7.67,bcm/y,7.67,-2.589554,-44.36869
Sinolam LNG Terminal,Import,Shelved,Panama,1.1,mtpa,1.5,9.384621,-79.88305
Antigua Power LNG Terminal,Import,Construction,Antigua and Barbuda,,,--,17.136679,-61.751593
Brunsb??ttel LNG Terminal,Import,Construction,Germany,8,bcm/y,8,53.9140009,8.9760945
Woodside Probolinggo LNG Terminal,Import,Shelved,Indonesia,,,--,-7.728885891,113.2170407
Stade FSRU,Import,Construction,Germany,6,bcm/y,6,53.65265343,9.515232997
Payra LNG Terminal,Import,Cancelled,Bangladesh,7.5,mtpa,10.2,21.999205,90.305597
Rovuma FLNG Terminal,Export,Shelved,Mozambique,3,mtpa,4.08,-10.753277,40.798272
BirAllah LNG Hub,Export,Proposed,Mauritania,10,mtpa,13.6,17.9929,-16.0268
Yakaar-Teranga LNG Hub,Export,Proposed,Senegal,10,mtpa,13.6,14.6869,-17.42709
Manzanillo (Dominican Republic) LNG Terminal,Import,Construction,Dominican Republic,1,mtpa,1.36,19.696041,-71.726787
Ravenna FSRU,Import,Construction,Italy,5,bcm/y,5,44.48283,12.291482
Piombino FSRU,Import,Operating,Italy,5,bcm/y,5,42.932151,10.54641
Wilhelmshaven TES FSRU,Import,Construction,Germany,4.5,bcm/y,4.5,53.516667,8.133333
Lubmin RWE FSRU,Import,Proposed,Germany,5,bcm/y,5,54.153332,13.555555
Zeeland Energy FSRU,Import,Proposed,Netherlands,7.5,bcm/y,7.5,51.637811,3.6295
Terneuzen FSRU,Import,Cancelled,Netherlands,,,--,51.345151,3.84763
Black Sea LNG Terminal,Import,Proposed,Romania,,,--,44.188527,28.652581
Black Sea LNG Terminal,Export,Proposed,Georgia,,,--,42.275558,41.63284
Bar LNG Terminal,Import,Proposed,Montenegro,0.4,mtpa,0.54,42.093367,19.081096
Pakistan State Oil LNG Terminal,Import,Proposed,Pakistan,,,--,24.812582,66.972761
LNG Easy Floating LNG Terminal,Import,Proposed,Pakistan,1,mtpa,1.36,24.834334,66.977824
Ruwais LNG Terminal,Export,Proposed,United Arab Emirates,4.8,mtpa,6.53,24.13523,52.65226
Ruwais LNG Terminal,Export,Proposed,United Arab Emirates,4.8,mtpa,6.53,24.13523,52.65226
Dandong LNG Terminal,Import,Shelved,China,,,--,39.77782265,124.1156083
Cap Lopez FLNG Terminal,Export,Proposed,Gabon,0.7,mtpa,0.95,-0.632279,8.71253
Mailiao LNG Terminal,Import,Proposed,Taiwan,6,mtpa,8.16,23.76501757,120.168057
Rudong LNG Terminal (China Resources),Import,Construction,China,6.5,mtpa,8.84,32.53018763,121.418122
Shanwei LNG Terminal,Import,Proposed,China,,,--,22.65172362,115.5691341
Zhouji LNG Terminal,Import,Proposed,Taiwan,6,mtpa,8.16,22.51902521,120.3136864
Murmansk LNG Terminal,Export,Proposed,Russia,6.8,mtpa,9.25,69.27668704,33.61763022
Murmansk LNG Terminal,Export,Proposed,Russia,6.8,mtpa,9.25,69.27668704,33.61763022
Murmansk LNG Terminal,Export,Proposed,Russia,6.8,mtpa,9.25,69.27668704,33.61763022
Valentina LNG Terminal,Export,Proposed,Russia,7,mtpa,9.52,43.01687529,132.3202986
Coatzacoalcos LNG Terminal,Export,Proposed,Mexico,0.6,bcf/d,6.2,18.119088,-94.406895
Sycar Venezuela FLNG Terminal,Export,Shelved,Venezuela,,,--,10.088111,-64.862283
Aruba LNG Terminal,Import,Proposed,Aruba,,,--,12.435298,-69.920293
Clifton Pier LNG Terminal,Import,Shelved,Bahamas,,,--,25.004188,-77.538844
Northern Territory LNG Terminal,Export,Proposed,Australia,6.6,mtpa,8.98,-12.540309,130.960794
Sepetiba Bay FSRU,Import,Operating,Brazil,2.7,mtpa,3.67,-22.928227,-43.857039
Buru FLNG Terminal,Export,Proposed,Australia,,,--,-18.291312,121.98236
Nimofast Antonina LNG Terminal,Import,Proposed,Brazil,2.19,bcm/y,2.19,-25.445703,-48.692089
Dislub Maranh??o FSRU,Import,Proposed,Brazil,4.38,bcm/y,4.38,-2.533597,-44.378089
Eni Congo FLNG II Terminal,Export,Construction,Republic of the Congo,2.4,mtpa,3.26,-4.59022,11.470348
Coral North FLNG Terminal,Export,Proposed,Mozambique,3.4,mtpa,4.62,-10.9,41.2
Golar Nigeria FLNG Terminal,Export,Proposed,Nigeria,,,--,4.191751,5.771377
Richards Bay Transnet FSRU,Import,Proposed,South Africa,2,mtpa,2.72,-28.8,32.1
Richards Bay Transnet FSRU,Import,Proposed,South Africa,3,mtpa,4.08,-28.8,32.1
Port Edward LNG Terminal,Export,Proposed,Canada,0.3,mtpa,0.41,54.318709,-130.320017
Gulfstream LNG Terminal,Export,Proposed,United States,4,mtpa,5.44,29.575938,-89.816741
Grand Isle Deepwater Port Terminal,Export,Proposed,United States,2.1,mtpa,2.86,29.039441,-89.9921
Grand Isle Deepwater Port Terminal,Export,Proposed,United States,2.1,mtpa,2.86,29.039441,-89.9921
Nopetro LNG Terminal,Export,Cancelled,United States,0.01,bcf/d,0.11,29.819501,-85.310654
Ulsan LNG Terminal,Import,Construction,South Korea,2.4,mtpa,3.26,35.501837,129.396566
Ulsan LNG Terminal,Import,Construction,South Korea,4.8,mtpa,6.53,35.501837,129.396566
POSCO Dangjin LNG Terminal,Import,Proposed,South Korea,3.5,mtpa,4.76,36.96132,126.839859
Mowi LNG Terminal,Import,Operating,United Kingdom,0.22,mtpa,0.3,57.271545,-5.726805
Grangemouth FSRU,Import,Proposed,United Kingdom,5,mtpa,6.8,56.022485,-3.676664
Pilot Cork FSRU,Import,Proposed,Ireland,3,mtpa,4.08,51.826809,-8.232798
Thanh H??a LNG Terminal,Import,Proposed,Vietnam,1.2,https://www.spglobal.com/commodityinsights/en/market-insights/latest-news/lng/030424-vietnams-pv-gas-to-supply-lng-to-replace-piped-gas-in-power-plant,--,19.307579,105.820986
Firebird LNG Terminal,Export,Proposed,Suriname,2.7,mtpa,3.67,5.967844,-56.990446
Petronas ZFLNG Terminal,Export,Proposed,Malaysia,2,mtpa,2.72,7.5389,115.881
Mukran FSRU,Import,Operating,Germany,,,--,54.478384,13.598351
Mukran FSRU,Import,Operating,Germany,13.5,bcm/y,13.5,54.478384,13.598351
ACWA LNG Terminal,Import,Cancelled,Bangladesh,,,--,21.520521,91.869445
Pertamina Bangladesh FSRU,Import,Cancelled,Bangladesh,,,--,22.2337,91.866
Matarbari GE LNG Terminal,Import,Cancelled,Bangladesh,,,--,21.7281,91.8896
Gopalpur FSRU,Import,Proposed,India,4,mtpa,5.44,19.301786,84.966246
Gopalpur FSRU,Import,Proposed,India,5,mtpa,6.8,19.301786,84.966246
Madura FLNG Terminal,Export,Proposed,Indonesia,,,--,-7.371,113.2767
West Papua FLNG Terminal,Export,Proposed,Indonesia,1.2,mtpa,1.63,-2.372162,133.228061
Atimonan LNG Terminal,Import,Proposed,Philippines,,,--,14.0569,121.86168
Zhangjiagang LNG Terminal,Import,Proposed,China,3,mtpa,4.08,31.82350221,120.8224608
LNG Yakutia Terminal,Export,Proposed,Russia,0.18,mtpa,0.24,61.78134376,130.5533017
LNG Yakutia Terminal,Export,Proposed,Russia,0.35,mtpa,0.48,61.78134376,130.5533017
Arkhangelsk LNG Terminal,Export,Proposed,Russia,0.08,mtpa,0.11,64.4031577,40.82721591
Arkhangelsk LNG Terminal,Export,Proposed,Russia,0.08,mtpa,0.11,64.4031577,40.82721591
Tambey LNG Terminal,Export,Proposed,Russia,20,mtpa,27.2,71.235,71.546
Taimyr LNG Terminal,Export,Proposed,Russia,50,mtpa,68,73.153613,80.405868
Al-Faw FSRU Terminal,Import,Proposed,Iraq,1,bcf/d,10.34,29.89550003,48.43587509
Pasca FLNG Terminal,Export,Proposed,Papua New Guinea,0.75,mtpa,1.02,-8.746641,144.82941
Nador FSRU,Import,Proposed,Morocco,,,--,35.25496897,-3.177765712
Dakhla LNG Terminal,Import,Proposed,Western Sahara,,,--,23.6578,-15.9424
Argent LNG Terminal,Export,Proposed,United States,10,mtpa,13.6,29.105833,-90.194444
Argent LNG Terminal,Export,Proposed,United States,10,mtpa,13.6,29.105833,-90.194444
Gresik LNG Terminal,Import,Proposed,Indonesia,,,--,-7.086928,112.602216
Sulawesi-Maluku LNG Cluster,Import,Proposed,Indonesia,2.3,mtpa,3.13,-2.977698,124.539938
Botum Sakor LNG Terminal,Import,Proposed,Cambodia,,,--,10.890206,103.40311
Quezon LNG Terminal,Import,Proposed,Philippines,1.1,mtpa,1.5,14.2296,121.7558
Ace Gas Nigeria FLNG Terminal,Export,Proposed,Nigeria,3,mpta,--,5.550936,5.083679
Transoceanic Nigeria FLNG Terminal,Export,Proposed,Nigeria,3,mpta,--,4.247571,5.600936
Riverside LNG Terminal,Export,Proposed,Nigeria,1.4,mtpa,1.9,4.698139,7.159439
Teesside WaveCrest LNG Terminal,Import,Proposed,United Kingdom,6,mtpa,8.16,54.57423,-1.23496
Yingkou LNG Terminal,Import,Proposed,China,6.2,mtpa,8.43,40.1988392,121.977137
Salina Cruz LNG Terminal (Pilot/GFI),Export,Proposed,Mexico,0.34,mtpa,0.46,16.15999,-95.209909
Golar-Pan American FLNG Terminal,Export,Proposed,Argentina,2.45,mtpa,3.33,,
Nghi Son LNG Terminal,Import,Proposed,Vietnam,,,--,19.437793,105.768091
Northern Vietnam LNG Terminal,Import,Proposed,Vietnam,0.7,mtpa,0.95,20.823732,106.796686
Northern Vietnam LNG Terminal,Import,Proposed,Vietnam,0.5,mtpa,0.68,20.823732,106.796686
TGS Puerto Galv??n LNG Terminal,Export,Proposed,Argentina,5.84,bcm/y,5.84,-38.784331,-62.299546
Gato Negro Manzanillo LNG Terminal,Export,Proposed,Mexico,4,mtpa,5.44,19.015597,-104.273765
