id,tech,capacity_mw,lcoe_total,lcoe_pre,lcoe_cons,lcoe_fixed,lcoe_var,lcoe_infra,lcoe_fuel,lcoe_carbon
DRAXD-2,biomass,2580.0,64.90945632568088,2.0637476395143626,41.859155346511265,13.984018264840183,6.999999999999999,0.002535074815074568,0.0,0.0
biomass_27,biomass,43.0,65.0590257397703,2.0637476395143626,41.85915534651127,13.984018264840184,7.0,0.15210448890447412,0.0,0.0
biomass_120,biomass,34.0,65.09928869271559,2.0637476395143626,41.859155346511265,13.984018264840184,6.999999999999999,0.19236744184977608,0.0,0.0
biomass_181,biomass,30.0,65.12493768496222,2.063747639514363,41.85915534651127,13.984018264840183,6.999999999999999,0.2180164340964129,0.0,0.0
biomass_199,biomass,40.0,65.07043357643812,2.063747639514363,41.85915534651127,13.984018264840183,6.999999999999999,0.16351232557230966,0.0,0.0
biomass_226,biomass,30.0,65.12493768496222,2.063747639514363,41.85915534651127,13.984018264840183,6.999999999999999,0.2180164340964129,0.0,0.0
biomass_352,biomass,30.0,65.12493768496222,2.063747639514363,41.85915534651127,13.984018264840183,6.999999999999999,0.2180164340964129,0.0,0.0
biomass_369,biomass,38.0,65.07903948831036,2.063747639514363,41.85915534651127,13.984018264840184,7.0,0.1721182374445365,0.0,0.0
biomass_401,biomass,68.0,65.0031049717907,2.0637476395143626,41.859155346511265,13.984018264840184,6.999999999999999,0.09618372092488804,0.0,0.0
biomass_402,biomass,70.0,65.00035686547857,2.063747639514363,41.859155346511265,13.984018264840183,6.999999999999999,0.09343561461274838,0.0,0.0
biomass_1103,biomass,37.0,65.0836913325656,2.063747639514363,41.85915534651127,13.984018264840186,7.0,0.17677008169979425,0.0,0.0
biomass_1162,biomass,140.0,64.95363905817219,2.063747639514363,41.859155346511265,13.984018264840183,6.999999999999999,0.04671780730637419,0.0,0.0
biomass_1163,biomass,140.0,64.95363905817219,2.063747639514363,41.859155346511265,13.984018264840183,6.999999999999999,0.04671780730637419,0.0,0.0
biomass_1164,biomass,140.0,64.95363905817219,2.063747639514363,41.859155346511265,13.984018264840183,6.999999999999999,0.04671780730637419,0.0,0.0
biomass_1185,biomass,40.0,65.07043357643812,2.063747639514363,41.85915534651127,13.984018264840183,6.999999999999999,0.16351232557230966,0.0,0.0
biomass_1186,biomass,55.0,65.02583930582749,2.0637476395143626,41.859155346511265,13.984018264840184,6.999999999999999,0.11891805496167974,0.0,0.0
biomass_1259,biomass,42.0,65.06264727522041,2.063747639514363,41.85915534651127,13.984018264840186,7.000000000000001,0.15572602435458063,0.0,0.0
biomass_1273,biomass,40.0,65.07043357643812,2.063747639514363,41.85915534651127,13.984018264840183,6.999999999999999,0.16351232557230966,0.0,0.0
biomass_1394,biomass,62.0,65.0124130738157,2.063747639514363,41.85915534651127,13.984018264840184,7.0,0.1054918229498772,0.0,0.0
biomass_1400,biomass,60.0,65.01592946791402,2.063747639514363,41.85915534651127,13.984018264840183,6.999999999999999,0.10900821704820644,0.0,0.0
biomass_1403,biomass,40.0,65.07043357643812,2.063747639514363,41.85915534651127,13.984018264840183,6.999999999999999,0.16351232557230966,0.0,0.0
biomass_1404,biomass,40.0,65.07043357643812,2.063747639514363,41.85915534651127,13.984018264840183,6.999999999999999,0.16351232557230966,0.0,0.0
biomass_1463,biomass,38.0,65.07903948831036,2.063747639514363,41.85915534651127,13.984018264840184,7.0,0.1721182374445365,0.0,0.0
biomass_1608,biomass,38.0,65.07903948831036,2.063747639514363,41.85915534651127,13.984018264840184,7.0,0.1721182374445365,0.0,0.0
biomass_1611,biomass,42.0,65.06264727522041,2.063747639514363,41.85915534651127,13.984018264840186,7.000000000000001,0.15572602435458063,0.0,0.0
biomass_1625,biomass,35.0,65.09379248009131,2.063747639514363,41.859155346511265,13.984018264840183,6.999999999999999,0.18687122922549676,0.0,0.0
biomass_1632,biomass,44.0,65.05556881956791,2.0637476395143626,41.859155346511265,13.984018264840184,7.0,0.1486475687020997,0.0,0.0
biomass_1665,biomass,44.0,65.05556881956791,2.0637476395143626,41.859155346511265,13.984018264840184,7.0,0.1486475687020997,0.0,0.0
biomass_1671,biomass,44.0,65.05556881956791,2.0637476395143626,41.859155346511265,13.984018264840184,7.0,0.1486475687020997,0.0,0.0
biomass_1681,biomass,43.0,65.0590257397703,2.0637476395143626,41.85915534651127,13.984018264840184,7.0,0.15210448890447412,0.0,0.0
biomass_1784,biomass,50.0,65.03773111132367,2.0637476395143626,41.859155346511265,13.984018264840184,6.999999999999999,0.13080986045784773,0.0,0.0
biomass_1789,biomass,30.0,65.12493768496222,2.063747639514363,41.85915534651127,13.984018264840183,6.999999999999999,0.2180164340964129,0.0,0.0
biomass_1790,biomass,49.0,65.04040070031259,2.0637476395143626,41.85915534651127,13.984018264840184,6.999999999999999,0.1334794494467834,0.0,0.0
biomass_1795,biomass,49.0,65.04040070031259,2.0637476395143626,41.85915534651127,13.984018264840184,6.999999999999999,0.1334794494467834,0.0,0.0
LARKS-1,PV(50kW+),49.9,40.10832523221977,3.3273813092773117,25.35147664211285,9.651307596513076,0.0,1.7781596843165324,0.0,0.0
solar_21771,PV(50kW+),24.7,41.92248005184636,3.3273813092773117,25.351476642112853,9.651307596513076,0.0,3.5923145039431166,0.0,0.0
solar_21780,PV(50kW+),24.2,41.99670142589477,3.3273813092773117,25.351476642112853,9.651307596513076,0.0,3.6665358779915276,0.0,0.0
solar_21781,PV(50kW+),20.0,42.76667396027299,3.3273813092773117,25.35147664211285,9.651307596513076,0.0,4.436508412369749,0.0,0.0
solar_21784,PV(50kW+),21.0,42.555411654922054,3.327381309277312,25.351476642112853,9.651307596513078,0.0,4.225246107018808,0.0,0.0
solar_21789,PV(50kW+),25.0,41.87937227779904,3.3273813092773117,25.351476642112853,9.651307596513078,0.0,3.549206729895799,0.0,0.0
solar_21805,PV(50kW+),31.8,41.12042241102886,3.3273813092773117,25.35147664211285,9.651307596513076,0.0,2.790256863125628,0.0,0.0
solar_21809,PV(50kW+),29.0,41.389826521951335,3.3273813092773117,25.35147664211285,9.651307596513078,0.0,3.0596609740481027,0.0,0.0
solar_21813,PV(50kW+),37.0,40.72827820323823,3.3273813092773117,25.35147664211285,9.651307596513076,0.0,2.3981126553349994,0.0,0.0
solar_21814,PV(50kW+),28.0,41.49910012816734,3.3273813092773117,25.35147664211285,9.651307596513076,0.0,3.1689345802641062,0.0,0.0
solar_21826,PV(50kW+),31.6,41.13808226459295,3.3273813092773117,25.35147664211285,9.651307596513078,0.0,2.8079167166897143,0.0,0.0
solar_21831,PV(50kW+),40.0,40.548419754088115,3.3273813092773117,25.35147664211285,9.651307596513076,0.0,2.2182542061848745,0.0,0.0
solar_21842,PV(50kW+),24.0,42.0272558915447,3.3273813092773117,25.351476642112846,9.651307596513076,0.0,3.6970903436414573,0.0,0.0
solar_21852,PV(50kW+),41.0,40.49431599296165,3.3273813092773117,25.351476642112853,9.651307596513076,0.0,2.164150445058414,0.0,0.0
solar_21862,PV(50kW+),21.3,42.49590114637249,3.3273813092773112,25.35147664211285,9.651307596513076,0.0,4.165735598469247,0.0,0.0
solar_21864,PV(50kW+),20.0,42.76667396027299,3.3273813092773117,25.35147664211285,9.651307596513076,0.0,4.436508412369749,0.0,0.0
solar_21865,PV(50kW+),36.0,40.7948924436642,3.3273813092773117,25.35147664211285,9.651307596513076,0.0,2.4647268957609714,0.0,0.0
solar_21874,PV(50kW+),23.0,42.187998949963884,3.3273813092773112,25.351476642112846,9.651307596513076,0.0,3.8578334020606504,0.0,0.0
solar_21880,PV(50kW+),20.0,42.76667396027299,3.3273813092773117,25.35147664211285,9.651307596513076,0.0,4.436508412369749,0.0,0.0
solar_21887,PV(50kW+),30.0,41.28783782281641,3.3273813092773117,25.35147664211285,9.651307596513076,0.0,2.9576722749131656,0.0,0.0
solar_21899,PV(50kW+),40.0,40.548419754088115,3.3273813092773117,25.35147664211285,9.651307596513076,0.0,2.2182542061848745,0.0,0.0
solar_21909,PV(50kW+),31.3,41.164995204369525,3.3273813092773117,25.35147664211285,9.651307596513076,0.0,2.834829656466293,0.0,0.0
solar_21923,PV(50kW+),25.0,41.87937227779904,3.3273813092773117,25.351476642112853,9.651307596513078,0.0,3.549206729895799,0.0,0.0
solar_21940,PV(50kW+),32.5,41.0603245709,3.3273813092773117,25.35147664211285,9.651307596513078,0.0,2.7301590229967685,0.0,0.0
solar_21942,PV(50kW+),49.0,40.14098530805416,3.3273813092773117,25.351476642112853,9.651307596513076,0.0,1.810819760150918,0.0,0.0
solar_21944,PV(50kW+),29.9,41.297729703334504,3.3273813092773117,25.35147664211285,9.651307596513076,0.0,2.96756415543127,0.0,0.0
solar_21950,PV(50kW+),20.0,42.76667396027299,3.3273813092773117,25.35147664211285,9.651307596513076,0.0,4.436508412369749,0.0,0.0
solar_21951,PV(50kW+),31.0,41.192429039754686,3.3273813092773112,25.35147664211285,9.651307596513076,0.0,2.8622634918514507,0.0,0.0
solar_21954,PV(50kW+),22.0,42.36335501369392,3.3273813092773117,25.35147664211285,9.651307596513076,0.0,4.033189465790681,0.0,0.0
solar_21960,PV(50kW+),25.7,41.78270127737386,3.3273813092773117,25.35147664211285,9.651307596513076,0.0,3.4525357294706214,0.0,0.0
solar_21961,PV(50kW+),22.0,42.36335501369392,3.3273813092773117,25.35147664211285,9.651307596513076,0.0,4.033189465790681,0.0,0.0
solar_21976,PV(50kW+),20.5,42.65846643802007,3.3273813092773117,25.351476642112853,9.651307596513076,0.0,4.328300890116828,0.0,0.0
solar_21978,PV(50kW+),32.0,41.10298330563433,3.3273813092773117,25.35147664211285,9.651307596513076,0.0,2.772817757731093,0.0,0.0
solar_21981,PV(50kW+),39.5,40.57649892125501,3.3273813092773117,25.35147664211285,9.651307596513076,0.0,2.2463333733517716,0.0,0.0
solar_21987,PV(50kW+),38.1,40.65904135492148,3.3273813092773117,25.35147664211285,9.651307596513076,0.0,2.3288758070182407,0.0,0.0
solar_21989,PV(50kW+),24.8,41.907994912717555,3.3273813092773112,25.35147664211285,9.651307596513076,0.0,3.577829364814313,0.0,0.0
solar_22016,PV(50kW+),49.9,40.10832523221977,3.3273813092773117,25.35147664211285,9.651307596513076,0.0,1.7781596843165324,0.0,0.0
solar_22038,PV(50kW+),28.5,41.44350478465394,3.3273813092773117,25.35147664211285,9.651307596513076,0.0,3.1133392367507007,0.0,0.0
solar_22039,PV(50kW+),25.2,41.851203970418915,3.327381309277312,25.351476642112853,9.651307596513076,0.0,3.521038422515674,0.0,0.0
solar_22047,PV(50kW+),24.0,42.0272558915447,3.3273813092773117,25.351476642112846,9.651307596513076,0.0,3.6970903436414573,0.0,0.0
solar_22052,PV(50kW+),25.7,41.78270127737386,3.3273813092773117,25.35147664211285,9.651307596513076,0.0,3.4525357294706214,0.0,0.0
solar_22067,PV(50kW+),37.0,40.72827820323823,3.3273813092773117,25.35147664211285,9.651307596513076,0.0,2.3981126553349994,0.0,0.0
solar_22076,PV(50kW+),27.1,41.604341497991605,3.3273813092773112,25.35147664211285,9.651307596513076,0.0,3.274175950088375,0.0,0.0
solar_22077,PV(50kW+),20.9,42.57562814347238,3.3273813092773117,25.35147664211285,9.651307596513076,0.0,4.245462595569138,0.0,0.0
solar_22079,PV(50kW+),46.0,40.25908224893355,3.3273813092773112,25.351476642112846,9.651307596513076,0.0,1.9289167010303252,0.0,0.0
solar_22080,PV(50kW+),21.3,42.49590114637249,3.3273813092773112,25.35147664211285,9.651307596513076,0.0,4.165735598469247,0.0,0.0
solar_22083,PV(50kW+),45.0,40.301947064512014,3.3273813092773117,25.35147664211285,9.651307596513076,0.0,1.9717815166087773,0.0,0.0
solar_22090,PV(50kW+),49.9,40.10832523221977,3.3273813092773117,25.35147664211285,9.651307596513076,0.0,1.7781596843165324,0.0,0.0
solar_22098,PV(50kW+),75.0,39.5132344578685,3.3273813092773117,25.35147664211285,9.651307596513076,0.0,1.1830689099652663,0.0,0.0
solar_22101,PV(50kW+),26.0,41.742864326649205,3.3273813092773117,25.35147664211285,9.651307596513076,0.0,3.4126987787459604,0.0,0.0
solar_22107,PV(50kW+),20.0,42.76667396027299,3.3273813092773117,25.35147664211285,9.651307596513076,0.0,4.436508412369749,0.0,0.0
solar_22115,PV(50kW+),27.0,41.61646807558453,3.3273813092773112,25.351476642112846,9.651307596513076,0.0,3.286302527681295,0.0,0.0
solar_22116,PV(50kW+),69.8,39.601371396719784,3.3273813092773117,25.35147664211285,9.651307596513076,0.0,1.271205848816547,0.0,0.0
solar_22124,PV(50kW+),22.6,42.2562791871685,3.3273813092773112,25.351476642112846,9.651307596513076,0.0,3.926113639265264,0.0,0.0
solar_22152,PV(50kW+),22.0,42.36335501369392,3.3273813092773117,25.35147664211285,9.651307596513076,0.0,4.033189465790681,0.0,0.0
solar_22153,PV(50kW+),31.6,41.13808226459295,3.3273813092773117,25.35147664211285,9.651307596513078,0.0,2.8079167166897143,0.0,0.0
solar_22162,PV(50kW+),20.5,42.65846643802007,3.3273813092773117,25.351476642112853,9.651307596513076,0.0,4.328300890116828,0.0,0.0
solar_22170,PV(50kW+),20.0,42.76667396027299,3.3273813092773117,25.35147664211285,9.651307596513076,0.0,4.436508412369749,0.0,0.0
solar_22171,PV(50kW+),20.0,42.76667396027299,3.3273813092773117,25.35147664211285,9.651307596513076,0.0,4.436508412369749,0.0,0.0
solar_22177,PV(50kW+),26.0,41.742864326649205,3.3273813092773117,25.35147664211285,9.651307596513076,0.0,3.4126987787459604,0.0,0.0
solar_22181,PV(50kW+),38.0,40.665169975466256,3.3273813092773112,25.351476642112846,9.651307596513076,0.0,2.3350044275630255,0.0,0.0
solar_22187,PV(50kW+),48.0,40.17871071972396,3.3273813092773117,25.351476642112846,9.651307596513076,0.0,1.8485451718207286,0.0,0.0
solar_22200,PV(50kW+),24.0,42.0272558915447,3.3273813092773117,25.351476642112846,9.651307596513076,0.0,3.6970903436414573,0.0,0.0
solar_22207,PV(50kW+),34.8,40.87988302627666,3.3273813092773112,25.35147664211285,9.651307596513076,0.0,2.549717478373419,0.0,0.0
solar_22222,PV(50kW+),38.0,40.665169975466256,3.3273813092773112,25.351476642112846,9.651307596513076,0.0,2.3350044275630255,0.0,0.0
solar_22229,PV(50kW+),30.0,41.28783782281641,3.3273813092773117,25.35147664211285,9.651307596513076,0.0,2.9576722749131656,0.0,0.0
solar_22232,PV(50kW+),49.6,40.119080230310395,3.3273813092773112,25.35147664211285,9.651307596513076,0.0,1.7889146824071565,0.0,0.0
solar_22235,PV(50kW+),32.0,41.10298330563433,3.3273813092773117,25.35147664211285,9.651307596513076,0.0,2.772817757731093,0.0,0.0
solar_22244,PV(50kW+),72.2,39.55911524662062,3.3273813092773112,25.35147664211285,9.651307596513076,0.0,1.2289496987173818,0.0,0.0
solar_22252,PV(50kW+),26.0,41.742864326649205,3.3273813092773117,25.35147664211285,9.651307596513076,0.0,3.4126987787459604,0.0,0.0
solar_22254,PV(50kW+),40.0,40.548419754088115,3.3273813092773117,25.35147664211285,9.651307596513076,0.0,2.2182542061848745,0.0,0.0
solar_22259,PV(50kW+),48.0,40.17871071972396,3.3273813092773117,25.351476642112846,9.651307596513076,0.0,1.8485451718207286,0.0,0.0
solar_22265,PV(50kW+),50.0,40.104768912851135,3.3273813092773117,25.351476642112853,9.651307596513078,0.0,1.7746033649478996,0.0,0.0
solar_22273,PV(50kW+),24.0,42.0272558915447,3.3273813092773117,25.351476642112846,9.651307596513076,0.0,3.6970903436414573,0.0,0.0
solar_22275,PV(50kW+),40.0,40.548419754088115,3.3273813092773117,25.35147664211285,9.651307596513076,0.0,2.2182542061848745,0.0,0.0
solar_22280,PV(50kW+),20.0,42.76667396027299,3.3273813092773117,25.35147664211285,9.651307596513076,0.0,4.436508412369749,0.0,0.0
solar_22289,PV(50kW+),20.0,42.76667396027299,3.3273813092773117,25.35147664211285,9.651307596513076,0.0,4.436508412369749,0.0,0.0
solar_22296,PV(50kW+),49.9,40.10832523221977,3.3273813092773117,25.35147664211285,9.651307596513076,0.0,1.7781596843165324,0.0,0.0
solar_22305,PV(50kW+),25.0,41.87937227779904,3.3273813092773117,25.351476642112853,9.651307596513078,0.0,3.549206729895799,0.0,0.0
solar_22306,PV(50kW+),24.0,42.0272558915447,3.3273813092773117,25.351476642112846,9.651307596513076,0.0,3.6970903436414573,0.0,0.0
solar_22310,PV(50kW+),22.0,42.36335501369392,3.3273813092773117,25.35147664211285,9.651307596513076,0.0,4.033189465790681,0.0,0.0
solar_22317,PV(50kW+),30.0,41.28783782281641,3.3273813092773117,25.35147664211285,9.651307596513076,0.0,2.9576722749131656,0.0,0.0
solar_22330,PV(50kW+),20.4,42.67968359924613,3.3273813092773112,25.35147664211285,9.651307596513076,0.0,4.349518051342891,0.0,0.0
solar_22335,PV(50kW+),45.0,40.301947064512014,3.3273813092773117,25.35147664211285,9.651307596513076,0.0,1.9717815166087773,0.0,0.0
solar_22336,PV(50kW+),27.0,41.61646807558453,3.3273813092773112,25.351476642112846,9.651307596513076,0.0,3.286302527681295,0.0,0.0
solar_22353,PV(50kW+),49.9,40.10832523221977,3.3273813092773117,25.35147664211285,9.651307596513076,0.0,1.7781596843165324,0.0,0.0
solar_22382,PV(50kW+),41.0,40.49431599296165,3.3273813092773117,25.351476642112853,9.651307596513076,0.0,2.164150445058414,0.0,0.0
solar_22383,PV(50kW+),34.0,40.939876378708966,3.3273813092773117,25.35147664211285,9.651307596513076,0.0,2.6097108308057346,0.0,0.0
solar_22388,PV(50kW+),34.7,40.88723091526332,3.3273813092773117,25.35147664211285,9.651307596513076,0.0,2.5570653673600856,0.0,0.0
solar_67512,PV(50kW+),5.3,55.071706726657006,3.327381309277312,25.351476642112853,9.651307596513076,0.0,16.74154117875377,0.0,0.0
solar_67513,PV(50kW+),9.0,48.18907313094712,3.3273813092773117,25.35147664211285,9.651307596513076,0.0,9.858907583043885,0.0,0.0
solar_67514,PV(50kW+),7.0,51.00590386895966,3.3273813092773117,25.35147664211285,9.651307596513076,0.0,12.675738321056425,0.0,0.0
solar_67515,PV(50kW+),3.9,61.081490739542986,3.3273813092773117,25.35147664211285,9.651307596513078,0.0,22.751325191639737,0.0,0.0
solar_67517,PV(50kW+),7.7,49.85356402159089,3.3273813092773112,25.35147664211285,9.651307596513076,0.0,11.523398473687658,0.0,0.0
solar_67518,PV(50kW+),1.5,97.48361104616654,3.3273813092773117,25.351476642112846,9.651307596513076,0.0,59.153445498263316,0.0,0.0
solar_67521,PV(50kW+),5.0,56.07619919738223,3.3273813092773117,25.35147664211285,9.651307596513076,0.0,17.746033649478996,0.0,0.0
solar_67523,PV(50kW+),4.0,60.512707609751985,3.3273813092773117,25.35147664211285,9.651307596513076,0.0,22.182542061848743,0.0,0.0
solar_67524,PV(50kW+),5.0,56.07619919738223,3.3273813092773117,25.35147664211285,9.651307596513076,0.0,17.746033649478996,0.0,0.0
solar_67526,PV(50kW+),1.2,112.2719724207324,3.327381309277312,25.35147664211285,9.651307596513076,0.0,73.94180687282915,0.0,0.0
solar_67528,PV(50kW+),15.8,43.94599898128267,3.3273813092773117,25.35147664211285,9.651307596513078,0.0,5.615833433379429,0.0,0.0
solar_67530,PV(50kW+),1.5,97.48361104616654,3.3273813092773117,25.351476642112846,9.651307596513076,0.0,59.153445498263316,0.0,0.0
solar_67531,PV(50kW+),1.2,112.2719724207324,3.327381309277312,25.35147664211285,9.651307596513076,0.0,73.94180687282915,0.0,0.0
solar_67532,PV(50kW+),1.2,112.2719724207324,3.327381309277312,25.35147664211285,9.651307596513076,0.0,73.94180687282915,0.0,0.0
solar_67533,PV(50kW+),1.3,106.58414112282243,3.3273813092773112,25.35147664211285,9.651307596513076,0.0,68.2539755749192,0.0,0.0
solar_67534,PV(50kW+),5.0,56.07619919738223,3.3273813092773117,25.35147664211285,9.651307596513076,0.0,17.746033649478996,0.0,0.0
solar_67537,PV(50kW+),1.2,112.2719724207324,3.327381309277312,25.35147664211285,9.651307596513076,0.0,73.94180687282915,0.0,0.0
solar_67542,PV(50kW+),1.5,97.48361104616654,3.3273813092773117,25.351476642112846,9.651307596513076,0.0,59.153445498263316,0.0,0.0
solar_67546,PV(50kW+),6.0,53.11852692246906,3.3273813092773117,25.351476642112846,9.651307596513076,0.0,14.788361374565829,0.0,0.0
solar_67547,PV(50kW+),1.7,90.52438216401794,3.3273813092773117,25.35147664211285,9.651307596513076,0.0,52.194216616114694,0.0,0.0
solar_67548,PV(50kW+),5.0,56.07619919738223,3.3273813092773117,25.35147664211285,9.651307596513076,0.0,17.746033649478996,0.0,0.0
solar_67550,PV(50kW+),4.7,57.20892474947663,3.3273813092773112,25.351476642112846,9.651307596513076,0.0,18.878759201573395,0.0,0.0
solar_67552,PV(50kW+),4.2,59.45639608299728,3.3273813092773117,25.35147664211285,9.651307596513078,0.0,21.12623053509404,0.0,0.0
solar_67554,PV(50kW+),8.0,49.42143657882761,3.3273813092773117,25.35147664211285,9.651307596513076,0.0,11.091271030924371,0.0,0.0
solar_67555,PV(50kW+),6.2,52.64148300716049,3.3273813092773112,25.35147664211285,9.651307596513076,0.0,14.311317459257252,0.0,0.0
solar_67557,PV(50kW+),5.0,56.07619919738223,3.3273813092773117,25.35147664211285,9.651307596513076,0.0,17.746033649478996,0.0,0.0
solar_67558,PV(50kW+),5.0,56.07619919738223,3.3273813092773117,25.35147664211285,9.651307596513076,0.0,17.746033649478996,0.0,0.0
solar_67560,PV(50kW+),6.8,51.37871970193191,3.3273813092773117,25.35147664211285,9.651307596513076,0.0,13.048554154028674,0.0,0.0
solar_67562,PV(50kW+),5.0,56.07619919738223,3.3273813092773117,25.35147664211285,9.651307596513076,0.0,17.746033649478996,0.0,0.0
solar_67563,PV(50kW+),19.0,43.000174403029284,3.3273813092773112,25.351476642112846,9.651307596513076,0.0,4.670008855126051,0.0,0.0
solar_67564,PV(50kW+),5.0,56.07619919738223,3.3273813092773117,25.35147664211285,9.651307596513076,0.0,17.746033649478996,0.0,0.0
solar_67566,PV(50kW+),14.7,44.366231415072974,3.327381309277312,25.351476642112853,9.651307596513076,0.0,6.036065867169726,0.0,0.0
solar_67567,PV(50kW+),7.3,50.48498311603954,3.3273813092773117,25.351476642112853,9.651307596513078,0.0,12.154817568136298,0.0,0.0
solar_67568,PV(50kW+),5.0,56.07619919738223,3.3273813092773117,25.35147664211285,9.651307596513076,0.0,17.746033649478996,0.0,0.0
solar_67569,PV(50kW+),1.8,87.62470346312267,3.3273813092773112,25.351476642112846,9.651307596513076,0.0,49.29453791521942,0.0,0.0
solar_67570,PV(50kW+),1.6,93.7865207025251,3.3273813092773117,25.351476642112853,9.651307596513076,0.0,55.45635515462185,0.0,0.0
solar_67571,PV(50kW+),4.2,59.45639608299728,3.3273813092773117,25.35147664211285,9.651307596513078,0.0,21.12623053509404,0.0,0.0
solar_67572,PV(50kW+),5.0,56.07619919738223,3.3273813092773117,25.35147664211285,9.651307596513076,0.0,17.746033649478996,0.0,0.0
solar_67573,PV(50kW+),5.0,56.07619919738223,3.3273813092773117,25.35147664211285,9.651307596513076,0.0,17.746033649478996,0.0,0.0
solar_67575,PV(50kW+),2.5,73.82223284686124,3.3273813092773117,25.35147664211285,9.651307596513076,0.0,35.49206729895799,0.0,0.0
solar_67576,PV(50kW+),2.0,82.69524967160072,3.3273813092773117,25.35147664211285,9.651307596513076,0.0,44.365084123697486,0.0,0.0
solar_67577,PV(50kW+),3.0,67.90688829703488,3.3273813092773117,25.351476642112846,9.651307596513076,0.0,29.576722749131658,0.0,0.0
solar_67579,PV(50kW+),2.8,70.0195113505443,3.3273813092773117,25.351476642112846,9.651307596513076,0.0,31.68934580264106,0.0,0.0
solar_67581,PV(50kW+),5.0,56.07619919738223,3.3273813092773117,25.35147664211285,9.651307596513076,0.0,17.746033649478996,0.0,0.0
solar_67583,PV(50kW+),5.0,56.07619919738223,3.3273813092773117,25.35147664211285,9.651307596513076,0.0,17.746033649478996,0.0,0.0
solar_67584,PV(50kW+),5.0,56.07619919738223,3.3273813092773117,25.35147664211285,9.651307596513076,0.0,17.746033649478996,0.0,0.0
solar_67586,PV(50kW+),12.0,45.72434623518615,3.3273813092773117,25.351476642112846,9.651307596513076,0.0,7.3941806872829146,0.0,0.0
solar_67587,PV(50kW+),5.0,56.07619919738223,3.3273813092773117,25.35147664211285,9.651307596513076,0.0,17.746033649478996,0.0,0.0
solar_67588,PV(50kW+),5.0,56.07619919738223,3.3273813092773117,25.35147664211285,9.651307596513076,0.0,17.746033649478996,0.0,0.0
solar_67589,PV(50kW+),13.5,44.90277060326583,3.3273813092773112,25.351476642112846,9.651307596513076,0.0,6.57260505536259,0.0,0.0
solar_67590,PV(50kW+),7.0,51.00590386895966,3.3273813092773117,25.35147664211285,9.651307596513076,0.0,12.675738321056425,0.0,0.0
solar_67593,PV(50kW+),8.7,48.529035461396916,3.3273813092773112,25.35147664211285,9.651307596513076,0.0,10.198869913493676,0.0,0.0
solar_67594,PV(50kW+),6.0,53.11852692246906,3.3273813092773117,25.351476642112846,9.651307596513076,0.0,14.788361374565829,0.0,0.0
solar_67595,PV(50kW+),13.0,45.15556310539516,3.3273813092773117,25.35147664211285,9.651307596513076,0.0,6.825397557491921,0.0,0.0
solar_67598,PV(50kW+),18.0,43.25961933942518,3.3273813092773117,25.35147664211285,9.651307596513076,0.0,4.929453791521943,0.0,0.0
solar_67599,PV(50kW+),7.2,50.65380002670809,3.3273813092773112,25.351476642112846,9.651307596513076,0.0,12.323634478804856,0.0,0.0
solar_67600,PV(50kW+),5.0,56.07619919738223,3.3273813092773117,25.35147664211285,9.651307596513076,0.0,17.746033649478996,0.0,0.0
solar_67601,PV(50kW+),5.4,54.761678186309716,3.3273813092773117,25.35147664211285,9.651307596513076,0.0,16.431512638406474,0.0,0.0
solar_67603,PV(50kW+),4.2,59.45639608299728,3.3273813092773117,25.35147664211285,9.651307596513078,0.0,21.12623053509404,0.0,0.0
solar_67605,PV(50kW+),4.0,60.512707609751985,3.3273813092773117,25.35147664211285,9.651307596513076,0.0,22.182542061848743,0.0,0.0
solar_67606,PV(50kW+),2.5,73.82223284686124,3.3273813092773117,25.35147664211285,9.651307596513076,0.0,35.49206729895799,0.0,0.0
solar_67608,PV(50kW+),1.0,127.0603337952982,3.3273813092773117,25.35147664211285,9.651307596513076,0.0,88.73016824739497,0.0,0.0
solar_67609,PV(50kW+),1.8,87.62470346312267,3.3273813092773112,25.351476642112846,9.651307596513076,0.0,49.29453791521942,0.0,0.0
solar_67611,PV(50kW+),5.5,54.462923411065965,3.3273813092773117,25.35147664211285,9.651307596513076,0.0,16.132757863162723,0.0,0.0
solar_67613,PV(50kW+),1.2,112.2719724207324,3.327381309277312,25.35147664211285,9.651307596513076,0.0,73.94180687282915,0.0,0.0
solar_67614,PV(50kW+),5.0,56.07619919738223,3.3273813092773117,25.35147664211285,9.651307596513076,0.0,17.746033649478996,0.0,0.0
solar_67615,PV(50kW+),5.0,56.07619919738223,3.3273813092773117,25.35147664211285,9.651307596513076,0.0,17.746033649478996,0.0,0.0
solar_67618,PV(50kW+),5.0,56.07619919738223,3.3273813092773117,25.35147664211285,9.651307596513076,0.0,17.746033649478996,0.0,0.0
solar_67619,PV(50kW+),14.4,44.491982787305666,3.3273813092773112,25.351476642112846,9.651307596513076,0.0,6.161817239402428,0.0,0.0
solar_67620,PV(50kW+),11.0,46.3965444794846,3.3273813092773117,25.35147664211285,9.651307596513076,0.0,8.066378931581362,0.0,0.0
solar_67621,PV(50kW+),8.1,49.28450730684089,3.3273813092773117,25.35147664211285,9.651307596513076,0.0,10.954341758937652,0.0,0.0
solar_67622,PV(50kW+),5.2,55.39365944163304,3.3273813092773112,25.35147664211285,9.651307596513076,0.0,17.0634938937298,0.0,0.0
solar_67624,PV(50kW+),1.7,90.52438216401794,3.3273813092773117,25.35147664211285,9.651307596513076,0.0,52.194216616114694,0.0,0.0
solar_67625,PV(50kW+),7.0,51.00590386895966,3.3273813092773117,25.35147664211285,9.651307596513076,0.0,12.675738321056425,0.0,0.0
solar_67626,PV(50kW+),4.6,57.61933255820649,3.3273813092773112,25.35147664211285,9.651307596513076,0.0,19.289167010303256,0.0,0.0
solar_67627,PV(50kW+),4.0,60.512707609751985,3.3273813092773117,25.35147664211285,9.651307596513076,0.0,22.182542061848743,0.0,0.0
solar_67630,PV(50kW+),2.0,82.69524967160072,3.3273813092773117,25.35147664211285,9.651307596513076,0.0,44.365084123697486,0.0,0.0
solar_67631,PV(50kW+),5.0,56.07619919738223,3.3273813092773117,25.35147664211285,9.651307596513076,0.0,17.746033649478996,0.0,0.0
solar_67632,PV(50kW+),8.0,49.42143657882761,3.3273813092773117,25.35147664211285,9.651307596513076,0.0,11.091271030924371,0.0,0.0
solar_67633,PV(50kW+),5.0,56.07619919738223,3.3273813092773117,25.35147664211285,9.651307596513076,0.0,17.746033649478996,0.0,0.0
solar_67634,PV(50kW+),5.1,55.7282377532748,3.3273813092773112,25.35147664211285,9.651307596513076,0.0,17.398072205371562,0.0,0.0
solar_67635,PV(50kW+),2.9,68.92677528838426,3.327381309277312,25.35147664211285,9.651307596513076,0.0,30.59660974048103,0.0,0.0
solar_67637,PV(50kW+),4.2,59.45639608299728,3.3273813092773117,25.35147664211285,9.651307596513078,0.0,21.12623053509404,0.0,0.0
solar_67639,PV(50kW+),5.0,56.07619919738223,3.3273813092773117,25.35147664211285,9.651307596513076,0.0,17.746033649478996,0.0,0.0
solar_67640,PV(50kW+),8.2,49.1509177731953,3.3273813092773112,25.351476642112846,9.651307596513076,0.0,10.82075222529207,0.0,0.0
solar_67643,PV(50kW+),5.0,56.07619919738223,3.3273813092773117,25.35147664211285,9.651307596513076,0.0,17.746033649478996,0.0,0.0
solar_67644,PV(50kW+),5.0,56.07619919738223,3.3273813092773117,25.35147664211285,9.651307596513076,0.0,17.746033649478996,0.0,0.0
solar_67645,PV(50kW+),5.0,56.07619919738223,3.3273813092773117,25.35147664211285,9.651307596513076,0.0,17.746033649478996,0.0,0.0
solar_67646,PV(50kW+),5.0,56.07619919738223,3.3273813092773117,25.35147664211285,9.651307596513076,0.0,17.746033649478996,0.0,0.0
solar_67648,PV(50kW+),14.5,44.44948749599944,3.3273813092773117,25.35147664211285,9.651307596513078,0.0,6.119321948096205,0.0,0.0
solar_67649,PV(50kW+),4.8,56.815617266110536,3.327381309277312,25.35147664211285,9.651307596513076,0.0,18.485451718207287,0.0,0.0
solar_67650,PV(50kW+),5.0,56.07619919738223,3.3273813092773117,25.35147664211285,9.651307596513076,0.0,17.746033649478996,0.0,0.0
solar_67653,PV(50kW+),5.0,56.07619919738223,3.3273813092773117,25.35147664211285,9.651307596513076,0.0,17.746033649478996,0.0,0.0
solar_67654,PV(50kW+),4.5,58.047980713991,3.3273813092773117,25.35147664211285,9.651307596513076,0.0,19.71781516608777,0.0,0.0
solar_67655,PV(50kW+),5.6,54.17483844922377,3.3273813092773117,25.351476642112846,9.651307596513076,0.0,15.84467290132053,0.0,0.0
solar_67656,PV(50kW+),12.0,45.72434623518615,3.3273813092773117,25.351476642112846,9.651307596513076,0.0,7.3941806872829146,0.0,0.0
solar_67657,PV(50kW+),12.0,45.72434623518615,3.3273813092773117,25.351476642112846,9.651307596513076,0.0,7.3941806872829146,0.0,0.0
solar_67658,PV(50kW+),3.5,63.681642190016085,3.3273813092773117,25.35147664211285,9.651307596513076,0.0,25.35147664211285,0.0,0.0
solar_67659,PV(50kW+),2.7,71.19319082471618,3.3273813092773117,25.35147664211285,9.651307596513076,0.0,32.86302527681295,0.0,0.0
solar_67660,PV(50kW+),3.0,67.90688829703488,3.3273813092773117,25.351476642112846,9.651307596513076,0.0,29.576722749131658,0.0,0.0
solar_67661,PV(50kW+),5.0,56.07619919738223,3.3273813092773117,25.35147664211285,9.651307596513076,0.0,17.746033649478996,0.0,0.0
solar_67664,PV(50kW+),1.8,87.62470346312267,3.3273813092773112,25.351476642112846,9.651307596513076,0.0,49.29453791521942,0.0,0.0
solar_67666,PV(50kW+),1.5,97.48361104616654,3.3273813092773117,25.351476642112846,9.651307596513076,0.0,59.153445498263316,0.0,0.0
solar_67667,PV(50kW+),6.1,52.87609476878767,3.3273813092773117,25.35147664211285,9.651307596513076,0.0,14.545929220884421,0.0,0.0
solar_67669,PV(50kW+),10.5,46.78065776194086,3.327381309277312,25.351476642112853,9.651307596513078,0.0,8.450492214037617,0.0,0.0
solar_67670,PV(50kW+),5.0,56.07619919738223,3.3273813092773117,25.35147664211285,9.651307596513076,0.0,17.746033649478996,0.0,0.0
solar_67674,PV(50kW+),2.3,76.90849956850974,3.3273813092773112,25.35147664211285,9.651307596513076,0.0,38.57833402060651,0.0,0.0
solar_67675,PV(50kW+),11.3,46.18239282643376,3.3273813092773112,25.351476642112846,9.651307596513076,0.0,7.852227278530528,0.0,0.0
solar_67676,PV(50kW+),5.3,55.071706726657006,3.327381309277312,25.351476642112853,9.651307596513076,0.0,16.74154117875377,0.0,0.0
solar_67677,PV(50kW+),12.6,45.37224239293459,3.327381309277312,25.351476642112853,9.651307596513076,0.0,7.042076845031348,0.0,0.0
solar_67678,PV(50kW+),5.5,54.462923411065965,3.3273813092773117,25.35147664211285,9.651307596513076,0.0,16.132757863162723,0.0,0.0
solar_67679,PV(50kW+),5.0,56.07619919738223,3.3273813092773117,25.35147664211285,9.651307596513076,0.0,17.746033649478996,0.0,0.0
solar_67680,PV(50kW+),3.8,61.68020982353349,3.3273813092773117,25.35147664211285,9.651307596513076,0.0,23.350044275630257,0.0,0.0
solar_67681,PV(50kW+),5.0,56.07619919738223,3.3273813092773117,25.35147664211285,9.651307596513076,0.0,17.746033649478996,0.0,0.0
solar_67683,PV(50kW+),12.3,45.544000364764614,3.3273813092773112,25.35147664211285,9.651307596513076,0.0,7.213834816861379,0.0,0.0
solar_67686,PV(50kW+),10.0,47.203182372642736,3.3273813092773117,25.35147664211285,9.651307596513076,0.0,8.873016824739498,0.0,0.0
solar_67687,PV(50kW+),2.4,75.30106898431782,3.327381309277312,25.35147664211285,9.651307596513076,0.0,36.970903436414574,0.0,0.0
solar_67688,PV(50kW+),5.0,56.07619919738223,3.3273813092773117,25.35147664211285,9.651307596513076,0.0,17.746033649478996,0.0,0.0
solar_67690,PV(50kW+),5.0,56.07619919738223,3.3273813092773117,25.35147664211285,9.651307596513076,0.0,17.746033649478996,0.0,0.0
solar_67691,PV(50kW+),8.3,49.02054726445685,3.327381309277312,25.35147664211285,9.651307596513076,0.0,10.69038171655361,0.0,0.0
solar_67698,PV(50kW+),2.2,78.66206020581004,3.3273813092773117,25.35147664211285,9.651307596513076,0.0,40.3318946579068,0.0,0.0
solar_67699,PV(50kW+),18.8,43.04985534829659,3.3273813092773112,25.351476642112846,9.651307596513076,0.0,4.719689800393349,0.0,0.0
solar_67700,PV(50kW+),5.3,55.071706726657006,3.327381309277312,25.351476642112853,9.651307596513076,0.0,16.74154117875377,0.0,0.0
solar_67701,PV(50kW+),7.9,49.56183241466209,3.3273813092773117,25.35147664211285,9.651307596513078,0.0,11.231666866758857,0.0,0.0
solar_67704,PV(50kW+),5.0,56.07619919738223,3.3273813092773117,25.35147664211285,9.651307596513076,0.0,17.746033649478996,0.0,0.0
solar_67705,PV(50kW+),18.9,43.024883444590806,3.3273813092773117,25.35147664211285,9.651307596513076,0.0,4.694717896687565,0.0,0.0
solar_67706,PV(50kW+),5.0,56.07619919738223,3.3273813092773117,25.35147664211285,9.651307596513076,0.0,17.746033649478996,0.0,0.0
solar_67707,PV(50kW+),8.7,48.529035461396916,3.3273813092773112,25.35147664211285,9.651307596513076,0.0,10.198869913493676,0.0,0.0
solar_67708,PV(50kW+),5.0,56.07619919738223,3.3273813092773117,25.35147664211285,9.651307596513076,0.0,17.746033649478996,0.0,0.0
solar_67712,PV(50kW+),1.9,85.03025409916376,3.3273813092773117,25.35147664211285,9.651307596513076,0.0,46.700088551260514,0.0,0.0
solar_67713,PV(50kW+),4.1,59.971669998487386,3.3273813092773112,25.351476642112846,9.651307596513076,0.0,21.64150445058414,0.0,0.0
solar_67716,PV(50kW+),1.1,118.99395486371684,3.3273813092773117,25.35147664211285,9.651307596513076,0.0,80.6637893158136,0.0,0.0
solar_67720,PV(50kW+),3.0,67.90688829703488,3.3273813092773117,25.351476642112846,9.651307596513076,0.0,29.576722749131658,0.0,0.0
solar_67721,PV(50kW+),4.7,57.20892474947663,3.3273813092773112,25.351476642112846,9.651307596513076,0.0,18.878759201573395,0.0,0.0
solar_67724,PV(50kW+),3.0,67.90688829703488,3.3273813092773117,25.351476642112846,9.651307596513076,0.0,29.576722749131658,0.0,0.0
solar_67725,PV(50kW+),8.0,49.42143657882761,3.3273813092773117,25.35147664211285,9.651307596513076,0.0,11.091271030924371,0.0,0.0
solar_67731,PV(50kW+),15.0,44.24551009772958,3.3273813092773117,25.35147664211285,9.651307596513076,0.0,5.915344549826331,0.0,0.0
solar_67732,PV(50kW+),8.9,48.29984737345324,3.3273813092773117,25.351476642112853,9.651307596513078,0.0,9.969681825549996,0.0,0.0
solar_67733,PV(50kW+),16.2,43.807336427372064,3.3273813092773117,25.35147664211285,9.651307596513076,0.0,5.477170879468826,0.0,0.0
solar_67734,PV(50kW+),4.0,60.512707609751985,3.3273813092773117,25.35147664211285,9.651307596513076,0.0,22.182542061848743,0.0,0.0
solar_67739,PV(50kW+),4.7,57.20892474947663,3.3273813092773112,25.351476642112846,9.651307596513076,0.0,18.878759201573395,0.0,0.0
solar_67740,PV(50kW+),5.0,56.07619919738223,3.3273813092773117,25.35147664211285,9.651307596513076,0.0,17.746033649478996,0.0,0.0
solar_67744,PV(50kW+),5.0,56.07619919738223,3.3273813092773117,25.35147664211285,9.651307596513076,0.0,17.746033649478996,0.0,0.0
solar_67748,PV(50kW+),14.4,44.491982787305666,3.3273813092773112,25.351476642112846,9.651307596513076,0.0,6.161817239402428,0.0,0.0
solar_67749,PV(50kW+),1.0,127.0603337952982,3.3273813092773117,25.35147664211285,9.651307596513076,0.0,88.73016824739497,0.0,0.0
solar_67750,PV(50kW+),11.5,46.04583235202453,3.3273813092773112,25.351476642112846,9.651307596513076,0.0,7.715666804121301,0.0,0.0
solar_67751,PV(50kW+),5.0,56.07619919738223,3.3273813092773117,25.35147664211285,9.651307596513076,0.0,17.746033649478996,0.0,0.0
solar_67752,PV(50kW+),10.0,47.203182372642736,3.3273813092773117,25.35147664211285,9.651307596513076,0.0,8.873016824739498,0.0,0.0
solar_67753,PV(50kW+),4.4,58.496112876856635,3.3273813092773117,25.35147664211285,9.651307596513076,0.0,20.1659473289534,0.0,0.0
solar_67756,PV(50kW+),5.0,56.07619919738223,3.3273813092773117,25.35147664211285,9.651307596513076,0.0,17.746033649478996,0.0,0.0
solar_67759,PV(50kW+),3.3,65.21809531984111,3.3273813092773117,25.35147664211285,9.651307596513076,0.0,26.88792977193787,0.0,0.0
solar_67760,PV(50kW+),4.1,59.971669998487386,3.3273813092773112,25.351476642112846,9.651307596513076,0.0,21.64150445058414,0.0,0.0
solar_67761,PV(50kW+),1.0,127.0603337952982,3.3273813092773117,25.35147664211285,9.651307596513076,0.0,88.73016824739497,0.0,0.0
solar_67762,PV(50kW+),3.0,67.90688829703488,3.3273813092773117,25.351476642112846,9.651307596513076,0.0,29.576722749131658,0.0,0.0
solar_67763,PV(50kW+),5.0,56.07619919738223,3.3273813092773117,25.35147664211285,9.651307596513076,0.0,17.746033649478996,0.0,0.0
solar_67764,PV(50kW+),18.0,43.25961933942518,3.3273813092773117,25.35147664211285,9.651307596513076,0.0,4.929453791521943,0.0,0.0
solar_67765,PV(50kW+),3.8,61.68020982353349,3.3273813092773117,25.35147664211285,9.651307596513076,0.0,23.350044275630257,0.0,0.0
solar_67766,PV(50kW+),2.4,75.30106898431782,3.327381309277312,25.35147664211285,9.651307596513076,0.0,36.970903436414574,0.0,0.0
solar_67767,PV(50kW+),3.8,61.68020982353349,3.3273813092773117,25.35147664211285,9.651307596513076,0.0,23.350044275630257,0.0,0.0
solar_67768,PV(50kW+),1.2,112.2719724207324,3.327381309277312,25.35147664211285,9.651307596513076,0.0,73.94180687282915,0.0,0.0
solar_67769,PV(50kW+),5.0,56.07619919738223,3.3273813092773117,25.35147664211285,9.651307596513076,0.0,17.746033649478996,0.0,0.0
solar_67770,PV(50kW+),6.4,52.1942543365587,3.3273813092773117,25.351476642112853,9.651307596513076,0.0,13.864088788655463,0.0,0.0
solar_67773,PV(50kW+),8.3,49.02054726445685,3.327381309277312,25.35147664211285,9.651307596513076,0.0,10.69038171655361,0.0,0.0
solar_67776,PV(50kW+),5.0,56.07619919738223,3.3273813092773117,25.35147664211285,9.651307596513076,0.0,17.746033649478996,0.0,0.0
solar_67777,PV(50kW+),5.0,56.07619919738223,3.3273813092773117,25.35147664211285,9.651307596513076,0.0,17.746033649478996,0.0,0.0
solar_67778,PV(50kW+),6.6,51.77413043387217,3.3273813092773117,25.35147664211285,9.651307596513076,0.0,13.443964885968935,0.0,0.0
solar_67779,PV(50kW+),8.3,49.02054726445685,3.327381309277312,25.35147664211285,9.651307596513076,0.0,10.69038171655361,0.0,0.0
solar_67781,PV(50kW+),1.0,127.0603337952982,3.3273813092773117,25.35147664211285,9.651307596513076,0.0,88.73016824739497,0.0,0.0
solar_67782,PV(50kW+),5.0,56.07619919738223,3.3273813092773117,25.35147664211285,9.651307596513076,0.0,17.746033649478996,0.0,0.0
solar_67784,PV(50kW+),8.3,49.02054726445685,3.327381309277312,25.35147664211285,9.651307596513076,0.0,10.69038171655361,0.0,0.0
solar_67785,PV(50kW+),5.0,56.07619919738223,3.3273813092773117,25.35147664211285,9.651307596513076,0.0,17.746033649478996,0.0,0.0
solar_67787,PV(50kW+),10.0,47.203182372642736,3.3273813092773117,25.35147664211285,9.651307596513076,0.0,8.873016824739498,0.0,0.0
solar_67788,PV(50kW+),7.0,51.00590386895966,3.3273813092773117,25.35147664211285,9.651307596513076,0.0,12.675738321056425,0.0,0.0
solar_67792,PV(50kW+),2.5,73.82223284686124,3.3273813092773117,25.35147664211285,9.651307596513076,0.0,35.49206729895799,0.0,0.0
solar_67794,PV(50kW+),12.0,45.72434623518615,3.3273813092773117,25.351476642112846,9.651307596513076,0.0,7.3941806872829146,0.0,0.0
solar_67795,PV(50kW+),17.8,43.31500646067824,3.3273813092773117,25.351476642112853,9.651307596513078,0.0,4.984840912774998,0.0,0.0
solar_67796,PV(50kW+),6.7,51.57347424154428,3.3273813092773112,25.35147664211285,9.651307596513076,0.0,13.243308693641039,0.0,0.0
solar_67799,PV(50kW+),5.0,56.07619919738223,3.3273813092773117,25.35147664211285,9.651307596513076,0.0,17.746033649478996,0.0,0.0
solar_67800,PV(50kW+),9.0,48.18907313094712,3.3273813092773117,25.35147664211285,9.651307596513076,0.0,9.858907583043885,0.0,0.0
solar_67807,PV(50kW+),6.3,52.41431923796594,3.327381309277312,25.351476642112853,9.651307596513076,0.0,14.084153690062696,0.0,0.0
solar_67808,PV(50kW+),1.2,112.2719724207324,3.327381309277312,25.35147664211285,9.651307596513076,0.0,73.94180687282915,0.0,0.0
solar_67811,PV(50kW+),11.9,45.78648220734819,3.3273813092773117,25.35147664211285,9.651307596513078,0.0,7.456316659444956,0.0,0.0
solar_67812,PV(50kW+),5.0,56.07619919738223,3.3273813092773117,25.35147664211285,9.651307596513076,0.0,17.746033649478996,0.0,0.0
solar_67813,PV(50kW+),8.0,49.42143657882761,3.3273813092773117,25.35147664211285,9.651307596513076,0.0,11.091271030924371,0.0,0.0
solar_67814,PV(50kW+),4.0,60.512707609751985,3.3273813092773117,25.35147664211285,9.651307596513076,0.0,22.182542061848743,0.0,0.0
solar_67815,PV(50kW+),3.0,67.90688829703488,3.3273813092773117,25.351476642112846,9.651307596513076,0.0,29.576722749131658,0.0,0.0
solar_67817,PV(50kW+),3.2,66.05834312521417,3.3273813092773117,25.351476642112853,9.651307596513076,0.0,27.728177577310927,0.0,0.0
solar_67818,PV(50kW+),12.3,45.544000364764614,3.3273813092773112,25.35147664211285,9.651307596513076,0.0,7.213834816861379,0.0,0.0
solar_67819,PV(50kW+),4.3,58.965088396134625,3.3273813092773117,25.35147664211285,9.651307596513076,0.0,20.63492284823139,0.0,0.0
solar_67821,PV(50kW+),16.0,43.87580106336543,3.3273813092773117,25.35147664211285,9.651307596513076,0.0,5.545635515462186,0.0,0.0
solar_67822,PV(50kW+),3.5,63.681642190016085,3.3273813092773117,25.35147664211285,9.651307596513076,0.0,25.35147664211285,0.0,0.0
solar_67823,PV(50kW+),19.5,42.880430586231185,3.3273813092773112,25.351476642112846,9.651307596513076,0.0,4.550265038327947,0.0,0.0
solar_67824,PV(50kW+),5.0,56.07619919738223,3.3273813092773117,25.35147664211285,9.651307596513076,0.0,17.746033649478996,0.0,0.0
solar_67825,PV(50kW+),1.0,127.0603337952982,3.3273813092773117,25.35147664211285,9.651307596513076,0.0,88.73016824739497,0.0,0.0
solar_67826,PV(50kW+),5.0,56.07619919738223,3.3273813092773117,25.35147664211285,9.651307596513076,0.0,17.746033649478996,0.0,0.0
solar_67827,PV(50kW+),1.3,106.58414112282243,3.3273813092773112,25.35147664211285,9.651307596513076,0.0,68.2539755749192,0.0,0.0
solar_67829,PV(50kW+),5.0,56.07619919738223,3.3273813092773117,25.35147664211285,9.651307596513076,0.0,17.746033649478996,0.0,0.0
solar_67831,PV(50kW+),5.0,56.07619919738223,3.3273813092773117,25.35147664211285,9.651307596513076,0.0,17.746033649478996,0.0,0.0
solar_67832,PV(50kW+),5.0,56.07619919738223,3.3273813092773117,25.35147664211285,9.651307596513076,0.0,17.746033649478996,0.0,0.0
solar_67833,PV(50kW+),13.0,45.15556310539516,3.3273813092773117,25.35147664211285,9.651307596513076,0.0,6.825397557491921,0.0,0.0
solar_67834,PV(50kW+),5.0,56.07619919738223,3.3273813092773117,25.35147664211285,9.651307596513076,0.0,17.746033649478996,0.0,0.0
solar_67835,PV(50kW+),6.3,52.41431923796594,3.327381309277312,25.351476642112853,9.651307596513076,0.0,14.084153690062696,0.0,0.0
solar_67837,PV(50kW+),18.0,43.25961933942518,3.3273813092773117,25.35147664211285,9.651307596513076,0.0,4.929453791521943,0.0,0.0
solar_67838,PV(50kW+),1.1,118.99395486371684,3.3273813092773117,25.35147664211285,9.651307596513076,0.0,80.6637893158136,0.0,0.0
solar_67839,PV(50kW+),6.2,52.64148300716049,3.3273813092773112,25.35147664211285,9.651307596513076,0.0,14.311317459257252,0.0,0.0
solar_67840,PV(50kW+),2.9,68.92677528838426,3.327381309277312,25.35147664211285,9.651307596513076,0.0,30.59660974048103,0.0,0.0
solar_67842,PV(50kW+),1.4,101.70885715318536,3.3273813092773117,25.351476642112846,9.651307596513076,0.0,63.37869160528212,0.0,0.0
solar_67844,PV(50kW+),7.5,50.16085464755591,3.3273813092773117,25.35147664211285,9.651307596513076,0.0,11.830689099652663,0.0,0.0
solar_67845,PV(50kW+),5.0,56.07619919738223,3.3273813092773117,25.35147664211285,9.651307596513076,0.0,17.746033649478996,0.0,0.0
solar_67846,PV(50kW+),13.5,44.90277060326583,3.3273813092773112,25.351476642112846,9.651307596513076,0.0,6.57260505536259,0.0,0.0
solar_67847,PV(50kW+),10.0,47.203182372642736,3.3273813092773117,25.35147664211285,9.651307596513076,0.0,8.873016824739498,0.0,0.0
solar_67848,PV(50kW+),7.9,49.56183241466209,3.3273813092773117,25.35147664211285,9.651307596513078,0.0,11.231666866758857,0.0,0.0
solar_67849,PV(50kW+),2.0,82.69524967160072,3.3273813092773117,25.35147664211285,9.651307596513076,0.0,44.365084123697486,0.0,0.0
solar_67850,PV(50kW+),4.7,57.20892474947663,3.3273813092773112,25.351476642112846,9.651307596513076,0.0,18.878759201573395,0.0,0.0
solar_67853,PV(50kW+),1.3,106.58414112282243,3.3273813092773112,25.35147664211285,9.651307596513076,0.0,68.2539755749192,0.0,0.0
solar_67854,PV(50kW+),3.2,66.05834312521417,3.3273813092773117,25.351476642112853,9.651307596513076,0.0,27.728177577310927,0.0,0.0
solar_67858,PV(50kW+),5.0,56.07619919738223,3.3273813092773117,25.35147664211285,9.651307596513076,0.0,17.746033649478996,0.0,0.0
solar_67860,PV(50kW+),5.0,56.07619919738223,3.3273813092773117,25.35147664211285,9.651307596513076,0.0,17.746033649478996,0.0,0.0
solar_67861,PV(50kW+),4.0,60.512707609751985,3.3273813092773117,25.35147664211285,9.651307596513076,0.0,22.182542061848743,0.0,0.0
solar_67865,PV(50kW+),5.0,56.07619919738223,3.3273813092773117,25.35147664211285,9.651307596513076,0.0,17.746033649478996,0.0,0.0
solar_67867,PV(50kW+),4.5,58.047980713991,3.3273813092773117,25.35147664211285,9.651307596513076,0.0,19.71781516608777,0.0,0.0
solar_67868,PV(50kW+),5.0,56.07619919738223,3.3273813092773117,25.35147664211285,9.651307596513076,0.0,17.746033649478996,0.0,0.0
solar_67869,PV(50kW+),8.0,49.42143657882761,3.3273813092773117,25.35147664211285,9.651307596513076,0.0,11.091271030924371,0.0,0.0
solar_67870,PV(50kW+),14.0,44.66803470843145,3.3273813092773117,25.35147664211285,9.651307596513076,0.0,6.3378691605282125,0.0,0.0
solar_67871,PV(50kW+),4.8,56.815617266110536,3.327381309277312,25.35147664211285,9.651307596513076,0.0,18.485451718207287,0.0,0.0
solar_67874,PV(50kW+),12.3,45.544000364764614,3.3273813092773112,25.35147664211285,9.651307596513076,0.0,7.213834816861379,0.0,0.0
solar_67875,PV(50kW+),10.2,47.02920165058902,3.3273813092773112,25.35147664211285,9.651307596513076,0.0,8.699036102685781,0.0,0.0
solar_67876,PV(50kW+),7.1,50.827372343310984,3.3273813092773117,25.351476642112846,9.651307596513076,0.0,12.497206795407743,0.0,0.0
solar_67878,PV(50kW+),8.0,49.42143657882761,3.3273813092773117,25.35147664211285,9.651307596513076,0.0,11.091271030924371,0.0,0.0
solar_67880,PV(50kW+),8.0,49.42143657882761,3.3273813092773117,25.35147664211285,9.651307596513076,0.0,11.091271030924371,0.0,0.0
solar_67881,PV(50kW+),5.0,56.07619919738223,3.3273813092773117,25.35147664211285,9.651307596513076,0.0,17.746033649478996,0.0,0.0
solar_67886,PV(50kW+),3.4,64.42727385596059,3.3273813092773117,25.35147664211285,9.651307596513076,0.0,26.097108308057347,0.0,0.0
solar_67887,PV(50kW+),4.9,56.43836314941242,3.3273813092773117,25.35147664211285,9.651307596513076,0.0,18.108197601509175,0.0,0.0
solar_67888,PV(50kW+),2.5,73.82223284686124,3.3273813092773117,25.35147664211285,9.651307596513076,0.0,35.49206729895799,0.0,0.0
solar_67890,PV(50kW+),5.0,56.07619919738223,3.3273813092773117,25.35147664211285,9.651307596513076,0.0,17.746033649478996,0.0,0.0
solar_67892,PV(50kW+),15.0,44.24551009772958,3.3273813092773117,25.35147664211285,9.651307596513076,0.0,5.915344549826331,0.0,0.0
solar_67894,PV(50kW+),8.5,48.76900887112617,3.3273813092773117,25.35147664211285,9.651307596513076,0.0,10.438843323222939,0.0,0.0
solar_67896,PV(50kW+),2.2,78.66206020581004,3.3273813092773117,25.35147664211285,9.651307596513076,0.0,40.3318946579068,0.0,0.0
solar_67900,PV(50kW+),1.0,127.0603337952982,3.3273813092773117,25.35147664211285,9.651307596513076,0.0,88.73016824739497,0.0,0.0
solar_67901,PV(50kW+),2.6,72.45715333536283,3.3273813092773112,25.35147664211285,9.651307596513076,0.0,34.1269877874596,0.0,0.0
solar_67902,PV(50kW+),12.5,45.42857900769484,3.3273813092773117,25.351476642112853,9.651307596513078,0.0,7.098413459791598,0.0,0.0
solar_67904,PV(50kW+),5.4,54.761678186309716,3.3273813092773117,25.35147664211285,9.651307596513076,0.0,16.431512638406474,0.0,0.0
solar_67905,PV(50kW+),1.8,87.62470346312267,3.3273813092773112,25.351476642112846,9.651307596513076,0.0,49.29453791521942,0.0,0.0
solar_67906,PV(50kW+),7.3,50.48498311603954,3.3273813092773117,25.351476642112853,9.651307596513078,0.0,12.154817568136298,0.0,0.0
solar_67907,PV(50kW+),1.8,87.62470346312267,3.3273813092773112,25.351476642112846,9.651307596513076,0.0,49.29453791521942,0.0,0.0
solar_67908,PV(50kW+),5.0,56.07619919738223,3.3273813092773117,25.35147664211285,9.651307596513076,0.0,17.746033649478996,0.0,0.0
solar_67909,PV(50kW+),5.0,56.07619919738223,3.3273813092773117,25.35147664211285,9.651307596513076,0.0,17.746033649478996,0.0,0.0
solar_67911,PV(50kW+),6.7,51.57347424154428,3.3273813092773112,25.35147664211285,9.651307596513076,0.0,13.243308693641039,0.0,0.0
solar_67912,PV(50kW+),1.3,106.58414112282243,3.3273813092773112,25.35147664211285,9.651307596513076,0.0,68.2539755749192,0.0,0.0
solar_67914,PV(50kW+),4.8,56.815617266110536,3.327381309277312,25.35147664211285,9.651307596513076,0.0,18.485451718207287,0.0,0.0
solar_67915,PV(50kW+),5.0,56.07619919738223,3.3273813092773117,25.35147664211285,9.651307596513076,0.0,17.746033649478996,0.0,0.0
solar_67917,PV(50kW+),1.5,97.48361104616654,3.3273813092773117,25.351476642112846,9.651307596513076,0.0,59.153445498263316,0.0,0.0
solar_67919,PV(50kW+),5.0,56.07619919738223,3.3273813092773117,25.35147664211285,9.651307596513076,0.0,17.746033649478996,0.0,0.0
solar_67920,PV(50kW+),4.7,57.20892474947663,3.3273813092773112,25.351476642112846,9.651307596513076,0.0,18.878759201573395,0.0,0.0
solar_67921,PV(50kW+),6.0,53.11852692246906,3.3273813092773117,25.351476642112846,9.651307596513076,0.0,14.788361374565829,0.0,0.0
solar_67923,PV(50kW+),16.5,43.70775150229082,3.3273813092773117,25.35147664211285,9.651307596513076,0.0,5.377585954387574,0.0,0.0
solar_67924,PV(50kW+),12.5,45.42857900769484,3.3273813092773117,25.351476642112853,9.651307596513078,0.0,7.098413459791598,0.0,0.0
solar_67925,PV(50kW+),6.4,52.1942543365587,3.3273813092773117,25.351476642112853,9.651307596513076,0.0,13.864088788655463,0.0,0.0
solar_67926,PV(50kW+),1.6,93.7865207025251,3.3273813092773117,25.351476642112853,9.651307596513076,0.0,55.45635515462185,0.0,0.0
solar_67927,PV(50kW+),5.9,53.36917711525831,3.3273813092773117,25.35147664211285,9.651307596513076,0.0,15.039011567355079,0.0,0.0
solar_67930,PV(50kW+),6.1,52.87609476878767,3.3273813092773117,25.35147664211285,9.651307596513076,0.0,14.545929220884421,0.0,0.0
solar_67932,PV(50kW+),7.5,50.16085464755591,3.3273813092773117,25.35147664211285,9.651307596513076,0.0,11.830689099652663,0.0,0.0
solar_67934,PV(50kW+),3.0,67.90688829703488,3.3273813092773117,25.351476642112846,9.651307596513076,0.0,29.576722749131658,0.0,0.0
solar_67937,PV(50kW+),5.0,56.07619919738223,3.3273813092773117,25.35147664211285,9.651307596513076,0.0,17.746033649478996,0.0,0.0
solar_67938,PV(50kW+),5.0,56.07619919738223,3.3273813092773117,25.35147664211285,9.651307596513076,0.0,17.746033649478996,0.0,0.0
solar_67939,PV(50kW+),10.0,47.203182372642736,3.3273813092773117,25.35147664211285,9.651307596513076,0.0,8.873016824739498,0.0,0.0
solar_67940,PV(50kW+),5.0,56.07619919738223,3.3273813092773117,25.35147664211285,9.651307596513076,0.0,17.746033649478996,0.0,0.0
solar_67942,PV(50kW+),1.0,127.0603337952982,3.3273813092773117,25.35147664211285,9.651307596513076,0.0,88.73016824739497,0.0,0.0
solar_67944,PV(50kW+),4.9,56.43836314941242,3.3273813092773117,25.35147664211285,9.651307596513076,0.0,18.108197601509175,0.0,0.0
solar_67945,PV(50kW+),3.3,65.21809531984111,3.3273813092773117,25.35147664211285,9.651307596513076,0.0,26.88792977193787,0.0,0.0
solar_67946,PV(50kW+),10.5,46.78065776194086,3.327381309277312,25.351476642112853,9.651307596513078,0.0,8.450492214037617,0.0,0.0
solar_67947,PV(50kW+),2.6,72.45715333536283,3.3273813092773112,25.35147664211285,9.651307596513076,0.0,34.1269877874596,0.0,0.0
solar_67948,PV(50kW+),4.7,57.20892474947663,3.3273813092773112,25.351476642112846,9.651307596513076,0.0,18.878759201573395,0.0,0.0
solar_67949,PV(50kW+),5.0,56.07619919738223,3.3273813092773117,25.35147664211285,9.651307596513076,0.0,17.746033649478996,0.0,0.0
solar_67951,PV(50kW+),6.0,53.11852692246906,3.3273813092773117,25.351476642112846,9.651307596513076,0.0,14.788361374565829,0.0,0.0
solar_67952,PV(50kW+),5.0,56.07619919738223,3.3273813092773117,25.35147664211285,9.651307596513076,0.0,17.746033649478996,0.0,0.0
solar_67953,PV(50kW+),2.0,82.69524967160072,3.3273813092773117,25.35147664211285,9.651307596513076,0.0,44.365084123697486,0.0,0.0
solar_67955,PV(50kW+),8.0,49.42143657882761,3.3273813092773117,25.35147664211285,9.651307596513076,0.0,11.091271030924371,0.0,0.0
solar_67958,PV(50kW+),1.0,127.0603337952982,3.3273813092773117,25.35147664211285,9.651307596513076,0.0,88.73016824739497,0.0,0.0
solar_67959,PV(50kW+),1.2,112.2719724207324,3.327381309277312,25.35147664211285,9.651307596513076,0.0,73.94180687282915,0.0,0.0
solar_67960,PV(50kW+),11.8,45.84967133158077,3.3273813092773117,25.35147664211285,9.651307596513076,0.0,7.519505783677539,0.0,0.0
solar_67961,PV(50kW+),5.0,56.07619919738223,3.3273813092773117,25.35147664211285,9.651307596513076,0.0,17.746033649478996,0.0,0.0
solar_67963,PV(50kW+),5.0,56.07619919738223,3.3273813092773117,25.35147664211285,9.651307596513076,0.0,17.746033649478996,0.0,0.0
solar_67965,PV(50kW+),5.0,56.07619919738223,3.3273813092773117,25.35147664211285,9.651307596513076,0.0,17.746033649478996,0.0,0.0
solar_67969,PV(50kW+),9.9,47.292808805215856,3.3273813092773117,25.35147664211285,9.651307596513078,0.0,8.962643257312623,0.0,0.0
solar_67971,PV(50kW+),5.0,56.07619919738223,3.3273813092773117,25.35147664211285,9.651307596513076,0.0,17.746033649478996,0.0,0.0
solar_67972,PV(50kW+),6.0,53.11852692246906,3.3273813092773117,25.351476642112846,9.651307596513076,0.0,14.788361374565829,0.0,0.0
solar_67977,PV(50kW+),1.4,101.70885715318536,3.3273813092773117,25.351476642112846,9.651307596513076,0.0,63.37869160528212,0.0,0.0
solar_67979,PV(50kW+),1.9,85.03025409916376,3.3273813092773117,25.35147664211285,9.651307596513076,0.0,46.700088551260514,0.0,0.0
solar_67980,PV(50kW+),2.0,82.69524967160072,3.3273813092773117,25.35147664211285,9.651307596513076,0.0,44.365084123697486,0.0,0.0
solar_67983,PV(50kW+),2.0,82.69524967160072,3.3273813092773117,25.35147664211285,9.651307596513076,0.0,44.365084123697486,0.0,0.0
solar_67984,PV(50kW+),1.4,101.70885715318536,3.3273813092773117,25.351476642112846,9.651307596513076,0.0,63.37869160528212,0.0,0.0
solar_67985,PV(50kW+),4.5,58.047980713991,3.3273813092773117,25.35147664211285,9.651307596513076,0.0,19.71781516608777,0.0,0.0
solar_67987,PV(50kW+),5.0,56.07619919738223,3.3273813092773117,25.35147664211285,9.651307596513076,0.0,17.746033649478996,0.0,0.0
solar_67988,PV(50kW+),11.9,45.78648220734819,3.3273813092773117,25.35147664211285,9.651307596513078,0.0,7.456316659444956,0.0,0.0
solar_67991,PV(50kW+),5.0,56.07619919738223,3.3273813092773117,25.35147664211285,9.651307596513076,0.0,17.746033649478996,0.0,0.0
solar_67992,PV(50kW+),5.0,56.07619919738223,3.3273813092773117,25.35147664211285,9.651307596513076,0.0,17.746033649478996,0.0,0.0
solar_67993,PV(50kW+),2.6,72.45715333536283,3.3273813092773112,25.35147664211285,9.651307596513076,0.0,34.1269877874596,0.0,0.0
solar_67997,PV(50kW+),7.3,50.48498311603954,3.3273813092773117,25.351476642112853,9.651307596513078,0.0,12.154817568136298,0.0,0.0
solar_67998,PV(50kW+),5.0,56.07619919738223,3.3273813092773117,25.35147664211285,9.651307596513076,0.0,17.746033649478996,0.0,0.0
solar_67999,PV(50kW+),6.8,51.37871970193191,3.3273813092773117,25.35147664211285,9.651307596513076,0.0,13.048554154028674,0.0,0.0
solar_68000,PV(50kW+),6.0,53.11852692246906,3.3273813092773117,25.351476642112846,9.651307596513076,0.0,14.788361374565829,0.0,0.0
solar_68004,PV(50kW+),4.6,57.61933255820649,3.3273813092773112,25.35147664211285,9.651307596513076,0.0,19.289167010303256,0.0,0.0
solar_68005,PV(50kW+),4.9,56.43836314941242,3.3273813092773117,25.35147664211285,9.651307596513076,0.0,18.108197601509175,0.0,0.0
solar_68006,PV(50kW+),5.0,56.07619919738223,3.3273813092773117,25.35147664211285,9.651307596513076,0.0,17.746033649478996,0.0,0.0
solar_68007,PV(50kW+),5.0,56.07619919738223,3.3273813092773117,25.35147664211285,9.651307596513076,0.0,17.746033649478996,0.0,0.0
solar_68008,PV(50kW+),6.6,51.77413043387217,3.3273813092773117,25.35147664211285,9.651307596513076,0.0,13.443964885968935,0.0,0.0
solar_68009,PV(50kW+),6.2,52.64148300716049,3.3273813092773112,25.35147664211285,9.651307596513076,0.0,14.311317459257252,0.0,0.0
solar_68010,PV(50kW+),6.1,52.87609476878767,3.3273813092773117,25.35147664211285,9.651307596513076,0.0,14.545929220884421,0.0,0.0
solar_68012,PV(50kW+),5.0,56.07619919738223,3.3273813092773117,25.35147664211285,9.651307596513076,0.0,17.746033649478996,0.0,0.0
solar_68015,PV(50kW+),4.9,56.43836314941242,3.3273813092773117,25.35147664211285,9.651307596513076,0.0,18.108197601509175,0.0,0.0
solar_68016,PV(50kW+),5.0,56.07619919738223,3.3273813092773117,25.35147664211285,9.651307596513076,0.0,17.746033649478996,0.0,0.0
solar_68017,PV(50kW+),5.0,56.07619919738223,3.3273813092773117,25.35147664211285,9.651307596513076,0.0,17.746033649478996,0.0,0.0
solar_68019,PV(50kW+),2.9,68.92677528838426,3.327381309277312,25.35147664211285,9.651307596513076,0.0,30.59660974048103,0.0,0.0
solar_68021,PV(50kW+),1.0,127.0603337952982,3.3273813092773117,25.35147664211285,9.651307596513076,0.0,88.73016824739497,0.0,0.0
solar_68022,PV(50kW+),4.2,59.45639608299728,3.3273813092773117,25.35147664211285,9.651307596513078,0.0,21.12623053509404,0.0,0.0
solar_68024,PV(50kW+),14.2,44.57876894560711,3.3273813092773117,25.351476642112846,9.651307596513076,0.0,6.248603397703872,0.0,0.0
solar_68025,PV(50kW+),1.4,101.70885715318536,3.3273813092773117,25.351476642112846,9.651307596513076,0.0,63.37869160528212,0.0,0.0
solar_68027,PV(50kW+),13.2,45.05214799088771,3.3273813092773117,25.35147664211285,9.651307596513076,0.0,6.7219824429844675,0.0,0.0
solar_68028,PV(50kW+),10.0,47.203182372642736,3.3273813092773117,25.35147664211285,9.651307596513076,0.0,8.873016824739498,0.0,0.0
solar_68029,PV(50kW+),10.4,46.861912494768134,3.3273813092773112,25.35147664211285,9.651307596513076,0.0,8.5317469468649,0.0,0.0
solar_68031,PV(50kW+),2.4,75.30106898431782,3.327381309277312,25.35147664211285,9.651307596513076,0.0,36.970903436414574,0.0,0.0
solar_68033,PV(50kW+),3.0,67.90688829703488,3.3273813092773117,25.351476642112846,9.651307596513076,0.0,29.576722749131658,0.0,0.0
solar_68035,PV(50kW+),5.0,56.07619919738223,3.3273813092773117,25.35147664211285,9.651307596513076,0.0,17.746033649478996,0.0,0.0
solar_68036,PV(50kW+),1.1,118.99395486371684,3.3273813092773117,25.35147664211285,9.651307596513076,0.0,80.6637893158136,0.0,0.0
solar_68037,PV(50kW+),7.0,51.00590386895966,3.3273813092773117,25.35147664211285,9.651307596513076,0.0,12.675738321056425,0.0,0.0
solar_68038,PV(50kW+),4.1,59.971669998487386,3.3273813092773112,25.351476642112846,9.651307596513076,0.0,21.64150445058414,0.0,0.0
solar_68039,PV(50kW+),13.0,45.15556310539516,3.3273813092773117,25.35147664211285,9.651307596513076,0.0,6.825397557491921,0.0,0.0
solar_68043,PV(50kW+),13.2,45.05214799088771,3.3273813092773117,25.35147664211285,9.651307596513076,0.0,6.7219824429844675,0.0,0.0
solar_68045,PV(50kW+),10.0,47.203182372642736,3.3273813092773117,25.35147664211285,9.651307596513076,0.0,8.873016824739498,0.0,0.0
solar_68046,PV(50kW+),5.0,56.07619919738223,3.3273813092773117,25.35147664211285,9.651307596513076,0.0,17.746033649478996,0.0,0.0
solar_68047,PV(50kW+),5.0,56.07619919738223,3.3273813092773117,25.35147664211285,9.651307596513076,0.0,17.746033649478996,0.0,0.0
solar_68055,PV(50kW+),4.2,59.45639608299728,3.3273813092773117,25.35147664211285,9.651307596513078,0.0,21.12623053509404,0.0,0.0
solar_68056,PV(50kW+),2.9,68.92677528838426,3.327381309277312,25.35147664211285,9.651307596513076,0.0,30.59660974048103,0.0,0.0
solar_68057,PV(50kW+),1.0,127.0603337952982,3.3273813092773117,25.35147664211285,9.651307596513076,0.0,88.73016824739497,0.0,0.0
solar_68059,PV(50kW+),1.4,101.70885715318536,3.3273813092773117,25.351476642112846,9.651307596513076,0.0,63.37869160528212,0.0,0.0
solar_68061,PV(50kW+),10.0,47.203182372642736,3.3273813092773117,25.35147664211285,9.651307596513076,0.0,8.873016824739498,0.0,0.0
solar_68063,PV(50kW+),4.4,58.496112876856635,3.3273813092773117,25.35147664211285,9.651307596513076,0.0,20.1659473289534,0.0,0.0
solar_68064,PV(50kW+),2.5,73.82223284686124,3.3273813092773117,25.35147664211285,9.651307596513076,0.0,35.49206729895799,0.0,0.0
solar_68065,PV(50kW+),5.5,54.462923411065965,3.3273813092773117,25.35147664211285,9.651307596513076,0.0,16.132757863162723,0.0,0.0
solar_68068,PV(50kW+),6.4,52.1942543365587,3.3273813092773117,25.351476642112853,9.651307596513076,0.0,13.864088788655463,0.0,0.0
solar_68069,PV(50kW+),5.0,56.07619919738223,3.3273813092773117,25.35147664211285,9.651307596513076,0.0,17.746033649478996,0.0,0.0
solar_68070,PV(50kW+),5.0,56.07619919738223,3.3273813092773117,25.35147664211285,9.651307596513076,0.0,17.746033649478996,0.0,0.0
solar_68071,PV(50kW+),5.0,56.07619919738223,3.3273813092773117,25.35147664211285,9.651307596513076,0.0,17.746033649478996,0.0,0.0
solar_68072,PV(50kW+),10.6,46.700936137280124,3.327381309277312,25.351476642112853,9.651307596513076,0.0,8.370770589376885,0.0,0.0
solar_68074,PV(50kW+),5.9,53.36917711525831,3.3273813092773117,25.35147664211285,9.651307596513076,0.0,15.039011567355079,0.0,0.0
solar_68075,PV(50kW+),1.0,127.0603337952982,3.3273813092773117,25.35147664211285,9.651307596513076,0.0,88.73016824739497,0.0,0.0
solar_68076,PV(50kW+),12.0,45.72434623518615,3.3273813092773117,25.351476642112846,9.651307596513076,0.0,7.3941806872829146,0.0,0.0
solar_68077,PV(50kW+),5.0,56.07619919738223,3.3273813092773117,25.35147664211285,9.651307596513076,0.0,17.746033649478996,0.0,0.0
solar_68078,PV(50kW+),5.0,56.07619919738223,3.3273813092773117,25.35147664211285,9.651307596513076,0.0,17.746033649478996,0.0,0.0
solar_68079,PV(50kW+),1.0,127.0603337952982,3.3273813092773117,25.35147664211285,9.651307596513076,0.0,88.73016824739497,0.0,0.0
solar_68080,PV(50kW+),1.3,106.58414112282243,3.3273813092773112,25.35147664211285,9.651307596513076,0.0,68.2539755749192,0.0,0.0
solar_68082,PV(50kW+),2.0,82.69524967160072,3.3273813092773117,25.35147664211285,9.651307596513076,0.0,44.365084123697486,0.0,0.0
solar_68083,PV(50kW+),10.5,46.78065776194086,3.327381309277312,25.351476642112853,9.651307596513078,0.0,8.450492214037617,0.0,0.0
solar_68084,PV(50kW+),5.0,56.07619919738223,3.3273813092773117,25.35147664211285,9.651307596513076,0.0,17.746033649478996,0.0,0.0
solar_68087,PV(50kW+),13.1,45.10346083396392,3.3273813092773117,25.35147664211285,9.651307596513076,0.0,6.7732952860606845,0.0,0.0
solar_68088,PV(50kW+),5.0,56.07619919738223,3.3273813092773117,25.35147664211285,9.651307596513076,0.0,17.746033649478996,0.0,0.0
solar_68090,PV(50kW+),10.0,47.203182372642736,3.3273813092773117,25.35147664211285,9.651307596513076,0.0,8.873016824739498,0.0,0.0
solar_68091,PV(50kW+),5.0,56.07619919738223,3.3273813092773117,25.35147664211285,9.651307596513076,0.0,17.746033649478996,0.0,0.0
solar_68093,PV(50kW+),4.7,57.20892474947663,3.3273813092773112,25.351476642112846,9.651307596513076,0.0,18.878759201573395,0.0,0.0
solar_68097,PV(50kW+),3.0,67.90688829703488,3.3273813092773117,25.351476642112846,9.651307596513076,0.0,29.576722749131658,0.0,0.0
solar_68098,PV(50kW+),5.0,56.07619919738223,3.3273813092773117,25.35147664211285,9.651307596513076,0.0,17.746033649478996,0.0,0.0
solar_68101,PV(50kW+),7.5,50.16085464755591,3.3273813092773117,25.35147664211285,9.651307596513076,0.0,11.830689099652663,0.0,0.0
solar_68103,PV(50kW+),6.3,52.41431923796594,3.327381309277312,25.351476642112853,9.651307596513076,0.0,14.084153690062696,0.0,0.0
solar_68104,PV(50kW+),7.2,50.65380002670809,3.3273813092773112,25.351476642112846,9.651307596513076,0.0,12.323634478804856,0.0,0.0
solar_68105,PV(50kW+),1.5,97.48361104616654,3.3273813092773117,25.351476642112846,9.651307596513076,0.0,59.153445498263316,0.0,0.0
solar_68106,PV(50kW+),8.0,49.42143657882761,3.3273813092773117,25.35147664211285,9.651307596513076,0.0,11.091271030924371,0.0,0.0
solar_68107,PV(50kW+),5.0,56.07619919738223,3.3273813092773117,25.35147664211285,9.651307596513076,0.0,17.746033649478996,0.0,0.0
solar_68108,PV(50kW+),5.0,56.07619919738223,3.3273813092773117,25.35147664211285,9.651307596513076,0.0,17.746033649478996,0.0,0.0
solar_68110,PV(50kW+),10.0,47.203182372642736,3.3273813092773117,25.35147664211285,9.651307596513076,0.0,8.873016824739498,0.0,0.0
solar_68111,PV(50kW+),5.0,56.07619919738223,3.3273813092773117,25.35147664211285,9.651307596513076,0.0,17.746033649478996,0.0,0.0
solar_68112,PV(50kW+),4.2,59.45639608299728,3.3273813092773117,25.35147664211285,9.651307596513078,0.0,21.12623053509404,0.0,0.0
solar_68116,PV(50kW+),6.1,52.87609476878767,3.3273813092773117,25.35147664211285,9.651307596513076,0.0,14.545929220884421,0.0,0.0
solar_68117,PV(50kW+),5.0,56.07619919738223,3.3273813092773117,25.35147664211285,9.651307596513076,0.0,17.746033649478996,0.0,0.0
solar_68119,PV(50kW+),7.4,50.32072882457823,3.3273813092773117,25.35147664211285,9.651307596513078,0.0,11.990563276674996,0.0,0.0
solar_68120,PV(50kW+),7.0,51.00590386895966,3.3273813092773117,25.35147664211285,9.651307596513076,0.0,12.675738321056425,0.0,0.0
solar_68122,PV(50kW+),9.2,47.974749053054865,3.3273813092773112,25.35147664211285,9.651307596513076,0.0,9.644583505151628,0.0,0.0
solar_68124,PV(50kW+),5.7,53.896861731656735,3.3273813092773112,25.351476642112846,9.651307596513076,0.0,15.566696183753502,0.0,0.0
solar_68125,PV(50kW+),6.0,53.11852692246906,3.3273813092773117,25.351476642112846,9.651307596513076,0.0,14.788361374565829,0.0,0.0
solar_68126,PV(50kW+),5.0,56.07619919738223,3.3273813092773117,25.35147664211285,9.651307596513076,0.0,17.746033649478996,0.0,0.0
solar_68127,PV(50kW+),6.4,52.1942543365587,3.3273813092773117,25.351476642112853,9.651307596513076,0.0,13.864088788655463,0.0,0.0
solar_68128,PV(50kW+),1.3,106.58414112282243,3.3273813092773112,25.35147664211285,9.651307596513076,0.0,68.2539755749192,0.0,0.0
solar_68129,PV(50kW+),5.0,56.07619919738223,3.3273813092773117,25.35147664211285,9.651307596513076,0.0,17.746033649478996,0.0,0.0
solar_68133,PV(50kW+),15.0,44.24551009772958,3.3273813092773117,25.35147664211285,9.651307596513076,0.0,5.915344549826331,0.0,0.0
solar_68138,PV(50kW+),3.0,67.90688829703488,3.3273813092773117,25.351476642112846,9.651307596513076,0.0,29.576722749131658,0.0,0.0
solar_68140,PV(50kW+),6.2,52.64148300716049,3.3273813092773112,25.35147664211285,9.651307596513076,0.0,14.311317459257252,0.0,0.0
solar_68141,PV(50kW+),2.0,82.69524967160072,3.3273813092773117,25.35147664211285,9.651307596513076,0.0,44.365084123697486,0.0,0.0
solar_68142,PV(50kW+),1.5,97.48361104616654,3.3273813092773117,25.351476642112846,9.651307596513076,0.0,59.153445498263316,0.0,0.0
solar_68143,PV(50kW+),4.5,58.047980713991,3.3273813092773117,25.35147664211285,9.651307596513076,0.0,19.71781516608777,0.0,0.0
solar_68145,PV(50kW+),11.5,46.04583235202453,3.3273813092773112,25.351476642112846,9.651307596513076,0.0,7.715666804121301,0.0,0.0
solar_68146,PV(50kW+),7.0,51.00590386895966,3.3273813092773117,25.35147664211285,9.651307596513076,0.0,12.675738321056425,0.0,0.0
solar_68148,PV(50kW+),12.6,45.37224239293459,3.327381309277312,25.351476642112853,9.651307596513076,0.0,7.042076845031348,0.0,0.0
solar_68149,PV(50kW+),8.0,49.42143657882761,3.3273813092773117,25.35147664211285,9.651307596513076,0.0,11.091271030924371,0.0,0.0
solar_68150,PV(50kW+),1.0,127.0603337952982,3.3273813092773117,25.35147664211285,9.651307596513076,0.0,88.73016824739497,0.0,0.0
solar_68151,PV(50kW+),8.0,49.42143657882761,3.3273813092773117,25.35147664211285,9.651307596513076,0.0,11.091271030924371,0.0,0.0
solar_68152,PV(50kW+),6.0,53.11852692246906,3.3273813092773117,25.351476642112846,9.651307596513076,0.0,14.788361374565829,0.0,0.0
solar_68153,PV(50kW+),4.9,56.43836314941242,3.3273813092773117,25.35147664211285,9.651307596513076,0.0,18.108197601509175,0.0,0.0
solar_68154,PV(50kW+),15.0,44.24551009772958,3.3273813092773117,25.35147664211285,9.651307596513076,0.0,5.915344549826331,0.0,0.0
solar_68155,PV(50kW+),5.0,56.07619919738223,3.3273813092773117,25.35147664211285,9.651307596513076,0.0,17.746033649478996,0.0,0.0
solar_68156,PV(50kW+),9.0,48.18907313094712,3.3273813092773117,25.35147664211285,9.651307596513076,0.0,9.858907583043885,0.0,0.0
solar_68157,PV(50kW+),12.7,45.31679296895797,3.327381309277312,25.351476642112853,9.651307596513078,0.0,6.986627421054723,0.0,0.0
solar_68158,PV(50kW+),4.6,57.61933255820649,3.3273813092773112,25.35147664211285,9.651307596513076,0.0,19.289167010303256,0.0,0.0
solar_68159,PV(50kW+),5.0,56.07619919738223,3.3273813092773117,25.35147664211285,9.651307596513076,0.0,17.746033649478996,0.0,0.0
solar_68160,PV(50kW+),5.0,56.07619919738223,3.3273813092773117,25.35147664211285,9.651307596513076,0.0,17.746033649478996,0.0,0.0
solar_68161,PV(50kW+),5.0,56.07619919738223,3.3273813092773117,25.35147664211285,9.651307596513076,0.0,17.746033649478996,0.0,0.0
solar_68163,PV(50kW+),10.0,47.203182372642736,3.3273813092773117,25.35147664211285,9.651307596513076,0.0,8.873016824739498,0.0,0.0
solar_68164,PV(50kW+),3.0,67.90688829703488,3.3273813092773117,25.351476642112846,9.651307596513076,0.0,29.576722749131658,0.0,0.0
solar_68165,PV(50kW+),4.4,58.496112876856635,3.3273813092773117,25.35147664211285,9.651307596513076,0.0,20.1659473289534,0.0,0.0
solar_68166,PV(50kW+),5.0,56.07619919738223,3.3273813092773117,25.35147664211285,9.651307596513076,0.0,17.746033649478996,0.0,0.0
solar_68167,PV(50kW+),5.0,56.07619919738223,3.3273813092773117,25.35147664211285,9.651307596513076,0.0,17.746033649478996,0.0,0.0
solar_68168,PV(50kW+),5.0,56.07619919738223,3.3273813092773117,25.35147664211285,9.651307596513076,0.0,17.746033649478996,0.0,0.0
solar_68169,PV(50kW+),5.0,56.07619919738223,3.3273813092773117,25.35147664211285,9.651307596513076,0.0,17.746033649478996,0.0,0.0
solar_68170,PV(50kW+),1.0,127.0603337952982,3.3273813092773117,25.35147664211285,9.651307596513076,0.0,88.73016824739497,0.0,0.0
solar_68173,PV(50kW+),5.8,53.628470418143756,3.327381309277312,25.35147664211285,9.651307596513076,0.0,15.298304870240514,0.0,0.0
solar_68174,PV(50kW+),1.1,118.99395486371684,3.3273813092773117,25.35147664211285,9.651307596513076,0.0,80.6637893158136,0.0,0.0
solar_68175,PV(50kW+),3.5,63.681642190016085,3.3273813092773117,25.35147664211285,9.651307596513076,0.0,25.35147664211285,0.0,0.0
solar_68176,PV(50kW+),5.0,56.07619919738223,3.3273813092773117,25.35147664211285,9.651307596513076,0.0,17.746033649478996,0.0,0.0
solar_68177,PV(50kW+),11.0,46.3965444794846,3.3273813092773117,25.35147664211285,9.651307596513076,0.0,8.066378931581362,0.0,0.0
solar_68179,PV(50kW+),5.0,56.07619919738223,3.3273813092773117,25.35147664211285,9.651307596513076,0.0,17.746033649478996,0.0,0.0
solar_68181,PV(50kW+),5.0,56.07619919738223,3.3273813092773117,25.35147664211285,9.651307596513076,0.0,17.746033649478996,0.0,0.0
solar_68184,PV(50kW+),1.1,118.99395486371684,3.3273813092773117,25.35147664211285,9.651307596513076,0.0,80.6637893158136,0.0,0.0
solar_68186,PV(50kW+),6.6,51.77413043387217,3.3273813092773117,25.35147664211285,9.651307596513076,0.0,13.443964885968935,0.0,0.0
solar_68187,PV(50kW+),14.3,44.53507241835044,3.3273813092773112,25.351476642112846,9.651307596513076,0.0,6.2049068704472,0.0,0.0
solar_68188,PV(50kW+),14.0,44.66803470843145,3.3273813092773117,25.35147664211285,9.651307596513076,0.0,6.3378691605282125,0.0,0.0
solar_68190,PV(50kW+),5.0,56.07619919738223,3.3273813092773117,25.35147664211285,9.651307596513076,0.0,17.746033649478996,0.0,0.0
solar_68191,PV(50kW+),8.0,49.42143657882761,3.3273813092773117,25.35147664211285,9.651307596513076,0.0,11.091271030924371,0.0,0.0
solar_68194,PV(50kW+),15.0,44.24551009772958,3.3273813092773117,25.35147664211285,9.651307596513076,0.0,5.915344549826331,0.0,0.0
solar_68195,PV(50kW+),5.1,55.7282377532748,3.3273813092773112,25.35147664211285,9.651307596513076,0.0,17.398072205371562,0.0,0.0
solar_68196,PV(50kW+),10.2,47.02920165058902,3.3273813092773112,25.35147664211285,9.651307596513076,0.0,8.699036102685781,0.0,0.0
solar_68197,PV(50kW+),5.0,56.07619919738223,3.3273813092773117,25.35147664211285,9.651307596513076,0.0,17.746033649478996,0.0,0.0
solar_68198,PV(50kW+),8.2,49.1509177731953,3.3273813092773112,25.351476642112846,9.651307596513076,0.0,10.82075222529207,0.0,0.0
solar_68200,PV(50kW+),15.0,44.24551009772958,3.3273813092773117,25.35147664211285,9.651307596513076,0.0,5.915344549826331,0.0,0.0
solar_68201,PV(50kW+),4.2,59.45639608299728,3.3273813092773117,25.35147664211285,9.651307596513078,0.0,21.12623053509404,0.0,0.0
solar_68202,PV(50kW+),5.0,56.07619919738223,3.3273813092773117,25.35147664211285,9.651307596513076,0.0,17.746033649478996,0.0,0.0
solar_68205,PV(50kW+),14.8,44.32544718624074,3.3273813092773117,25.35147664211285,9.651307596513078,0.0,5.995281638337498,0.0,0.0
solar_68206,PV(50kW+),5.2,55.39365944163304,3.3273813092773112,25.35147664211285,9.651307596513076,0.0,17.0634938937298,0.0,0.0
solar_68208,PV(50kW+),2.0,82.69524967160072,3.3273813092773117,25.35147664211285,9.651307596513076,0.0,44.365084123697486,0.0,0.0
solar_68209,PV(50kW+),1.0,127.0603337952982,3.3273813092773117,25.35147664211285,9.651307596513076,0.0,88.73016824739497,0.0,0.0
solar_68210,PV(50kW+),5.2,55.39365944163304,3.3273813092773112,25.35147664211285,9.651307596513076,0.0,17.0634938937298,0.0,0.0
solar_68212,PV(50kW+),9.5,47.67018325815533,3.3273813092773112,25.351476642112846,9.651307596513076,0.0,9.340017710252102,0.0,0.0
solar_68214,PV(50kW+),3.1,66.95280046641774,3.3273813092773112,25.35147664211285,9.651307596513076,0.0,28.622634918514503,0.0,0.0
solar_68216,PV(50kW+),8.9,48.29984737345324,3.3273813092773117,25.351476642112853,9.651307596513078,0.0,9.969681825549996,0.0,0.0
solar_68217,PV(50kW+),8.2,49.1509177731953,3.3273813092773112,25.351476642112846,9.651307596513076,0.0,10.82075222529207,0.0,0.0
solar_68218,PV(50kW+),6.4,52.1942543365587,3.3273813092773117,25.351476642112853,9.651307596513076,0.0,13.864088788655463,0.0,0.0
solar_68223,PV(50kW+),1.2,112.2719724207324,3.327381309277312,25.35147664211285,9.651307596513076,0.0,73.94180687282915,0.0,0.0
solar_68227,PV(50kW+),3.9,61.081490739542986,3.3273813092773117,25.35147664211285,9.651307596513078,0.0,22.751325191639737,0.0,0.0
solar_68228,PV(50kW+),13.4,44.951819894723755,3.3273813092773112,25.35147664211285,9.651307596513076,0.0,6.621654346820519,0.0,0.0
solar_68230,PV(50kW+),1.2,112.2719724207324,3.327381309277312,25.35147664211285,9.651307596513076,0.0,73.94180687282915,0.0,0.0
solar_68231,PV(50kW+),11.6,45.97931798302349,3.327381309277312,25.35147664211285,9.651307596513076,0.0,7.649152435120257,0.0,0.0
solar_68232,PV(50kW+),6.5,51.98096066288708,3.3273813092773117,25.35147664211285,9.651307596513076,0.0,13.650795114983842,0.0,0.0
solar_68233,PV(50kW+),5.0,56.07619919738223,3.3273813092773117,25.35147664211285,9.651307596513076,0.0,17.746033649478996,0.0,0.0
solar_68234,PV(50kW+),8.4,48.89328081545026,3.3273813092773117,25.35147664211285,9.651307596513078,0.0,10.56311526754702,0.0,0.0
solar_68235,PV(50kW+),4.2,59.45639608299728,3.3273813092773117,25.35147664211285,9.651307596513078,0.0,21.12623053509404,0.0,0.0
solar_68236,PV(50kW+),5.0,56.07619919738223,3.3273813092773117,25.35147664211285,9.651307596513076,0.0,17.746033649478996,0.0,0.0
solar_68237,PV(50kW+),6.5,51.98096066288708,3.3273813092773117,25.35147664211285,9.651307596513076,0.0,13.650795114983842,0.0,0.0
solar_68238,PV(50kW+),4.0,60.512707609751985,3.3273813092773117,25.35147664211285,9.651307596513076,0.0,22.182542061848743,0.0,0.0
solar_68239,PV(50kW+),9.6,47.572891407006885,3.327381309277312,25.35147664211285,9.651307596513076,0.0,9.242725859103643,0.0,0.0
solar_68240,PV(50kW+),4.5,58.047980713991,3.3273813092773117,25.35147664211285,9.651307596513076,0.0,19.71781516608777,0.0,0.0
solar_68242,PV(50kW+),6.8,51.37871970193191,3.3273813092773117,25.35147664211285,9.651307596513076,0.0,13.048554154028674,0.0,0.0
solar_68243,PV(50kW+),3.5,63.681642190016085,3.3273813092773117,25.35147664211285,9.651307596513076,0.0,25.35147664211285,0.0,0.0
solar_68244,PV(50kW+),1.5,97.48361104616654,3.3273813092773117,25.351476642112846,9.651307596513076,0.0,59.153445498263316,0.0,0.0
solar_68246,PV(50kW+),5.0,56.07619919738223,3.3273813092773117,25.35147664211285,9.651307596513076,0.0,17.746033649478996,0.0,0.0
solar_68247,PV(50kW+),1.5,97.48361104616654,3.3273813092773117,25.351476642112846,9.651307596513076,0.0,59.153445498263316,0.0,0.0
solar_68248,PV(50kW+),1.5,97.48361104616654,3.3273813092773117,25.351476642112846,9.651307596513076,0.0,59.153445498263316,0.0,0.0
solar_68249,PV(50kW+),1.2,112.2719724207324,3.327381309277312,25.35147664211285,9.651307596513076,0.0,73.94180687282915,0.0,0.0
solar_68250,PV(50kW+),5.0,56.07619919738223,3.3273813092773117,25.35147664211285,9.651307596513076,0.0,17.746033649478996,0.0,0.0
solar_68251,PV(50kW+),3.0,67.90688829703488,3.3273813092773117,25.351476642112846,9.651307596513076,0.0,29.576722749131658,0.0,0.0
solar_68255,PV(50kW+),2.8,70.0195113505443,3.3273813092773117,25.351476642112846,9.651307596513076,0.0,31.68934580264106,0.0,0.0
solar_68256,PV(50kW+),12.2,45.60313015834545,3.3273813092773117,25.35147664211285,9.651307596513076,0.0,7.2729646104422105,0.0,0.0
solar_68258,PV(50kW+),5.0,56.07619919738223,3.3273813092773117,25.35147664211285,9.651307596513076,0.0,17.746033649478996,0.0,0.0
solar_68259,PV(50kW+),2.8,70.0195113505443,3.3273813092773117,25.351476642112846,9.651307596513076,0.0,31.68934580264106,0.0,0.0
solar_68260,PV(50kW+),10.2,47.02920165058902,3.3273813092773112,25.35147664211285,9.651307596513076,0.0,8.699036102685781,0.0,0.0
solar_68261,PV(50kW+),1.2,112.2719724207324,3.327381309277312,25.35147664211285,9.651307596513076,0.0,73.94180687282915,0.0,0.0
solar_68262,PV(50kW+),5.0,56.07619919738223,3.3273813092773117,25.35147664211285,9.651307596513076,0.0,17.746033649478996,0.0,0.0
solar_68263,PV(50kW+),14.8,44.32544718624074,3.3273813092773117,25.35147664211285,9.651307596513078,0.0,5.995281638337498,0.0,0.0
solar_68267,PV(50kW+),1.2,112.2719724207324,3.327381309277312,25.35147664211285,9.651307596513076,0.0,73.94180687282915,0.0,0.0
solar_68268,PV(50kW+),13.1,45.10346083396392,3.3273813092773117,25.35147664211285,9.651307596513076,0.0,6.7732952860606845,0.0,0.0
solar_68269,PV(50kW+),1.0,127.0603337952982,3.3273813092773117,25.35147664211285,9.651307596513076,0.0,88.73016824739497,0.0,0.0
solar_68270,PV(50kW+),2.0,82.69524967160072,3.3273813092773117,25.35147664211285,9.651307596513076,0.0,44.365084123697486,0.0,0.0
solar_68272,PV(50kW+),8.6,48.647626972018934,3.3273813092773117,25.35147664211285,9.651307596513076,0.0,10.317461424115695,0.0,0.0
solar_68273,PV(50kW+),5.0,56.07619919738223,3.3273813092773117,25.35147664211285,9.651307596513076,0.0,17.746033649478996,0.0,0.0
solar_68275,PV(50kW+),11.0,46.3965444794846,3.3273813092773117,25.35147664211285,9.651307596513076,0.0,8.066378931581362,0.0,0.0
solar_68276,PV(50kW+),5.0,56.07619919738223,3.3273813092773117,25.35147664211285,9.651307596513076,0.0,17.746033649478996,0.0,0.0
solar_68277,PV(50kW+),6.0,53.11852692246906,3.3273813092773117,25.351476642112846,9.651307596513076,0.0,14.788361374565829,0.0,0.0
solar_68278,PV(50kW+),6.7,51.57347424154428,3.3273813092773112,25.35147664211285,9.651307596513076,0.0,13.243308693641039,0.0,0.0
solar_68279,PV(50kW+),3.0,67.90688829703488,3.3273813092773117,25.351476642112846,9.651307596513076,0.0,29.576722749131658,0.0,0.0
solar_68280,PV(50kW+),11.5,46.04583235202453,3.3273813092773112,25.351476642112846,9.651307596513076,0.0,7.715666804121301,0.0,0.0
solar_68281,PV(50kW+),18.3,43.17880862153138,3.3273813092773117,25.351476642112853,9.651307596513078,0.0,4.848643073628141,0.0,0.0
solar_68283,PV(50kW+),13.2,45.05214799088771,3.3273813092773117,25.35147664211285,9.651307596513076,0.0,6.7219824429844675,0.0,0.0
solar_68284,PV(50kW+),17.6,43.37165238014159,3.3273813092773117,25.35147664211285,9.651307596513076,0.0,5.04148683223835,0.0,0.0
solar_68285,PV(50kW+),10.7,46.62270463644482,3.327381309277312,25.35147664211285,9.651307596513078,0.0,8.292539088541588,0.0,0.0
solar_68286,PV(50kW+),13.6,44.85444262491758,3.3273813092773117,25.35147664211285,9.651307596513076,0.0,6.524277077014337,0.0,0.0
solar_68288,PV(50kW+),17.0,43.549587209514705,3.3273813092773117,25.35147664211285,9.651307596513076,0.0,5.219421661611469,0.0,0.0
solar_68289,PV(50kW+),5.0,56.07619919738223,3.3273813092773117,25.35147664211285,9.651307596513076,0.0,17.746033649478996,0.0,0.0
solar_68291,PV(50kW+),7.3,50.48498311603954,3.3273813092773117,25.351476642112853,9.651307596513078,0.0,12.154817568136298,0.0,0.0
solar_68292,PV(50kW+),10.0,47.203182372642736,3.3273813092773117,25.35147664211285,9.651307596513076,0.0,8.873016824739498,0.0,0.0
solar_68293,PV(50kW+),1.3,106.58414112282243,3.3273813092773112,25.35147664211285,9.651307596513076,0.0,68.2539755749192,0.0,0.0
solar_68294,PV(50kW+),8.1,49.28450730684089,3.3273813092773117,25.35147664211285,9.651307596513076,0.0,10.954341758937652,0.0,0.0
solar_68297,PV(50kW+),6.4,52.1942543365587,3.3273813092773117,25.351476642112853,9.651307596513076,0.0,13.864088788655463,0.0,0.0
solar_68298,PV(50kW+),1.6,93.7865207025251,3.3273813092773117,25.351476642112853,9.651307596513076,0.0,55.45635515462185,0.0,0.0
solar_68300,PV(50kW+),4.4,58.496112876856635,3.3273813092773117,25.35147664211285,9.651307596513076,0.0,20.1659473289534,0.0,0.0
solar_68301,PV(50kW+),1.0,127.0603337952982,3.3273813092773117,25.35147664211285,9.651307596513076,0.0,88.73016824739497,0.0,0.0
solar_68303,PV(50kW+),7.0,51.00590386895966,3.3273813092773117,25.35147664211285,9.651307596513076,0.0,12.675738321056425,0.0,0.0
solar_68304,PV(50kW+),8.0,49.42143657882761,3.3273813092773117,25.35147664211285,9.651307596513076,0.0,11.091271030924371,0.0,0.0
solar_68305,PV(50kW+),5.0,56.07619919738223,3.3273813092773117,25.35147664211285,9.651307596513076,0.0,17.746033649478996,0.0,0.0
solar_68306,PV(50kW+),2.3,76.90849956850974,3.3273813092773112,25.35147664211285,9.651307596513076,0.0,38.57833402060651,0.0,0.0
solar_68308,PV(50kW+),9.3,47.871043854074735,3.3273813092773117,25.35147664211285,9.651307596513076,0.0,9.540878306171502,0.0,0.0
solar_68309,PV(50kW+),4.4,58.496112876856635,3.3273813092773117,25.35147664211285,9.651307596513076,0.0,20.1659473289534,0.0,0.0
solar_68310,PV(50kW+),7.2,50.65380002670809,3.3273813092773112,25.351476642112846,9.651307596513076,0.0,12.323634478804856,0.0,0.0
solar_68311,PV(50kW+),6.5,51.98096066288708,3.3273813092773117,25.35147664211285,9.651307596513076,0.0,13.650795114983842,0.0,0.0
solar_68312,PV(50kW+),5.5,54.462923411065965,3.3273813092773117,25.35147664211285,9.651307596513076,0.0,16.132757863162723,0.0,0.0
solar_68313,PV(50kW+),10.0,47.203182372642736,3.3273813092773117,25.35147664211285,9.651307596513076,0.0,8.873016824739498,0.0,0.0
solar_68314,PV(50kW+),5.0,56.07619919738223,3.3273813092773117,25.35147664211285,9.651307596513076,0.0,17.746033649478996,0.0,0.0
solar_68315,PV(50kW+),5.0,56.07619919738223,3.3273813092773117,25.35147664211285,9.651307596513076,0.0,17.746033649478996,0.0,0.0
solar_68316,PV(50kW+),10.8,46.54592186710647,3.3273813092773117,25.35147664211285,9.651307596513076,0.0,8.215756319203237,0.0,0.0
solar_68317,PV(50kW+),8.3,49.02054726445685,3.327381309277312,25.35147664211285,9.651307596513076,0.0,10.69038171655361,0.0,0.0
solar_68320,PV(50kW+),1.7,90.52438216401794,3.3273813092773117,25.35147664211285,9.651307596513076,0.0,52.194216616114694,0.0,0.0
solar_68322,PV(50kW+),2.1,80.58262661809131,3.3273813092773117,25.35147664211285,9.651307596513078,0.0,42.25246107018808,0.0,0.0
solar_68324,PV(50kW+),3.0,67.90688829703488,3.3273813092773117,25.351476642112846,9.651307596513076,0.0,29.576722749131658,0.0,0.0
solar_68326,PV(50kW+),8.8,48.41313921237993,3.3273813092773117,25.35147664211285,9.651307596513076,0.0,10.0829736644767,0.0,0.0
solar_68327,PV(50kW+),1.7,90.52438216401794,3.3273813092773117,25.35147664211285,9.651307596513076,0.0,52.194216616114694,0.0,0.0
solar_68328,PV(50kW+),8.0,49.42143657882761,3.3273813092773117,25.35147664211285,9.651307596513076,0.0,11.091271030924371,0.0,0.0
solar_68330,PV(50kW+),5.8,53.628470418143756,3.327381309277312,25.35147664211285,9.651307596513076,0.0,15.298304870240514,0.0,0.0
solar_68338,PV(50kW+),5.0,56.07619919738223,3.3273813092773117,25.35147664211285,9.651307596513076,0.0,17.746033649478996,0.0,0.0
solar_68339,PV(50kW+),5.0,56.07619919738223,3.3273813092773117,25.35147664211285,9.651307596513076,0.0,17.746033649478996,0.0,0.0
solar_68340,PV(50kW+),4.4,58.496112876856635,3.3273813092773117,25.35147664211285,9.651307596513076,0.0,20.1659473289534,0.0,0.0
solar_68341,PV(50kW+),4.0,60.512707609751985,3.3273813092773117,25.35147664211285,9.651307596513076,0.0,22.182542061848743,0.0,0.0
solar_68342,PV(50kW+),7.0,51.00590386895966,3.3273813092773117,25.35147664211285,9.651307596513076,0.0,12.675738321056425,0.0,0.0
solar_68344,PV(50kW+),8.0,49.42143657882761,3.3273813092773117,25.35147664211285,9.651307596513076,0.0,11.091271030924371,0.0,0.0
solar_68345,PV(50kW+),5.0,56.07619919738223,3.3273813092773117,25.35147664211285,9.651307596513076,0.0,17.746033649478996,0.0,0.0
solar_68347,PV(50kW+),12.0,45.72434623518615,3.3273813092773117,25.351476642112846,9.651307596513076,0.0,7.3941806872829146,0.0,0.0
solar_68348,PV(50kW+),5.0,56.07619919738223,3.3273813092773117,25.35147664211285,9.651307596513076,0.0,17.746033649478996,0.0,0.0
solar_68349,PV(50kW+),9.6,47.572891407006885,3.327381309277312,25.35147664211285,9.651307596513076,0.0,9.242725859103643,0.0,0.0
solar_68350,PV(50kW+),9.0,48.18907313094712,3.3273813092773117,25.35147664211285,9.651307596513076,0.0,9.858907583043885,0.0,0.0
solar_68351,PV(50kW+),3.0,67.90688829703488,3.3273813092773117,25.351476642112846,9.651307596513076,0.0,29.576722749131658,0.0,0.0
solar_68354,PV(50kW+),1.8,87.62470346312267,3.3273813092773112,25.351476642112846,9.651307596513076,0.0,49.29453791521942,0.0,0.0
solar_68355,PV(50kW+),5.0,56.07619919738223,3.3273813092773117,25.35147664211285,9.651307596513076,0.0,17.746033649478996,0.0,0.0
solar_68356,PV(50kW+),1.0,127.0603337952982,3.3273813092773117,25.35147664211285,9.651307596513076,0.0,88.73016824739497,0.0,0.0
solar_68358,PV(50kW+),5.0,56.07619919738223,3.3273813092773117,25.35147664211285,9.651307596513076,0.0,17.746033649478996,0.0,0.0
solar_68360,PV(50kW+),5.0,56.07619919738223,3.3273813092773117,25.35147664211285,9.651307596513076,0.0,17.746033649478996,0.0,0.0
solar_68363,PV(50kW+),5.0,56.07619919738223,3.3273813092773117,25.35147664211285,9.651307596513076,0.0,17.746033649478996,0.0,0.0
solar_68364,PV(50kW+),5.0,56.07619919738223,3.3273813092773117,25.35147664211285,9.651307596513076,0.0,17.746033649478996,0.0,0.0
solar_68366,PV(50kW+),5.0,56.07619919738223,3.3273813092773117,25.35147664211285,9.651307596513076,0.0,17.746033649478996,0.0,0.0
solar_68367,PV(50kW+),5.0,56.07619919738223,3.3273813092773117,25.35147664211285,9.651307596513076,0.0,17.746033649478996,0.0,0.0
solar_68368,PV(50kW+),5.0,56.07619919738223,3.3273813092773117,25.35147664211285,9.651307596513076,0.0,17.746033649478996,0.0,0.0
solar_68370,PV(50kW+),3.2,66.05834312521417,3.3273813092773117,25.351476642112853,9.651307596513076,0.0,27.728177577310927,0.0,0.0
solar_68372,PV(50kW+),6.5,51.98096066288708,3.3273813092773117,25.35147664211285,9.651307596513076,0.0,13.650795114983842,0.0,0.0
solar_68374,PV(50kW+),3.5,63.681642190016085,3.3273813092773117,25.35147664211285,9.651307596513076,0.0,25.35147664211285,0.0,0.0
solar_68375,PV(50kW+),1.0,127.0603337952982,3.3273813092773117,25.35147664211285,9.651307596513076,0.0,88.73016824739497,0.0,0.0
solar_68376,PV(50kW+),5.0,56.07619919738223,3.3273813092773117,25.35147664211285,9.651307596513076,0.0,17.746033649478996,0.0,0.0
solar_68377,PV(50kW+),2.4,75.30106898431782,3.327381309277312,25.35147664211285,9.651307596513076,0.0,36.970903436414574,0.0,0.0
solar_68379,PV(50kW+),3.0,67.90688829703488,3.3273813092773117,25.351476642112846,9.651307596513076,0.0,29.576722749131658,0.0,0.0
solar_68380,PV(50kW+),1.0,127.0603337952982,3.3273813092773117,25.35147664211285,9.651307596513076,0.0,88.73016824739497,0.0,0.0
solar_68381,PV(50kW+),5.0,56.07619919738223,3.3273813092773117,25.35147664211285,9.651307596513076,0.0,17.746033649478996,0.0,0.0
solar_68382,PV(50kW+),5.0,56.07619919738223,3.3273813092773117,25.35147664211285,9.651307596513076,0.0,17.746033649478996,0.0,0.0
solar_68384,PV(50kW+),8.9,48.29984737345324,3.3273813092773117,25.351476642112853,9.651307596513078,0.0,9.969681825549996,0.0,0.0
solar_68385,PV(50kW+),1.2,112.2719724207324,3.327381309277312,25.35147664211285,9.651307596513076,0.0,73.94180687282915,0.0,0.0
solar_68386,PV(50kW+),5.0,56.07619919738223,3.3273813092773117,25.35147664211285,9.651307596513076,0.0,17.746033649478996,0.0,0.0
solar_68387,PV(50kW+),2.3,76.90849956850974,3.3273813092773112,25.35147664211285,9.651307596513076,0.0,38.57833402060651,0.0,0.0
solar_68388,PV(50kW+),3.5,63.681642190016085,3.3273813092773117,25.35147664211285,9.651307596513076,0.0,25.35147664211285,0.0,0.0
solar_68390,PV(50kW+),5.0,56.07619919738223,3.3273813092773117,25.35147664211285,9.651307596513076,0.0,17.746033649478996,0.0,0.0
solar_68391,PV(50kW+),10.0,47.203182372642736,3.3273813092773117,25.35147664211285,9.651307596513076,0.0,8.873016824739498,0.0,0.0
solar_68392,PV(50kW+),13.0,45.15556310539516,3.3273813092773117,25.35147664211285,9.651307596513076,0.0,6.825397557491921,0.0,0.0
solar_68393,PV(50kW+),2.1,80.58262661809131,3.3273813092773117,25.35147664211285,9.651307596513078,0.0,42.25246107018808,0.0,0.0
solar_68394,PV(50kW+),2.4,75.30106898431782,3.327381309277312,25.35147664211285,9.651307596513076,0.0,36.970903436414574,0.0,0.0
solar_68395,PV(50kW+),6.2,52.64148300716049,3.3273813092773112,25.35147664211285,9.651307596513076,0.0,14.311317459257252,0.0,0.0
solar_68397,PV(50kW+),2.5,73.82223284686124,3.3273813092773117,25.35147664211285,9.651307596513076,0.0,35.49206729895799,0.0,0.0
solar_68398,PV(50kW+),4.4,58.496112876856635,3.3273813092773117,25.35147664211285,9.651307596513076,0.0,20.1659473289534,0.0,0.0
solar_68399,PV(50kW+),6.2,52.64148300716049,3.3273813092773112,25.35147664211285,9.651307596513076,0.0,14.311317459257252,0.0,0.0
solar_68400,PV(50kW+),2.5,73.82223284686124,3.3273813092773117,25.35147664211285,9.651307596513076,0.0,35.49206729895799,0.0,0.0
solar_68402,PV(50kW+),7.0,51.00590386895966,3.3273813092773117,25.35147664211285,9.651307596513076,0.0,12.675738321056425,0.0,0.0
solar_68403,PV(50kW+),8.5,48.76900887112617,3.3273813092773117,25.35147664211285,9.651307596513076,0.0,10.438843323222939,0.0,0.0
solar_68404,PV(50kW+),5.0,56.07619919738223,3.3273813092773117,25.35147664211285,9.651307596513076,0.0,17.746033649478996,0.0,0.0
solar_68405,PV(50kW+),3.5,63.681642190016085,3.3273813092773117,25.35147664211285,9.651307596513076,0.0,25.35147664211285,0.0,0.0
solar_68406,PV(50kW+),5.0,56.07619919738223,3.3273813092773117,25.35147664211285,9.651307596513076,0.0,17.746033649478996,0.0,0.0
solar_68407,PV(50kW+),9.5,47.67018325815533,3.3273813092773112,25.351476642112846,9.651307596513076,0.0,9.340017710252102,0.0,0.0
solar_68410,PV(50kW+),12.0,45.72434623518615,3.3273813092773117,25.351476642112846,9.651307596513076,0.0,7.3941806872829146,0.0,0.0
solar_68412,PV(50kW+),5.0,56.07619919738223,3.3273813092773117,25.35147664211285,9.651307596513076,0.0,17.746033649478996,0.0,0.0
solar_68414,PV(50kW+),1.5,97.48361104616654,3.3273813092773117,25.351476642112846,9.651307596513076,0.0,59.153445498263316,0.0,0.0
solar_68416,PV(50kW+),4.6,57.61933255820649,3.3273813092773112,25.35147664211285,9.651307596513076,0.0,19.289167010303256,0.0,0.0
solar_68417,PV(50kW+),11.4,46.11351363977999,3.3273813092773112,25.351476642112846,9.651307596513076,0.0,7.783348091876751,0.0,0.0
solar_68418,PV(50kW+),5.0,56.07619919738223,3.3273813092773117,25.35147664211285,9.651307596513076,0.0,17.746033649478996,0.0,0.0
solar_68419,PV(50kW+),5.0,56.07619919738223,3.3273813092773117,25.35147664211285,9.651307596513076,0.0,17.746033649478996,0.0,0.0
solar_68420,PV(50kW+),7.0,51.00590386895966,3.3273813092773117,25.35147664211285,9.651307596513076,0.0,12.675738321056425,0.0,0.0
solar_68422,PV(50kW+),4.6,57.61933255820649,3.3273813092773112,25.35147664211285,9.651307596513076,0.0,19.289167010303256,0.0,0.0
solar_68424,PV(50kW+),14.3,44.53507241835044,3.3273813092773112,25.351476642112846,9.651307596513076,0.0,6.2049068704472,0.0,0.0
solar_68425,PV(50kW+),5.3,55.071706726657006,3.327381309277312,25.351476642112853,9.651307596513076,0.0,16.74154117875377,0.0,0.0
solar_68426,PV(50kW+),1.3,106.58414112282243,3.3273813092773112,25.35147664211285,9.651307596513076,0.0,68.2539755749192,0.0,0.0
solar_68427,PV(50kW+),17.0,43.549587209514705,3.3273813092773117,25.35147664211285,9.651307596513076,0.0,5.219421661611469,0.0,0.0
solar_68428,PV(50kW+),12.1,45.6632373038863,3.3273813092773117,25.351476642112853,9.651307596513076,0.0,7.333071755983055,0.0,0.0
solar_68430,PV(50kW+),14.0,44.66803470843145,3.3273813092773117,25.35147664211285,9.651307596513076,0.0,6.3378691605282125,0.0,0.0
solar_68431,PV(50kW+),5.0,56.07619919738223,3.3273813092773117,25.35147664211285,9.651307596513076,0.0,17.746033649478996,0.0,0.0
solar_68432,PV(50kW+),4.8,56.815617266110536,3.327381309277312,25.35147664211285,9.651307596513076,0.0,18.485451718207287,0.0,0.0
solar_68433,PV(50kW+),5.0,56.07619919738223,3.3273813092773117,25.35147664211285,9.651307596513076,0.0,17.746033649478996,0.0,0.0
solar_68434,PV(50kW+),3.9,61.081490739542986,3.3273813092773117,25.35147664211285,9.651307596513078,0.0,22.751325191639737,0.0,0.0
solar_68435,PV(50kW+),8.0,49.42143657882761,3.3273813092773117,25.35147664211285,9.651307596513076,0.0,11.091271030924371,0.0,0.0
solar_68442,PV(50kW+),2.4,75.30106898431782,3.327381309277312,25.35147664211285,9.651307596513076,0.0,36.970903436414574,0.0,0.0
solar_68444,PV(50kW+),12.4,45.48582427753187,3.3273813092773112,25.35147664211285,9.651307596513076,0.0,7.155658729628626,0.0,0.0
solar_68445,PV(50kW+),14.5,44.44948749599944,3.3273813092773117,25.35147664211285,9.651307596513078,0.0,6.119321948096205,0.0,0.0
solar_68448,PV(50kW+),2.5,73.82223284686124,3.3273813092773117,25.35147664211285,9.651307596513076,0.0,35.49206729895799,0.0,0.0
solar_68450,PV(50kW+),6.3,52.41431923796594,3.327381309277312,25.351476642112853,9.651307596513076,0.0,14.084153690062696,0.0,0.0
solar_68453,PV(50kW+),4.1,59.971669998487386,3.3273813092773112,25.351476642112846,9.651307596513076,0.0,21.64150445058414,0.0,0.0
solar_68454,PV(50kW+),1.7,90.52438216401794,3.3273813092773117,25.35147664211285,9.651307596513076,0.0,52.194216616114694,0.0,0.0
solar_68455,PV(50kW+),1.0,127.0603337952982,3.3273813092773117,25.35147664211285,9.651307596513076,0.0,88.73016824739497,0.0,0.0
solar_68456,PV(50kW+),2.8,70.0195113505443,3.3273813092773117,25.351476642112846,9.651307596513076,0.0,31.68934580264106,0.0,0.0
solar_68457,PV(50kW+),4.5,58.047980713991,3.3273813092773117,25.35147664211285,9.651307596513076,0.0,19.71781516608777,0.0,0.0
solar_68458,PV(50kW+),10.5,46.78065776194086,3.327381309277312,25.351476642112853,9.651307596513078,0.0,8.450492214037617,0.0,0.0
solar_68459,PV(50kW+),5.0,56.07619919738223,3.3273813092773117,25.35147664211285,9.651307596513076,0.0,17.746033649478996,0.0,0.0
solar_68460,PV(50kW+),1.0,127.0603337952982,3.3273813092773117,25.35147664211285,9.651307596513076,0.0,88.73016824739497,0.0,0.0
solar_68461,PV(50kW+),1.0,127.0603337952982,3.3273813092773117,25.35147664211285,9.651307596513076,0.0,88.73016824739497,0.0,0.0
solar_68463,PV(50kW+),4.9,56.43836314941242,3.3273813092773117,25.35147664211285,9.651307596513076,0.0,18.108197601509175,0.0,0.0
solar_68464,PV(50kW+),8.1,49.28450730684089,3.3273813092773117,25.35147664211285,9.651307596513076,0.0,10.954341758937652,0.0,0.0
solar_68465,PV(50kW+),5.0,56.07619919738223,3.3273813092773117,25.35147664211285,9.651307596513076,0.0,17.746033649478996,0.0,0.0
solar_68467,PV(50kW+),11.5,46.04583235202453,3.3273813092773112,25.351476642112846,9.651307596513076,0.0,7.715666804121301,0.0,0.0
solar_68468,PV(50kW+),2.7,71.19319082471618,3.3273813092773117,25.35147664211285,9.651307596513076,0.0,32.86302527681295,0.0,0.0
solar_68470,PV(50kW+),10.8,46.54592186710647,3.3273813092773117,25.35147664211285,9.651307596513076,0.0,8.215756319203237,0.0,0.0
solar_68471,PV(50kW+),4.1,59.971669998487386,3.3273813092773112,25.351476642112846,9.651307596513076,0.0,21.64150445058414,0.0,0.0
solar_68472,PV(50kW+),4.0,60.512707609751985,3.3273813092773117,25.35147664211285,9.651307596513076,0.0,22.182542061848743,0.0,0.0
solar_68473,PV(50kW+),8.0,49.42143657882761,3.3273813092773117,25.35147664211285,9.651307596513076,0.0,11.091271030924371,0.0,0.0
solar_68475,PV(50kW+),1.1,118.99395486371684,3.3273813092773117,25.35147664211285,9.651307596513076,0.0,80.6637893158136,0.0,0.0
solar_68476,PV(50kW+),5.0,56.07619919738223,3.3273813092773117,25.35147664211285,9.651307596513076,0.0,17.746033649478996,0.0,0.0
solar_68477,PV(50kW+),1.8,87.62470346312267,3.3273813092773112,25.351476642112846,9.651307596513076,0.0,49.29453791521942,0.0,0.0
solar_68478,PV(50kW+),1.9,85.03025409916376,3.3273813092773117,25.35147664211285,9.651307596513076,0.0,46.700088551260514,0.0,0.0
solar_68480,PV(50kW+),13.0,45.15556310539516,3.3273813092773117,25.35147664211285,9.651307596513076,0.0,6.825397557491921,0.0,0.0
solar_68481,PV(50kW+),1.9,85.03025409916376,3.3273813092773117,25.35147664211285,9.651307596513076,0.0,46.700088551260514,0.0,0.0
solar_68482,PV(50kW+),3.8,61.68020982353349,3.3273813092773117,25.35147664211285,9.651307596513076,0.0,23.350044275630257,0.0,0.0
solar_68483,PV(50kW+),1.2,112.2719724207324,3.327381309277312,25.35147664211285,9.651307596513076,0.0,73.94180687282915,0.0,0.0
solar_68484,PV(50kW+),1.8,87.62470346312267,3.3273813092773112,25.351476642112846,9.651307596513076,0.0,49.29453791521942,0.0,0.0
solar_68486,PV(50kW+),4.9,56.43836314941242,3.3273813092773117,25.35147664211285,9.651307596513076,0.0,18.108197601509175,0.0,0.0
solar_68487,PV(50kW+),7.5,50.16085464755591,3.3273813092773117,25.35147664211285,9.651307596513076,0.0,11.830689099652663,0.0,0.0
solar_68489,PV(50kW+),1.1,118.99395486371684,3.3273813092773117,25.35147664211285,9.651307596513076,0.0,80.6637893158136,0.0,0.0
solar_68491,PV(50kW+),12.0,45.72434623518615,3.3273813092773117,25.351476642112846,9.651307596513076,0.0,7.3941806872829146,0.0,0.0
solar_68493,PV(50kW+),5.0,56.07619919738223,3.3273813092773117,25.35147664211285,9.651307596513076,0.0,17.746033649478996,0.0,0.0
solar_68494,PV(50kW+),5.0,56.07619919738223,3.3273813092773117,25.35147664211285,9.651307596513076,0.0,17.746033649478996,0.0,0.0
solar_68495,PV(50kW+),4.1,59.971669998487386,3.3273813092773112,25.351476642112846,9.651307596513076,0.0,21.64150445058414,0.0,0.0
solar_68496,PV(50kW+),5.0,56.07619919738223,3.3273813092773117,25.35147664211285,9.651307596513076,0.0,17.746033649478996,0.0,0.0
solar_68499,PV(50kW+),4.7,57.20892474947663,3.3273813092773112,25.351476642112846,9.651307596513076,0.0,18.878759201573395,0.0,0.0
solar_68500,PV(50kW+),1.8,87.62470346312267,3.3273813092773112,25.351476642112846,9.651307596513076,0.0,49.29453791521942,0.0,0.0
solar_68502,PV(50kW+),5.0,56.07619919738223,3.3273813092773117,25.35147664211285,9.651307596513076,0.0,17.746033649478996,0.0,0.0
solar_68503,PV(50kW+),5.0,56.07619919738223,3.3273813092773117,25.35147664211285,9.651307596513076,0.0,17.746033649478996,0.0,0.0
solar_68504,PV(50kW+),1.0,127.0603337952982,3.3273813092773117,25.35147664211285,9.651307596513076,0.0,88.73016824739497,0.0,0.0
solar_68505,PV(50kW+),10.5,46.78065776194086,3.327381309277312,25.351476642112853,9.651307596513078,0.0,8.450492214037617,0.0,0.0
solar_68506,PV(50kW+),15.0,44.24551009772958,3.3273813092773117,25.35147664211285,9.651307596513076,0.0,5.915344549826331,0.0,0.0
solar_68507,PV(50kW+),5.0,56.07619919738223,3.3273813092773117,25.35147664211285,9.651307596513076,0.0,17.746033649478996,0.0,0.0
solar_68508,PV(50kW+),6.3,52.41431923796594,3.327381309277312,25.351476642112853,9.651307596513076,0.0,14.084153690062696,0.0,0.0
solar_68510,PV(50kW+),5.0,56.07619919738223,3.3273813092773117,25.35147664211285,9.651307596513076,0.0,17.746033649478996,0.0,0.0
solar_68511,PV(50kW+),3.0,67.90688829703488,3.3273813092773117,25.351476642112846,9.651307596513076,0.0,29.576722749131658,0.0,0.0
solar_68513,PV(50kW+),9.9,47.292808805215856,3.3273813092773117,25.35147664211285,9.651307596513078,0.0,8.962643257312623,0.0,0.0
solar_68514,PV(50kW+),9.2,47.974749053054865,3.3273813092773112,25.35147664211285,9.651307596513076,0.0,9.644583505151628,0.0,0.0
solar_68515,PV(50kW+),4.3,58.965088396134625,3.3273813092773117,25.35147664211285,9.651307596513076,0.0,20.63492284823139,0.0,0.0
solar_68516,PV(50kW+),3.0,67.90688829703488,3.3273813092773117,25.351476642112846,9.651307596513076,0.0,29.576722749131658,0.0,0.0
solar_68518,PV(50kW+),6.3,52.41431923796594,3.327381309277312,25.351476642112853,9.651307596513076,0.0,14.084153690062696,0.0,0.0
solar_68519,PV(50kW+),14.0,44.66803470843145,3.3273813092773117,25.35147664211285,9.651307596513076,0.0,6.3378691605282125,0.0,0.0
solar_68520,PV(50kW+),9.1,48.080733487177405,3.3273813092773117,25.35147664211285,9.651307596513076,0.0,9.750567939274173,0.0,0.0
solar_68522,PV(50kW+),5.5,54.462923411065965,3.3273813092773117,25.35147664211285,9.651307596513076,0.0,16.132757863162723,0.0,0.0
solar_68523,PV(50kW+),5.0,56.07619919738223,3.3273813092773117,25.35147664211285,9.651307596513076,0.0,17.746033649478996,0.0,0.0
solar_68525,PV(50kW+),1.8,87.62470346312267,3.3273813092773112,25.351476642112846,9.651307596513076,0.0,49.29453791521942,0.0,0.0
solar_68527,PV(50kW+),4.9,56.43836314941242,3.3273813092773117,25.35147664211285,9.651307596513076,0.0,18.108197601509175,0.0,0.0
solar_68533,PV(50kW+),5.0,56.07619919738223,3.3273813092773117,25.35147664211285,9.651307596513076,0.0,17.746033649478996,0.0,0.0
solar_68534,PV(50kW+),6.0,53.11852692246906,3.3273813092773117,25.351476642112846,9.651307596513076,0.0,14.788361374565829,0.0,0.0
solar_68538,PV(50kW+),2.8,70.0195113505443,3.3273813092773117,25.351476642112846,9.651307596513076,0.0,31.68934580264106,0.0,0.0
solar_68540,PV(50kW+),6.2,52.64148300716049,3.3273813092773112,25.35147664211285,9.651307596513076,0.0,14.311317459257252,0.0,0.0
solar_68544,PV(50kW+),10.0,47.203182372642736,3.3273813092773117,25.35147664211285,9.651307596513076,0.0,8.873016824739498,0.0,0.0
solar_68545,PV(50kW+),4.8,56.815617266110536,3.327381309277312,25.35147664211285,9.651307596513076,0.0,18.485451718207287,0.0,0.0
solar_68546,PV(50kW+),5.0,56.07619919738223,3.3273813092773117,25.35147664211285,9.651307596513076,0.0,17.746033649478996,0.0,0.0
solar_68547,PV(50kW+),5.0,56.07619919738223,3.3273813092773117,25.35147664211285,9.651307596513076,0.0,17.746033649478996,0.0,0.0
solar_68548,PV(50kW+),4.2,59.45639608299728,3.3273813092773117,25.35147664211285,9.651307596513078,0.0,21.12623053509404,0.0,0.0
solar_68550,PV(50kW+),4.2,59.45639608299728,3.3273813092773117,25.35147664211285,9.651307596513078,0.0,21.12623053509404,0.0,0.0
solar_68552,PV(50kW+),5.0,56.07619919738223,3.3273813092773117,25.35147664211285,9.651307596513076,0.0,17.746033649478996,0.0,0.0
solar_68553,PV(50kW+),1.0,127.0603337952982,3.3273813092773117,25.35147664211285,9.651307596513076,0.0,88.73016824739497,0.0,0.0
solar_68555,PV(50kW+),5.0,56.07619919738223,3.3273813092773117,25.35147664211285,9.651307596513076,0.0,17.746033649478996,0.0,0.0
solar_68557,PV(50kW+),6.0,53.11852692246906,3.3273813092773117,25.351476642112846,9.651307596513076,0.0,14.788361374565829,0.0,0.0
solar_68558,PV(50kW+),5.0,56.07619919738223,3.3273813092773117,25.35147664211285,9.651307596513076,0.0,17.746033649478996,0.0,0.0
solar_68559,PV(50kW+),19.3,42.927583591809714,3.3273813092773112,25.35147664211285,9.651307596513076,0.0,4.597418043906475,0.0,0.0
solar_68561,PV(50kW+),5.0,56.07619919738223,3.3273813092773117,25.35147664211285,9.651307596513076,0.0,17.746033649478996,0.0,0.0
solar_68564,PV(50kW+),6.5,51.98096066288708,3.3273813092773117,25.35147664211285,9.651307596513076,0.0,13.650795114983842,0.0,0.0
solar_68565,PV(50kW+),18.0,43.25961933942518,3.3273813092773117,25.35147664211285,9.651307596513076,0.0,4.929453791521943,0.0,0.0
solar_68567,PV(50kW+),5.0,56.07619919738223,3.3273813092773117,25.35147664211285,9.651307596513076,0.0,17.746033649478996,0.0,0.0
solar_68569,PV(50kW+),10.7,46.62270463644482,3.327381309277312,25.35147664211285,9.651307596513078,0.0,8.292539088541588,0.0,0.0
solar_68570,PV(50kW+),5.0,56.07619919738223,3.3273813092773117,25.35147664211285,9.651307596513076,0.0,17.746033649478996,0.0,0.0
solar_68572,PV(50kW+),5.0,56.07619919738223,3.3273813092773117,25.35147664211285,9.651307596513076,0.0,17.746033649478996,0.0,0.0
solar_68573,PV(50kW+),1.8,87.62470346312267,3.3273813092773112,25.351476642112846,9.651307596513076,0.0,49.29453791521942,0.0,0.0
solar_68575,PV(50kW+),2.8,70.0195113505443,3.3273813092773117,25.351476642112846,9.651307596513076,0.0,31.68934580264106,0.0,0.0
solar_68576,PV(50kW+),2.0,82.69524967160072,3.3273813092773117,25.35147664211285,9.651307596513076,0.0,44.365084123697486,0.0,0.0
solar_68579,PV(50kW+),2.0,82.69524967160072,3.3273813092773117,25.35147664211285,9.651307596513076,0.0,44.365084123697486,0.0,0.0
solar_68580,PV(50kW+),6.2,52.64148300716049,3.3273813092773112,25.35147664211285,9.651307596513076,0.0,14.311317459257252,0.0,0.0
solar_68581,PV(50kW+),4.8,56.815617266110536,3.327381309277312,25.35147664211285,9.651307596513076,0.0,18.485451718207287,0.0,0.0
solar_68584,PV(50kW+),5.0,56.07619919738223,3.3273813092773117,25.35147664211285,9.651307596513076,0.0,17.746033649478996,0.0,0.0
solar_68586,PV(50kW+),5.8,53.628470418143756,3.327381309277312,25.35147664211285,9.651307596513076,0.0,15.298304870240514,0.0,0.0
solar_68587,PV(50kW+),12.0,45.72434623518615,3.3273813092773117,25.351476642112846,9.651307596513076,0.0,7.3941806872829146,0.0,0.0
solar_68593,PV(50kW+),3.6,62.977434505512946,3.3273813092773112,25.351476642112846,9.651307596513076,0.0,24.64726895760971,0.0,0.0
solar_68594,PV(50kW+),6.0,53.11852692246906,3.3273813092773117,25.351476642112846,9.651307596513076,0.0,14.788361374565829,0.0,0.0
solar_68595,PV(50kW+),7.7,49.85356402159089,3.3273813092773112,25.35147664211285,9.651307596513076,0.0,11.523398473687658,0.0,0.0
solar_68596,PV(50kW+),4.7,57.20892474947663,3.3273813092773112,25.351476642112846,9.651307596513076,0.0,18.878759201573395,0.0,0.0
solar_68597,PV(50kW+),5.0,56.07619919738223,3.3273813092773117,25.35147664211285,9.651307596513076,0.0,17.746033649478996,0.0,0.0
solar_68598,PV(50kW+),8.9,48.29984737345324,3.3273813092773117,25.351476642112853,9.651307596513078,0.0,9.969681825549996,0.0,0.0
solar_68599,PV(50kW+),1.0,127.0603337952982,3.3273813092773117,25.35147664211285,9.651307596513076,0.0,88.73016824739497,0.0,0.0
solar_68600,PV(50kW+),3.1,66.95280046641774,3.3273813092773112,25.35147664211285,9.651307596513076,0.0,28.622634918514503,0.0,0.0
solar_68602,PV(50kW+),19.7,42.83423500208572,3.3273813092773117,25.351476642112846,9.651307596513075,0.0,4.504069454182486,0.0,0.0
solar_68604,PV(50kW+),12.0,45.72434623518615,3.3273813092773117,25.351476642112846,9.651307596513076,0.0,7.3941806872829146,0.0,0.0
solar_68607,PV(50kW+),10.0,47.203182372642736,3.3273813092773117,25.35147664211285,9.651307596513076,0.0,8.873016824739498,0.0,0.0
solar_68609,PV(50kW+),4.8,56.815617266110536,3.327381309277312,25.35147664211285,9.651307596513076,0.0,18.485451718207287,0.0,0.0
solar_68612,PV(50kW+),3.9,61.081490739542986,3.3273813092773117,25.35147664211285,9.651307596513078,0.0,22.751325191639737,0.0,0.0
solar_68613,PV(50kW+),12.5,45.42857900769484,3.3273813092773117,25.351476642112853,9.651307596513078,0.0,7.098413459791598,0.0,0.0
solar_68621,PV(50kW+),5.0,56.07619919738223,3.3273813092773117,25.35147664211285,9.651307596513076,0.0,17.746033649478996,0.0,0.0
solar_68622,PV(50kW+),5.0,56.07619919738223,3.3273813092773117,25.35147664211285,9.651307596513076,0.0,17.746033649478996,0.0,0.0
solar_68623,PV(50kW+),14.0,44.66803470843145,3.3273813092773117,25.35147664211285,9.651307596513076,0.0,6.3378691605282125,0.0,0.0
solar_68625,PV(50kW+),7.2,50.65380002670809,3.3273813092773112,25.351476642112846,9.651307596513076,0.0,12.323634478804856,0.0,0.0
solar_68626,PV(50kW+),4.9,56.43836314941242,3.3273813092773117,25.35147664211285,9.651307596513076,0.0,18.108197601509175,0.0,0.0
solar_68627,PV(50kW+),5.0,56.07619919738223,3.3273813092773117,25.35147664211285,9.651307596513076,0.0,17.746033649478996,0.0,0.0
solar_68628,PV(50kW+),19.5,42.880430586231185,3.3273813092773112,25.351476642112846,9.651307596513076,0.0,4.550265038327947,0.0,0.0
solar_68629,PV(50kW+),1.5,97.48361104616654,3.3273813092773117,25.351476642112846,9.651307596513076,0.0,59.153445498263316,0.0,0.0
solar_68630,PV(50kW+),2.5,73.82223284686124,3.3273813092773117,25.35147664211285,9.651307596513076,0.0,35.49206729895799,0.0,0.0
solar_68632,PV(50kW+),5.0,56.07619919738223,3.3273813092773117,25.35147664211285,9.651307596513076,0.0,17.746033649478996,0.0,0.0
solar_68633,PV(50kW+),5.0,56.07619919738223,3.3273813092773117,25.35147664211285,9.651307596513076,0.0,17.746033649478996,0.0,0.0
solar_68634,PV(50kW+),4.8,56.815617266110536,3.327381309277312,25.35147664211285,9.651307596513076,0.0,18.485451718207287,0.0,0.0
solar_68637,PV(50kW+),10.0,47.203182372642736,3.3273813092773117,25.35147664211285,9.651307596513076,0.0,8.873016824739498,0.0,0.0
solar_68638,PV(50kW+),4.0,60.512707609751985,3.3273813092773117,25.35147664211285,9.651307596513076,0.0,22.182542061848743,0.0,0.0
solar_68639,PV(50kW+),4.2,59.45639608299728,3.3273813092773117,25.35147664211285,9.651307596513078,0.0,21.12623053509404,0.0,0.0
solar_68640,PV(50kW+),5.0,56.07619919738223,3.3273813092773117,25.35147664211285,9.651307596513076,0.0,17.746033649478996,0.0,0.0
solar_68641,PV(50kW+),3.4,64.42727385596059,3.3273813092773117,25.35147664211285,9.651307596513076,0.0,26.097108308057347,0.0,0.0
solar_68642,PV(50kW+),1.5,97.48361104616654,3.3273813092773117,25.351476642112846,9.651307596513076,0.0,59.153445498263316,0.0,0.0
solar_68643,PV(50kW+),5.9,53.36917711525831,3.3273813092773117,25.35147664211285,9.651307596513076,0.0,15.039011567355079,0.0,0.0
solar_68645,PV(50kW+),11.6,45.97931798302349,3.327381309277312,25.35147664211285,9.651307596513076,0.0,7.649152435120257,0.0,0.0
solar_68647,PV(50kW+),3.8,61.68020982353349,3.3273813092773117,25.35147664211285,9.651307596513076,0.0,23.350044275630257,0.0,0.0
solar_68648,PV(50kW+),11.0,46.3965444794846,3.3273813092773117,25.35147664211285,9.651307596513076,0.0,8.066378931581362,0.0,0.0
solar_68649,PV(50kW+),1.0,127.0603337952982,3.3273813092773117,25.35147664211285,9.651307596513076,0.0,88.73016824739497,0.0,0.0
solar_68650,PV(50kW+),5.0,56.07619919738223,3.3273813092773117,25.35147664211285,9.651307596513076,0.0,17.746033649478996,0.0,0.0
solar_68651,PV(50kW+),4.9,56.43836314941242,3.3273813092773117,25.35147664211285,9.651307596513076,0.0,18.108197601509175,0.0,0.0
solar_68652,PV(50kW+),5.0,56.07619919738223,3.3273813092773117,25.35147664211285,9.651307596513076,0.0,17.746033649478996,0.0,0.0
solar_68653,PV(50kW+),5.0,56.07619919738223,3.3273813092773117,25.35147664211285,9.651307596513076,0.0,17.746033649478996,0.0,0.0
solar_68654,PV(50kW+),4.0,60.512707609751985,3.3273813092773117,25.35147664211285,9.651307596513076,0.0,22.182542061848743,0.0,0.0
solar_68655,PV(50kW+),5.0,56.07619919738223,3.3273813092773117,25.35147664211285,9.651307596513076,0.0,17.746033649478996,0.0,0.0
solar_68656,PV(50kW+),11.0,46.3965444794846,3.3273813092773117,25.35147664211285,9.651307596513076,0.0,8.066378931581362,0.0,0.0
solar_68660,PV(50kW+),3.0,67.90688829703488,3.3273813092773117,25.351476642112846,9.651307596513076,0.0,29.576722749131658,0.0,0.0
solar_68662,PV(50kW+),5.0,56.07619919738223,3.3273813092773117,25.35147664211285,9.651307596513076,0.0,17.746033649478996,0.0,0.0
solar_68663,PV(50kW+),2.2,78.66206020581004,3.3273813092773117,25.35147664211285,9.651307596513076,0.0,40.3318946579068,0.0,0.0
solar_68664,PV(50kW+),2.8,70.0195113505443,3.3273813092773117,25.351476642112846,9.651307596513076,0.0,31.68934580264106,0.0,0.0
solar_68665,PV(50kW+),5.0,56.07619919738223,3.3273813092773117,25.35147664211285,9.651307596513076,0.0,17.746033649478996,0.0,0.0
solar_68666,PV(50kW+),13.9,44.71363088944245,3.3273813092773117,25.35147664211285,9.651307596513076,0.0,6.383465341539207,0.0,0.0
solar_68667,PV(50kW+),8.1,49.28450730684089,3.3273813092773117,25.35147664211285,9.651307596513076,0.0,10.954341758937652,0.0,0.0
solar_68669,PV(50kW+),4.9,56.43836314941242,3.3273813092773117,25.35147664211285,9.651307596513076,0.0,18.108197601509175,0.0,0.0
solar_68670,PV(50kW+),5.7,53.896861731656735,3.3273813092773112,25.351476642112846,9.651307596513076,0.0,15.566696183753502,0.0,0.0
solar_68671,PV(50kW+),5.0,56.07619919738223,3.3273813092773117,25.35147664211285,9.651307596513076,0.0,17.746033649478996,0.0,0.0
solar_68672,PV(50kW+),1.7,90.52438216401794,3.3273813092773117,25.35147664211285,9.651307596513076,0.0,52.194216616114694,0.0,0.0
solar_68673,PV(50kW+),8.0,49.42143657882761,3.3273813092773117,25.35147664211285,9.651307596513076,0.0,11.091271030924371,0.0,0.0
solar_68674,PV(50kW+),6.9,51.18961022143874,3.3273813092773117,25.35147664211285,9.651307596513076,0.0,12.859444673535503,0.0,0.0
solar_68676,PV(50kW+),5.0,56.07619919738223,3.3273813092773117,25.35147664211285,9.651307596513076,0.0,17.746033649478996,0.0,0.0
solar_68678,PV(50kW+),16.8,43.61172318167675,3.3273813092773117,25.35147664211285,9.651307596513078,0.0,5.28155763377351,0.0,0.0
solar_68680,PV(50kW+),7.2,50.65380002670809,3.3273813092773112,25.351476642112846,9.651307596513076,0.0,12.323634478804856,0.0,0.0
solar_68681,PV(50kW+),5.0,56.07619919738223,3.3273813092773117,25.35147664211285,9.651307596513076,0.0,17.746033649478996,0.0,0.0
solar_68683,PV(50kW+),8.0,49.42143657882761,3.3273813092773117,25.35147664211285,9.651307596513076,0.0,11.091271030924371,0.0,0.0
solar_68684,PV(50kW+),5.0,56.07619919738223,3.3273813092773117,25.35147664211285,9.651307596513076,0.0,17.746033649478996,0.0,0.0
solar_68686,PV(50kW+),10.0,47.203182372642736,3.3273813092773117,25.35147664211285,9.651307596513076,0.0,8.873016824739498,0.0,0.0
solar_68687,PV(50kW+),5.0,56.07619919738223,3.3273813092773117,25.35147664211285,9.651307596513076,0.0,17.746033649478996,0.0,0.0
solar_68688,PV(50kW+),10.0,47.203182372642736,3.3273813092773117,25.35147664211285,9.651307596513076,0.0,8.873016824739498,0.0,0.0
solar_68690,PV(50kW+),17.0,43.549587209514705,3.3273813092773117,25.35147664211285,9.651307596513076,0.0,5.219421661611469,0.0,0.0
solar_68691,PV(50kW+),6.4,52.1942543365587,3.3273813092773117,25.351476642112853,9.651307596513076,0.0,13.864088788655463,0.0,0.0
solar_68692,PV(50kW+),4.0,60.512707609751985,3.3273813092773117,25.35147664211285,9.651307596513076,0.0,22.182542061848743,0.0,0.0
solar_68693,PV(50kW+),6.0,53.11852692246906,3.3273813092773117,25.351476642112846,9.651307596513076,0.0,14.788361374565829,0.0,0.0
solar_68694,PV(50kW+),5.0,56.07619919738223,3.3273813092773117,25.35147664211285,9.651307596513076,0.0,17.746033649478996,0.0,0.0
solar_68696,PV(50kW+),5.0,56.07619919738223,3.3273813092773117,25.35147664211285,9.651307596513076,0.0,17.746033649478996,0.0,0.0
solar_68699,PV(50kW+),4.0,60.512707609751985,3.3273813092773117,25.35147664211285,9.651307596513076,0.0,22.182542061848743,0.0,0.0
solar_68700,PV(50kW+),5.0,56.07619919738223,3.3273813092773117,25.35147664211285,9.651307596513076,0.0,17.746033649478996,0.0,0.0
solar_68701,PV(50kW+),5.0,56.07619919738223,3.3273813092773117,25.35147664211285,9.651307596513076,0.0,17.746033649478996,0.0,0.0
solar_68702,PV(50kW+),5.0,56.07619919738223,3.3273813092773117,25.35147664211285,9.651307596513076,0.0,17.746033649478996,0.0,0.0
solar_68703,PV(50kW+),1.2,112.2719724207324,3.327381309277312,25.35147664211285,9.651307596513076,0.0,73.94180687282915,0.0,0.0
solar_68704,PV(50kW+),3.0,67.90688829703488,3.3273813092773117,25.351476642112846,9.651307596513076,0.0,29.576722749131658,0.0,0.0
solar_68705,PV(50kW+),13.9,44.71363088944245,3.3273813092773117,25.35147664211285,9.651307596513076,0.0,6.383465341539207,0.0,0.0
solar_68706,PV(50kW+),9.2,47.974749053054865,3.3273813092773112,25.35147664211285,9.651307596513076,0.0,9.644583505151628,0.0,0.0
solar_68707,PV(50kW+),5.0,56.07619919738223,3.3273813092773117,25.35147664211285,9.651307596513076,0.0,17.746033649478996,0.0,0.0
solar_68709,PV(50kW+),5.0,56.07619919738223,3.3273813092773117,25.35147664211285,9.651307596513076,0.0,17.746033649478996,0.0,0.0
solar_68710,PV(50kW+),6.8,51.37871970193191,3.3273813092773117,25.35147664211285,9.651307596513076,0.0,13.048554154028674,0.0,0.0
solar_68711,PV(50kW+),5.0,56.07619919738223,3.3273813092773117,25.35147664211285,9.651307596513076,0.0,17.746033649478996,0.0,0.0
solar_68712,PV(50kW+),5.0,56.07619919738223,3.3273813092773117,25.35147664211285,9.651307596513076,0.0,17.746033649478996,0.0,0.0
solar_68713,PV(50kW+),13.9,44.71363088944245,3.3273813092773117,25.35147664211285,9.651307596513076,0.0,6.383465341539207,0.0,0.0
solar_68714,PV(50kW+),17.5,43.40046087632581,3.3273813092773112,25.35147664211285,9.651307596513076,0.0,5.07029532842257,0.0,0.0
solar_68715,PV(50kW+),4.0,60.512707609751985,3.3273813092773117,25.35147664211285,9.651307596513076,0.0,22.182542061848743,0.0,0.0
solar_68716,PV(50kW+),5.0,56.07619919738223,3.3273813092773117,25.35147664211285,9.651307596513076,0.0,17.746033649478996,0.0,0.0
solar_68717,PV(50kW+),1.0,127.0603337952982,3.3273813092773117,25.35147664211285,9.651307596513076,0.0,88.73016824739497,0.0,0.0
solar_68718,PV(50kW+),5.0,56.07619919738223,3.3273813092773117,25.35147664211285,9.651307596513076,0.0,17.746033649478996,0.0,0.0
solar_68719,PV(50kW+),5.0,56.07619919738223,3.3273813092773117,25.35147664211285,9.651307596513076,0.0,17.746033649478996,0.0,0.0
solar_68721,PV(50kW+),1.8,87.62470346312267,3.3273813092773112,25.351476642112846,9.651307596513076,0.0,49.29453791521942,0.0,0.0
solar_68723,PV(50kW+),5.0,56.07619919738223,3.3273813092773117,25.35147664211285,9.651307596513076,0.0,17.746033649478996,0.0,0.0
solar_68724,PV(50kW+),6.6,51.77413043387217,3.3273813092773117,25.35147664211285,9.651307596513076,0.0,13.443964885968935,0.0,0.0
solar_68725,PV(50kW+),4.6,57.61933255820649,3.3273813092773112,25.35147664211285,9.651307596513076,0.0,19.289167010303256,0.0,0.0
solar_68726,PV(50kW+),6.5,51.98096066288708,3.3273813092773117,25.35147664211285,9.651307596513076,0.0,13.650795114983842,0.0,0.0
solar_68727,PV(50kW+),7.6,50.00518768571836,3.3273813092773117,25.35147664211285,9.651307596513076,0.0,11.675022137815128,0.0,0.0
solar_68729,PV(50kW+),10.6,46.700936137280124,3.327381309277312,25.351476642112853,9.651307596513076,0.0,8.370770589376885,0.0,0.0
solar_68730,PV(50kW+),11.5,46.04583235202453,3.3273813092773112,25.351476642112846,9.651307596513076,0.0,7.715666804121301,0.0,0.0
solar_68737,PV(50kW+),4.7,57.20892474947663,3.3273813092773112,25.351476642112846,9.651307596513076,0.0,18.878759201573395,0.0,0.0
solar_68738,PV(50kW+),6.9,51.18961022143874,3.3273813092773117,25.35147664211285,9.651307596513076,0.0,12.859444673535503,0.0,0.0
solar_68739,PV(50kW+),6.0,53.11852692246906,3.3273813092773117,25.351476642112846,9.651307596513076,0.0,14.788361374565829,0.0,0.0
solar_68740,PV(50kW+),11.0,46.3965444794846,3.3273813092773117,25.35147664211285,9.651307596513076,0.0,8.066378931581362,0.0,0.0
solar_68741,PV(50kW+),8.5,48.76900887112617,3.3273813092773117,25.35147664211285,9.651307596513076,0.0,10.438843323222939,0.0,0.0
solar_68742,PV(50kW+),4.0,60.512707609751985,3.3273813092773117,25.35147664211285,9.651307596513076,0.0,22.182542061848743,0.0,0.0
solar_68743,PV(50kW+),4.0,60.512707609751985,3.3273813092773117,25.35147664211285,9.651307596513076,0.0,22.182542061848743,0.0,0.0
solar_68745,PV(50kW+),1.2,112.2719724207324,3.327381309277312,25.35147664211285,9.651307596513076,0.0,73.94180687282915,0.0,0.0
solar_68747,PV(50kW+),8.5,48.76900887112617,3.3273813092773117,25.35147664211285,9.651307596513076,0.0,10.438843323222939,0.0,0.0
solar_68748,PV(50kW+),5.0,56.07619919738223,3.3273813092773117,25.35147664211285,9.651307596513076,0.0,17.746033649478996,0.0,0.0
solar_68749,PV(50kW+),5.5,54.462923411065965,3.3273813092773117,25.35147664211285,9.651307596513076,0.0,16.132757863162723,0.0,0.0
solar_68750,PV(50kW+),19.0,43.000174403029284,3.3273813092773112,25.351476642112846,9.651307596513076,0.0,4.670008855126051,0.0,0.0
solar_68751,PV(50kW+),5.0,56.07619919738223,3.3273813092773117,25.35147664211285,9.651307596513076,0.0,17.746033649478996,0.0,0.0
solar_68755,PV(50kW+),5.0,56.07619919738223,3.3273813092773117,25.35147664211285,9.651307596513076,0.0,17.746033649478996,0.0,0.0
solar_68757,PV(50kW+),1.7,90.52438216401794,3.3273813092773117,25.35147664211285,9.651307596513076,0.0,52.194216616114694,0.0,0.0
solar_68759,PV(50kW+),15.8,43.94599898128267,3.3273813092773117,25.35147664211285,9.651307596513078,0.0,5.615833433379429,0.0,0.0
solar_68760,PV(50kW+),3.4,64.42727385596059,3.3273813092773117,25.35147664211285,9.651307596513076,0.0,26.097108308057347,0.0,0.0
solar_68761,PV(50kW+),3.4,64.42727385596059,3.3273813092773117,25.35147664211285,9.651307596513076,0.0,26.097108308057347,0.0,0.0
solar_68762,PV(50kW+),1.5,97.48361104616654,3.3273813092773117,25.351476642112846,9.651307596513076,0.0,59.153445498263316,0.0,0.0
solar_68765,PV(50kW+),10.2,47.02920165058902,3.3273813092773112,25.35147664211285,9.651307596513076,0.0,8.699036102685781,0.0,0.0
solar_68766,PV(50kW+),2.6,72.45715333536283,3.3273813092773112,25.35147664211285,9.651307596513076,0.0,34.1269877874596,0.0,0.0
solar_68768,PV(50kW+),15.6,44.01799684581318,3.3273813092773117,25.35147664211285,9.651307596513078,0.0,5.687831297909934,0.0,0.0
solar_68769,PV(50kW+),4.9,56.43836314941242,3.3273813092773117,25.35147664211285,9.651307596513076,0.0,18.108197601509175,0.0,0.0
solar_68772,PV(50kW+),8.6,48.647626972018934,3.3273813092773117,25.35147664211285,9.651307596513076,0.0,10.317461424115695,0.0,0.0
solar_68773,PV(50kW+),6.8,51.37871970193191,3.3273813092773117,25.35147664211285,9.651307596513076,0.0,13.048554154028674,0.0,0.0
solar_68774,PV(50kW+),5.0,56.07619919738223,3.3273813092773117,25.35147664211285,9.651307596513076,0.0,17.746033649478996,0.0,0.0
solar_68775,PV(50kW+),5.0,56.07619919738223,3.3273813092773117,25.35147664211285,9.651307596513076,0.0,17.746033649478996,0.0,0.0
solar_68776,PV(50kW+),5.0,56.07619919738223,3.3273813092773117,25.35147664211285,9.651307596513076,0.0,17.746033649478996,0.0,0.0
solar_68777,PV(50kW+),3.6,62.977434505512946,3.3273813092773112,25.351476642112846,9.651307596513076,0.0,24.64726895760971,0.0,0.0
solar_68778,PV(50kW+),1.5,97.48361104616654,3.3273813092773117,25.351476642112846,9.651307596513076,0.0,59.153445498263316,0.0,0.0
solar_68781,PV(50kW+),5.0,56.07619919738223,3.3273813092773117,25.35147664211285,9.651307596513076,0.0,17.746033649478996,0.0,0.0
solar_68782,PV(50kW+),4.1,59.971669998487386,3.3273813092773112,25.351476642112846,9.651307596513076,0.0,21.64150445058414,0.0,0.0
solar_68784,PV(50kW+),4.5,58.047980713991,3.3273813092773117,25.35147664211285,9.651307596513076,0.0,19.71781516608777,0.0,0.0
solar_68785,PV(50kW+),5.0,56.07619919738223,3.3273813092773117,25.35147664211285,9.651307596513076,0.0,17.746033649478996,0.0,0.0
solar_68787,PV(50kW+),1.8,87.62470346312267,3.3273813092773112,25.351476642112846,9.651307596513076,0.0,49.29453791521942,0.0,0.0
solar_68789,PV(50kW+),7.0,51.00590386895966,3.3273813092773117,25.35147664211285,9.651307596513076,0.0,12.675738321056425,0.0,0.0
solar_68791,PV(50kW+),5.0,56.07619919738223,3.3273813092773117,25.35147664211285,9.651307596513076,0.0,17.746033649478996,0.0,0.0
solar_68792,PV(50kW+),12.0,45.72434623518615,3.3273813092773117,25.351476642112846,9.651307596513076,0.0,7.3941806872829146,0.0,0.0
solar_68797,PV(50kW+),5.0,56.07619919738223,3.3273813092773117,25.35147664211285,9.651307596513076,0.0,17.746033649478996,0.0,0.0
solar_68799,PV(50kW+),16.0,43.87580106336543,3.3273813092773117,25.35147664211285,9.651307596513076,0.0,5.545635515462186,0.0,0.0
solar_68800,PV(50kW+),4.9,56.43836314941242,3.3273813092773117,25.35147664211285,9.651307596513076,0.0,18.108197601509175,0.0,0.0
solar_68801,PV(50kW+),1.0,127.0603337952982,3.3273813092773117,25.35147664211285,9.651307596513076,0.0,88.73016824739497,0.0,0.0
solar_68802,PV(50kW+),3.7,62.31129210125322,3.3273813092773117,25.35147664211285,9.651307596513078,0.0,23.98112655334999,0.0,0.0
solar_68804,PV(50kW+),7.6,50.00518768571836,3.3273813092773117,25.35147664211285,9.651307596513076,0.0,11.675022137815128,0.0,0.0
solar_68805,PV(50kW+),3.1,66.95280046641774,3.3273813092773112,25.35147664211285,9.651307596513076,0.0,28.622634918514503,0.0,0.0
solar_68806,PV(50kW+),1.7,90.52438216401794,3.3273813092773117,25.35147664211285,9.651307596513076,0.0,52.194216616114694,0.0,0.0
solar_68809,PV(50kW+),11.4,46.11351363977999,3.3273813092773112,25.351476642112846,9.651307596513076,0.0,7.783348091876751,0.0,0.0
solar_68810,PV(50kW+),4.6,57.61933255820649,3.3273813092773112,25.35147664211285,9.651307596513076,0.0,19.289167010303256,0.0,0.0
solar_68811,PV(50kW+),7.0,51.00590386895966,3.3273813092773117,25.35147664211285,9.651307596513076,0.0,12.675738321056425,0.0,0.0
solar_68812,PV(50kW+),5.0,56.07619919738223,3.3273813092773117,25.35147664211285,9.651307596513076,0.0,17.746033649478996,0.0,0.0
solar_68816,PV(50kW+),6.1,52.87609476878767,3.3273813092773117,25.35147664211285,9.651307596513076,0.0,14.545929220884421,0.0,0.0
solar_68819,PV(50kW+),4.2,59.45639608299728,3.3273813092773117,25.35147664211285,9.651307596513078,0.0,21.12623053509404,0.0,0.0
solar_68821,PV(50kW+),5.8,53.628470418143756,3.327381309277312,25.35147664211285,9.651307596513076,0.0,15.298304870240514,0.0,0.0
solar_68822,PV(50kW+),4.0,60.512707609751985,3.3273813092773117,25.35147664211285,9.651307596513076,0.0,22.182542061848743,0.0,0.0
solar_68823,PV(50kW+),5.0,56.07619919738223,3.3273813092773117,25.35147664211285,9.651307596513076,0.0,17.746033649478996,0.0,0.0
solar_68825,PV(50kW+),5.0,56.07619919738223,3.3273813092773117,25.35147664211285,9.651307596513076,0.0,17.746033649478996,0.0,0.0
solar_68826,PV(50kW+),6.1,52.87609476878767,3.3273813092773117,25.35147664211285,9.651307596513076,0.0,14.545929220884421,0.0,0.0
solar_68827,PV(50kW+),9.0,48.18907313094712,3.3273813092773117,25.35147664211285,9.651307596513076,0.0,9.858907583043885,0.0,0.0
solar_68829,PV(50kW+),4.8,56.815617266110536,3.327381309277312,25.35147664211285,9.651307596513076,0.0,18.485451718207287,0.0,0.0
solar_68830,PV(50kW+),6.4,52.1942543365587,3.3273813092773117,25.351476642112853,9.651307596513076,0.0,13.864088788655463,0.0,0.0
solar_68831,PV(50kW+),3.3,65.21809531984111,3.3273813092773117,25.35147664211285,9.651307596513076,0.0,26.88792977193787,0.0,0.0
solar_68832,PV(50kW+),5.0,56.07619919738223,3.3273813092773117,25.35147664211285,9.651307596513076,0.0,17.746033649478996,0.0,0.0
solar_68833,PV(50kW+),6.2,52.64148300716049,3.3273813092773112,25.35147664211285,9.651307596513076,0.0,14.311317459257252,0.0,0.0
solar_68836,PV(50kW+),6.1,52.87609476878767,3.3273813092773117,25.35147664211285,9.651307596513076,0.0,14.545929220884421,0.0,0.0
solar_68837,PV(50kW+),2.0,82.69524967160072,3.3273813092773117,25.35147664211285,9.651307596513076,0.0,44.365084123697486,0.0,0.0
solar_68838,PV(50kW+),3.9,61.081490739542986,3.3273813092773117,25.35147664211285,9.651307596513078,0.0,22.751325191639737,0.0,0.0
solar_68841,PV(50kW+),6.0,53.11852692246906,3.3273813092773117,25.351476642112846,9.651307596513076,0.0,14.788361374565829,0.0,0.0
solar_68843,PV(50kW+),1.0,127.0603337952982,3.3273813092773117,25.35147664211285,9.651307596513076,0.0,88.73016824739497,0.0,0.0
solar_68844,PV(50kW+),1.2,112.2719724207324,3.327381309277312,25.35147664211285,9.651307596513076,0.0,73.94180687282915,0.0,0.0
solar_68845,PV(50kW+),6.0,53.11852692246906,3.3273813092773117,25.351476642112846,9.651307596513076,0.0,14.788361374565829,0.0,0.0
solar_68846,PV(50kW+),1.0,127.0603337952982,3.3273813092773117,25.35147664211285,9.651307596513076,0.0,88.73016824739497,0.0,0.0
solar_68847,PV(50kW+),1.2,112.2719724207324,3.327381309277312,25.35147664211285,9.651307596513076,0.0,73.94180687282915,0.0,0.0
solar_68848,PV(50kW+),5.0,56.07619919738223,3.3273813092773117,25.35147664211285,9.651307596513076,0.0,17.746033649478996,0.0,0.0
solar_68851,PV(50kW+),6.5,51.98096066288708,3.3273813092773117,25.35147664211285,9.651307596513076,0.0,13.650795114983842,0.0,0.0
solar_68856,PV(50kW+),5.0,56.07619919738223,3.3273813092773117,25.35147664211285,9.651307596513076,0.0,17.746033649478996,0.0,0.0
solar_68858,PV(50kW+),7.6,50.00518768571836,3.3273813092773117,25.35147664211285,9.651307596513076,0.0,11.675022137815128,0.0,0.0
solar_68861,PV(50kW+),18.7,43.07509433118639,3.3273813092773117,25.35147664211285,9.651307596513076,0.0,4.744928783283154,0.0,0.0
solar_68862,PV(50kW+),1.4,101.70885715318536,3.3273813092773117,25.351476642112846,9.651307596513076,0.0,63.37869160528212,0.0,0.0
solar_68863,PV(50kW+),1.8,87.62470346312267,3.3273813092773112,25.351476642112846,9.651307596513076,0.0,49.29453791521942,0.0,0.0
solar_68864,PV(50kW+),5.0,56.07619919738223,3.3273813092773117,25.35147664211285,9.651307596513076,0.0,17.746033649478996,0.0,0.0
solar_68865,PV(50kW+),5.3,55.071706726657006,3.327381309277312,25.351476642112853,9.651307596513076,0.0,16.74154117875377,0.0,0.0
solar_68866,PV(50kW+),3.8,61.68020982353349,3.3273813092773117,25.35147664211285,9.651307596513076,0.0,23.350044275630257,0.0,0.0
solar_68867,PV(50kW+),2.0,82.69524967160072,3.3273813092773117,25.35147664211285,9.651307596513076,0.0,44.365084123697486,0.0,0.0
solar_68868,PV(50kW+),5.0,56.07619919738223,3.3273813092773117,25.35147664211285,9.651307596513076,0.0,17.746033649478996,0.0,0.0
solar_68869,PV(50kW+),8.9,48.29984737345324,3.3273813092773117,25.351476642112853,9.651307596513078,0.0,9.969681825549996,0.0,0.0
solar_68870,PV(50kW+),5.0,56.07619919738223,3.3273813092773117,25.35147664211285,9.651307596513076,0.0,17.746033649478996,0.0,0.0
solar_68871,PV(50kW+),9.0,48.18907313094712,3.3273813092773117,25.35147664211285,9.651307596513076,0.0,9.858907583043885,0.0,0.0
solar_68872,PV(50kW+),13.5,44.90277060326583,3.3273813092773112,25.351476642112846,9.651307596513076,0.0,6.57260505536259,0.0,0.0
solar_68873,PV(50kW+),12.7,45.31679296895797,3.327381309277312,25.351476642112853,9.651307596513078,0.0,6.986627421054723,0.0,0.0
solar_68876,PV(50kW+),13.0,45.15556310539516,3.3273813092773117,25.35147664211285,9.651307596513076,0.0,6.825397557491921,0.0,0.0
solar_68877,PV(50kW+),1.7,90.52438216401794,3.3273813092773117,25.35147664211285,9.651307596513076,0.0,52.194216616114694,0.0,0.0
solar_68878,PV(50kW+),5.0,56.07619919738223,3.3273813092773117,25.35147664211285,9.651307596513076,0.0,17.746033649478996,0.0,0.0
solar_68881,PV(50kW+),10.8,46.54592186710647,3.3273813092773117,25.35147664211285,9.651307596513076,0.0,8.215756319203237,0.0,0.0
solar_68882,PV(50kW+),7.0,51.00590386895966,3.3273813092773117,25.35147664211285,9.651307596513076,0.0,12.675738321056425,0.0,0.0
solar_68883,PV(50kW+),1.5,97.48361104616654,3.3273813092773117,25.351476642112846,9.651307596513076,0.0,59.153445498263316,0.0,0.0
solar_68884,PV(50kW+),2.6,72.45715333536283,3.3273813092773112,25.35147664211285,9.651307596513076,0.0,34.1269877874596,0.0,0.0
solar_68886,PV(50kW+),5.0,56.07619919738223,3.3273813092773117,25.35147664211285,9.651307596513076,0.0,17.746033649478996,0.0,0.0
solar_68888,PV(50kW+),12.0,45.72434623518615,3.3273813092773117,25.351476642112846,9.651307596513076,0.0,7.3941806872829146,0.0,0.0
solar_68889,PV(50kW+),6.9,51.18961022143874,3.3273813092773117,25.35147664211285,9.651307596513076,0.0,12.859444673535503,0.0,0.0
solar_68890,PV(50kW+),6.8,51.37871970193191,3.3273813092773117,25.35147664211285,9.651307596513076,0.0,13.048554154028674,0.0,0.0
solar_68891,PV(50kW+),4.8,56.815617266110536,3.327381309277312,25.35147664211285,9.651307596513076,0.0,18.485451718207287,0.0,0.0
solar_68892,PV(50kW+),3.8,61.68020982353349,3.3273813092773117,25.35147664211285,9.651307596513076,0.0,23.350044275630257,0.0,0.0
solar_68894,PV(50kW+),16.0,43.87580106336543,3.3273813092773117,25.35147664211285,9.651307596513076,0.0,5.545635515462186,0.0,0.0
solar_68895,PV(50kW+),5.0,56.07619919738223,3.3273813092773117,25.35147664211285,9.651307596513076,0.0,17.746033649478996,0.0,0.0
solar_68896,PV(50kW+),5.0,56.07619919738223,3.3273813092773117,25.35147664211285,9.651307596513076,0.0,17.746033649478996,0.0,0.0
solar_68897,PV(50kW+),1.6,93.7865207025251,3.3273813092773117,25.351476642112853,9.651307596513076,0.0,55.45635515462185,0.0,0.0
solar_68899,PV(50kW+),2.2,78.66206020581004,3.3273813092773117,25.35147664211285,9.651307596513076,0.0,40.3318946579068,0.0,0.0
solar_68900,PV(50kW+),5.0,56.07619919738223,3.3273813092773117,25.35147664211285,9.651307596513076,0.0,17.746033649478996,0.0,0.0
solar_68903,PV(50kW+),2.0,82.69524967160072,3.3273813092773117,25.35147664211285,9.651307596513076,0.0,44.365084123697486,0.0,0.0
solar_68906,PV(50kW+),2.9,68.92677528838426,3.327381309277312,25.35147664211285,9.651307596513076,0.0,30.59660974048103,0.0,0.0
solar_68908,PV(50kW+),4.2,59.45639608299728,3.3273813092773117,25.35147664211285,9.651307596513078,0.0,21.12623053509404,0.0,0.0
solar_68909,PV(50kW+),6.7,51.57347424154428,3.3273813092773112,25.35147664211285,9.651307596513076,0.0,13.243308693641039,0.0,0.0
solar_68910,PV(50kW+),3.6,62.977434505512946,3.3273813092773112,25.351476642112846,9.651307596513076,0.0,24.64726895760971,0.0,0.0
solar_68911,PV(50kW+),7.0,51.00590386895966,3.3273813092773117,25.35147664211285,9.651307596513076,0.0,12.675738321056425,0.0,0.0
solar_68912,PV(50kW+),6.5,51.98096066288708,3.3273813092773117,25.35147664211285,9.651307596513076,0.0,13.650795114983842,0.0,0.0
solar_68913,PV(50kW+),5.0,56.07619919738223,3.3273813092773117,25.35147664211285,9.651307596513076,0.0,17.746033649478996,0.0,0.0
solar_68914,PV(50kW+),19.8,42.811487176559545,3.3273813092773117,25.35147664211285,9.651307596513078,0.0,4.481321628656311,0.0,0.0
solar_68917,PV(50kW+),17.9,43.28715818742251,3.3273813092773112,25.351476642112846,9.651307596513076,0.0,4.956992639519272,0.0,0.0
solar_68918,PV(50kW+),2.5,73.82223284686124,3.3273813092773117,25.35147664211285,9.651307596513076,0.0,35.49206729895799,0.0,0.0
solar_68919,PV(50kW+),4.0,60.512707609751985,3.3273813092773117,25.35147664211285,9.651307596513076,0.0,22.182542061848743,0.0,0.0
solar_68920,PV(50kW+),1.7,90.52438216401794,3.3273813092773117,25.35147664211285,9.651307596513076,0.0,52.194216616114694,0.0,0.0
solar_68921,PV(50kW+),5.0,56.07619919738223,3.3273813092773117,25.35147664211285,9.651307596513076,0.0,17.746033649478996,0.0,0.0
solar_68924,PV(50kW+),1.8,87.62470346312267,3.3273813092773112,25.351476642112846,9.651307596513076,0.0,49.29453791521942,0.0,0.0
solar_68925,PV(50kW+),9.3,47.871043854074735,3.3273813092773117,25.35147664211285,9.651307596513076,0.0,9.540878306171502,0.0,0.0
solar_68927,PV(50kW+),5.0,56.07619919738223,3.3273813092773117,25.35147664211285,9.651307596513076,0.0,17.746033649478996,0.0,0.0
solar_68928,PV(50kW+),2.8,70.0195113505443,3.3273813092773117,25.351476642112846,9.651307596513076,0.0,31.68934580264106,0.0,0.0
solar_68934,PV(50kW+),5.0,56.07619919738223,3.3273813092773117,25.35147664211285,9.651307596513076,0.0,17.746033649478996,0.0,0.0
solar_68935,PV(50kW+),5.0,56.07619919738223,3.3273813092773117,25.35147664211285,9.651307596513076,0.0,17.746033649478996,0.0,0.0
solar_68937,PV(50kW+),5.0,56.07619919738223,3.3273813092773117,25.35147664211285,9.651307596513076,0.0,17.746033649478996,0.0,0.0
solar_68938,PV(50kW+),8.2,49.1509177731953,3.3273813092773112,25.351476642112846,9.651307596513076,0.0,10.82075222529207,0.0,0.0
solar_68944,PV(50kW+),5.4,54.761678186309716,3.3273813092773117,25.35147664211285,9.651307596513076,0.0,16.431512638406474,0.0,0.0
solar_68946,PV(50kW+),12.1,45.6632373038863,3.3273813092773117,25.351476642112853,9.651307596513076,0.0,7.333071755983055,0.0,0.0
solar_68947,PV(50kW+),7.0,51.00590386895966,3.3273813092773117,25.35147664211285,9.651307596513076,0.0,12.675738321056425,0.0,0.0
solar_68949,PV(50kW+),5.0,56.07619919738223,3.3273813092773117,25.35147664211285,9.651307596513076,0.0,17.746033649478996,0.0,0.0
solar_68950,PV(50kW+),5.0,56.07619919738223,3.3273813092773117,25.35147664211285,9.651307596513076,0.0,17.746033649478996,0.0,0.0
solar_68954,PV(50kW+),5.0,56.07619919738223,3.3273813092773117,25.35147664211285,9.651307596513076,0.0,17.746033649478996,0.0,0.0
solar_68955,PV(50kW+),18.7,43.07509433118639,3.3273813092773117,25.35147664211285,9.651307596513076,0.0,4.744928783283154,0.0,0.0
solar_68956,PV(50kW+),4.9,56.43836314941242,3.3273813092773117,25.35147664211285,9.651307596513076,0.0,18.108197601509175,0.0,0.0
solar_68960,PV(50kW+),5.0,56.07619919738223,3.3273813092773117,25.35147664211285,9.651307596513076,0.0,17.746033649478996,0.0,0.0
solar_68961,PV(50kW+),1.8,87.62470346312267,3.3273813092773112,25.351476642112846,9.651307596513076,0.0,49.29453791521942,0.0,0.0
solar_68964,PV(50kW+),5.0,56.07619919738223,3.3273813092773117,25.35147664211285,9.651307596513076,0.0,17.746033649478996,0.0,0.0
solar_68965,PV(50kW+),2.7,71.19319082471618,3.3273813092773117,25.35147664211285,9.651307596513076,0.0,32.86302527681295,0.0,0.0
solar_68969,PV(50kW+),1.5,97.48361104616654,3.3273813092773117,25.351476642112846,9.651307596513076,0.0,59.153445498263316,0.0,0.0
solar_68970,PV(50kW+),2.6,72.45715333536283,3.3273813092773112,25.35147664211285,9.651307596513076,0.0,34.1269877874596,0.0,0.0
solar_68971,PV(50kW+),8.7,48.529035461396916,3.3273813092773112,25.35147664211285,9.651307596513076,0.0,10.198869913493676,0.0,0.0
solar_68972,PV(50kW+),4.8,56.815617266110536,3.327381309277312,25.35147664211285,9.651307596513076,0.0,18.485451718207287,0.0,0.0
solar_68973,PV(50kW+),6.5,51.98096066288708,3.3273813092773117,25.35147664211285,9.651307596513076,0.0,13.650795114983842,0.0,0.0
solar_68974,PV(50kW+),5.0,56.07619919738223,3.3273813092773117,25.35147664211285,9.651307596513076,0.0,17.746033649478996,0.0,0.0
solar_68975,PV(50kW+),5.9,53.36917711525831,3.3273813092773117,25.35147664211285,9.651307596513076,0.0,15.039011567355079,0.0,0.0
solar_68976,PV(50kW+),5.0,56.07619919738223,3.3273813092773117,25.35147664211285,9.651307596513076,0.0,17.746033649478996,0.0,0.0
solar_68977,PV(50kW+),6.8,51.37871970193191,3.3273813092773117,25.35147664211285,9.651307596513076,0.0,13.048554154028674,0.0,0.0
solar_68978,PV(50kW+),4.0,60.512707609751985,3.3273813092773117,25.35147664211285,9.651307596513076,0.0,22.182542061848743,0.0,0.0
solar_68979,PV(50kW+),11.0,46.3965444794846,3.3273813092773117,25.35147664211285,9.651307596513076,0.0,8.066378931581362,0.0,0.0
solar_68980,PV(50kW+),11.3,46.18239282643376,3.3273813092773112,25.351476642112846,9.651307596513076,0.0,7.852227278530528,0.0,0.0
solar_68981,PV(50kW+),4.2,59.45639608299728,3.3273813092773117,25.35147664211285,9.651307596513078,0.0,21.12623053509404,0.0,0.0
solar_68983,PV(50kW+),5.0,56.07619919738223,3.3273813092773117,25.35147664211285,9.651307596513076,0.0,17.746033649478996,0.0,0.0
solar_68984,PV(50kW+),4.5,58.047980713991,3.3273813092773117,25.35147664211285,9.651307596513076,0.0,19.71781516608777,0.0,0.0
solar_68985,PV(50kW+),1.7,90.52438216401794,3.3273813092773117,25.35147664211285,9.651307596513076,0.0,52.194216616114694,0.0,0.0
solar_68986,PV(50kW+),5.0,56.07619919738223,3.3273813092773117,25.35147664211285,9.651307596513076,0.0,17.746033649478996,0.0,0.0
solar_68990,PV(50kW+),5.0,56.07619919738223,3.3273813092773117,25.35147664211285,9.651307596513076,0.0,17.746033649478996,0.0,0.0
solar_68993,PV(50kW+),5.0,56.07619919738223,3.3273813092773117,25.35147664211285,9.651307596513076,0.0,17.746033649478996,0.0,0.0
solar_68994,PV(50kW+),1.2,112.2719724207324,3.327381309277312,25.35147664211285,9.651307596513076,0.0,73.94180687282915,0.0,0.0
solar_68995,PV(50kW+),1.5,97.48361104616654,3.3273813092773117,25.351476642112846,9.651307596513076,0.0,59.153445498263316,0.0,0.0
solar_68996,PV(50kW+),9.0,48.18907313094712,3.3273813092773117,25.35147664211285,9.651307596513076,0.0,9.858907583043885,0.0,0.0
solar_68997,PV(50kW+),5.0,56.07619919738223,3.3273813092773117,25.35147664211285,9.651307596513076,0.0,17.746033649478996,0.0,0.0
solar_68999,PV(50kW+),11.5,46.04583235202453,3.3273813092773112,25.351476642112846,9.651307596513076,0.0,7.715666804121301,0.0,0.0
solar_69001,PV(50kW+),4.5,58.047980713991,3.3273813092773117,25.35147664211285,9.651307596513076,0.0,19.71781516608777,0.0,0.0
solar_69003,PV(50kW+),5.0,56.07619919738223,3.3273813092773117,25.35147664211285,9.651307596513076,0.0,17.746033649478996,0.0,0.0
solar_69005,PV(50kW+),12.0,45.72434623518615,3.3273813092773117,25.351476642112846,9.651307596513076,0.0,7.3941806872829146,0.0,0.0
solar_69006,PV(50kW+),12.0,45.72434623518615,3.3273813092773117,25.351476642112846,9.651307596513076,0.0,7.3941806872829146,0.0,0.0
solar_69007,PV(50kW+),12.0,45.72434623518615,3.3273813092773117,25.351476642112846,9.651307596513076,0.0,7.3941806872829146,0.0,0.0
solar_69009,PV(50kW+),5.0,56.07619919738223,3.3273813092773117,25.35147664211285,9.651307596513076,0.0,17.746033649478996,0.0,0.0
solar_69012,PV(50kW+),7.0,51.00590386895966,3.3273813092773117,25.35147664211285,9.651307596513076,0.0,12.675738321056425,0.0,0.0
solar_69014,PV(50kW+),4.0,60.512707609751985,3.3273813092773117,25.35147664211285,9.651307596513076,0.0,22.182542061848743,0.0,0.0
solar_69015,PV(50kW+),4.0,60.512707609751985,3.3273813092773117,25.35147664211285,9.651307596513076,0.0,22.182542061848743,0.0,0.0
solar_69016,PV(50kW+),5.0,56.07619919738223,3.3273813092773117,25.35147664211285,9.651307596513076,0.0,17.746033649478996,0.0,0.0
solar_69018,PV(50kW+),1.7,90.52438216401794,3.3273813092773117,25.35147664211285,9.651307596513076,0.0,52.194216616114694,0.0,0.0
solar_69019,PV(50kW+),1.5,97.48361104616654,3.3273813092773117,25.351476642112846,9.651307596513076,0.0,59.153445498263316,0.0,0.0
solar_69020,PV(50kW+),1.8,87.62470346312267,3.3273813092773112,25.351476642112846,9.651307596513076,0.0,49.29453791521942,0.0,0.0
solar_69021,PV(50kW+),4.9,56.43836314941242,3.3273813092773117,25.35147664211285,9.651307596513076,0.0,18.108197601509175,0.0,0.0
solar_69022,PV(50kW+),5.0,56.07619919738223,3.3273813092773117,25.35147664211285,9.651307596513076,0.0,17.746033649478996,0.0,0.0
solar_69026,PV(50kW+),5.0,56.07619919738223,3.3273813092773117,25.35147664211285,9.651307596513076,0.0,17.746033649478996,0.0,0.0
solar_69027,PV(50kW+),4.4,58.496112876856635,3.3273813092773117,25.35147664211285,9.651307596513076,0.0,20.1659473289534,0.0,0.0
solar_69028,PV(50kW+),5.0,56.07619919738223,3.3273813092773117,25.35147664211285,9.651307596513076,0.0,17.746033649478996,0.0,0.0
solar_69030,PV(50kW+),12.0,45.72434623518615,3.3273813092773117,25.351476642112846,9.651307596513076,0.0,7.3941806872829146,0.0,0.0
solar_69031,PV(50kW+),10.0,47.203182372642736,3.3273813092773117,25.35147664211285,9.651307596513076,0.0,8.873016824739498,0.0,0.0
solar_69032,PV(50kW+),4.9,56.43836314941242,3.3273813092773117,25.35147664211285,9.651307596513076,0.0,18.108197601509175,0.0,0.0
solar_69036,PV(50kW+),16.6,43.67535640618005,3.327381309277312,25.35147664211285,9.651307596513076,0.0,5.345190858276805,0.0,0.0
solar_69037,PV(50kW+),2.6,72.45715333536283,3.3273813092773112,25.35147664211285,9.651307596513076,0.0,34.1269877874596,0.0,0.0
solar_69038,PV(50kW+),8.0,49.42143657882761,3.3273813092773117,25.35147664211285,9.651307596513076,0.0,11.091271030924371,0.0,0.0
solar_69039,PV(50kW+),5.0,56.07619919738223,3.3273813092773117,25.35147664211285,9.651307596513076,0.0,17.746033649478996,0.0,0.0
solar_69040,PV(50kW+),5.0,56.07619919738223,3.3273813092773117,25.35147664211285,9.651307596513076,0.0,17.746033649478996,0.0,0.0
solar_69042,PV(50kW+),3.8,61.68020982353349,3.3273813092773117,25.35147664211285,9.651307596513076,0.0,23.350044275630257,0.0,0.0
solar_69044,PV(50kW+),10.2,47.02920165058902,3.3273813092773112,25.35147664211285,9.651307596513076,0.0,8.699036102685781,0.0,0.0
solar_69045,PV(50kW+),10.0,47.203182372642736,3.3273813092773117,25.35147664211285,9.651307596513076,0.0,8.873016824739498,0.0,0.0
solar_69046,PV(50kW+),10.0,47.203182372642736,3.3273813092773117,25.35147664211285,9.651307596513076,0.0,8.873016824739498,0.0,0.0
solar_69047,PV(50kW+),5.0,56.07619919738223,3.3273813092773117,25.35147664211285,9.651307596513076,0.0,17.746033649478996,0.0,0.0
solar_69049,PV(50kW+),11.6,45.97931798302349,3.327381309277312,25.35147664211285,9.651307596513076,0.0,7.649152435120257,0.0,0.0
solar_69050,PV(50kW+),18.3,43.17880862153138,3.3273813092773117,25.351476642112853,9.651307596513078,0.0,4.848643073628141,0.0,0.0
solar_69051,PV(50kW+),4.8,56.815617266110536,3.327381309277312,25.35147664211285,9.651307596513076,0.0,18.485451718207287,0.0,0.0
solar_69052,PV(50kW+),5.0,56.07619919738223,3.3273813092773117,25.35147664211285,9.651307596513076,0.0,17.746033649478996,0.0,0.0
solar_69055,PV(50kW+),5.0,56.07619919738223,3.3273813092773117,25.35147664211285,9.651307596513076,0.0,17.746033649478996,0.0,0.0
solar_69058,PV(50kW+),5.0,56.07619919738223,3.3273813092773117,25.35147664211285,9.651307596513076,0.0,17.746033649478996,0.0,0.0
solar_69061,PV(50kW+),1.1,118.99395486371684,3.3273813092773117,25.35147664211285,9.651307596513076,0.0,80.6637893158136,0.0,0.0
solar_69062,PV(50kW+),2.0,82.69524967160072,3.3273813092773117,25.35147664211285,9.651307596513076,0.0,44.365084123697486,0.0,0.0
solar_69066,PV(50kW+),5.0,56.07619919738223,3.3273813092773117,25.35147664211285,9.651307596513076,0.0,17.746033649478996,0.0,0.0
solar_69067,PV(50kW+),7.5,50.16085464755591,3.3273813092773117,25.35147664211285,9.651307596513076,0.0,11.830689099652663,0.0,0.0
solar_69068,PV(50kW+),5.4,54.761678186309716,3.3273813092773117,25.35147664211285,9.651307596513076,0.0,16.431512638406474,0.0,0.0
solar_69071,PV(50kW+),5.0,56.07619919738223,3.3273813092773117,25.35147664211285,9.651307596513076,0.0,17.746033649478996,0.0,0.0
solar_69074,PV(50kW+),1.4,101.70885715318536,3.3273813092773117,25.351476642112846,9.651307596513076,0.0,63.37869160528212,0.0,0.0
solar_69075,PV(50kW+),5.0,56.07619919738223,3.3273813092773117,25.35147664211285,9.651307596513076,0.0,17.746033649478996,0.0,0.0
solar_69078,PV(50kW+),5.0,56.07619919738223,3.3273813092773117,25.35147664211285,9.651307596513076,0.0,17.746033649478996,0.0,0.0
solar_69079,PV(50kW+),5.9,53.36917711525831,3.3273813092773117,25.35147664211285,9.651307596513076,0.0,15.039011567355079,0.0,0.0
solar_69080,PV(50kW+),1.5,97.48361104616654,3.3273813092773117,25.351476642112846,9.651307596513076,0.0,59.153445498263316,0.0,0.0
solar_69081,PV(50kW+),5.3,55.071706726657006,3.327381309277312,25.351476642112853,9.651307596513076,0.0,16.74154117875377,0.0,0.0
solar_69085,PV(50kW+),3.6,62.977434505512946,3.3273813092773112,25.351476642112846,9.651307596513076,0.0,24.64726895760971,0.0,0.0
solar_69089,PV(50kW+),1.9,85.03025409916376,3.3273813092773117,25.35147664211285,9.651307596513076,0.0,46.700088551260514,0.0,0.0
solar_69090,PV(50kW+),9.3,47.871043854074735,3.3273813092773117,25.35147664211285,9.651307596513076,0.0,9.540878306171502,0.0,0.0
solar_69091,PV(50kW+),4.3,58.965088396134625,3.3273813092773117,25.35147664211285,9.651307596513076,0.0,20.63492284823139,0.0,0.0
solar_69092,PV(50kW+),1.0,127.0603337952982,3.3273813092773117,25.35147664211285,9.651307596513076,0.0,88.73016824739497,0.0,0.0
solar_69100,PV(50kW+),5.0,56.07619919738223,3.3273813092773117,25.35147664211285,9.651307596513076,0.0,17.746033649478996,0.0,0.0
solar_69102,PV(50kW+),5.0,56.07619919738223,3.3273813092773117,25.35147664211285,9.651307596513076,0.0,17.746033649478996,0.0,0.0
solar_69103,PV(50kW+),6.2,52.64148300716049,3.3273813092773112,25.35147664211285,9.651307596513076,0.0,14.311317459257252,0.0,0.0
solar_69104,PV(50kW+),5.0,56.07619919738223,3.3273813092773117,25.35147664211285,9.651307596513076,0.0,17.746033649478996,0.0,0.0
solar_69106,PV(50kW+),2.7,71.19319082471618,3.3273813092773117,25.35147664211285,9.651307596513076,0.0,32.86302527681295,0.0,0.0
solar_69109,PV(50kW+),10.5,46.78065776194086,3.327381309277312,25.351476642112853,9.651307596513078,0.0,8.450492214037617,0.0,0.0
solar_69110,PV(50kW+),4.0,60.512707609751985,3.3273813092773117,25.35147664211285,9.651307596513076,0.0,22.182542061848743,0.0,0.0
solar_69111,PV(50kW+),10.0,47.203182372642736,3.3273813092773117,25.35147664211285,9.651307596513076,0.0,8.873016824739498,0.0,0.0
solar_69112,PV(50kW+),8.0,49.42143657882761,3.3273813092773117,25.35147664211285,9.651307596513076,0.0,11.091271030924371,0.0,0.0
solar_69113,PV(50kW+),1.7,90.52438216401794,3.3273813092773117,25.35147664211285,9.651307596513076,0.0,52.194216616114694,0.0,0.0
solar_69117,PV(50kW+),12.5,45.42857900769484,3.3273813092773117,25.351476642112853,9.651307596513078,0.0,7.098413459791598,0.0,0.0
solar_69118,PV(50kW+),4.3,58.965088396134625,3.3273813092773117,25.35147664211285,9.651307596513076,0.0,20.63492284823139,0.0,0.0
solar_69119,PV(50kW+),5.0,56.07619919738223,3.3273813092773117,25.35147664211285,9.651307596513076,0.0,17.746033649478996,0.0,0.0
solar_69120,PV(50kW+),5.3,55.071706726657006,3.327381309277312,25.351476642112853,9.651307596513076,0.0,16.74154117875377,0.0,0.0
solar_69125,PV(50kW+),5.0,56.07619919738223,3.3273813092773117,25.35147664211285,9.651307596513076,0.0,17.746033649478996,0.0,0.0
solar_69126,PV(50kW+),8.1,49.28450730684089,3.3273813092773117,25.35147664211285,9.651307596513076,0.0,10.954341758937652,0.0,0.0
solar_69128,PV(50kW+),3.8,61.68020982353349,3.3273813092773117,25.35147664211285,9.651307596513076,0.0,23.350044275630257,0.0,0.0
solar_69129,PV(50kW+),4.6,57.61933255820649,3.3273813092773112,25.35147664211285,9.651307596513076,0.0,19.289167010303256,0.0,0.0
solar_69132,PV(50kW+),5.8,53.628470418143756,3.327381309277312,25.35147664211285,9.651307596513076,0.0,15.298304870240514,0.0,0.0
solar_69133,PV(50kW+),1.2,112.2719724207324,3.327381309277312,25.35147664211285,9.651307596513076,0.0,73.94180687282915,0.0,0.0
solar_69134,PV(50kW+),5.0,56.07619919738223,3.3273813092773117,25.35147664211285,9.651307596513076,0.0,17.746033649478996,0.0,0.0
solar_69135,PV(50kW+),5.0,56.07619919738223,3.3273813092773117,25.35147664211285,9.651307596513076,0.0,17.746033649478996,0.0,0.0
solar_69136,PV(50kW+),6.0,53.11852692246906,3.3273813092773117,25.351476642112846,9.651307596513076,0.0,14.788361374565829,0.0,0.0
solar_69138,PV(50kW+),4.4,58.496112876856635,3.3273813092773117,25.35147664211285,9.651307596513076,0.0,20.1659473289534,0.0,0.0
solar_69140,PV(50kW+),10.6,46.700936137280124,3.327381309277312,25.351476642112853,9.651307596513076,0.0,8.370770589376885,0.0,0.0
solar_69141,PV(50kW+),1.6,93.7865207025251,3.3273813092773117,25.351476642112853,9.651307596513076,0.0,55.45635515462185,0.0,0.0
solar_69142,PV(50kW+),7.2,50.65380002670809,3.3273813092773112,25.351476642112846,9.651307596513076,0.0,12.323634478804856,0.0,0.0
solar_69143,PV(50kW+),3.6,62.977434505512946,3.3273813092773112,25.351476642112846,9.651307596513076,0.0,24.64726895760971,0.0,0.0
solar_69144,PV(50kW+),2.5,73.82223284686124,3.3273813092773117,25.35147664211285,9.651307596513076,0.0,35.49206729895799,0.0,0.0
solar_69145,PV(50kW+),9.9,47.292808805215856,3.3273813092773117,25.35147664211285,9.651307596513078,0.0,8.962643257312623,0.0,0.0
solar_69147,PV(50kW+),6.5,51.98096066288708,3.3273813092773117,25.35147664211285,9.651307596513076,0.0,13.650795114983842,0.0,0.0
solar_69148,PV(50kW+),4.8,56.815617266110536,3.327381309277312,25.35147664211285,9.651307596513076,0.0,18.485451718207287,0.0,0.0
solar_69149,PV(50kW+),1.7,90.52438216401794,3.3273813092773117,25.35147664211285,9.651307596513076,0.0,52.194216616114694,0.0,0.0
solar_69150,PV(50kW+),12.0,45.72434623518615,3.3273813092773117,25.351476642112846,9.651307596513076,0.0,7.3941806872829146,0.0,0.0
solar_69151,PV(50kW+),4.8,56.815617266110536,3.327381309277312,25.35147664211285,9.651307596513076,0.0,18.485451718207287,0.0,0.0
solar_69152,PV(50kW+),7.0,51.00590386895966,3.3273813092773117,25.35147664211285,9.651307596513076,0.0,12.675738321056425,0.0,0.0
solar_69155,PV(50kW+),5.0,56.07619919738223,3.3273813092773117,25.35147664211285,9.651307596513076,0.0,17.746033649478996,0.0,0.0
solar_69158,PV(50kW+),5.0,56.07619919738223,3.3273813092773117,25.35147664211285,9.651307596513076,0.0,17.746033649478996,0.0,0.0
solar_69159,PV(50kW+),5.0,56.07619919738223,3.3273813092773117,25.35147664211285,9.651307596513076,0.0,17.746033649478996,0.0,0.0
solar_69161,PV(50kW+),4.7,57.20892474947663,3.3273813092773112,25.351476642112846,9.651307596513076,0.0,18.878759201573395,0.0,0.0
solar_69162,PV(50kW+),16.7,43.64334927529216,3.3273813092773117,25.35147664211285,9.651307596513076,0.0,5.313183727388921,0.0,0.0
solar_69163,PV(50kW+),10.0,47.203182372642736,3.3273813092773117,25.35147664211285,9.651307596513076,0.0,8.873016824739498,0.0,0.0
solar_69164,PV(50kW+),1.0,127.0603337952982,3.3273813092773117,25.35147664211285,9.651307596513076,0.0,88.73016824739497,0.0,0.0
solar_69165,PV(50kW+),5.0,56.07619919738223,3.3273813092773117,25.35147664211285,9.651307596513076,0.0,17.746033649478996,0.0,0.0
solar_69167,PV(50kW+),12.0,45.72434623518615,3.3273813092773117,25.351476642112846,9.651307596513076,0.0,7.3941806872829146,0.0,0.0
solar_69169,PV(50kW+),4.9,56.43836314941242,3.3273813092773117,25.35147664211285,9.651307596513076,0.0,18.108197601509175,0.0,0.0
solar_69170,PV(50kW+),3.8,61.68020982353349,3.3273813092773117,25.35147664211285,9.651307596513076,0.0,23.350044275630257,0.0,0.0
solar_69173,PV(50kW+),4.9,56.43836314941242,3.3273813092773117,25.35147664211285,9.651307596513076,0.0,18.108197601509175,0.0,0.0
solar_69177,PV(50kW+),4.9,56.43836314941242,3.3273813092773117,25.35147664211285,9.651307596513076,0.0,18.108197601509175,0.0,0.0
solar_69178,PV(50kW+),12.0,45.72434623518615,3.3273813092773117,25.351476642112846,9.651307596513076,0.0,7.3941806872829146,0.0,0.0
solar_69179,PV(50kW+),7.7,49.85356402159089,3.3273813092773112,25.35147664211285,9.651307596513076,0.0,11.523398473687658,0.0,0.0
solar_69180,PV(50kW+),10.7,46.62270463644482,3.327381309277312,25.35147664211285,9.651307596513078,0.0,8.292539088541588,0.0,0.0
solar_69181,PV(50kW+),4.9,56.43836314941242,3.3273813092773117,25.35147664211285,9.651307596513076,0.0,18.108197601509175,0.0,0.0
solar_69182,PV(50kW+),5.0,56.07619919738223,3.3273813092773117,25.35147664211285,9.651307596513076,0.0,17.746033649478996,0.0,0.0
solar_69187,PV(50kW+),1.4,101.70885715318536,3.3273813092773117,25.351476642112846,9.651307596513076,0.0,63.37869160528212,0.0,0.0
solar_69189,PV(50kW+),4.8,56.815617266110536,3.327381309277312,25.35147664211285,9.651307596513076,0.0,18.485451718207287,0.0,0.0
solar_69193,PV(50kW+),5.0,56.07619919738223,3.3273813092773117,25.35147664211285,9.651307596513076,0.0,17.746033649478996,0.0,0.0
solar_69194,PV(50kW+),7.0,51.00590386895966,3.3273813092773117,25.35147664211285,9.651307596513076,0.0,12.675738321056425,0.0,0.0
solar_69195,PV(50kW+),4.0,60.512707609751985,3.3273813092773117,25.35147664211285,9.651307596513076,0.0,22.182542061848743,0.0,0.0
solar_69196,PV(50kW+),1.8,87.62470346312267,3.3273813092773112,25.351476642112846,9.651307596513076,0.0,49.29453791521942,0.0,0.0
solar_69197,PV(50kW+),1.8,87.62470346312267,3.3273813092773112,25.351476642112846,9.651307596513076,0.0,49.29453791521942,0.0,0.0
solar_69198,PV(50kW+),1.8,87.62470346312267,3.3273813092773112,25.351476642112846,9.651307596513076,0.0,49.29453791521942,0.0,0.0
solar_69199,PV(50kW+),4.1,59.971669998487386,3.3273813092773112,25.351476642112846,9.651307596513076,0.0,21.64150445058414,0.0,0.0
solar_69200,PV(50kW+),5.0,56.07619919738223,3.3273813092773117,25.35147664211285,9.651307596513076,0.0,17.746033649478996,0.0,0.0
solar_69202,PV(50kW+),5.3,55.071706726657006,3.327381309277312,25.351476642112853,9.651307596513076,0.0,16.74154117875377,0.0,0.0
solar_69204,PV(50kW+),10.2,47.02920165058902,3.3273813092773112,25.35147664211285,9.651307596513076,0.0,8.699036102685781,0.0,0.0
solar_69206,PV(50kW+),18.0,43.25961933942518,3.3273813092773117,25.35147664211285,9.651307596513076,0.0,4.929453791521943,0.0,0.0
solar_69207,PV(50kW+),14.6,44.4075743319714,3.3273813092773117,25.351476642112853,9.651307596513078,0.0,6.077408784068149,0.0,0.0
solar_69209,PV(50kW+),2.1,80.58262661809131,3.3273813092773117,25.35147664211285,9.651307596513078,0.0,42.25246107018808,0.0,0.0
solar_69210,PV(50kW+),13.0,45.15556310539516,3.3273813092773117,25.35147664211285,9.651307596513076,0.0,6.825397557491921,0.0,0.0
solar_69212,PV(50kW+),3.3,65.21809531984111,3.3273813092773117,25.35147664211285,9.651307596513076,0.0,26.88792977193787,0.0,0.0
solar_69213,PV(50kW+),11.3,46.18239282643376,3.3273813092773112,25.351476642112846,9.651307596513076,0.0,7.852227278530528,0.0,0.0
solar_69214,PV(50kW+),16.0,43.87580106336543,3.3273813092773117,25.35147664211285,9.651307596513076,0.0,5.545635515462186,0.0,0.0
solar_69216,PV(50kW+),8.5,48.76900887112617,3.3273813092773117,25.35147664211285,9.651307596513076,0.0,10.438843323222939,0.0,0.0
solar_69217,PV(50kW+),3.5,63.681642190016085,3.3273813092773117,25.35147664211285,9.651307596513076,0.0,25.35147664211285,0.0,0.0
solar_69218,PV(50kW+),1.5,97.48361104616654,3.3273813092773117,25.351476642112846,9.651307596513076,0.0,59.153445498263316,0.0,0.0
solar_69219,PV(50kW+),6.5,51.98096066288708,3.3273813092773117,25.35147664211285,9.651307596513076,0.0,13.650795114983842,0.0,0.0
solar_69220,PV(50kW+),5.0,56.07619919738223,3.3273813092773117,25.35147664211285,9.651307596513076,0.0,17.746033649478996,0.0,0.0
solar_69222,PV(50kW+),7.7,49.85356402159089,3.3273813092773112,25.35147664211285,9.651307596513076,0.0,11.523398473687658,0.0,0.0
solar_69225,PV(50kW+),7.0,51.00590386895966,3.3273813092773117,25.35147664211285,9.651307596513076,0.0,12.675738321056425,0.0,0.0
solar_69226,PV(50kW+),4.9,56.43836314941242,3.3273813092773117,25.35147664211285,9.651307596513076,0.0,18.108197601509175,0.0,0.0
solar_69227,PV(50kW+),7.3,50.48498311603954,3.3273813092773117,25.351476642112853,9.651307596513078,0.0,12.154817568136298,0.0,0.0
solar_69228,PV(50kW+),2.4,75.30106898431782,3.327381309277312,25.35147664211285,9.651307596513076,0.0,36.970903436414574,0.0,0.0
solar_69230,PV(50kW+),5.0,56.07619919738223,3.3273813092773117,25.35147664211285,9.651307596513076,0.0,17.746033649478996,0.0,0.0
solar_69231,PV(50kW+),1.6,93.7865207025251,3.3273813092773117,25.351476642112853,9.651307596513076,0.0,55.45635515462185,0.0,0.0
solar_69232,PV(50kW+),5.0,56.07619919738223,3.3273813092773117,25.35147664211285,9.651307596513076,0.0,17.746033649478996,0.0,0.0
solar_69234,PV(50kW+),4.2,59.45639608299728,3.3273813092773117,25.35147664211285,9.651307596513078,0.0,21.12623053509404,0.0,0.0
solar_69235,PV(50kW+),2.5,73.82223284686124,3.3273813092773117,25.35147664211285,9.651307596513076,0.0,35.49206729895799,0.0,0.0
solar_69236,PV(50kW+),5.0,56.07619919738223,3.3273813092773117,25.35147664211285,9.651307596513076,0.0,17.746033649478996,0.0,0.0
solar_69237,PV(50kW+),5.0,56.07619919738223,3.3273813092773117,25.35147664211285,9.651307596513076,0.0,17.746033649478996,0.0,0.0
solar_69239,PV(50kW+),5.0,56.07619919738223,3.3273813092773117,25.35147664211285,9.651307596513076,0.0,17.746033649478996,0.0,0.0
solar_69240,PV(50kW+),4.4,58.496112876856635,3.3273813092773117,25.35147664211285,9.651307596513076,0.0,20.1659473289534,0.0,0.0
solar_69241,PV(50kW+),5.0,56.07619919738223,3.3273813092773117,25.35147664211285,9.651307596513076,0.0,17.746033649478996,0.0,0.0
solar_69242,PV(50kW+),10.0,47.203182372642736,3.3273813092773117,25.35147664211285,9.651307596513076,0.0,8.873016824739498,0.0,0.0
solar_69243,PV(50kW+),3.5,63.681642190016085,3.3273813092773117,25.35147664211285,9.651307596513076,0.0,25.35147664211285,0.0,0.0
solar_69244,PV(50kW+),1.3,106.58414112282243,3.3273813092773112,25.35147664211285,9.651307596513076,0.0,68.2539755749192,0.0,0.0
solar_69246,PV(50kW+),12.5,45.42857900769484,3.3273813092773117,25.351476642112853,9.651307596513078,0.0,7.098413459791598,0.0,0.0
solar_69247,PV(50kW+),1.7,90.52438216401794,3.3273813092773117,25.35147664211285,9.651307596513076,0.0,52.194216616114694,0.0,0.0
solar_69248,PV(50kW+),5.0,56.07619919738223,3.3273813092773117,25.35147664211285,9.651307596513076,0.0,17.746033649478996,0.0,0.0
solar_69249,PV(50kW+),5.0,56.07619919738223,3.3273813092773117,25.35147664211285,9.651307596513076,0.0,17.746033649478996,0.0,0.0
solar_69251,PV(50kW+),5.5,54.462923411065965,3.3273813092773117,25.35147664211285,9.651307596513076,0.0,16.132757863162723,0.0,0.0
solar_69252,PV(50kW+),7.0,51.00590386895966,3.3273813092773117,25.35147664211285,9.651307596513076,0.0,12.675738321056425,0.0,0.0
solar_69254,PV(50kW+),5.1,55.7282377532748,3.3273813092773112,25.35147664211285,9.651307596513076,0.0,17.398072205371562,0.0,0.0
solar_69255,PV(50kW+),7.0,51.00590386895966,3.3273813092773117,25.35147664211285,9.651307596513076,0.0,12.675738321056425,0.0,0.0
solar_69257,PV(50kW+),1.5,97.48361104616654,3.3273813092773117,25.351476642112846,9.651307596513076,0.0,59.153445498263316,0.0,0.0
solar_69258,PV(50kW+),3.5,63.681642190016085,3.3273813092773117,25.35147664211285,9.651307596513076,0.0,25.35147664211285,0.0,0.0
solar_69259,PV(50kW+),1.4,101.70885715318536,3.3273813092773117,25.351476642112846,9.651307596513076,0.0,63.37869160528212,0.0,0.0
solar_69260,PV(50kW+),4.0,60.512707609751985,3.3273813092773117,25.35147664211285,9.651307596513076,0.0,22.182542061848743,0.0,0.0
solar_69261,PV(50kW+),1.0,127.0603337952982,3.3273813092773117,25.35147664211285,9.651307596513076,0.0,88.73016824739497,0.0,0.0
solar_69262,PV(50kW+),6.5,51.98096066288708,3.3273813092773117,25.35147664211285,9.651307596513076,0.0,13.650795114983842,0.0,0.0
solar_69266,PV(50kW+),3.5,63.681642190016085,3.3273813092773117,25.35147664211285,9.651307596513076,0.0,25.35147664211285,0.0,0.0
solar_69267,PV(50kW+),3.5,63.681642190016085,3.3273813092773117,25.35147664211285,9.651307596513076,0.0,25.35147664211285,0.0,0.0
solar_69268,PV(50kW+),1.0,127.0603337952982,3.3273813092773117,25.35147664211285,9.651307596513076,0.0,88.73016824739497,0.0,0.0
solar_69269,PV(50kW+),6.0,53.11852692246906,3.3273813092773117,25.351476642112846,9.651307596513076,0.0,14.788361374565829,0.0,0.0
solar_69271,PV(50kW+),5.0,56.07619919738223,3.3273813092773117,25.35147664211285,9.651307596513076,0.0,17.746033649478996,0.0,0.0
solar_69272,PV(50kW+),14.6,44.4075743319714,3.3273813092773117,25.351476642112853,9.651307596513078,0.0,6.077408784068149,0.0,0.0
solar_69273,PV(50kW+),2.8,70.0195113505443,3.3273813092773117,25.351476642112846,9.651307596513076,0.0,31.68934580264106,0.0,0.0
solar_69274,PV(50kW+),5.0,56.07619919738223,3.3273813092773117,25.35147664211285,9.651307596513076,0.0,17.746033649478996,0.0,0.0
solar_69275,PV(50kW+),5.0,56.07619919738223,3.3273813092773117,25.35147664211285,9.651307596513076,0.0,17.746033649478996,0.0,0.0
solar_69276,PV(50kW+),6.8,51.37871970193191,3.3273813092773117,25.35147664211285,9.651307596513076,0.0,13.048554154028674,0.0,0.0
solar_69277,PV(50kW+),4.1,59.971669998487386,3.3273813092773112,25.351476642112846,9.651307596513076,0.0,21.64150445058414,0.0,0.0
solar_69278,PV(50kW+),7.0,51.00590386895966,3.3273813092773117,25.35147664211285,9.651307596513076,0.0,12.675738321056425,0.0,0.0
solar_69279,PV(50kW+),4.0,60.512707609751985,3.3273813092773117,25.35147664211285,9.651307596513076,0.0,22.182542061848743,0.0,0.0
solar_69280,PV(50kW+),5.0,56.07619919738223,3.3273813092773117,25.35147664211285,9.651307596513076,0.0,17.746033649478996,0.0,0.0
solar_69282,PV(50kW+),14.7,44.366231415072974,3.327381309277312,25.351476642112853,9.651307596513076,0.0,6.036065867169726,0.0,0.0
solar_69284,PV(50kW+),6.2,52.64148300716049,3.3273813092773112,25.35147664211285,9.651307596513076,0.0,14.311317459257252,0.0,0.0
solar_69285,PV(50kW+),5.0,56.07619919738223,3.3273813092773117,25.35147664211285,9.651307596513076,0.0,17.746033649478996,0.0,0.0
solar_69287,PV(50kW+),1.1,118.99395486371684,3.3273813092773117,25.35147664211285,9.651307596513076,0.0,80.6637893158136,0.0,0.0
solar_69288,PV(50kW+),6.4,52.1942543365587,3.3273813092773117,25.351476642112853,9.651307596513076,0.0,13.864088788655463,0.0,0.0
solar_69289,PV(50kW+),3.2,66.05834312521417,3.3273813092773117,25.351476642112853,9.651307596513076,0.0,27.728177577310927,0.0,0.0
solar_69290,PV(50kW+),7.0,51.00590386895966,3.3273813092773117,25.35147664211285,9.651307596513076,0.0,12.675738321056425,0.0,0.0
solar_69291,PV(50kW+),11.0,46.3965444794846,3.3273813092773117,25.35147664211285,9.651307596513076,0.0,8.066378931581362,0.0,0.0
solar_69292,PV(50kW+),9.5,47.67018325815533,3.3273813092773112,25.351476642112846,9.651307596513076,0.0,9.340017710252102,0.0,0.0
solar_69294,PV(50kW+),5.0,56.07619919738223,3.3273813092773117,25.35147664211285,9.651307596513076,0.0,17.746033649478996,0.0,0.0
solar_69296,PV(50kW+),3.8,61.68020982353349,3.3273813092773117,25.35147664211285,9.651307596513076,0.0,23.350044275630257,0.0,0.0
solar_69297,PV(50kW+),5.0,56.07619919738223,3.3273813092773117,25.35147664211285,9.651307596513076,0.0,17.746033649478996,0.0,0.0
solar_69299,PV(50kW+),1.2,112.2719724207324,3.327381309277312,25.35147664211285,9.651307596513076,0.0,73.94180687282915,0.0,0.0
solar_69301,PV(50kW+),3.5,63.681642190016085,3.3273813092773117,25.35147664211285,9.651307596513076,0.0,25.35147664211285,0.0,0.0
solar_69302,PV(50kW+),9.3,47.871043854074735,3.3273813092773117,25.35147664211285,9.651307596513076,0.0,9.540878306171502,0.0,0.0
solar_69304,PV(50kW+),5.0,56.07619919738223,3.3273813092773117,25.35147664211285,9.651307596513076,0.0,17.746033649478996,0.0,0.0
solar_69306,PV(50kW+),18.7,43.07509433118639,3.3273813092773117,25.35147664211285,9.651307596513076,0.0,4.744928783283154,0.0,0.0
solar_69307,PV(50kW+),5.0,56.07619919738223,3.3273813092773117,25.35147664211285,9.651307596513076,0.0,17.746033649478996,0.0,0.0
solar_69308,PV(50kW+),5.3,55.071706726657006,3.327381309277312,25.351476642112853,9.651307596513076,0.0,16.74154117875377,0.0,0.0
solar_69310,PV(50kW+),2.0,82.69524967160072,3.3273813092773117,25.35147664211285,9.651307596513076,0.0,44.365084123697486,0.0,0.0
solar_69312,PV(50kW+),9.0,48.18907313094712,3.3273813092773117,25.35147664211285,9.651307596513076,0.0,9.858907583043885,0.0,0.0
solar_69313,PV(50kW+),5.0,56.07619919738223,3.3273813092773117,25.35147664211285,9.651307596513076,0.0,17.746033649478996,0.0,0.0
solar_69314,PV(50kW+),5.0,56.07619919738223,3.3273813092773117,25.35147664211285,9.651307596513076,0.0,17.746033649478996,0.0,0.0
solar_69315,PV(50kW+),4.9,56.43836314941242,3.3273813092773117,25.35147664211285,9.651307596513076,0.0,18.108197601509175,0.0,0.0
solar_69316,PV(50kW+),10.0,47.203182372642736,3.3273813092773117,25.35147664211285,9.651307596513076,0.0,8.873016824739498,0.0,0.0
solar_69317,PV(50kW+),3.8,61.68020982353349,3.3273813092773117,25.35147664211285,9.651307596513076,0.0,23.350044275630257,0.0,0.0
solar_69318,PV(50kW+),5.0,56.07619919738223,3.3273813092773117,25.35147664211285,9.651307596513076,0.0,17.746033649478996,0.0,0.0
solar_69321,PV(50kW+),4.0,60.512707609751985,3.3273813092773117,25.35147664211285,9.651307596513076,0.0,22.182542061848743,0.0,0.0
solar_69322,PV(50kW+),5.0,56.07619919738223,3.3273813092773117,25.35147664211285,9.651307596513076,0.0,17.746033649478996,0.0,0.0
solar_69324,PV(50kW+),4.8,56.815617266110536,3.327381309277312,25.35147664211285,9.651307596513076,0.0,18.485451718207287,0.0,0.0
solar_69325,PV(50kW+),5.0,56.07619919738223,3.3273813092773117,25.35147664211285,9.651307596513076,0.0,17.746033649478996,0.0,0.0
solar_69326,PV(50kW+),5.4,54.761678186309716,3.3273813092773117,25.35147664211285,9.651307596513076,0.0,16.431512638406474,0.0,0.0
solar_69327,PV(50kW+),4.1,59.971669998487386,3.3273813092773112,25.351476642112846,9.651307596513076,0.0,21.64150445058414,0.0,0.0
solar_69329,PV(50kW+),4.8,56.815617266110536,3.327381309277312,25.35147664211285,9.651307596513076,0.0,18.485451718207287,0.0,0.0
solar_69332,PV(50kW+),8.1,49.28450730684089,3.3273813092773117,25.35147664211285,9.651307596513076,0.0,10.954341758937652,0.0,0.0
solar_69333,PV(50kW+),3.0,67.90688829703488,3.3273813092773117,25.351476642112846,9.651307596513076,0.0,29.576722749131658,0.0,0.0
solar_69335,PV(50kW+),6.1,52.87609476878767,3.3273813092773117,25.35147664211285,9.651307596513076,0.0,14.545929220884421,0.0,0.0
solar_69336,PV(50kW+),5.0,56.07619919738223,3.3273813092773117,25.35147664211285,9.651307596513076,0.0,17.746033649478996,0.0,0.0
CMSTW-1,onshore_wind(>3MW),50.0,40.52375819874837,3.0052614698204767,21.813562190651453,8.197815696013244,6.0,1.5071188422631911,0.0,0.0
MDHLW-1,onshore_wind(>3MW),75.9,40.00947126838451,3.0052614698204767,21.813562190651453,8.197815696013244,6.000000000000001,0.9928319118993354,0.0,0.0
TMNCW-1,onshore_wind(>3MW),39.0,40.94884300041234,3.005261469820477,21.813562190651453,8.197815696013244,6.0,1.9322036439271681,0.0,0.0
AIRSW-1,onshore_wind(>3MW),25.5,41.97177434131496,3.0052614698204776,21.813562190651453,8.197815696013244,6.000000000000001,2.955134984829787,0.0,0.0
ASLVW-1,onshore_wind(>3MW),36.0,41.109859970739606,3.005261469820477,21.813562190651453,8.197815696013246,6.0,2.0932206142544323,0.0,0.0
CLFLW-1,onshore_wind(>3MW),7.5,49.06409830490645,3.0052614698204776,21.813562190651453,8.197815696013244,6.000000000000002,10.047458948421276,0.0,0.0
DALSW-1,onshore_wind(>3MW),30.0,41.5285040935905,3.0052614698204776,21.813562190651453,8.197815696013244,6.000000000000002,2.511864737105319,0.0,0.0
GDSTW-1,onshore_wind(>3MW),6.25,51.0735900945907,3.0052614698204767,21.813562190651453,8.197815696013244,6.0,12.05695073810553,0.0,0.0
GLCHW-1,onshore_wind(>3MW),27.5,41.75685543332735,3.0052614698204776,21.813562190651457,8.197815696013246,6.000000000000001,2.740216076842166,0.0,0.0
GRGRW-1,onshore_wind(>3MW),24.0,42.15647027786682,3.005261469820477,21.813562190651457,8.197815696013244,6.000000000000001,3.1398309213816487,0.0,0.0
HBHDW-1,onshore_wind(>3MW),19.2,42.94142800821223,3.0052614698204767,21.813562190651453,8.197815696013244,6.0,3.9247886517270607,0.0,0.0
HLGLW-1,onshore_wind(>3MW),27.6,41.746927114208354,3.005261469820477,21.813562190651453,8.197815696013244,6.000000000000001,2.7302877577231723,0.0,0.0
HLTWW-1,onshore_wind(>3MW),6.25,51.0735900945907,3.0052614698204767,21.813562190651453,8.197815696013244,6.0,12.05695073810553,0.0,0.0
MOYEW-1,onshore_wind(>3MW),66.0,40.15839605516941,3.005261469820477,21.813562190651453,8.197815696013244,6.0,1.1417566986842358,0.0,0.0
ACHRW-1,onshore_wind(>3MW),108.8,39.70924911855466,3.005261469820477,21.813562190651453,8.197815696013244,6.000000000000001,0.6926097620694813,0.0,0.0
AFTOW-1,onshore_wind(>3MW),50.0,40.52375819874837,3.0052614698204767,21.813562190651453,8.197815696013244,6.0,1.5071188422631911,0.0,0.0
ARCHW-1,onshore_wind(>3MW),10.0,46.55223356780113,3.0052614698204776,21.813562190651457,8.197815696013244,6.000000000000001,7.535594211315957,0.0,0.0
BHLAW-1,onshore_wind(>3MW),52.9,40.44113731703639,3.005261469820477,21.813562190651453,8.197815696013244,6.0,1.4244979605512205,0.0,0.0
CGTHW-1,onshore_wind(>3MW),69.5,40.10089751638675,3.005261469820477,21.813562190651453,8.197815696013244,6.000000000000001,1.0842581599015766,0.0,0.0
COUWW-1,onshore_wind(>3MW),20.5,42.69253897176126,3.005261469820477,21.813562190651457,8.197815696013244,6.000000000000002,3.6758996152760766,0.0,0.0
CREAW-1,onshore_wind(>3MW),92.4,39.83217985554535,3.0052614698204776,21.813562190651453,8.197815696013244,6.000000000000001,0.8155404990601685,0.0,0.0
CRGHW-1,onshore_wind(>3MW),7.5,49.06409830490645,3.0052614698204776,21.813562190651453,8.197815696013244,6.000000000000002,10.047458948421276,0.0,0.0
CRMLW-1,onshore_wind(>3MW),18.0,43.203080584994034,3.005261469820477,21.813562190651453,8.197815696013246,6.0,4.186441228508865,0.0,0.0
DRSLW-1,onshore_wind(>3MW),69.0,40.10875445957444,3.005261469820477,21.813562190651453,8.197815696013244,6.000000000000001,1.092115103089269,0.0,0.0
EWHLW-1,onshore_wind(>3MW),48.0,40.586554817176,3.005261469820477,21.813562190651457,8.197815696013244,6.000000000000001,1.5699154606908243,0.0,0.0
FAARW-1,onshore_wind(>3MW),24.25,42.124100886924744,3.005261469820477,21.813562190651457,8.197815696013244,6.000000000000001,3.10746153043957,0.0,0.0
FAARW-2,onshore_wind(>3MW),24.25,42.124100886924744,3.005261469820477,21.813562190651457,8.197815696013244,6.000000000000001,3.10746153043957,0.0,0.0
KILBW-1,onshore_wind(>3MW),47.5,40.60308024307801,3.005261469820477,21.813562190651453,8.197815696013244,6.0,1.5864408865928328,0.0,0.0
KTHLW-1,onshore_wind(>3MW),17.2,43.39779878166887,3.005261469820477,21.81356219065145,8.197815696013244,6.0,4.381159425183696,0.0,0.0
MIDMW-1,onshore_wind(>3MW),25.5,41.97177434131496,3.0052614698204776,21.813562190651453,8.197815696013244,6.000000000000001,2.955134984829787,0.0,0.0
SAKNW-1,onshore_wind(>3MW),25.3,41.99513509218318,3.005261469820477,21.813562190651453,8.197815696013244,6.0,2.978495735698006,0.0,0.0
TRLGW-1,onshore_wind(>3MW),10.0,46.55223356780113,3.0052614698204776,21.813562190651457,8.197815696013244,6.000000000000001,7.535594211315957,0.0,0.0
WISTW-2,onshore_wind(>3MW),25.0,42.03087704101156,3.0052614698204767,21.813562190651453,8.197815696013244,6.0,3.0142376845263823,0.0,0.0
DUNGW-1,onshore_wind(>3MW),94.0,39.818298315135806,3.0052614698204776,21.813562190651457,8.197815696013244,6.000000000000001,0.8016589586506336,0.0,0.0
FSDLW-1,onshore_wind(>3MW),22.5,42.36579233929226,3.005261469820477,21.813562190651453,8.197815696013244,6.0,3.3491529828070914,0.0,0.0
MYGPW-1,onshore_wind(>3MW),55.0,40.38674739490627,3.0052614698204776,21.813562190651457,8.197815696013246,6.000000000000001,1.370108038421083,0.0,0.0
BABAW-1,onshore_wind(>3MW),90.0,39.85392760218694,3.005261469820477,21.813562190651453,8.197815696013244,6.0,0.8372882457017728,0.0,0.0
BRNLW-1,onshore_wind(>3MW),90.0,39.85392760218694,3.005261469820477,21.813562190651453,8.197815696013244,6.0,0.8372882457017728,0.0,0.0
BURBW-1,offshore_wind,129.0,49.4769335863262,2.345996040102335,21.786707978201996,17.104512136505647,1.0,7.239717431516219,0.0,0.0
HYWDW-1,offshore_wind,30.0,73.36800111032973,2.345996040102335,21.786707978201996,17.104512136505647,1.0,31.13078495551974,0.0,0.0
KINCW-1,offshore_wind,49.5,61.104358552094666,2.3459960401023348,21.786707978201996,17.104512136505647,1.0,18.86714239728469,0.0,0.0
BEATO-1,offshore_wind,147.0,48.5904375743038,2.345996040102335,21.786707978202,17.104512136505647,1.0,6.353221419493825,0.0,0.0
BEATO-3,offshore_wind,147.0,48.5904375743038,2.345996040102335,21.786707978202,17.104512136505647,1.0,6.353221419493825,0.0,0.0
BEATO-4,offshore_wind,147.0,48.5904375743038,2.345996040102335,21.786707978202,17.104512136505647,1.0,6.353221419493825,0.0,0.0
BLLA-1,offshore_wind,49.95,60.93438429626327,2.345996040102335,21.786707978201992,17.104512136505644,1.0,18.697168141453297,0.0,0.0
BLLA-2,offshore_wind,49.95,60.93438429626327,2.345996040102335,21.786707978201992,17.104512136505644,1.0,18.697168141453297,0.0,0.0
BRBEO-1,offshore_wind,129.0,49.4769335863262,2.345996040102335,21.786707978201996,17.104512136505647,1.0,7.239717431516219,0.0,0.0
GAOFO-1,offshore_wind,113.25,50.483781705941034,2.345996040102335,21.786707978202,17.104512136505647,1.0,8.246565551131058,0.0,0.0
GAOFO-3,offshore_wind,113.25,50.483781705941034,2.345996040102335,21.786707978202,17.104512136505647,1.0,8.246565551131058,0.0,0.0
GAOFO-2,offshore_wind,113.25,50.483781705941034,2.345996040102335,21.786707978202,17.104512136505647,1.0,8.246565551131058,0.0,0.0
GAOFO-4,offshore_wind,113.25,50.483781705941034,2.345996040102335,21.786707978202,17.104512136505647,1.0,8.246565551131058,0.0,0.0
GNFSW-1,offshore_wind,6.0,197.8911409324087,2.345996040102335,21.786707978202,17.104512136505647,1.0,155.65392477759872,0.0,0.0
GNFSW-2,offshore_wind,6.0,197.8911409324087,2.345996040102335,21.786707978202,17.104512136505647,1.0,155.65392477759872,0.0,0.0
GYMRO-15,offshore_wind,144.0,48.722796353876596,2.3459960401023348,21.786707978201996,17.104512136505647,1.0,6.485580199066613,0.0,0.0
GYMRO-17,offshore_wind,144.0,48.722796353876596,2.3459960401023348,21.786707978201996,17.104512136505647,1.0,6.485580199066613,0.0,0.0
GYMRO-26,offshore_wind,144.0,48.722796353876596,2.3459960401023348,21.786707978201996,17.104512136505647,1.0,6.485580199066613,0.0,0.0
GYMRO-28,offshore_wind,144.0,48.722796353876596,2.3459960401023348,21.786707978201996,17.104512136505647,1.0,6.485580199066613,0.0,0.0
HOWAO-1,offshore_wind,220.0,46.48232319419903,2.345996040102335,21.786707978201996,17.104512136505647,1.0,4.2451070393890555,0.0,0.0
HOWAO-2,offshore_wind,220.0,46.48232319419903,2.345996040102335,21.786707978201996,17.104512136505647,1.0,4.2451070393890555,0.0,0.0
HOWAO-3,offshore_wind,220.0,46.48232319419903,2.345996040102335,21.786707978201996,17.104512136505647,1.0,4.2451070393890555,0.0,0.0
HOWBO-1,offshore_wind,220.0,46.48232319419903,2.345996040102335,21.786707978201996,17.104512136505647,1.0,4.2451070393890555,0.0,0.0
HOWBO-2,offshore_wind,220.0,46.48232319419903,2.345996040102335,21.786707978201996,17.104512136505647,1.0,4.2451070393890555,0.0,0.0
HOWBO-3,offshore_wind,220.0,46.48232319419903,2.345996040102335,21.786707978201996,17.104512136505647,1.0,4.2451070393890555,0.0,0.0
LARYO-1,offshore_wind,157.5,48.16688947967088,2.3459960401023348,21.786707978201992,17.104512136505647,1.0,5.929673324860903,0.0,0.0
LARYO-2,offshore_wind,157.5,48.16688947967088,2.3459960401023348,21.786707978201992,17.104512136505647,1.0,5.929673324860903,0.0,0.0
LARYO-3,offshore_wind,157.5,48.16688947967088,2.3459960401023348,21.786707978201992,17.104512136505647,1.0,5.929673324860903,0.0,0.0
LARYO-4,offshore_wind,157.5,48.16688947967088,2.3459960401023348,21.786707978201992,17.104512136505647,1.0,5.929673324860903,0.0,0.0
LNCSO-1,offshore_wind,135.0,49.155168367147695,2.345996040102335,21.786707978201996,17.104512136505647,1.0,6.91795221233772,0.0,0.0
LNCSO-2,offshore_wind,135.0,49.155168367147695,2.345996040102335,21.786707978201996,17.104512136505647,1.0,6.91795221233772,0.0,0.0
RMPNO-1,offshore_wind,500.0,44.105063252141164,2.3459960401023348,21.786707978201996,17.104512136505647,1.0,1.8678470973311843,0.0,0.0
RMPNO-2,offshore_wind,500.0,44.105063252141164,2.3459960401023348,21.786707978201996,17.104512136505647,1.0,1.8678470973311843,0.0,0.0
RREW-1,offshore_wind,45.0,62.99107279182313,2.345996040102335,21.786707978201996,17.104512136505647,1.0,20.75385663701316,0.0,0.0
RRWW-1,offshore_wind,45.0,62.99107279182313,2.345996040102335,21.786707978201996,17.104512136505647,1.0,20.75385663701316,0.0,0.0
SHRSO-1,offshore_wind,158.5,48.129478291501414,2.345996040102335,21.786707978201996,17.104512136505647,1.0,5.892262136691434,0.0,0.0
SHRSO-2,offshore_wind,158.5,48.129478291501414,2.345996040102335,21.786707978201996,17.104512136505647,1.0,5.892262136691434,0.0,0.0
WHILW-1,onshore_wind(>3MW),194.5,39.40407350616723,3.005261469820477,21.813562190651453,8.197815696013244,6.000000000000001,0.3874341496820543,0.0,0.0
WHILW-2,onshore_wind(>3MW),194.5,39.40407350616723,3.005261469820477,21.813562190651453,8.197815696013244,6.000000000000001,0.3874341496820543,0.0,0.0
WLNYO-2,offshore_wind,45.9,62.584134426391515,2.345996040102335,21.786707978202,17.104512136505647,1.0,20.346918271581533,0.0,0.0
WLNYO-3,offshore_wind,45.9,62.584134426391515,2.345996040102335,21.786707978202,17.104512136505647,1.0,20.346918271581533,0.0,0.0
WLNYO-4,offshore_wind,45.9,62.584134426391515,2.345996040102335,21.786707978202,17.104512136505647,1.0,20.346918271581533,0.0,0.0
WLNYW-1,offshore_wind,45.9,62.584134426391515,2.345996040102335,21.786707978202,17.104512136505647,1.0,20.346918271581533,0.0,0.0
WTMSO-1,offshore_wind,219.0,46.501707244607196,2.3459960401023348,21.786707978201996,17.104512136505644,1.0,4.264491089797224,0.0,0.0
BEATO-2,offshore_wind,147.0,48.5904375743038,2.345996040102335,21.786707978202,17.104512136505647,1.0,6.353221419493825,0.0,0.0
ABRBO-1,offshore_wind,97.0,51.86529397610474,2.3459960401023348,21.786707978201996,17.104512136505644,1.0,9.628077821294765,0.0,0.0
OMNDO-1,offshore_wind,150.0,48.46337314591392,2.345996040102335,21.786707978201996,17.104512136505644,1.0,6.226156991103948,0.0,0.0
onwind_26118,onshore_wind(>3MW),48.3,40.57680378946985,3.0052614698204776,21.813562190651457,8.197815696013244,6.000000000000002,1.5601644329846702,0.0,0.0
onwind_26119,onshore_wind(>3MW),18.0,43.203080584994034,3.005261469820477,21.813562190651453,8.197815696013246,6.0,4.186441228508865,0.0,0.0
onwind_26127,onshore_wind(>3MW),38.0,40.99969046472622,3.0052614698204776,21.813562190651453,8.197815696013244,6.000000000000001,1.9830511082410411,0.0,0.0
onwind_26130,onshore_wind(>3MW),10.0,46.55223356780113,3.0052614698204776,21.813562190651457,8.197815696013244,6.000000000000001,7.535594211315957,0.0,0.0
onwind_26137,onshore_wind(>3MW),81.7,39.93898870915543,3.005261469820477,21.813562190651453,8.197815696013244,6.0,0.9223493526702516,0.0,0.0
onwind_26141,onshore_wind(>3MW),35.0,41.169666274004015,3.0052614698204776,21.813562190651453,8.197815696013246,6.000000000000001,2.153026917518845,0.0,0.0
onwind_26143,onshore_wind(>3MW),10.8,45.994041403999944,3.005261469820477,21.813562190651453,8.197815696013244,6.000000000000001,6.977402047514774,0.0,0.0
onwind_26146,onshore_wind(>3MW),23.0,42.29298466575298,3.0052614698204776,21.813562190651457,8.197815696013246,6.000000000000001,3.2763453092678074,0.0,0.0
onwind_26148,onshore_wind(>3MW),26.0,41.91494482237592,3.005261469820477,21.813562190651453,8.197815696013246,6.000000000000001,2.8983054658907528,0.0,0.0
onwind_26149,onshore_wind(>3MW),11.7,45.45731816957574,3.005261469820477,21.813562190651457,8.197815696013244,6.000000000000001,6.440678813090561,0.0,0.0
onwind_26150,onshore_wind(>3MW),17.9,43.22646852481811,3.0052614698204776,21.813562190651457,8.197815696013244,6.000000000000001,4.209829168332937,0.0,0.0
onwind_26153,onshore_wind(>3MW),16.1,43.69713265543919,3.005261469820477,21.813562190651453,8.197815696013244,6.000000000000001,4.68049329895401,0.0,0.0
onwind_26156,onshore_wind(>3MW),19.3,42.92109231571624,3.005261469820477,21.813562190651453,8.197815696013244,6.000000000000001,3.9044529592310653,0.0,0.0
onwind_26158,onshore_wind(>3MW),36.0,41.109859970739606,3.005261469820477,21.813562190651453,8.197815696013246,6.0,2.0932206142544323,0.0,0.0
onwind_26164,onshore_wind(>3MW),24.0,42.15647027786682,3.005261469820477,21.813562190651457,8.197815696013244,6.000000000000001,3.1398309213816487,0.0,0.0
onwind_26166,onshore_wind(>3MW),120.0,39.6446055407615,3.0052614698204776,21.813562190651453,8.197815696013244,6.000000000000002,0.6279661842763298,0.0,0.0
onwind_26170,onshore_wind(>3MW),12.0,45.29630119924847,3.005261469820477,21.813562190651457,8.197815696013244,6.000000000000001,6.279661842763297,0.0,0.0
onwind_26172,onshore_wind(>3MW),19.5,42.88104664433951,3.005261469820477,21.813562190651453,8.197815696013244,6.0,3.8644072878543363,0.0,0.0
onwind_26180,onshore_wind(>3MW),25.0,42.03087704101156,3.0052614698204767,21.813562190651453,8.197815696013244,6.0,3.0142376845263823,0.0,0.0
onwind_26187,onshore_wind(>3MW),12.0,45.29630119924847,3.005261469820477,21.813562190651457,8.197815696013244,6.000000000000001,6.279661842763297,0.0,0.0
onwind_26197,onshore_wind(>3MW),26.7,41.838959285817,3.005261469820477,21.813562190651457,8.197815696013244,6.000000000000001,2.822319929331819,0.0,0.0
onwind_26199,onshore_wind(>3MW),16.0,43.72638573855765,3.005261469820477,21.813562190651453,8.197815696013244,6.000000000000001,4.709746382072473,0.0,0.0
onwind_26202,onshore_wind(>3MW),52.5,40.45199063483108,3.0052614698204776,21.813562190651453,8.197815696013244,6.000000000000001,1.4353512783458966,0.0,0.0
onwind_26219,onshore_wind(>3MW),14.3,44.286285658104724,3.005261469820477,21.813562190651453,8.197815696013244,6.0,5.26964630161955,0.0,0.0
onwind_26222,onshore_wind(>3MW),13.8,44.47721487193152,3.005261469820477,21.813562190651453,8.197815696013244,6.000000000000001,5.460575515446345,0.0,0.0
onwind_26227,onshore_wind(>3MW),18.0,43.203080584994034,3.005261469820477,21.813562190651453,8.197815696013246,6.0,4.186441228508865,0.0,0.0
offwind_26228,offshore_wind,10.0,135.6295710213692,2.345996040102335,21.786707978201996,17.104512136505647,1.0,93.39235486655922,0.0,0.0
onwind_26232,onshore_wind(>3MW),31.0,41.447476198845166,3.0052614698204776,21.813562190651453,8.197815696013244,6.000000000000001,2.430836842359986,0.0,0.0
onwind_26233,onshore_wind(>3MW),29.7,41.55387646467237,3.0052614698204776,21.813562190651457,8.197815696013246,6.000000000000002,2.537237108187191,0.0,0.0
onwind_26234,onshore_wind(>3MW),43.7,40.741031624520865,3.005261469820477,21.813562190651453,8.197815696013244,6.000000000000001,1.724392268035688,0.0,0.0
onwind_26237,onshore_wind(>3MW),29.8,41.54536224618852,3.005261469820477,21.813562190651453,8.197815696013244,6.000000000000001,2.528722889703341,0.0,0.0
onwind_26238,onshore_wind(>3MW),85.0,39.90317985193411,3.005261469820477,21.81356219065145,8.197815696013244,6.0,0.886540495448936,0.0,0.0
onwind_26239,onshore_wind(>3MW),23.8,42.18285541165994,3.005261469820477,21.813562190651453,8.197815696013244,6.000000000000001,3.166216055174772,0.0,0.0
onwind_26245,onshore_wind(>3MW),23.0,42.29298466575298,3.0052614698204776,21.813562190651457,8.197815696013246,6.000000000000001,3.2763453092678074,0.0,0.0
onwind_26256,onshore_wind(>3MW),110.0,39.701693375695726,3.0052614698204776,21.813562190651457,8.197815696013246,6.000000000000001,0.6850540192105415,0.0,0.0
onwind_26258,onshore_wind(>3MW),26.7,41.838959285817,3.005261469820477,21.813562190651457,8.197815696013244,6.000000000000001,2.822319929331819,0.0,0.0
onwind_26262,onshore_wind(>3MW),20.0,42.784436462143155,3.0052614698204776,21.813562190651457,8.197815696013244,6.000000000000001,3.7677971056579787,0.0,0.0
onwind_26263,onshore_wind(>3MW),10.0,46.55223356780113,3.0052614698204776,21.813562190651457,8.197815696013244,6.000000000000001,7.535594211315957,0.0,0.0
onwind_26264,onshore_wind(>3MW),10.0,46.55223356780113,3.0052614698204776,21.813562190651457,8.197815696013244,6.000000000000001,7.535594211315957,0.0,0.0
onwind_26268,onshore_wind(>3MW),16.4,43.61151387558027,3.005261469820477,21.813562190651453,8.197815696013244,6.000000000000001,4.594874519095096,0.0,0.0
onwind_26270,onshore_wind(>3MW),28.6,41.651462507294944,3.005261469820477,21.813562190651453,8.197815696013244,6.0,2.634823150809775,0.0,0.0
onwind_26271,onshore_wind(>3MW),124.0,39.62434856707518,3.0052614698204776,21.813562190651453,8.197815696013244,6.000000000000001,0.6077092105899965,0.0,0.0
onwind_26272,onshore_wind(>3MW),48.4,40.57358030923641,3.005261469820477,21.813562190651453,8.197815696013244,6.000000000000001,1.5569409527512308,0.0,0.0
onwind_26278,onshore_wind(>3MW),23.0,42.29298466575298,3.0052614698204776,21.813562190651457,8.197815696013246,6.000000000000001,3.2763453092678074,0.0,0.0
onwind_26282,onshore_wind(>3MW),12.0,45.29630119924847,3.005261469820477,21.813562190651457,8.197815696013244,6.000000000000001,6.279661842763297,0.0,0.0
onwind_26288,onshore_wind(>3MW),10.3,46.332750241257955,3.0052614698204776,21.813562190651457,8.197815696013246,6.000000000000001,7.316110884772773,0.0,0.0
onwind_26293,onshore_wind(>3MW),13.0,44.81325028826667,3.005261469820477,21.813562190651453,8.197815696013246,6.000000000000001,5.7966109317815055,0.0,0.0
onwind_26294,onshore_wind(>3MW),31.2,41.431893911394134,3.0052614698204767,21.813562190651453,8.197815696013244,6.0,2.41525455490896,0.0,0.0
onwind_26297,onshore_wind(>3MW),20.0,42.784436462143155,3.0052614698204776,21.813562190651457,8.197815696013244,6.000000000000001,3.7677971056579787,0.0,0.0
onwind_26299,onshore_wind(>3MW),72.0,40.06324966361239,3.005261469820477,21.813562190651453,8.197815696013246,6.0,1.0466103071272161,0.0,0.0
onwind_26303,onshore_wind(>3MW),57.4,40.3294606476552,3.0052614698204767,21.813562190651453,8.197815696013244,6.0,1.3128212911700272,0.0,0.0
onwind_26304,onshore_wind(>3MW),37.6,41.020786753111764,3.0052614698204776,21.813562190651453,8.197815696013244,6.000000000000001,2.004147396626584,0.0,0.0
onwind_26310,onshore_wind(>3MW),21.6,42.50534038024256,3.005261469820477,21.813562190651453,8.197815696013244,6.000000000000001,3.488701023757387,0.0,0.0
onwind_26311,onshore_wind(>3MW),90.0,39.85392760218694,3.005261469820477,21.813562190651453,8.197815696013244,6.0,0.8372882457017728,0.0,0.0
onwind_26312,onshore_wind(>3MW),37.5,41.02613114616943,3.005261469820477,21.813562190651457,8.197815696013244,6.000000000000001,2.009491789684255,0.0,0.0
onwind_26313,onshore_wind(>3MW),10.0,46.55223356780113,3.0052614698204776,21.813562190651457,8.197815696013244,6.000000000000001,7.535594211315957,0.0,0.0
onwind_26315,onshore_wind(>3MW),22.0,42.441909452537885,3.005261469820477,21.813562190651453,8.197815696013244,6.000000000000001,3.4252700960527074,0.0,0.0
onwind_26323,onshore_wind(>3MW),13.8,44.47721487193152,3.005261469820477,21.813562190651453,8.197815696013244,6.000000000000001,5.460575515446345,0.0,0.0
onwind_26324,onshore_wind(>3MW),16.4,43.61151387558027,3.005261469820477,21.813562190651453,8.197815696013244,6.000000000000001,4.594874519095096,0.0,0.0
onwind_26331,onshore_wind(>3MW),10.8,45.994041403999944,3.005261469820477,21.813562190651453,8.197815696013244,6.000000000000001,6.977402047514774,0.0,0.0
onwind_26332,onshore_wind(>3MW),26.0,41.91494482237592,3.005261469820477,21.813562190651453,8.197815696013246,6.000000000000001,2.8983054658907528,0.0,0.0
onwind_26334,onshore_wind(>3MW),26.0,41.91494482237592,3.005261469820477,21.813562190651453,8.197815696013246,6.000000000000001,2.8983054658907528,0.0,0.0
onwind_26337,onshore_wind(>3MW),10.2,46.404476818559644,3.0052614698204776,21.813562190651453,8.197815696013246,6.000000000000001,7.387837462074468,0.0,0.0
onwind_26338,onshore_wind(>3MW),20.0,42.784436462143155,3.0052614698204776,21.813562190651457,8.197815696013244,6.000000000000001,3.7677971056579787,0.0,0.0
onwind_26340,onshore_wind(>3MW),14.4,44.24969089212125,3.0052614698204776,21.813562190651453,8.197815696013244,6.000000000000001,5.233051535636081,0.0,0.0
onwind_26341,onshore_wind(>3MW),20.5,42.69253897176126,3.005261469820477,21.813562190651457,8.197815696013244,6.000000000000002,3.6758996152760766,0.0,0.0
onwind_26345,onshore_wind(>3MW),10.0,46.55223356780113,3.0052614698204776,21.813562190651457,8.197815696013244,6.000000000000001,7.535594211315957,0.0,0.0
onwind_26348,onshore_wind(>3MW),28.0,41.707923003383726,3.005261469820477,21.813562190651453,8.197815696013244,6.0,2.691283646898556,0.0,0.0
onwind_26352,onshore_wind(>3MW),22.8,42.32172453688691,3.0052614698204776,21.813562190651457,8.197815696013244,6.000000000000001,3.3050851804017354,0.0,0.0
onwind_26354,onshore_wind(>3MW),32.2,41.35688600596219,3.005261469820477,21.813562190651453,8.197815696013244,6.000000000000001,2.340246649477005,0.0,0.0
onwind_26365,onshore_wind(>3MW),20.0,42.784436462143155,3.0052614698204776,21.813562190651457,8.197815696013244,6.000000000000001,3.7677971056579787,0.0,0.0
onwind_26367,onshore_wind(>3MW),13.8,44.47721487193152,3.005261469820477,21.813562190651453,8.197815696013244,6.000000000000001,5.460575515446345,0.0,0.0
onwind_26368,onshore_wind(>3MW),10.0,46.55223356780113,3.0052614698204776,21.813562190651457,8.197815696013244,6.000000000000001,7.535594211315957,0.0,0.0
onwind_26374,onshore_wind(>3MW),16.8,43.5021121013161,3.005261469820477,21.813562190651453,8.197815696013244,6.0,4.485472744830926,0.0,0.0
onwind_26375,onshore_wind(>3MW),15.6,43.847148466303096,3.0052614698204767,21.813562190651453,8.197815696013244,6.0,4.83050910981792,0.0,0.0
onwind_26376,onshore_wind(>3MW),16.8,43.5021121013161,3.005261469820477,21.813562190651453,8.197815696013244,6.0,4.485472744830926,0.0,0.0
onwind_26378,onshore_wind(>3MW),46.0,40.654812011119084,3.0052614698204776,21.813562190651457,8.197815696013246,6.000000000000001,1.6381726546339037,0.0,0.0
onwind_26380,onshore_wind(>3MW),21.0,42.60501755234992,3.005261469820477,21.813562190651453,8.197815696013244,6.000000000000001,3.5883781958647414,0.0,0.0
onwind_26382,onshore_wind(>3MW),15.3,43.941864331201494,3.0052614698204776,21.813562190651453,8.197815696013244,6.000000000000001,4.925224974716311,0.0,0.0
onwind_26383,onshore_wind(>3MW),25.0,42.03087704101156,3.0052614698204767,21.813562190651453,8.197815696013244,6.0,3.0142376845263823,0.0,0.0
onwind_26386,onshore_wind(>3MW),16.0,43.72638573855765,3.005261469820477,21.813562190651453,8.197815696013244,6.000000000000001,4.709746382072473,0.0,0.0
onwind_26387,onshore_wind(>3MW),48.3,40.57680378946985,3.0052614698204776,21.813562190651457,8.197815696013244,6.000000000000002,1.5601644329846702,0.0,0.0
onwind_26388,onshore_wind(>3MW),58.5,40.3047751191033,3.005261469820477,21.813562190651453,8.197815696013244,6.0,1.2881357626181122,0.0,0.0
onwind_26394,onshore_wind(>3MW),15.3,43.941864331201494,3.0052614698204776,21.813562190651453,8.197815696013244,6.000000000000001,4.925224974716311,0.0,0.0
onwind_26401,onshore_wind(>3MW),10.0,46.55223356780113,3.0052614698204776,21.813562190651457,8.197815696013244,6.000000000000001,7.535594211315957,0.0,0.0
onwind_26402,onshore_wind(>3MW),12.5,45.045114725537935,3.0052614698204767,21.813562190651453,8.197815696013244,6.0,6.028475369052765,0.0,0.0
onwind_26411,onshore_wind(>3MW),37.0,41.053286440624625,3.005261469820477,21.813562190651453,8.197815696013246,6.000000000000001,2.0366470841394477,0.0,0.0
onwind_26422,onshore_wind(>3MW),96.0,39.80159708683058,3.005261469820477,21.813562190651457,8.197815696013244,6.000000000000001,0.7849577303454122,0.0,0.0
onwind_26428,onshore_wind(>3MW),12.0,45.29630119924847,3.005261469820477,21.813562190651457,8.197815696013244,6.000000000000001,6.279661842763297,0.0,0.0
onwind_26432,onshore_wind(>3MW),350.0,39.231942048237066,3.0052614698204767,21.813562190651453,8.197815696013244,6.0,0.21530269175188446,0.0,0.0
onwind_26433,onshore_wind(>3MW),172.8,39.45272698445484,3.005261469820477,21.813562190651453,8.197815696013244,6.000000000000001,0.4360876279696734,0.0,0.0
onwind_26435,onshore_wind(>3MW),15.0,44.04036883069581,3.0052614698204776,21.813562190651453,8.197815696013244,6.000000000000002,5.023729474210638,0.0,0.0
onwind_26437,onshore_wind(>3MW),16.0,43.72638573855765,3.005261469820477,21.813562190651453,8.197815696013244,6.000000000000001,4.709746382072473,0.0,0.0
onwind_26438,onshore_wind(>3MW),29.9,41.53690497899887,3.005261469820477,21.813562190651453,8.197815696013244,6.0,2.5202656225136977,0.0,0.0
onwind_26439,onshore_wind(>3MW),14.0,44.39920665028228,3.005261469820477,21.813562190651453,8.197815696013244,6.0,5.382567293797112,0.0,0.0
onwind_26440,onshore_wind(>3MW),16.0,43.72638573855765,3.005261469820477,21.813562190651453,8.197815696013244,6.000000000000001,4.709746382072473,0.0,0.0
onwind_26441,onshore_wind(>3MW),14.0,44.39920665028228,3.005261469820477,21.813562190651453,8.197815696013244,6.0,5.382567293797112,0.0,0.0
onwind_26455,onshore_wind(>3MW),54.4,40.40185888062414,3.005261469820477,21.813562190651453,8.197815696013244,6.000000000000001,1.3852195241389627,0.0,0.0
onwind_26460,onshore_wind(>3MW),20.0,42.784436462143155,3.0052614698204776,21.813562190651457,8.197815696013244,6.000000000000001,3.7677971056579787,0.0,0.0
onwind_26466,onshore_wind(>3MW),10.0,46.55223356780113,3.0052614698204776,21.813562190651457,8.197815696013244,6.000000000000001,7.535594211315957,0.0,0.0
onwind_26468,onshore_wind(>3MW),20.0,42.784436462143155,3.0052614698204776,21.813562190651457,8.197815696013244,6.000000000000001,3.7677971056579787,0.0,0.0
onwind_26469,onshore_wind(>3MW),23.5,42.22327519108771,3.0052614698204776,21.813562190651457,8.197815696013244,6.000000000000001,3.2066358346025345,0.0,0.0
onwind_26478,onshore_wind(>3MW),13.8,44.47721487193152,3.005261469820477,21.813562190651453,8.197815696013244,6.000000000000001,5.460575515446345,0.0,0.0
onwind_26479,onshore_wind(>3MW),32.2,41.35688600596219,3.005261469820477,21.813562190651453,8.197815696013244,6.000000000000001,2.340246649477005,0.0,0.0
onwind_26482,onshore_wind(>3MW),15.0,44.04036883069581,3.0052614698204776,21.813562190651453,8.197815696013244,6.000000000000002,5.023729474210638,0.0,0.0
onwind_26483,onshore_wind(>3MW),15.0,44.04036883069581,3.0052614698204776,21.813562190651453,8.197815696013244,6.000000000000002,5.023729474210638,0.0,0.0
onwind_26484,onshore_wind(>3MW),12.5,45.045114725537935,3.0052614698204767,21.813562190651453,8.197815696013244,6.0,6.028475369052765,0.0,0.0
onwind_26489,onshore_wind(>3MW),13.6,44.55751745304103,3.005261469820477,21.813562190651453,8.197815696013244,6.000000000000001,5.540878096555851,0.0,0.0
onwind_26491,onshore_wind(>3MW),23.8,42.18285541165994,3.005261469820477,21.813562190651453,8.197815696013244,6.000000000000001,3.166216055174772,0.0,0.0
onwind_26498,onshore_wind(>3MW),33.3,41.279580561084565,3.005261469820477,21.813562190651453,8.197815696013244,6.000000000000001,2.2629412045993864,0.0,0.0
onwind_26499,onshore_wind(>3MW),62.5,40.22233443029573,3.0052614698204776,21.813562190651457,8.197815696013246,6.000000000000002,1.2056950738105532,0.0,0.0
onwind_26500,onshore_wind(>3MW),20.7,42.657023033449406,3.005261469820477,21.813562190651457,8.197815696013244,6.000000000000001,3.6403836769642304,0.0,0.0
onwind_26501,onshore_wind(>3MW),13.8,44.47721487193152,3.005261469820477,21.813562190651453,8.197815696013244,6.000000000000001,5.460575515446345,0.0,0.0
onwind_26503,onshore_wind(>3MW),138.0,39.56269690802981,3.005261469820477,21.813562190651453,8.197815696013244,6.000000000000001,0.5460575515446345,0.0,0.0
onwind_26508,onshore_wind(>3MW),48.0,40.586554817176,3.005261469820477,21.813562190651457,8.197815696013244,6.000000000000001,1.5699154606908243,0.0,0.0
onwind_26510,onshore_wind(>3MW),30.0,41.5285040935905,3.0052614698204776,21.813562190651453,8.197815696013244,6.000000000000002,2.511864737105319,0.0,0.0
onwind_26511,onshore_wind(>3MW),15.0,44.04036883069581,3.0052614698204776,21.813562190651453,8.197815696013244,6.000000000000002,5.023729474210638,0.0,0.0
onwind_26516,onshore_wind(>3MW),18.0,43.203080584994034,3.005261469820477,21.813562190651453,8.197815696013246,6.0,4.186441228508865,0.0,0.0
onwind_26526,onshore_wind(>3MW),16.4,43.61151387558027,3.005261469820477,21.813562190651453,8.197815696013244,6.000000000000001,4.594874519095096,0.0,0.0
onwind_26529,onshore_wind(>3MW),18.0,43.203080584994034,3.005261469820477,21.813562190651453,8.197815696013246,6.0,4.186441228508865,0.0,0.0
onwind_26532,onshore_wind(>3MW),10.0,46.55223356780113,3.0052614698204776,21.813562190651457,8.197815696013244,6.000000000000001,7.535594211315957,0.0,0.0
onwind_26535,onshore_wind(>3MW),15.8,43.78600278136869,3.005261469820477,21.813562190651453,8.197815696013244,6.000000000000001,4.769363424883517,0.0,0.0
offwind_26542,offshore_wind,1200.0,43.015485778697965,2.345996040102335,21.786707978201996,17.104512136505644,1.0,0.7782696238879935,0.0,0.0
onwind_26548,onshore_wind(>3MW),177.0,39.44237914243523,3.0052614698204776,21.813562190651453,8.197815696013244,6.000000000000001,0.425739785950054,0.0,0.0
onwind_26558,onshore_wind(>3MW),28.6,41.651462507294944,3.005261469820477,21.813562190651453,8.197815696013244,6.0,2.634823150809775,0.0,0.0
onwind_26567,onshore_wind(>3MW),36.8,41.06435517477756,3.005261469820477,21.813562190651453,8.197815696013244,6.000000000000001,2.04771581829238,0.0,0.0
offwind_26568,offshore_wind,402.0,44.56040906193832,2.345996040102335,21.786707978202,17.104512136505647,1.0,2.323192907128339,0.0,0.0
onwind_26572,onshore_wind(>3MW),12.3,45.14313871527864,3.005261469820477,21.813562190651453,8.197815696013244,6.000000000000001,6.12649935879346,0.0,0.0
onwind_26574,onshore_wind(>3MW),29.8,41.54536224618852,3.005261469820477,21.813562190651453,8.197815696013244,6.000000000000001,2.528722889703341,0.0,0.0
onwind_26575,onshore_wind(>3MW),69.0,40.10875445957444,3.005261469820477,21.813562190651453,8.197815696013244,6.000000000000001,1.092115103089269,0.0,0.0
onwind_26578,onshore_wind(>3MW),42.0,40.810828454417546,3.005261469820477,21.813562190651453,8.197815696013244,6.000000000000001,1.7941890979323707,0.0,0.0
onwind_26579,onshore_wind(>3MW),29.9,41.53690497899887,3.005261469820477,21.813562190651453,8.197815696013244,6.0,2.5202656225136977,0.0,0.0
onwind_26584,onshore_wind(>3MW),21.0,42.60501755234992,3.005261469820477,21.813562190651453,8.197815696013244,6.000000000000001,3.5883781958647414,0.0,0.0
onwind_26593,onshore_wind(>3MW),10.3,46.332750241257955,3.0052614698204776,21.813562190651457,8.197815696013246,6.000000000000001,7.316110884772773,0.0,0.0
onwind_26595,onshore_wind(>3MW),22.5,42.36579233929226,3.005261469820477,21.813562190651453,8.197815696013244,6.0,3.3491529828070914,0.0,0.0
onwind_26596,onshore_wind(>3MW),37.5,41.02613114616943,3.005261469820477,21.813562190651457,8.197815696013244,6.000000000000001,2.009491789684255,0.0,0.0
onwind_26597,onshore_wind(>3MW),18.4,43.112070993069935,3.005261469820477,21.813562190651453,8.197815696013244,6.000000000000001,4.09543163658476,0.0,0.0
offwind_26604,offshore_wind,714.0,43.545232329411654,2.345996040102335,21.786707978202,17.104512136505647,1.0,1.3080161746016699,0.0,0.0
onwind_26610,onshore_wind(>3MW),41.4,40.836831194967296,3.005261469820477,21.813562190651457,8.197815696013244,6.000000000000001,1.8201918384821152,0.0,0.0
onwind_26611,onshore_wind(>3MW),18.0,43.203080584994034,3.005261469820477,21.813562190651453,8.197815696013246,6.0,4.186441228508865,0.0,0.0
onwind_26612,onshore_wind(>3MW),13.8,44.47721487193152,3.005261469820477,21.813562190651453,8.197815696013244,6.000000000000001,5.460575515446345,0.0,0.0
onwind_26614,onshore_wind(>3MW),22.0,42.441909452537885,3.005261469820477,21.813562190651453,8.197815696013244,6.000000000000001,3.4252700960527074,0.0,0.0
offwind_26626,offshore_wind,96.8,51.88518669887601,2.345996040102335,21.786707978201996,17.104512136505647,1.0,9.647970544066036,0.0,0.0
onwind_26629,onshore_wind(>3MW),13.8,44.47721487193152,3.005261469820477,21.813562190651453,8.197815696013244,6.000000000000001,5.460575515446345,0.0,0.0
onwind_26630,onshore_wind(>3MW),36.8,41.06435517477756,3.005261469820477,21.813562190651453,8.197815696013244,6.000000000000001,2.04771581829238,0.0,0.0
onwind_26631,onshore_wind(>3MW),43.0,40.769103126558655,3.005261469820477,21.813562190651453,8.197815696013244,6.000000000000001,1.7524637700734782,0.0,0.0
onwind_26633,onshore_wind(>3MW),144.0,39.53994451004878,3.005261469820477,21.813562190651453,8.197815696013246,6.0,0.5233051535636081,0.0,0.0
onwind_26636,onshore_wind(>3MW),92.0,39.835725683802124,3.0052614698204776,21.813562190651457,8.197815696013246,6.000000000000001,0.8190863273169519,0.0,0.0
onwind_26641,onshore_wind(>3MW),16.0,43.72638573855765,3.005261469820477,21.813562190651453,8.197815696013244,6.000000000000001,4.709746382072473,0.0,0.0
onwind_26649,onshore_wind(>3MW),10.0,46.55223356780113,3.0052614698204776,21.813562190651457,8.197815696013244,6.000000000000001,7.535594211315957,0.0,0.0
onwind_26650,onshore_wind(>3MW),17.5,43.32269319152286,3.0052614698204776,21.813562190651453,8.197815696013246,6.000000000000001,4.30605383503769,0.0,0.0
onwind_26651,onshore_wind(>3MW),32.0,41.37151254752141,3.005261469820477,21.813562190651453,8.197815696013244,6.000000000000001,2.3548731910362366,0.0,0.0
onwind_26667,onshore_wind(>3MW),29.7,41.55387646467237,3.0052614698204776,21.813562190651457,8.197815696013246,6.000000000000002,2.537237108187191,0.0,0.0
onwind_26671,onshore_wind(>3MW),50.4,40.511796938095486,3.0052614698204767,21.813562190651453,8.197815696013244,6.000000000000001,1.4951575816103089,0.0,0.0
onwind_26673,onshore_wind(>3MW),66.0,40.15839605516941,3.005261469820477,21.813562190651453,8.197815696013244,6.0,1.1417566986842358,0.0,0.0
onwind_26674,onshore_wind(>3MW),11.5,45.569329975020786,3.0052614698204776,21.813562190651457,8.197815696013246,6.000000000000001,6.552690618535615,0.0,0.0
onwind_26675,onshore_wind(>3MW),66.0,40.15839605516941,3.005261469820477,21.813562190651453,8.197815696013244,6.0,1.1417566986842358,0.0,0.0
onwind_26684,onshore_wind(>3MW),34.0,41.232990595107516,3.005261469820477,21.813562190651453,8.197815696013244,6.0,2.21635123862234,0.0,0.0
onwind_26688,onshore_wind(>3MW),15.0,44.04036883069581,3.0052614698204776,21.813562190651453,8.197815696013244,6.000000000000002,5.023729474210638,0.0,0.0
onwind_26692,onshore_wind(>3MW),16.4,43.61151387558027,3.005261469820477,21.813562190651453,8.197815696013244,6.000000000000001,4.594874519095096,0.0,0.0
onwind_26693,onshore_wind(>3MW),12.0,45.29630119924847,3.005261469820477,21.813562190651457,8.197815696013244,6.000000000000001,6.279661842763297,0.0,0.0
onwind_26699,onshore_wind(>3MW),16.0,43.72638573855765,3.005261469820477,21.813562190651453,8.197815696013244,6.000000000000001,4.709746382072473,0.0,0.0
onwind_26700,onshore_wind(>3MW),12.0,45.29630119924847,3.005261469820477,21.813562190651457,8.197815696013244,6.000000000000001,6.279661842763297,0.0,0.0
onwind_26702,onshore_wind(>3MW),22.0,42.441909452537885,3.005261469820477,21.813562190651453,8.197815696013244,6.000000000000001,3.4252700960527074,0.0,0.0
onwind_26710,onshore_wind(>3MW),18.4,43.112070993069935,3.005261469820477,21.813562190651453,8.197815696013244,6.000000000000001,4.09543163658476,0.0,0.0
onwind_26711,onshore_wind(>3MW),27.6,41.746927114208354,3.005261469820477,21.813562190651453,8.197815696013244,6.000000000000001,2.7302877577231723,0.0,0.0
onwind_26721,onshore_wind(>3MW),26.0,41.91494482237592,3.005261469820477,21.813562190651453,8.197815696013246,6.000000000000001,2.8983054658907528,0.0,0.0
onwind_26726,onshore_wind(>3MW),10.0,46.55223356780113,3.0052614698204776,21.813562190651457,8.197815696013244,6.000000000000001,7.535594211315957,0.0,0.0
onwind_26729,onshore_wind(>3MW),32.8,41.31407661603273,3.005261469820477,21.813562190651453,8.197815696013244,6.000000000000001,2.297437259547548,0.0,0.0
onwind_26730,onshore_wind(>3MW),34.9,41.17583540557284,3.0052614698204776,21.813562190651453,8.197815696013244,6.000000000000001,2.1591960490876665,0.0,0.0
onwind_26731,onshore_wind(>3MW),12.0,45.29630119924847,3.005261469820477,21.813562190651457,8.197815696013244,6.000000000000001,6.279661842763297,0.0,0.0
onwind_26732,onshore_wind(>3MW),70.0,40.0931528152446,3.0052614698204776,21.813562190651453,8.197815696013246,6.000000000000001,1.0765134587594225,0.0,0.0
onwind_26738,onshore_wind(>3MW),15.0,44.04036883069581,3.0052614698204776,21.813562190651453,8.197815696013244,6.000000000000002,5.023729474210638,0.0,0.0
onwind_26741,onshore_wind(>3MW),12.3,45.14313871527864,3.005261469820477,21.813562190651453,8.197815696013244,6.000000000000001,6.12649935879346,0.0,0.0
onwind_26748,onshore_wind(>3MW),27.0,41.80760017549109,3.0052614698204776,21.813562190651453,8.197815696013244,6.000000000000001,2.79096081900591,0.0,0.0
onwind_26750,onshore_wind(>3MW),36.0,41.109859970739606,3.005261469820477,21.813562190651453,8.197815696013246,6.0,2.0932206142544323,0.0,0.0
onwind_26758,onshore_wind(>3MW),156.0,39.49969026746696,3.005261469820477,21.813562190651453,8.197815696013244,6.0,0.48305091098179204,0.0,0.0
onwind_26761,onshore_wind(>3MW),25.0,42.03087704101156,3.0052614698204767,21.813562190651453,8.197815696013244,6.0,3.0142376845263823,0.0,0.0
offwind_26763,offshore_wind,108.0,50.884656420232126,2.345996040102335,21.786707978201996,17.104512136505647,1.0,8.64744026542215,0.0,0.0
offwind_26764,offshore_wind,64.8,56.64961659718022,2.345996040102335,21.786707978201996,17.104512136505647,1.0,14.41240044237025,0.0,0.0
onwind_26768,onshore_wind(>3MW),120.0,39.6446055407615,3.0052614698204776,21.813562190651453,8.197815696013244,6.000000000000002,0.6279661842763298,0.0,0.0
onwind_26772,onshore_wind(>3MW),26.0,41.91494482237592,3.005261469820477,21.813562190651453,8.197815696013246,6.000000000000001,2.8983054658907528,0.0,0.0
onwind_26774,onshore_wind(>3MW),24.6,42.079889035881905,3.005261469820477,21.813562190651453,8.197815696013244,6.000000000000001,3.06324967939673,0.0,0.0
onwind_26775,onshore_wind(>3MW),13.2,44.72542284990635,3.005261469820477,21.813562190651453,8.197815696013244,6.000000000000001,5.70878349342118,0.0,0.0
onwind_26776,onshore_wind(>3MW),34.0,41.232990595107516,3.005261469820477,21.813562190651453,8.197815696013244,6.0,2.21635123862234,0.0,0.0
onwind_26779,onshore_wind(>3MW),51.7,40.474201099486336,3.005261469820477,21.813562190651453,8.197815696013246,6.000000000000001,1.457561743001152,0.0,0.0
onwind_26781,onshore_wind(>3MW),13.2,44.72542284990635,3.005261469820477,21.813562190651453,8.197815696013244,6.000000000000001,5.70878349342118,0.0,0.0
onwind_26782,onshore_wind(>3MW),29.8,41.54536224618852,3.005261469820477,21.813562190651453,8.197815696013244,6.000000000000001,2.528722889703341,0.0,0.0
onwind_26786,onshore_wind(>3MW),136.0,39.57072716614076,3.005261469820477,21.813562190651453,8.197815696013244,6.0,0.554087809655585,0.0,0.0
onwind_26794,onshore_wind(>3MW),10.0,46.55223356780113,3.0052614698204776,21.813562190651457,8.197815696013244,6.000000000000001,7.535594211315957,0.0,0.0
onwind_26823,onshore_wind(>3MW),48.0,40.586554817176,3.005261469820477,21.813562190651457,8.197815696013244,6.000000000000001,1.5699154606908243,0.0,0.0
onwind_26834,onshore_wind(>3MW),10.3,46.332750241257955,3.0052614698204776,21.813562190651457,8.197815696013246,6.000000000000001,7.316110884772773,0.0,0.0
offwind_26838,offshore_wind,1218.0,43.003984257162685,2.345996040102335,21.786707978201996,17.104512136505647,1.0,0.766768102352703,0.0,0.0
onwind_26845,onshore_wind(>3MW),20.0,42.784436462143155,3.0052614698204776,21.813562190651457,8.197815696013244,6.000000000000001,3.7677971056579787,0.0,0.0
onwind_26847,onshore_wind(>3MW),24.0,42.15647027786682,3.005261469820477,21.813562190651457,8.197815696013244,6.000000000000001,3.1398309213816487,0.0,0.0
onwind_26851,onshore_wind(>3MW),13.8,44.47721487193152,3.005261469820477,21.813562190651453,8.197815696013244,6.000000000000001,5.460575515446345,0.0,0.0
offwind_26852,offshore_wind,97.2,51.845483116390135,2.3459960401023348,21.786707978201996,17.104512136505644,1.0,9.608266961580165,0.0,0.0
onwind_26855,onshore_wind(>3MW),24.0,42.15647027786682,3.005261469820477,21.813562190651457,8.197815696013244,6.000000000000001,3.1398309213816487,0.0,0.0
onwind_26859,onshore_wind(>3MW),13.8,44.47721487193152,3.005261469820477,21.813562190651453,8.197815696013244,6.000000000000001,5.460575515446345,0.0,0.0
onwind_26860,onshore_wind(>3MW),68.0,40.12481497579635,3.005261469820477,21.813562190651453,8.197815696013244,6.0,1.10817561931117,0.0,0.0
onwind_26863,onshore_wind(>3MW),28.0,41.707923003383726,3.005261469820477,21.813562190651453,8.197815696013244,6.0,2.691283646898556,0.0,0.0
onwind_26865,onshore_wind(>3MW),12.5,45.045114725537935,3.0052614698204767,21.813562190651453,8.197815696013244,6.0,6.028475369052765,0.0,0.0
offwind_26873,offshore_wind,90.0,52.61414447331655,2.345996040102335,21.786707978201996,17.104512136505647,1.0,10.37692831850658,0.0,0.0
offwind_26874,offshore_wind,49.5,61.104358552094666,2.3459960401023348,21.786707978201996,17.104512136505647,1.0,18.86714239728469,0.0,0.0
onwind_26876,onshore_wind(>3MW),20.0,42.784436462143155,3.0052614698204776,21.813562190651457,8.197815696013244,6.000000000000001,3.7677971056579787,0.0,0.0
onwind_26878,onshore_wind(>3MW),18.4,43.112070993069935,3.005261469820477,21.813562190651453,8.197815696013244,6.000000000000001,4.09543163658476,0.0,0.0
onwind_26879,onshore_wind(>3MW),239.0,39.33193618541053,3.005261469820477,21.813562190651453,8.197815696013244,6.0,0.3152968289253538,0.0,0.0
onwind_26883,onshore_wind(>3MW),12.0,45.29630119924847,3.005261469820477,21.813562190651457,8.197815696013244,6.000000000000001,6.279661842763297,0.0,0.0
onwind_26888,onshore_wind(>3MW),22.0,42.441909452537885,3.005261469820477,21.813562190651453,8.197815696013244,6.000000000000001,3.4252700960527074,0.0,0.0
onwind_26889,onshore_wind(>3MW),18.8,43.02493414973835,3.0052614698204776,21.813562190651453,8.197815696013244,6.000000000000001,4.008294793253168,0.0,0.0
onwind_26894,onshore_wind(>3MW),16.0,43.72638573855765,3.005261469820477,21.813562190651453,8.197815696013244,6.000000000000001,4.709746382072473,0.0,0.0
onwind_26909,onshore_wind(>3MW),10.0,46.55223356780113,3.0052614698204776,21.813562190651457,8.197815696013244,6.000000000000001,7.535594211315957,0.0,0.0
onwind_26912,onshore_wind(>3MW),20.0,42.784436462143155,3.0052614698204776,21.813562190651457,8.197815696013244,6.000000000000001,3.7677971056579787,0.0,0.0
onwind_26914,onshore_wind(>3MW),16.0,43.72638573855765,3.005261469820477,21.813562190651453,8.197815696013244,6.000000000000001,4.709746382072473,0.0,0.0
onwind_26932,onshore_wind(>3MW),10.0,46.55223356780113,3.0052614698204776,21.813562190651457,8.197815696013244,6.000000000000001,7.535594211315957,0.0,0.0
onwind_26938,onshore_wind(>3MW),15.0,44.04036883069581,3.0052614698204776,21.813562190651453,8.197815696013244,6.000000000000002,5.023729474210638,0.0,0.0
onwind_26943,onshore_wind(>3MW),30.0,41.5285040935905,3.0052614698204776,21.813562190651453,8.197815696013244,6.000000000000002,2.511864737105319,0.0,0.0
onwind_26950,onshore_wind(>3MW),25.0,42.03087704101156,3.0052614698204767,21.813562190651453,8.197815696013244,6.0,3.0142376845263823,0.0,0.0
onwind_26952,onshore_wind(>3MW),20.4,42.71055808752241,3.0052614698204776,21.813562190651453,8.197815696013246,6.000000000000001,3.693918731037234,0.0,0.0
onwind_26955,onshore_wind(>3MW),31.0,41.447476198845166,3.0052614698204776,21.813562190651453,8.197815696013244,6.000000000000001,2.430836842359986,0.0,0.0
onwind_26957,onshore_wind(>3MW),20.0,42.784436462143155,3.0052614698204776,21.813562190651457,8.197815696013244,6.000000000000001,3.7677971056579787,0.0,0.0
onwind_26960,onshore_wind(>3MW),24.0,42.15647027786682,3.005261469820477,21.813562190651457,8.197815696013244,6.000000000000001,3.1398309213816487,0.0,0.0
onwind_26970,onshore_wind(>3MW),10.0,46.55223356780113,3.0052614698204776,21.813562190651457,8.197815696013244,6.000000000000001,7.535594211315957,0.0,0.0
onwind_26972,onshore_wind(>3MW),51.0,40.49420684890007,3.0052614698204776,21.813562190651453,8.197815696013244,6.000000000000001,1.4775674924148936,0.0,0.0
onwind_26980,onshore_wind(>3MW),27.6,41.746927114208354,3.005261469820477,21.813562190651453,8.197815696013244,6.000000000000001,2.7302877577231723,0.0,0.0
onwind_26985,onshore_wind(>3MW),38.0,40.99969046472622,3.0052614698204776,21.813562190651453,8.197815696013244,6.000000000000001,1.9830511082410411,0.0,0.0
onwind_26989,onshore_wind(>3MW),10.5,46.193395748214655,3.005261469820477,21.813562190651453,8.197815696013244,6.000000000000001,7.176756391729483,0.0,0.0
onwind_26995,onshore_wind(>3MW),26.0,41.91494482237592,3.005261469820477,21.813562190651453,8.197815696013246,6.000000000000001,2.8983054658907528,0.0,0.0
offwind_26996,offshore_wind,97.2,51.845483116390135,2.3459960401023348,21.786707978201996,17.104512136505644,1.0,9.608266961580165,0.0,0.0
onwind_27000,onshore_wind(>3MW),24.0,42.15647027786682,3.005261469820477,21.813562190651457,8.197815696013244,6.000000000000001,3.1398309213816487,0.0,0.0
onwind_27001,onshore_wind(>3MW),26.0,41.91494482237592,3.005261469820477,21.813562190651453,8.197815696013246,6.000000000000001,2.8983054658907528,0.0,0.0
onwind_27007,onshore_wind(>3MW),56.0,40.36228117993445,3.005261469820477,21.813562190651453,8.197815696013244,6.0,1.345641823449278,0.0,0.0
onwind_27013,onshore_wind(>3MW),17.0,43.449341833729854,3.005261469820477,21.813562190651453,8.197815696013244,6.0,4.43270247724468,0.0,0.0
onwind_27018,onshore_wind(>3MW),10.0,46.55223356780113,3.0052614698204776,21.813562190651457,8.197815696013244,6.000000000000001,7.535594211315957,0.0,0.0
onwind_27028,onshore_wind(>3MW),12.0,45.29630119924847,3.005261469820477,21.813562190651457,8.197815696013244,6.000000000000001,6.279661842763297,0.0,0.0
onwind_27033,onshore_wind(>3MW),54.0,40.41211976598814,3.0052614698204776,21.813562190651453,8.197815696013244,6.000000000000001,1.395480409502955,0.0,0.0
onwind_27034,onshore_wind(>3MW),12.0,45.29630119924847,3.005261469820477,21.813562190651457,8.197815696013244,6.000000000000001,6.279661842763297,0.0,0.0
onwind_27035,onshore_wind(>3MW),20.7,42.657023033449406,3.005261469820477,21.813562190651457,8.197815696013244,6.000000000000001,3.6403836769642304,0.0,0.0
onwind_27040,onshore_wind(>3MW),40.0,40.90053790931417,3.0052614698204776,21.813562190651457,8.197815696013244,6.000000000000001,1.8838985528289893,0.0,0.0
onwind_27041,onshore_wind(>3MW),10.0,46.55223356780113,3.0052614698204776,21.813562190651457,8.197815696013244,6.000000000000001,7.535594211315957,0.0,0.0
onwind_27042,onshore_wind(>3MW),15.0,44.04036883069581,3.0052614698204776,21.813562190651453,8.197815696013244,6.000000000000002,5.023729474210638,0.0,0.0
onwind_27045,onshore_wind(>3MW),14.0,44.39920665028228,3.005261469820477,21.813562190651453,8.197815696013244,6.0,5.382567293797112,0.0,0.0
onwind_27049,onshore_wind(>3MW),36.8,41.06435517477756,3.005261469820477,21.813562190651453,8.197815696013244,6.000000000000001,2.04771581829238,0.0,0.0
onwind_27053,onshore_wind(>3MW),11.7,45.45731816957574,3.005261469820477,21.813562190651457,8.197815696013244,6.000000000000001,6.440678813090561,0.0,0.0
onwind_27055,onshore_wind(>3MW),15.0,44.04036883069581,3.0052614698204776,21.813562190651453,8.197815696013244,6.000000000000002,5.023729474210638,0.0,0.0
onwind_27061,onshore_wind(>3MW),12.0,45.29630119924847,3.005261469820477,21.813562190651457,8.197815696013244,6.000000000000001,6.279661842763297,0.0,0.0
onwind_27064,onshore_wind(>3MW),12.0,45.29630119924847,3.005261469820477,21.813562190651457,8.197815696013244,6.000000000000001,6.279661842763297,0.0,0.0
offwind_27071,offshore_wind,316.0,45.19267042273906,2.345996040102335,21.786707978201996,17.104512136505644,1.0,2.955454267929089,0.0,0.0
offwind_27072,offshore_wind,316.0,45.19267042273906,2.345996040102335,21.786707978201996,17.104512136505644,1.0,2.955454267929089,0.0,0.0
offwind_27073,offshore_wind,316.0,45.19267042273906,2.345996040102335,21.786707978201996,17.104512136505644,1.0,2.955454267929089,0.0,0.0
onwind_27087,onshore_wind(>3MW),12.3,45.14313871527864,3.005261469820477,21.813562190651453,8.197815696013244,6.000000000000001,6.12649935879346,0.0,0.0
onwind_27094,onshore_wind(>3MW),22.5,42.36579233929226,3.005261469820477,21.813562190651453,8.197815696013244,6.0,3.3491529828070914,0.0,0.0
onwind_27096,onshore_wind(>3MW),14.5,44.21360088153066,3.0052614698204767,21.813562190651453,8.197815696013242,6.0,5.196961525045487,0.0,0.0
onwind_27097,onshore_wind(>3MW),10.2,46.404476818559644,3.0052614698204776,21.813562190651453,8.197815696013246,6.000000000000001,7.387837462074468,0.0,0.0
onwind_27103,onshore_wind(>3MW),12.0,45.29630119924847,3.005261469820477,21.813562190651457,8.197815696013244,6.000000000000001,6.279661842763297,0.0,0.0
onwind_27105,onshore_wind(>3MW),34.5,41.20086956266371,3.005261469820477,21.813562190651453,8.197815696013244,6.000000000000001,2.184230206178538,0.0,0.0
onwind_27107,onshore_wind(>3MW),32.8,41.31407661603273,3.005261469820477,21.813562190651453,8.197815696013244,6.000000000000001,2.297437259547548,0.0,0.0
onwind_27120,onshore_wind(>3MW),10.0,46.55223356780113,3.0052614698204776,21.813562190651457,8.197815696013244,6.000000000000001,7.535594211315957,0.0,0.0
onwind_27125,onshore_wind(>3MW),14.4,44.24969089212125,3.0052614698204776,21.813562190651453,8.197815696013244,6.000000000000001,5.233051535636081,0.0,0.0
offwind_27139,offshore_wind,60.0,57.80260863256984,2.345996040102335,21.786707978201996,17.104512136505647,1.0,15.56539247775987,0.0,0.0
onwind_27142,onshore_wind(>3MW),14.4,44.24969089212125,3.0052614698204776,21.813562190651453,8.197815696013244,6.000000000000001,5.233051535636081,0.0,0.0
onwind_27143,onshore_wind(>3MW),22.0,42.441909452537885,3.005261469820477,21.813562190651453,8.197815696013244,6.000000000000001,3.4252700960527074,0.0,0.0
onwind_27144,onshore_wind(>3MW),18.4,43.112070993069935,3.005261469820477,21.813562190651453,8.197815696013244,6.000000000000001,4.09543163658476,0.0,0.0
onwind_27148,onshore_wind(>3MW),17.0,43.449341833729854,3.005261469820477,21.813562190651453,8.197815696013244,6.0,4.43270247724468,0.0,0.0
onwind_27149,onshore_wind(>3MW),36.8,41.06435517477756,3.005261469820477,21.813562190651453,8.197815696013244,6.000000000000001,2.04771581829238,0.0,0.0
onwind_27152,onshore_wind(>3MW),15.0,44.04036883069581,3.0052614698204776,21.813562190651453,8.197815696013244,6.000000000000002,5.023729474210638,0.0,0.0
onwind_27159,onshore_wind(>3MW),15.0,44.04036883069581,3.0052614698204776,21.813562190651453,8.197815696013244,6.000000000000002,5.023729474210638,0.0,0.0
onwind_27171,onshore_wind(>3MW),18.0,43.203080584994034,3.005261469820477,21.813562190651453,8.197815696013246,6.0,4.186441228508865,0.0,0.0
onwind_27177,onshore_wind(>3MW),25.0,42.03087704101156,3.0052614698204767,21.813562190651453,8.197815696013244,6.0,3.0142376845263823,0.0,0.0
onwind_27178,onshore_wind(>3MW),20.0,42.784436462143155,3.0052614698204776,21.813562190651457,8.197815696013244,6.000000000000001,3.7677971056579787,0.0,0.0
onwind_27182,onshore_wind(>3MW),14.0,44.39920665028228,3.005261469820477,21.813562190651453,8.197815696013244,6.0,5.382567293797112,0.0,0.0
onwind_27183,onshore_wind(>3MW),65.0,40.175961542841485,3.005261469820477,21.813562190651457,8.197815696013244,6.000000000000002,1.159322186356301,0.0,0.0
onwind_27189,onshore_wind(>3MW),228.0,39.34714787452535,3.005261469820477,21.813562190651457,8.197815696013244,6.000000000000001,0.33050851804017356,0.0,0.0
onwind_27193,onshore_wind(>3MW),28.7,41.64228193882523,3.0052614698204767,21.813562190651453,8.197815696013244,6.0,2.6256425823400544,0.0,0.0
onwind_27194,onshore_wind(>3MW),19.8,42.82249501876596,3.005261469820477,21.813562190651453,8.197815696013244,6.0,3.805855662280786,0.0,0.0
onwind_27203,onshore_wind(>3MW),38.4,40.9790336823487,3.0052614698204767,21.813562190651453,8.197815696013244,6.0,1.9623943258635304,0.0,0.0
onwind_27215,onshore_wind(>3MW),29.9,41.53690497899887,3.005261469820477,21.813562190651453,8.197815696013244,6.0,2.5202656225136977,0.0,0.0
offwind_27216,offshore_wind,289.8,45.45986470093003,2.3459960401023348,21.786707978201996,17.104512136505644,1.0,3.222648546120056,0.0,0.0
offwind_27217,offshore_wind,283.5,45.531479113066034,2.345996040102335,21.786707978201996,17.104512136505647,1.0,3.2942629582560574,0.0,0.0
onwind_27225,onshore_wind(>3MW),21.0,42.60501755234992,3.005261469820477,21.813562190651453,8.197815696013244,6.000000000000001,3.5883781958647414,0.0,0.0
onwind_27227,onshore_wind(>3MW),54.4,40.40185888062414,3.005261469820477,21.813562190651453,8.197815696013244,6.000000000000001,1.3852195241389627,0.0,0.0
onwind_27230,onshore_wind(>3MW),10.2,46.404476818559644,3.0052614698204776,21.813562190651453,8.197815696013246,6.000000000000001,7.387837462074468,0.0,0.0
onwind_27231,onshore_wind(>3MW),12.5,45.045114725537935,3.0052614698204767,21.813562190651453,8.197815696013244,6.0,6.028475369052765,0.0,0.0
onwind_27232,onshore_wind(>3MW),24.0,42.15647027786682,3.005261469820477,21.813562190651457,8.197815696013244,6.000000000000001,3.1398309213816487,0.0,0.0
onwind_27233,onshore_wind(>3MW),12.0,45.29630119924847,3.005261469820477,21.813562190651457,8.197815696013244,6.000000000000001,6.279661842763297,0.0,0.0
onwind_27235,onshore_wind(>3MW),12.0,45.29630119924847,3.005261469820477,21.813562190651457,8.197815696013244,6.000000000000001,6.279661842763297,0.0,0.0
offwind_27238,offshore_wind,90.0,52.61414447331655,2.345996040102335,21.786707978201996,17.104512136505647,1.0,10.37692831850658,0.0,0.0
offwind_27244,offshore_wind,84.0,53.35535363892417,2.345996040102335,21.786707978201996,17.104512136505644,1.0,11.118137484114193,0.0,0.0
onwind_27247,onshore_wind(>3MW),17.1,43.42341959702082,3.005261469820477,21.813562190651453,8.197815696013244,6.0,4.406780240535647,0.0,0.0
onwind_27248,onshore_wind(>3MW),24.7,42.06748721531754,3.005261469820477,21.813562190651453,8.197815696013244,6.0,3.050847858832371,0.0,0.0
onwind_27252,onshore_wind(>3MW),30.0,41.5285040935905,3.0052614698204776,21.813562190651453,8.197815696013244,6.000000000000002,2.511864737105319,0.0,0.0
onwind_27257,onshore_wind(>3MW),24.0,42.15647027786682,3.005261469820477,21.813562190651457,8.197815696013244,6.000000000000001,3.1398309213816487,0.0,0.0
onwind_27264,onshore_wind(>3MW),10.0,46.55223356780113,3.0052614698204776,21.813562190651457,8.197815696013244,6.000000000000001,7.535594211315957,0.0,0.0
onwind_27265,onshore_wind(>3MW),81.6,39.940119039244486,3.0052614698204776,21.813562190651453,8.197815696013246,6.000000000000001,0.9234796827593085,0.0,0.0
onwind_27267,onshore_wind(>3MW),32.4,41.3424400389901,3.005261469820477,21.813562190651453,8.197815696013244,6.0,2.325800682504925,0.0,0.0
onwind_27281,onshore_wind(>3MW),65.0,40.175961542841485,3.005261469820477,21.813562190651457,8.197815696013244,6.000000000000002,1.159322186356301,0.0,0.0
onwind_27283,onshore_wind(>3MW),19.5,42.88104664433951,3.005261469820477,21.813562190651453,8.197815696013244,6.0,3.8644072878543363,0.0,0.0
offwind_27284,offshore_wind,60.0,57.80260863256984,2.345996040102335,21.786707978201996,17.104512136505647,1.0,15.56539247775987,0.0,0.0
onwind_27287,onshore_wind(>3MW),10.0,46.55223356780113,3.0052614698204776,21.813562190651457,8.197815696013244,6.000000000000001,7.535594211315957,0.0,0.0
onwind_27289,onshore_wind(>3MW),13.8,44.47721487193152,3.005261469820477,21.813562190651453,8.197815696013244,6.000000000000001,5.460575515446345,0.0,0.0
onwind_27292,onshore_wind(>3MW),16.1,43.69713265543919,3.005261469820477,21.813562190651453,8.197815696013244,6.000000000000001,4.68049329895401,0.0,0.0
onwind_27309,onshore_wind(>3MW),33.0,41.300152753853645,3.005261469820477,21.813562190651453,8.197815696013244,6.0,2.2835133973684716,0.0,0.0
onwind_27313,onshore_wind(>3MW),30.0,41.5285040935905,3.0052614698204776,21.813562190651453,8.197815696013244,6.000000000000002,2.511864737105319,0.0,0.0
onwind_27314,onshore_wind(>3MW),18.8,43.02493414973835,3.0052614698204776,21.813562190651453,8.197815696013244,6.000000000000001,4.008294793253168,0.0,0.0
onwind_27315,onshore_wind(>3MW),27.6,41.746927114208354,3.005261469820477,21.813562190651453,8.197815696013244,6.000000000000001,2.7302877577231723,0.0,0.0
onwind_27317,onshore_wind(>3MW),54.0,40.41211976598814,3.0052614698204776,21.813562190651453,8.197815696013244,6.000000000000001,1.395480409502955,0.0,0.0
onwind_27324,onshore_wind(>3MW),15.0,44.04036883069581,3.0052614698204776,21.813562190651453,8.197815696013244,6.000000000000002,5.023729474210638,0.0,0.0
onwind_27327,onshore_wind(>3MW),30.0,41.5285040935905,3.0052614698204776,21.813562190651453,8.197815696013244,6.000000000000002,2.511864737105319,0.0,0.0
onwind_27332,onshore_wind(>3MW),12.5,45.045114725537935,3.0052614698204767,21.813562190651453,8.197815696013244,6.0,6.028475369052765,0.0,0.0
offwind_27334,offshore_wind,62.0,57.300499197803404,2.345996040102335,21.786707978201996,17.104512136505644,1.0,15.063283042993422,0.0,0.0
onwind_27341,onshore_wind(>3MW),10.0,46.55223356780113,3.0052614698204776,21.813562190651457,8.197815696013244,6.000000000000001,7.535594211315957,0.0,0.0
onwind_27342,onshore_wind(>3MW),10.0,46.55223356780113,3.0052614698204776,21.813562190651457,8.197815696013244,6.000000000000001,7.535594211315957,0.0,0.0
onwind_27344,onshore_wind(>3MW),18.0,43.203080584994034,3.005261469820477,21.813562190651453,8.197815696013246,6.0,4.186441228508865,0.0,0.0
onwind_27354,onshore_wind(>3MW),10.3,46.332750241257955,3.0052614698204776,21.813562190651457,8.197815696013246,6.000000000000001,7.316110884772773,0.0,0.0
onwind_27366,onshore_wind(>3MW),67.7,40.12972565062343,3.005261469820477,21.813562190651453,8.197815696013244,6.000000000000001,1.1130862941382504,0.0,0.0
onwind_27372,onshore_wind(>3MW),227.7,39.347583327118286,3.0052614698204776,21.813562190651457,8.197815696013246,6.000000000000001,0.3309439706331119,0.0,0.0
onwind_27373,onshore_wind(>3MW),29.9,41.53690497899887,3.005261469820477,21.813562190651453,8.197815696013244,6.0,2.5202656225136977,0.0,0.0
onwind_27374,onshore_wind(>3MW),17.0,43.449341833729854,3.005261469820477,21.813562190651453,8.197815696013244,6.0,4.43270247724468,0.0,0.0
onwind_27376,onshore_wind(>3MW),22.0,42.441909452537885,3.005261469820477,21.813562190651453,8.197815696013244,6.000000000000001,3.4252700960527074,0.0,0.0
onwind_27378,onshore_wind(>3MW),12.0,45.29630119924847,3.005261469820477,21.813562190651457,8.197815696013244,6.000000000000001,6.279661842763297,0.0,0.0
onwind_27379,onshore_wind(>3MW),12.8,44.90382233407577,3.005261469820477,21.813562190651457,8.197815696013246,6.000000000000001,5.887182977590591,0.0,0.0
onwind_27382,onshore_wind(>3MW),19.5,42.88104664433951,3.005261469820477,21.813562190651453,8.197815696013244,6.0,3.8644072878543363,0.0,0.0
offwind_27384,offshore_wind,62.0,57.300499197803404,2.345996040102335,21.786707978201996,17.104512136505644,1.0,15.063283042993422,0.0,0.0
onwind_27385,onshore_wind(>3MW),11.0,45.86717954859059,3.005261469820477,21.813562190651453,8.197815696013244,6.000000000000001,6.850540192105415,0.0,0.0
offwind_27389,offshore_wind,300.0,45.350294650361946,2.345996040102335,21.786707978201996,17.104512136505644,1.0,3.113078495551974,0.0,0.0
onwind_27392,onshore_wind(>3MW),14.0,44.39920665028228,3.005261469820477,21.813562190651453,8.197815696013244,6.0,5.382567293797112,0.0,0.0
onwind_27395,onshore_wind(>3MW),20.0,42.784436462143155,3.0052614698204776,21.813562190651457,8.197815696013244,6.000000000000001,3.7677971056579787,0.0,0.0
onwind_27399,onshore_wind(>3MW),34.5,41.20086956266371,3.005261469820477,21.813562190651453,8.197815696013244,6.000000000000001,2.184230206178538,0.0,0.0
onwind_27400,onshore_wind(>3MW),12.0,45.29630119924847,3.005261469820477,21.813562190651457,8.197815696013244,6.000000000000001,6.279661842763297,0.0,0.0
onwind_27401,onshore_wind(>3MW),21.3,42.55447701437999,3.005261469820477,21.813562190651453,8.197815696013244,6.000000000000001,3.537837657894815,0.0,0.0
onwind_27402,onshore_wind(>3MW),24.6,42.079889035881905,3.005261469820477,21.813562190651453,8.197815696013244,6.000000000000001,3.06324967939673,0.0,0.0
onwind_27403,onshore_wind(>3MW),12.0,45.29630119924847,3.005261469820477,21.813562190651457,8.197815696013244,6.000000000000001,6.279661842763297,0.0,0.0
onwind_27405,onshore_wind(>3MW),27.6,41.746927114208354,3.005261469820477,21.813562190651453,8.197815696013244,6.000000000000001,2.7302877577231723,0.0,0.0
onwind_27406,onshore_wind(>3MW),12.3,45.14313871527864,3.005261469820477,21.813562190651453,8.197815696013244,6.000000000000001,6.12649935879346,0.0,0.0
onwind_27415,onshore_wind(>3MW),30.8,41.46326085366567,3.005261469820477,21.813562190651453,8.197815696013244,6.0,2.446621497180505,0.0,0.0
onwind_27418,onshore_wind(>3MW),20.7,42.657023033449406,3.005261469820477,21.813562190651457,8.197815696013244,6.000000000000001,3.6403836769642304,0.0,0.0
onwind_27427,onshore_wind(>3MW),10.0,46.55223356780113,3.0052614698204776,21.813562190651457,8.197815696013244,6.000000000000001,7.535594211315957,0.0,0.0
onwind_27428,onshore_wind(>3MW),17.5,43.32269319152286,3.0052614698204776,21.813562190651453,8.197815696013246,6.000000000000001,4.30605383503769,0.0,0.0
onwind_27429,onshore_wind(>3MW),14.4,44.24969089212125,3.0052614698204776,21.813562190651453,8.197815696013244,6.000000000000001,5.233051535636081,0.0,0.0
onwind_27431,onshore_wind(>3MW),17.5,43.32269319152286,3.0052614698204776,21.813562190651453,8.197815696013246,6.000000000000001,4.30605383503769,0.0,0.0
onwind_27432,onshore_wind(>3MW),44.0,40.729274404511536,3.005261469820477,21.813562190651453,8.197815696013244,6.000000000000001,1.7126350480263537,0.0,0.0
onwind_27435,onshore_wind(>3MW),28.7,41.64228193882523,3.0052614698204767,21.813562190651453,8.197815696013244,6.0,2.6256425823400544,0.0,0.0
onwind_27444,onshore_wind(>3MW),11.5,45.569329975020786,3.0052614698204776,21.813562190651457,8.197815696013246,6.000000000000001,6.552690618535615,0.0,0.0
onwind_27451,onshore_wind(>3MW),443.0,39.18674306328689,3.005261469820477,21.81356219065145,8.197815696013244,6.0,0.17010370680171458,0.0,0.0
onwind_27452,onshore_wind(>3MW),26.0,41.91494482237592,3.005261469820477,21.813562190651453,8.197815696013246,6.000000000000001,2.8983054658907528,0.0,0.0
onwind_27454,onshore_wind(>3MW),14.0,44.39920665028228,3.005261469820477,21.813562190651453,8.197815696013244,6.0,5.382567293797112,0.0,0.0
offwind_27456,offshore_wind,183.6,47.32394572270536,2.345996040102335,21.786707978202,17.104512136505647,1.0,5.086729567895383,0.0,0.0
offwind_27457,offshore_wind,659.0,43.65439908146489,2.345996040102335,21.786707978201992,17.104512136505647,1.0,1.4171829266549199,0.0,0.0
onwind_27458,onshore_wind(>3MW),20.5,42.69253897176126,3.005261469820477,21.813562190651457,8.197815696013244,6.000000000000002,3.6758996152760766,0.0,0.0
onwind_27459,onshore_wind(>3MW),18.0,43.203080584994034,3.005261469820477,21.813562190651453,8.197815696013246,6.0,4.186441228508865,0.0,0.0
onwind_27462,onshore_wind(>3MW),10.0,46.55223356780113,3.0052614698204776,21.813562190651457,8.197815696013244,6.000000000000001,7.535594211315957,0.0,0.0
onwind_27463,onshore_wind(>3MW),18.5,43.08993352476407,3.005261469820477,21.813562190651453,8.197815696013246,6.000000000000001,4.0732941682788955,0.0,0.0
onwind_27470,onshore_wind(>3MW),27.2,41.7870784047631,3.005261469820477,21.813562190651453,8.197815696013244,6.000000000000001,2.7704390482779253,0.0,0.0
onwind_27471,onshore_wind(>3MW),30.0,41.5285040935905,3.0052614698204776,21.813562190651453,8.197815696013244,6.000000000000002,2.511864737105319,0.0,0.0
onwind_27473,onshore_wind(>3MW),24.0,42.15647027786682,3.005261469820477,21.813562190651457,8.197815696013244,6.000000000000001,3.1398309213816487,0.0,0.0
offwind_27480,offshore_wind,210.0,46.68447114845565,2.3459960401023348,21.786707978201996,17.104512136505644,1.0,4.447254993645677,0.0,0.0
onwind_27481,onshore_wind(>3MW),12.5,45.045114725537935,3.0052614698204767,21.813562190651453,8.197815696013244,6.0,6.028475369052765,0.0,0.0
onwind_27482,onshore_wind(>3MW),18.2,43.157075736329105,3.005261469820477,21.813562190651453,8.197815696013244,6.000000000000001,4.1404363798439325,0.0,0.0
onwind_27484,onshore_wind(>3MW),10.4,46.26240302121205,3.0052614698204776,21.813562190651453,8.197815696013244,6.000000000000002,7.245763664726881,0.0,0.0
onwind_27489,onshore_wind(>3MW),322.0,39.250664021432875,3.005261469820477,21.813562190651453,8.197815696013244,6.0,0.2340246649477005,0.0,0.0
onwind_27490,onshore_wind(>3MW),108.0,39.714379561236655,3.0052614698204776,21.813562190651453,8.197815696013244,6.000000000000001,0.6977402047514775,0.0,0.0
onwind_27491,onshore_wind(>3MW),109.0,39.707978274954534,3.0052614698204776,21.813562190651453,8.197815696013244,6.000000000000001,0.6913389184693538,0.0,0.0
onwind_27493,onshore_wind(>3MW),14.0,44.39920665028228,3.005261469820477,21.813562190651453,8.197815696013244,6.0,5.382567293797112,0.0,0.0
onwind_27502,onshore_wind(>3MW),43.0,40.769103126558655,3.005261469820477,21.813562190651453,8.197815696013244,6.000000000000001,1.7524637700734782,0.0,0.0
onwind_27504,onshore_wind(>3MW),42.0,40.810828454417546,3.005261469820477,21.813562190651453,8.197815696013244,6.000000000000001,1.7941890979323707,0.0,0.0
onwind_27505,onshore_wind(>3MW),15.0,44.04036883069581,3.0052614698204776,21.813562190651453,8.197815696013244,6.000000000000002,5.023729474210638,0.0,0.0
onwind_27507,onshore_wind(>3MW),12.3,45.14313871527864,3.005261469820477,21.813562190651453,8.197815696013244,6.000000000000001,6.12649935879346,0.0,0.0
onwind_27508,onshore_wind(>3MW),18.0,43.203080584994034,3.005261469820477,21.813562190651453,8.197815696013246,6.0,4.186441228508865,0.0,0.0
onwind_27511,onshore_wind(>3MW),10.0,46.55223356780113,3.0052614698204776,21.813562190651457,8.197815696013244,6.000000000000001,7.535594211315957,0.0,0.0
onwind_27517,onshore_wind(>3MW),26.0,41.91494482237592,3.005261469820477,21.813562190651453,8.197815696013246,6.000000000000001,2.8983054658907528,0.0,0.0
onwind_27523,onshore_wind(>3MW),16.0,43.72638573855765,3.005261469820477,21.813562190651453,8.197815696013244,6.000000000000001,4.709746382072473,0.0,0.0
HEYM2D-1,nuclear,416.6666666666667,105.8422906167841,6.269828022472698,88.5922756767495,9.180186917561922,1.7999999999999998,0.0,0.0,0.0
HRTL-1,nuclear,416.6666666666667,105.8422906167841,6.269828022472698,88.5922756767495,9.180186917561922,1.7999999999999998,0.0,0.0,0.0
HRTL-2,nuclear,416.6666666666667,105.8422906167841,6.269828022472698,88.5922756767495,9.180186917561922,1.7999999999999998,0.0,0.0,0.0
SIZB-1,nuclear,454.6666666666667,105.8422906167841,6.269828022472698,88.59227567674948,9.18018691756192,1.7999999999999996,0.0,0.0,0.0
SIZB-2,nuclear,454.6666666666667,105.8422906167841,6.269828022472698,88.59227567674948,9.18018691756192,1.7999999999999996,0.0,0.0,0.0
TORND-1,nuclear,454.6666666666667,105.8422906167841,6.269828022472698,88.59227567674948,9.18018691756192,1.7999999999999996,0.0,0.0,0.0
DNGB21,nuclear,655.0,105.84229061678411,6.269828022472698,88.59227567674948,9.180186917561922,1.7999999999999998,0.0,0.0,0.0
DNGB22,nuclear,655.0,105.84229061678411,6.269828022472698,88.59227567674948,9.180186917561922,1.7999999999999998,0.0,0.0,0.0
nuclear_1162,nuclear,680.0,105.84229061678411,6.269828022472698,88.59227567674948,9.180186917561922,1.8,0.0,0.0,0.0
nuclear_1163,nuclear,680.0,105.84229061678411,6.269828022472698,88.59227567674948,9.180186917561922,1.8,0.0,0.0,0.0
nuclear_1192,nuclear,1250.0,105.84229061678411,6.269828022472698,88.5922756767495,9.18018691756192,1.7999999999999998,0.0,0.0,0.0
KNLCV-1,hydro,45.0,75.78638708295112,0.0,58.867564150429565,9.918822932521563,7.000000000000001,0.0,0.0,0.0
CLAC-1,hydro,30.6,75.78638708295112,0.0,58.867564150429565,9.918822932521563,7.000000000000001,0.0,0.0,0.0
FASN3,hydro,14.8,75.78638708295112,0.0,58.86756415042956,9.918822932521563,7.000000000000001,0.0,0.0,0.0
FASN-4,hydro,14.8,75.78638708295112,0.0,58.86756415042956,9.918822932521563,7.000000000000001,0.0,0.0,0.0
RHEI-4,hydro,56.0,75.78638708295112,0.0,58.867564150429565,9.918822932521563,7.000000000000001,0.0,0.0,0.0
SLOY-1,hydro,30.6,75.78638708295112,0.0,58.867564150429565,9.918822932521563,7.000000000000001,0.0,0.0,0.0
SLOY-4,hydro,30.6,75.78638708295112,0.0,58.867564150429565,9.918822932521563,7.000000000000001,0.0,0.0,0.0
ERRO-1,hydro,12.2,75.78638708295114,0.0,58.867564150429565,9.918822932521564,7.000000000000002,0.0,0.0,0.0
ERRO-2,hydro,12.2,75.78638708295114,0.0,58.867564150429565,9.918822932521564,7.000000000000002,0.0,0.0,0.0
ERRO-3,hydro,12.2,75.78638708295114,0.0,58.867564150429565,9.918822932521564,7.000000000000002,0.0,0.0,0.0
FASN-1,hydro,14.8,75.78638708295112,0.0,58.86756415042956,9.918822932521563,7.000000000000001,0.0,0.0,0.0
FASN2,hydro,14.8,75.78638708295112,0.0,58.86756415042956,9.918822932521563,7.000000000000001,0.0,0.0,0.0
FINL-1,hydro,12.2,75.78638708295114,0.0,58.867564150429565,9.918822932521564,7.000000000000002,0.0,0.0,0.0
NANT-1,hydro,440.0,75.78638708295112,0.0,58.86756415042956,9.918822932521563,7.000000000000001,0.0,0.0,0.0
SLOY-2,hydro,30.6,75.78638708295112,0.0,58.867564150429565,9.918822932521563,7.000000000000001,0.0,0.0,0.0
SLOY-3,hydro,30.6,75.78638708295112,0.0,58.867564150429565,9.918822932521563,7.000000000000001,0.0,0.0,0.0
hydro_4896,hydro,2016.0,75.78638708295112,0.0,58.867564150429565,9.918822932521563,7.000000000000001,0.0,0.0,0.0
hydro_4899,hydro,75.0,75.78638708295114,0.0,58.867564150429565,9.918822932521563,7.0,0.0,0.0,0.0
hydro_4901,hydro,384.0,75.78638708295112,0.0,58.86756415042956,9.918822932521564,7.000000000000001,0.0,0.0,0.0
hydro_4903,hydro,320.0,75.78638708295114,0.0,58.86756415042957,9.918822932521564,7.000000000000002,0.0,0.0,0.0
hydro_4904,hydro,100.0,75.78638708295112,0.0,58.86756415042956,9.918822932521563,7.000000000000001,0.0,0.0,0.0
hydro_4910,hydro,46.0,75.78638708295112,0.0,58.867564150429565,9.918822932521563,7.000000000000001,0.0,0.0,0.0
AG-NHAV02,ccgt,22.5,92.88893829645983,0.14121061281906092,7.216562167410898,2.4795011538272695,2.0,9.247890777496927,43.14508339236268,28.65869019254298
ABERU-1,ccgt,4.571428571428571,129.15800993945555,0.14121061281906092,7.216562167410898,2.4795011538272695,2.0,45.51696242049269,43.14508339236267,28.658690192542977
BRIDU-1,ccgt,300.0,84.33463932727516,0.1412106128190609,7.216562167410897,2.479501153827269,2.0,0.6935918083122695,43.145083392362665,28.658690192542977
COWE1,ccgt,70.0,86.61358384030116,0.1412106128190609,7.216562167410896,2.479501153827269,2.0,2.9725363213382976,43.145083392362665,28.658690192542977
COWE2,ccgt,70.0,86.61358384030116,0.1412106128190609,7.216562167410896,2.479501153827269,2.0,2.9725363213382976,43.145083392362665,28.658690192542977
CROYD-2,ccgt,50.0,87.8025983688365,0.14121061281906092,7.216562167410897,2.4795011538272695,2.0,4.161550849873617,43.14508339236267,28.65869019254298
DBFRM-1,ccgt,21.0,93.54950192342386,0.1412106128190609,7.216562167410897,2.4795011538272695,2.0,9.908454404460993,43.14508339236267,28.65869019254298
DIDC01G,ccgt,265.0,84.42624579252393,0.1412106128190609,7.216562167410897,2.479501153827269,2.0,0.7851982735610598,43.14508339236267,28.658690192542977
DIDC02G,ccgt,265.0,84.42624579252393,0.1412106128190609,7.216562167410897,2.479501153827269,2.0,0.7851982735610598,43.14508339236267,28.658690192542977
DIDC03G,ccgt,265.0,84.42624579252393,0.1412106128190609,7.216562167410897,2.479501153827269,2.0,0.7851982735610598,43.14508339236267,28.658690192542977
DIDC04G,ccgt,265.0,84.42624579252393,0.1412106128190609,7.216562167410897,2.479501153827269,2.0,0.7851982735610598,43.14508339236267,28.658690192542977
FAWN-1,ccgt,62.5,86.97028819886177,0.1412106128190609,7.216562167410897,2.4795011538272695,2.0,3.3292406798988936,43.14508339236267,28.65869019254298
FELL-1,ccgt,62.5,86.97028819886177,0.1412106128190609,7.216562167410897,2.4795011538272695,2.0,3.3292406798988936,43.14508339236267,28.65869019254298
GYAR-1,ccgt,398.0,84.16385541467565,0.1412106128190609,7.216562167410897,2.4795011538272695,2.0,0.522807895712766,43.14508339236267,28.65869019254298
KLYN-A-1,ccgt,395.0,84.16782610755449,0.14121061281906092,7.216562167410898,2.4795011538272695,2.0,0.5267785885915971,43.14508339236267,28.65869019254298
PETEM1,ccgt,147.0,85.05654100531444,0.1412106128190609,7.216562167410897,2.4795011538272695,2.0,1.4154934863515705,43.14508339236267,28.658690192542977
PETDG-1,ccgt,147.0,85.05654100531444,0.1412106128190609,7.216562167410897,2.4795011538272695,2.0,1.4154934863515705,43.14508339236267,28.658690192542977
SEVIU-1,ccgt,283.3333333333333,84.37543884541115,0.14121061281906092,7.216562167410897,2.4795011538272695,2.0,0.7343913264482854,43.14508339236267,28.65869019254298
SHOS-1,ccgt,420.0,84.13647023918594,0.14121061281906092,7.216562167410898,2.4795011538272695,2.0,0.4954227202230497,43.14508339236267,28.65869019254298
SOLUU-1,ccgt,140.0,85.127315679632,0.1412106128190609,7.216562167410896,2.479501153827269,2.0,1.4862681606691488,43.145083392362665,28.658690192542977
TAYL2G,ccgt,48.0,87.97599632091455,0.1412106128190609,7.216562167410897,2.479501153827269,2.0,4.334948801951684,43.145083392362665,28.65869019254298
TAYL3G,ccgt,48.0,87.97599632091455,0.1412106128190609,7.216562167410897,2.479501153827269,2.0,4.334948801951684,43.145083392362665,28.65869019254298
THRNL-1,ccgt,50.0,87.8025983688365,0.14121061281906092,7.216562167410897,2.4795011538272695,2.0,4.161550849873617,43.14508339236267,28.65869019254298
VKING-2,ccgt,50.0,87.8025983688365,0.14121061281906092,7.216562167410897,2.4795011538272695,2.0,4.161550849873617,43.14508339236267,28.65869019254298
CARR-1,ccgt,67.5,86.72367777812853,0.1412106128190609,7.216562167410898,2.47950115382727,2.0,3.0826302591656427,43.14508339236267,28.658690192542984
CARR-2,ccgt,67.5,86.72367777812853,0.1412106128190609,7.216562167410898,2.47950115382727,2.0,3.0826302591656427,43.14508339236267,28.658690192542984
CDCL-1,ccgt,445.0,84.10863750209477,0.14121061281906092,7.216562167410897,2.4795011538272695,2.0,0.4675899831318671,43.14508339236268,28.65869019254298
DAMC-1,ccgt,1302.5,83.80079995081982,0.1412106128190609,7.216562167410896,2.479501153827269,2.0,0.15975243185695265,43.145083392362665,28.65869019254298
DIDCB5,ccgt,265.0,84.42624579252393,0.1412106128190609,7.216562167410897,2.479501153827269,2.0,0.7851982735610598,43.14508339236267,28.658690192542977
DIDCB6,ccgt,265.0,84.42624579252393,0.1412106128190609,7.216562167410897,2.479501153827269,2.0,0.7851982735610598,43.14508339236267,28.658690192542977
EECL-1,ccgt,408.0,84.15104149566308,0.1412106128190609,7.216562167410897,2.4795011538272695,2.0,0.5099939767001982,43.145083392362665,28.658690192542977
GRAI1G,ccgt,235.83333333333337,84.5233551196428,0.14121061281906092,7.216562167410897,2.4795011538272695,2.0,0.8823076006799186,43.14508339236267,28.658690192542977
GRAI4G,ccgt,235.83333333333337,84.5233551196428,0.14121061281906092,7.216562167410897,2.4795011538272695,2.0,0.8823076006799186,43.14508339236267,28.658690192542977
GRMO-1,ccgt,20.7,93.69310271189433,0.14121061281906092,7.216562167410897,2.4795011538272695,2.0,10.052055192931443,43.14508339236267,28.65869019254298
INDQ-1,ccgt,1302.5,83.80079995081982,0.1412106128190609,7.216562167410896,2.479501153827269,2.0,0.15975243185695265,43.145083392362665,28.65869019254298
LAGA-1,ccgt,905.0,83.87096745541999,0.14121061281906092,7.216562167410897,2.4795011538272695,2.0,0.22991993645710593,43.14508339236267,28.65869019254298
LBAR-1,ccgt,367.5,84.20724491350352,0.1412106128190609,7.216562167410896,2.479501153827269,2.0,0.5661973945406281,43.14508339236267,28.65869019254298
LBAR-1G,ccgt,367.5,84.20724491350352,0.1412106128190609,7.216562167410896,2.479501153827269,2.0,0.5661973945406281,43.14508339236267,28.65869019254298
MRWD-1,ccgt,20.0,94.04492464364692,0.1412106128190609,7.216562167410896,2.4795011538272695,2.0,10.403877124684042,43.14508339236267,28.658690192542977
PEHE-1,ccgt,913.3333333333334,83.86886964578078,0.14121061281906092,7.216562167410898,2.4795011538272695,2.0,0.22782212681789873,43.14508339236267,28.658690192542977
PEHE-2,ccgt,913.3333333333334,83.86886964578078,0.14121061281906092,7.216562167410898,2.4795011538272695,2.0,0.22782212681789873,43.14508339236267,28.658690192542977
PEHED-1,ccgt,913.3333333333334,83.86886964578078,0.14121061281906092,7.216562167410898,2.4795011538272695,2.0,0.22782212681789873,43.14508339236267,28.658690192542977
PEMB-11,ccgt,461.0,84.09240878250667,0.14121061281906092,7.216562167410897,2.4795011538272695,2.0,0.45136126354377626,43.14508339236267,28.65869019254298
PEMB-21,ccgt,461.0,84.09240878250667,0.14121061281906092,7.216562167410897,2.4795011538272695,2.0,0.45136126354377626,43.14508339236267,28.65869019254298
PEMB-31,ccgt,461.0,84.09240878250667,0.14121061281906092,7.216562167410897,2.4795011538272695,2.0,0.45136126354377626,43.14508339236267,28.65869019254298
PEMB-41,ccgt,461.0,84.09240878250667,0.14121061281906092,7.216562167410897,2.4795011538272695,2.0,0.45136126354377626,43.14508339236267,28.65869019254298
PEMB-51,ccgt,461.0,84.09240878250667,0.14121061281906092,7.216562167410897,2.4795011538272695,2.0,0.45136126354377626,43.14508339236267,28.65869019254298
RATS-1,ccgt,4.571428571428571,129.15800993945555,0.14121061281906092,7.216562167410898,2.4795011538272695,2.0,45.51696242049269,43.14508339236267,28.658690192542977
RATS-2,ccgt,4.571428571428571,129.15800993945555,0.14121061281906092,7.216562167410898,2.4795011538272695,2.0,45.51696242049269,43.14508339236267,28.658690192542977
RATS-3,ccgt,4.571428571428571,129.15800993945555,0.14121061281906092,7.216562167410898,2.4795011538272695,2.0,45.51696242049269,43.14508339236267,28.658690192542977
RATS-4,ccgt,4.571428571428571,129.15800993945555,0.14121061281906092,7.216562167410898,2.4795011538272695,2.0,45.51696242049269,43.14508339236267,28.658690192542977
RATSGT-2,ccgt,4.571428571428571,129.15800993945555,0.14121061281906092,7.216562167410898,2.4795011538272695,2.0,45.51696242049269,43.14508339236267,28.658690192542977
RATSGT-4,ccgt,4.571428571428571,129.15800993945555,0.14121061281906092,7.216562167410898,2.4795011538272695,2.0,45.51696242049269,43.14508339236267,28.658690192542977
ROCK-1,ccgt,94.0,85.85463839655522,0.1412106128190609,7.216562167410896,2.479501153827269,2.0,2.2135908775923494,43.145083392362665,28.65869019254298
RYHPS-1,ccgt,48.0,87.97599632091455,0.1412106128190609,7.216562167410897,2.479501153827269,2.0,4.334948801951684,43.145083392362665,28.65869019254298
SCCL-1,ccgt,300.0,84.33463932727516,0.1412106128190609,7.216562167410897,2.479501153827269,2.0,0.6935918083122695,43.145083392362665,28.658690192542977
SCCL-2,ccgt,300.0,84.33463932727516,0.1412106128190609,7.216562167410897,2.479501153827269,2.0,0.6935918083122695,43.145083392362665,28.658690192542977
SCCL-3,ccgt,300.0,84.33463932727516,0.1412106128190609,7.216562167410897,2.479501153827269,2.0,0.6935918083122695,43.145083392362665,28.658690192542977
SEEL-1,ccgt,475.0,84.07910550316011,0.14121061281906092,7.216562167410897,2.4795011538272695,2.0,0.43805798419722286,43.14508339236268,28.65869019254298
SPLN-1,ccgt,475.0,84.07910550316011,0.14121061281906092,7.216562167410897,2.4795011538272695,2.0,0.43805798419722286,43.14508339236268,28.65869019254298
STAY-1,ccgt,443.0,84.11074851781996,0.1412106128190609,7.216562167410898,2.4795011538272695,2.0,0.4697009988570674,43.14508339236268,28.65869019254298
STAY-2,ccgt,443.0,84.11074851781996,0.1412106128190609,7.216562167410898,2.4795011538272695,2.0,0.4697009988570674,43.14508339236268,28.65869019254298
STAY-3,ccgt,443.0,84.11074851781996,0.1412106128190609,7.216562167410898,2.4795011538272695,2.0,0.4697009988570674,43.14508339236268,28.65869019254298
STAY-4,ccgt,443.0,84.11074851781996,0.1412106128190609,7.216562167410898,2.4795011538272695,2.0,0.4697009988570674,43.14508339236268,28.65869019254298
SUTB-1,ccgt,819.0,83.8951104524106,0.1412106128190609,7.216562167410898,2.479501153827269,2.0,0.2540629334477178,43.14508339236268,28.658690192542977
SVRP-10,ccgt,283.3333333333333,84.37543884541115,0.14121061281906092,7.216562167410897,2.4795011538272695,2.0,0.7343913264482854,43.14508339236267,28.65869019254298
SVRP-20,ccgt,283.3333333333333,84.37543884541115,0.14121061281906092,7.216562167410897,2.4795011538272695,2.0,0.7343913264482854,43.14508339236267,28.65869019254298
TSREP-1,ccgt,60.0,87.10900656052422,0.1412106128190609,7.216562167410897,2.4795011538272695,2.0,3.4679590415613477,43.14508339236267,28.65869019254298
WILCT-1,ccgt,60.0,87.10900656052422,0.1412106128190609,7.216562167410897,2.4795011538272695,2.0,3.4679590415613477,43.14508339236267,28.65869019254298
COSO-1,ccgt,235.83333333333337,84.5233551196428,0.14121061281906092,7.216562167410897,2.4795011538272695,2.0,0.8823076006799186,43.14508339236267,28.658690192542977
GRAI-6,ccgt,235.83333333333337,84.5233551196428,0.14121061281906092,7.216562167410897,2.4795011538272695,2.0,0.8823076006799186,43.14508339236267,28.658690192542977
GRAI-7,ccgt,235.83333333333337,84.5233551196428,0.14121061281906092,7.216562167410897,2.4795011538272695,2.0,0.8823076006799186,43.14508339236267,28.658690192542977
GRAI-8,ccgt,235.83333333333337,84.5233551196428,0.14121061281906092,7.216562167410897,2.4795011538272695,2.0,0.8823076006799186,43.14508339236267,28.658690192542977
SHBA-1,ccgt,695.0,83.94043966643581,0.1412106128190609,7.216562167410897,2.479501153827269,2.0,0.2993921474729221,43.14508339236267,28.658690192542977
SHBA-2,ccgt,695.0,83.94043966643581,0.1412106128190609,7.216562167410897,2.479501153827269,2.0,0.2993921474729221,43.14508339236267,28.658690192542977
gas_9251,ccgt,20.0,94.04492464364692,0.1412106128190609,7.216562167410896,2.4795011538272695,2.0,10.403877124684042,43.14508339236267,28.658690192542977
gas_9255,ccgt,60.0,87.10900656052422,0.1412106128190609,7.216562167410897,2.4795011538272695,2.0,3.4679590415613477,43.14508339236267,28.65869019254298
gas_9256,ccgt,60.0,87.10900656052422,0.1412106128190609,7.216562167410897,2.4795011538272695,2.0,3.4679590415613477,43.14508339236267,28.65869019254298
gas_9257,ccgt,300.0,84.33463932727516,0.1412106128190609,7.216562167410897,2.479501153827269,2.0,0.6935918083122695,43.145083392362665,28.658690192542977
gas_9258,ccgt,300.0,84.33463932727516,0.1412106128190609,7.216562167410897,2.479501153827269,2.0,0.6935918083122695,43.145083392362665,28.658690192542977
gas_9259,ccgt,20.0,94.04492464364692,0.1412106128190609,7.216562167410896,2.4795011538272695,2.0,10.403877124684042,43.14508339236267,28.658690192542977
gas_9260,ccgt,20.0,94.04492464364692,0.1412106128190609,7.216562167410896,2.4795011538272695,2.0,10.403877124684042,43.14508339236267,28.658690192542977
gas_9262,ccgt,60.0,87.10900656052422,0.1412106128190609,7.216562167410897,2.4795011538272695,2.0,3.4679590415613477,43.14508339236267,28.65869019254298
gas_9263,ccgt,21.0,93.54950192342386,0.1412106128190609,7.216562167410897,2.4795011538272695,2.0,9.908454404460993,43.14508339236267,28.65869019254298
gas_9264,ccgt,50.0,87.8025983688365,0.14121061281906092,7.216562167410897,2.4795011538272695,2.0,4.161550849873617,43.14508339236267,28.65869019254298
gas_9265,ccgt,77.0,86.34335326563406,0.1412106128190609,7.216562167410898,2.4795011538272695,2.0,2.70230574667118,43.14508339236267,28.658690192542984
gas_9267,ccgt,455.0,84.09836079916879,0.14121061281906092,7.216562167410898,2.4795011538272695,2.0,0.457313280205892,43.14508339236268,28.65869019254298
gas_9268,ccgt,455.0,84.09836079916879,0.14121061281906092,7.216562167410898,2.4795011538272695,2.0,0.457313280205892,43.14508339236268,28.65869019254298
gas_9269,ccgt,40.5,88.77876461757229,0.14121061281906092,7.216562167410897,2.4795011538272695,2.0,5.1377170986094045,43.14508339236267,28.65869019254298
gas_9271,ccgt,20.0,94.04492464364692,0.1412106128190609,7.216562167410896,2.4795011538272695,2.0,10.403877124684042,43.14508339236267,28.658690192542977
gas_9272,ccgt,20.0,94.04492464364692,0.1412106128190609,7.216562167410896,2.4795011538272695,2.0,10.403877124684042,43.14508339236267,28.658690192542977
gas_9273,ccgt,40.0,88.8429860813049,0.1412106128190609,7.216562167410896,2.4795011538272695,2.0,5.201938562342021,43.14508339236267,28.658690192542977
gas_9275,ccgt,45.0,88.26499290771136,0.14121061281906092,7.216562167410898,2.4795011538272695,2.0,4.623945388748464,43.14508339236268,28.65869019254298
gas_9282,ccgt,413.0,84.14486723444395,0.1412106128190609,7.216562167410897,2.479501153827269,2.0,0.5038197154810674,43.14508339236267,28.658690192542977
oil_9283,oil,60.0,507.4573402634596,2.797595857044752,75.67747910101082,-45.89041095890411,0.0,10.510760986251501,399.5181690423611,64.84374623569565
gas_9286,ccgt,800.0,83.90114444707999,0.14121061281906092,7.216562167410897,2.4795011538272695,2.0,0.26009692811710106,43.14508339236267,28.65869019254298
gas_9290,ccgt,49.5,87.84463423600693,0.1412106128190609,7.216562167410897,2.479501153827269,2.0,4.2035867170440575,43.145083392362665,28.658690192542977
gas_9296,ccgt,58.0,87.22859135506081,0.14121061281906092,7.216562167410897,2.4795011538272695,2.0,3.5875438360979457,43.14508339236267,28.65869019254298
gas_9305,ccgt,32.0,90.14347072189041,0.1412106128190609,7.216562167410897,2.4795011538272695,2.0,6.502423202927527,43.14508339236267,28.65869019254298
gas_9306,ccgt,32.0,90.14347072189041,0.1412106128190609,7.216562167410897,2.4795011538272695,2.0,6.502423202927527,43.14508339236267,28.65869019254298
gas_9309,ccgt,32.0,90.14347072189041,0.1412106128190609,7.216562167410897,2.4795011538272695,2.0,6.502423202927527,43.14508339236267,28.65869019254298
gas_9315,ccgt,20.7,93.69310271189433,0.14121061281906092,7.216562167410897,2.4795011538272695,2.0,10.052055192931443,43.14508339236267,28.65869019254298
gas_9316,ccgt,20.0,94.04492464364692,0.1412106128190609,7.216562167410896,2.4795011538272695,2.0,10.403877124684042,43.14508339236267,28.658690192542977
gas_9317,ccgt,50.0,87.8025983688365,0.14121061281906092,7.216562167410897,2.4795011538272695,2.0,4.161550849873617,43.14508339236267,28.65869019254298
gas_9320,ccgt,155.0,84.98348327698662,0.1412106128190609,7.216562167410898,2.4795011538272695,2.0,1.3424357580237474,43.14508339236267,28.65869019254298
gas_9327,ccgt,43.2,88.45765729890918,0.1412106128190609,7.216562167410896,2.479501153827269,2.0,4.816609779946316,43.14508339236267,28.658690192542977
gas_9338,ccgt,145.0,85.07606505340206,0.1412106128190609,7.216562167410897,2.479501153827269,2.0,1.4350175344391782,43.145083392362665,28.65869019254298
gas_9340,ccgt,20.0,94.04492464364692,0.1412106128190609,7.216562167410896,2.4795011538272695,2.0,10.403877124684042,43.14508339236267,28.658690192542977
gas_9342,ccgt,20.0,94.04492464364692,0.1412106128190609,7.216562167410896,2.4795011538272695,2.0,10.403877124684042,43.14508339236267,28.658690192542977
gas_9343,ccgt,50.0,87.8025983688365,0.14121061281906092,7.216562167410897,2.4795011538272695,2.0,4.161550849873617,43.14508339236267,28.65869019254298
gas_9344,ccgt,21.0,93.54950192342386,0.1412106128190609,7.216562167410897,2.4795011538272695,2.0,9.908454404460993,43.14508339236267,28.65869019254298
gas_9345,ccgt,50.0,87.8025983688365,0.14121061281906092,7.216562167410897,2.4795011538272695,2.0,4.161550849873617,43.14508339236267,28.65869019254298
gas_9346,ccgt,50.0,87.8025983688365,0.14121061281906092,7.216562167410897,2.4795011538272695,2.0,4.161550849873617,43.14508339236267,28.65869019254298
gas_9348,ccgt,20.0,94.04492464364692,0.1412106128190609,7.216562167410896,2.4795011538272695,2.0,10.403877124684042,43.14508339236267,28.658690192542977
gas_9350,ccgt,53.0,87.56703888676819,0.14121061281906092,7.216562167410898,2.47950115382727,2.0,3.9259913678052993,43.14508339236268,28.658690192542984
gas_9351,ccgt,375.0,84.1959209656127,0.14121061281906092,7.216562167410897,2.4795011538272695,2.0,0.5548734466498156,43.14508339236267,28.65869019254298
gas_9352,ccgt,375.0,84.1959209656127,0.14121061281906092,7.216562167410897,2.4795011538272695,2.0,0.5548734466498156,43.14508339236267,28.65869019254298
gas_9353,ccgt,530.0,84.0336466557434,0.1412106128190609,7.216562167410897,2.479501153827269,2.0,0.3925991367805299,43.14508339236267,28.658690192542977
gas_9363,ccgt,311.0,84.31010714112907,0.14121061281906092,7.216562167410897,2.4795011538272695,2.0,0.6690596221661764,43.14508339236267,28.658690192542984
gas_9364,ccgt,311.0,84.31010714112907,0.14121061281906092,7.216562167410897,2.4795011538272695,2.0,0.6690596221661764,43.14508339236267,28.658690192542984
gas_9365,ccgt,30.0,90.57696560208558,0.1412106128190609,7.216562167410897,2.4795011538272695,2.0,6.935918083122695,43.14508339236267,28.65869019254298
gas_9366,ccgt,30.0,90.57696560208558,0.1412106128190609,7.216562167410897,2.4795011538272695,2.0,6.935918083122695,43.14508339236267,28.65869019254298
gas_9367,ccgt,42.0,88.59527472119336,0.1412106128190609,7.216562167410897,2.4795011538272695,2.0,4.954227202230497,43.14508339236267,28.65869019254298
gas_9368,ccgt,42.0,88.59527472119336,0.1412106128190609,7.216562167410897,2.4795011538272695,2.0,4.954227202230497,43.14508339236267,28.65869019254298
gas_9369,ccgt,340.0,84.25304029100313,0.14121061281906092,7.216562167410897,2.4795011538272695,2.0,0.6119927720402378,43.14508339236268,28.65869019254298
oil_9380,oil,72.8,505.6092943757671,2.7975958570447523,75.67747910101082,-45.89041095890411,0.0,8.66271509855893,399.5181690423611,64.84374623569565
gas_9382,ccgt,38.0,89.11677232142817,0.14121061281906092,7.216562167410898,2.479501153827269,2.0,5.475724802465286,43.14508339236267,28.65869019254298
gas_9384,ccgt,20.0,94.04492464364692,0.1412106128190609,7.216562167410896,2.4795011538272695,2.0,10.403877124684042,43.14508339236267,28.658690192542977
oil_9385,oil,23.0,524.3659557630816,2.7975958570447523,75.67747910101082,-45.890410958904106,0.0,27.41937648587348,399.518169042361,64.84374623569565
gas_9387,ccgt,920.0,83.86721876080382,0.1412106128190609,7.216562167410897,2.4795011538272695,2.0,0.22617124184095744,43.14508339236267,28.658690192542977
gas_9390,ccgt,755.0,83.91664691299424,0.1412106128190609,7.216562167410897,2.4795011538272695,2.0,0.27559939403136535,43.14508339236267,28.658690192542977
gas_9400,ccgt,45.0,88.26499290771136,0.14121061281906092,7.216562167410898,2.4795011538272695,2.0,4.623945388748464,43.14508339236268,28.65869019254298
gas_9407,ccgt,20.0,94.04492464364692,0.1412106128190609,7.216562167410896,2.4795011538272695,2.0,10.403877124684042,43.14508339236267,28.658690192542977
gas_9413,ccgt,20.5,93.79117154304488,0.14121061281906092,7.216562167410897,2.4795011538272695,2.0,10.150124024081993,43.14508339236268,28.658690192542984
gas_9414,ccgt,30.0,90.57696560208558,0.1412106128190609,7.216562167410897,2.4795011538272695,2.0,6.935918083122695,43.14508339236267,28.65869019254298
gas_9415,ccgt,30.0,90.57696560208558,0.1412106128190609,7.216562167410897,2.4795011538272695,2.0,6.935918083122695,43.14508339236267,28.65869019254298
gas_9418,ccgt,40.5,88.77876461757229,0.14121061281906092,7.216562167410897,2.4795011538272695,2.0,5.1377170986094045,43.14508339236267,28.65869019254298
gas_9419,ccgt,20.0,94.04492464364692,0.1412106128190609,7.216562167410896,2.4795011538272695,2.0,10.403877124684042,43.14508339236267,28.658690192542977
gas_9420,ccgt,810.0,83.89793337389335,0.1412106128190609,7.216562167410896,2.4795011538272695,2.0,0.25688585493047017,43.145083392362665,28.658690192542977
gas_9422,ccgt,715.0,83.93206506091208,0.1412106128190609,7.216562167410896,2.4795011538272695,2.0,0.291017541949204,43.14508339236267,28.658690192542977
gas_9427,ccgt,50.4,87.76957018748828,0.1412106128190609,7.216562167410896,2.4795011538272695,2.0,4.128522668525414,43.145083392362665,28.658690192542977
gas_9428,ccgt,50.4,87.76957018748828,0.1412106128190609,7.216562167410896,2.4795011538272695,2.0,4.128522668525414,43.145083392362665,28.658690192542977
gas_9430,ccgt,836.0,83.88994410089312,0.1412106128190609,7.216562167410897,2.479501153827269,2.0,0.24889658193024025,43.14508339236267,28.65869019254298
gas_9431,ccgt,422.0,84.13412226420857,0.1412106128190609,7.216562167410897,2.4795011538272695,2.0,0.4930747452456892,43.14508339236267,28.658690192542977
gas_9432,ccgt,55.0,87.42427556430252,0.1412106128190609,7.216562167410896,2.479501153827269,2.0,3.783228045339652,43.14508339236267,28.658690192542977
gas_9438,ccgt,115.0,85.45041745369052,0.1412106128190609,7.216562167410897,2.4795011538272695,2.0,1.8093699347276595,43.14508339236267,28.658690192542977
oil_9452,oil,25.0,522.1724056442117,2.797595857044752,75.67747910101082,-45.890410958904106,0.0,25.225826367003602,399.518169042361,64.84374623569565
oil_9453,oil,25.0,522.1724056442117,2.797595857044752,75.67747910101082,-45.890410958904106,0.0,25.225826367003602,399.518169042361,64.84374623569565
oil_9454,oil,25.0,522.1724056442117,2.797595857044752,75.67747910101082,-45.890410958904106,0.0,25.225826367003602,399.518169042361,64.84374623569565
oil_9455,oil,25.0,522.1724056442117,2.797595857044752,75.67747910101082,-45.890410958904106,0.0,25.225826367003602,399.518169042361,64.84374623569565
gas_9457,ccgt,40.0,88.8429860813049,0.1412106128190609,7.216562167410896,2.4795011538272695,2.0,5.201938562342021,43.14508339236267,28.658690192542977
gas_9469,ccgt,45.0,88.26499290771136,0.14121061281906092,7.216562167410898,2.4795011538272695,2.0,4.623945388748464,43.14508339236268,28.65869019254298
gas_9472,ccgt,21.0,93.54950192342386,0.1412106128190609,7.216562167410897,2.4795011538272695,2.0,9.908454404460993,43.14508339236267,28.65869019254298
gas_9473,ccgt,450.0,84.10344205783773,0.1412106128190609,7.216562167410897,2.4795011538272695,2.0,0.46239453887484633,43.14508339236267,28.65869019254298
gas_9474,ccgt,460.0,84.09339000264478,0.1412106128190609,7.216562167410897,2.4795011538272695,2.0,0.4523424836819149,43.14508339236267,28.658690192542977
gas_9475,ccgt,450.0,84.10344205783773,0.1412106128190609,7.216562167410897,2.4795011538272695,2.0,0.46239453887484633,43.14508339236267,28.65869019254298
gas_9480,ccgt,93.0,85.87844044900245,0.14121061281906092,7.216562167410897,2.4795011538272695,2.0,2.2373929300395794,43.14508339236268,28.65869019254298
