id,tech,capacity_mw,lcoe_per_mwh,pv_total_costs,pv_generation_mwh,pv_pre_capex_per_mw,pv_construction_capex_per_mw,pv_fixed_opex_per_mw,pv_variable_opex_per_mw,pv_pre_capex,pv_construction_capex,pv_fixed_opex,pv_variable_opex,pv_infra,lcoe_pre,lcoe_cons,lcoe_fixed,lcoe_var,lcoe_infra,lcoe_fuel,lcoe_carbon,capex_df,build_years
DRAXD-2,biomass,2580.0,64.90945632568088,9788218997.353376,150798043.17326796,120623.68435744834,2446619.6570309056,817349.8410996657,409141.97760188975,311209105.6422167,6312278715.139736,2108762590.0371375,1055586302.2128756,382284.321411079,2.0637476395143626,41.859155346511265,13.984018264840183,6.999999999999999,0.002535074815074568,0.0,0.0,0.7709439463628691,5
biomass_27,biomass,43.0,65.0590257397703,163512896.2052772,2513300.7195544657,120623.68435744834,2446619.6570309056,817349.8410996657,409141.97760188975,5186818.427370278,105204645.25232895,35146043.16728563,17593105.03688126,382284.321411079,2.0637476395143626,41.85915534651127,13.984018264840184,7.0,0.15210448890447412,0.0,0.0,0.7709439463628691,5
biomass_120,biomass,34.0,65.09928869271559,129369279.764468,1987261.0340663218,120623.68435744834,2446619.6570309056,817349.8410996657,409141.97760188975,4101205.268153243,83185068.33905078,27789894.597388636,13910827.238464251,382284.321411079,2.0637476395143626,41.859155346511265,13.984018264840184,6.999999999999999,0.19236744184977608,0.0,0.0,0.7709439463628691,5
biomass_181,biomass,30.0,65.12493768496222,114194339.12410836,1753465.6182938134,120623.68435744834,2446619.6570309056,817349.8410996657,409141.97760188975,3618710.5307234502,73398589.71092717,24520495.23298997,12274259.328056693,382284.321411079,2.063747639514363,41.85915534651127,13.984018264840183,6.999999999999999,0.2180164340964129,0.0,0.0,0.7709439463628691,5
biomass_199,biomass,40.0,65.07043357643812,152131690.72500744,2337954.1577250846,120623.68435744834,2446619.6570309056,817349.8410996657,409141.97760188975,4824947.374297934,97864786.28123623,32693993.643986627,16365679.10407559,382284.321411079,2.063747639514363,41.85915534651127,13.984018264840183,6.999999999999999,0.16351232557230966,0.0,0.0,0.7709439463628691,5
biomass_226,biomass,30.0,65.12493768496222,114194339.12410836,1753465.6182938134,120623.68435744834,2446619.6570309056,817349.8410996657,409141.97760188975,3618710.5307234502,73398589.71092717,24520495.23298997,12274259.328056693,382284.321411079,2.063747639514363,41.85915534651127,13.984018264840183,6.999999999999999,0.2180164340964129,0.0,0.0,0.7709439463628691,5
biomass_352,biomass,30.0,65.12493768496222,114194339.12410836,1753465.6182938134,120623.68435744834,2446619.6570309056,817349.8410996657,409141.97760188975,3618710.5307234502,73398589.71092717,24520495.23298997,12274259.328056693,382284.321411079,2.063747639514363,41.85915534651127,13.984018264840183,6.999999999999999,0.2180164340964129,0.0,0.0,0.7709439463628691,5
biomass_369,biomass,38.0,65.07903948831036,144544220.40482762,2221056.44983883,120623.68435744834,2446619.6570309056,817349.8410996657,409141.97760188975,4583700.005583037,92971546.96717441,31059293.9617873,15547395.148871811,382284.321411079,2.063747639514363,41.85915534651127,13.984018264840184,7.0,0.1721182374445365,0.0,0.0,0.7709439463628691,5
biomass_401,biomass,68.0,65.0031049717907,258356275.20752493,3974522.0681326436,120623.68435744834,2446619.6570309056,817349.8410996657,409141.97760188975,8202410.536306486,166370136.67810157,55579789.19477727,27821654.476928502,382284.321411079,2.0637476395143626,41.859155346511265,13.984018264840184,6.999999999999999,0.09618372092488804,0.0,0.0,0.7709439463628691,5
biomass_402,biomass,70.0,65.00035686547857,265943745.52770475,4091419.776018898,120623.68435744834,2446619.6570309056,817349.8410996657,409141.97760188975,8443657.905021384,171263375.9921634,57214488.8769766,28639938.43213228,382284.321411079,2.063747639514363,41.859155346511265,13.984018264840183,6.999999999999999,0.09343561461274838,0.0,0.0,0.7709439463628691,5
biomass_1103,biomass,37.0,65.0836913325656,140750485.2447377,2162607.595895703,120623.68435744834,2446619.6570309056,817349.8410996657,409141.97760188975,4463076.321225588,90524927.3101435,30241944.120687634,15138253.171269922,382284.321411079,2.063747639514363,41.85915534651127,13.984018264840186,7.0,0.17677008169979425,0.0,0.0,0.7709439463628691,5
biomass_1162,biomass,140.0,64.95363905817219,531505206.7339984,8182839.552037796,120623.68435744834,2446619.6570309056,817349.8410996657,409141.97760188975,16887315.81004277,342526751.9843268,114428977.7539532,57279876.86426456,382284.321411079,2.063747639514363,41.859155346511265,13.984018264840183,6.999999999999999,0.04671780730637419,0.0,0.0,0.7709439463628691,5
biomass_1163,biomass,140.0,64.95363905817219,531505206.7339984,8182839.552037796,120623.68435744834,2446619.6570309056,817349.8410996657,409141.97760188975,16887315.81004277,342526751.9843268,114428977.7539532,57279876.86426456,382284.321411079,2.063747639514363,41.859155346511265,13.984018264840183,6.999999999999999,0.04671780730637419,0.0,0.0,0.7709439463628691,5
biomass_1164,biomass,140.0,64.95363905817219,531505206.7339984,8182839.552037796,120623.68435744834,2446619.6570309056,817349.8410996657,409141.97760188975,16887315.81004277,342526751.9843268,114428977.7539532,57279876.86426456,382284.321411079,2.063747639514363,41.859155346511265,13.984018264840183,6.999999999999999,0.04671780730637419,0.0,0.0,0.7709439463628691,5
biomass_1185,biomass,40.0,65.07043357643812,152131690.72500744,2337954.1577250846,120623.68435744834,2446619.6570309056,817349.8410996657,409141.97760188975,4824947.374297934,97864786.28123623,32693993.643986627,16365679.10407559,382284.321411079,2.063747639514363,41.85915534651127,13.984018264840183,6.999999999999999,0.16351232557230966,0.0,0.0,0.7709439463628691,5
biomass_1186,biomass,55.0,65.02583930582749,209037718.12635607,3214686.9668719913,120623.68435744834,2446619.6570309056,817349.8410996657,409141.97760188975,6634302.639659658,134564081.1366998,44954241.26048162,22502808.768103935,382284.321411079,2.0637476395143626,41.859155346511265,13.984018264840184,6.999999999999999,0.11891805496167974,0.0,0.0,0.7709439463628691,5
biomass_1259,biomass,42.0,65.06264727522041,159719161.0451873,2454851.8656113385,120623.68435744834,2446619.6570309056,817349.8410996657,409141.97760188975,5066194.74301283,102758025.59529804,34328693.326185964,17183963.05927937,382284.321411079,2.063747639514363,41.85915534651127,13.984018264840186,7.000000000000001,0.15572602435458063,0.0,0.0,0.7709439463628691,5
biomass_1273,biomass,40.0,65.07043357643812,152131690.72500744,2337954.1577250846,120623.68435744834,2446619.6570309056,817349.8410996657,409141.97760188975,4824947.374297934,97864786.28123623,32693993.643986627,16365679.10407559,382284.321411079,2.063747639514363,41.85915534651127,13.984018264840183,6.999999999999999,0.16351232557230966,0.0,0.0,0.7709439463628691,5
biomass_1394,biomass,62.0,65.0124130738157,235593864.24698544,3623828.944473881,120623.68435744834,2446619.6570309056,817349.8410996657,409141.97760188975,7478668.4301617965,151690418.73591614,50675690.14817928,25366802.611317165,382284.321411079,2.063747639514363,41.85915534651127,13.984018264840184,7.0,0.1054918229498772,0.0,0.0,0.7709439463628691,5
biomass_1400,biomass,60.0,65.01592946791402,228006393.92680565,3506931.236587627,120623.68435744834,2446619.6570309056,817349.8410996657,409141.97760188975,7237421.0614469005,146797179.42185435,49040990.46597994,24548518.656113386,382284.321411079,2.063747639514363,41.85915534651127,13.984018264840183,6.999999999999999,0.10900821704820644,0.0,0.0,0.7709439463628691,5
biomass_1403,biomass,40.0,65.07043357643812,152131690.72500744,2337954.1577250846,120623.68435744834,2446619.6570309056,817349.8410996657,409141.97760188975,4824947.374297934,97864786.28123623,32693993.643986627,16365679.10407559,382284.321411079,2.063747639514363,41.85915534651127,13.984018264840183,6.999999999999999,0.16351232557230966,0.0,0.0,0.7709439463628691,5
biomass_1404,biomass,40.0,65.07043357643812,152131690.72500744,2337954.1577250846,120623.68435744834,2446619.6570309056,817349.8410996657,409141.97760188975,4824947.374297934,97864786.28123623,32693993.643986627,16365679.10407559,382284.321411079,2.063747639514363,41.85915534651127,13.984018264840183,6.999999999999999,0.16351232557230966,0.0,0.0,0.7709439463628691,5
biomass_1463,biomass,38.0,65.07903948831036,144544220.40482762,2221056.44983883,120623.68435744834,2446619.6570309056,817349.8410996657,409141.97760188975,4583700.005583037,92971546.96717441,31059293.9617873,15547395.148871811,382284.321411079,2.063747639514363,41.85915534651127,13.984018264840184,7.0,0.1721182374445365,0.0,0.0,0.7709439463628691,5
biomass_1608,biomass,38.0,65.07903948831036,144544220.40482762,2221056.44983883,120623.68435744834,2446619.6570309056,817349.8410996657,409141.97760188975,4583700.005583037,92971546.96717441,31059293.9617873,15547395.148871811,382284.321411079,2.063747639514363,41.85915534651127,13.984018264840184,7.0,0.1721182374445365,0.0,0.0,0.7709439463628691,5
biomass_1611,biomass,42.0,65.06264727522041,159719161.0451873,2454851.8656113385,120623.68435744834,2446619.6570309056,817349.8410996657,409141.97760188975,5066194.74301283,102758025.59529804,34328693.326185964,17183963.05927937,382284.321411079,2.063747639514363,41.85915534651127,13.984018264840186,7.000000000000001,0.15572602435458063,0.0,0.0,0.7709439463628691,5
biomass_1625,biomass,35.0,65.09379248009131,133163014.92455791,2045709.888009449,120623.68435744834,2446619.6570309056,817349.8410996657,409141.97760188975,4221828.952510692,85631687.9960817,28607244.4384883,14319969.21606614,382284.321411079,2.063747639514363,41.859155346511265,13.984018264840183,6.999999999999999,0.18687122922549676,0.0,0.0,0.7709439463628691,5
biomass_1632,biomass,44.0,65.05556881956791,167306631.36536708,2571749.573497593,120623.68435744834,2446619.6570309056,817349.8410996657,409141.97760188975,5307442.111727727,107651264.90935984,35963393.00838529,18002247.01448315,382284.321411079,2.0637476395143626,41.859155346511265,13.984018264840184,7.0,0.1486475687020997,0.0,0.0,0.7709439463628691,5
biomass_1665,biomass,44.0,65.05556881956791,167306631.36536708,2571749.573497593,120623.68435744834,2446619.6570309056,817349.8410996657,409141.97760188975,5307442.111727727,107651264.90935984,35963393.00838529,18002247.01448315,382284.321411079,2.0637476395143626,41.859155346511265,13.984018264840184,7.0,0.1486475687020997,0.0,0.0,0.7709439463628691,5
biomass_1671,biomass,44.0,65.05556881956791,167306631.36536708,2571749.573497593,120623.68435744834,2446619.6570309056,817349.8410996657,409141.97760188975,5307442.111727727,107651264.90935984,35963393.00838529,18002247.01448315,382284.321411079,2.0637476395143626,41.859155346511265,13.984018264840184,7.0,0.1486475687020997,0.0,0.0,0.7709439463628691,5
biomass_1681,biomass,43.0,65.0590257397703,163512896.2052772,2513300.7195544657,120623.68435744834,2446619.6570309056,817349.8410996657,409141.97760188975,5186818.427370278,105204645.25232895,35146043.16728563,17593105.03688126,382284.321411079,2.0637476395143626,41.85915534651127,13.984018264840184,7.0,0.15210448890447412,0.0,0.0,0.7709439463628691,5
biomass_1784,biomass,50.0,65.03773111132367,190069042.32590654,2922442.6971563557,120623.68435744834,2446619.6570309056,817349.8410996657,409141.97760188975,6031184.217872417,122330982.85154527,40867492.05498329,20457098.880094487,382284.321411079,2.0637476395143626,41.859155346511265,13.984018264840184,6.999999999999999,0.13080986045784773,0.0,0.0,0.7709439463628691,5
biomass_1789,biomass,30.0,65.12493768496222,114194339.12410836,1753465.6182938134,120623.68435744834,2446619.6570309056,817349.8410996657,409141.97760188975,3618710.5307234502,73398589.71092717,24520495.23298997,12274259.328056693,382284.321411079,2.063747639514363,41.85915534651127,13.984018264840183,6.999999999999999,0.2180164340964129,0.0,0.0,0.7709439463628691,5
biomass_1790,biomass,49.0,65.04040070031259,186275307.1658166,2863993.8432132285,120623.68435744834,2446619.6570309056,817349.8410996657,409141.97760188975,5910560.533514968,119884363.19451438,40050142.21388362,20047956.902492598,382284.321411079,2.0637476395143626,41.85915534651127,13.984018264840184,6.999999999999999,0.1334794494467834,0.0,0.0,0.7709439463628691,5
biomass_1795,biomass,49.0,65.04040070031259,186275307.1658166,2863993.8432132285,120623.68435744834,2446619.6570309056,817349.8410996657,409141.97760188975,5910560.533514968,119884363.19451438,40050142.21388362,20047956.902492598,382284.321411079,2.0637476395143626,41.85915534651127,13.984018264840184,6.999999999999999,0.1334794494467834,0.0,0.0,0.7709439463628691,5
LARKS-1,PV(50kW+),49.9,40.10832523221977,30074783.1862177,749838.9177830358,50000.0,380952.38095238095,145028.57802325767,0.0,2495000.0,19009523.80952381,7236926.043360557,0.0,1333333.3333333333,3.3273813092773117,25.35147664211285,9.651307596513076,0.0,1.7781596843165324,0.0,0.0,0.9576719576719577,2
solar_21771,PV(50kW+),24.7,41.92248005184636,15560063.020031607,371162.75088659284,50000.0,380952.38095238095,145028.57802325767,0.0,1235000.0,9409523.80952381,3582205.877174464,0.0,1333333.3333333333,3.3273813092773117,25.351476642112853,9.651307596513076,0.0,3.5923145039431166,0.0,0.0,0.9576719576719577,2
solar_21780,PV(50kW+),24.2,41.99670142589477,15272072.540543789,363649.3348767428,50000.0,380952.38095238095,145028.57802325767,0.0,1210000.0,9219047.61904762,3509691.588162835,0.0,1333333.3333333333,3.3273813092773117,25.351476642112853,9.651307596513076,0.0,3.6665358779915276,0.0,0.0,0.9576719576719577,2
solar_21781,PV(50kW+),20.0,42.76667396027299,12852952.512846107,300536.6403940023,50000.0,380952.38095238095,145028.57802325767,0.0,1000000.0,7619047.619047619,2900571.5604651533,0.0,1333333.3333333333,3.3273813092773117,25.35147664211285,9.651307596513076,0.0,4.436508412369749,0.0,0.0,0.9576719576719577,2
solar_21784,PV(50kW+),21.0,42.555411654922054,13428933.471821746,315563.4724137024,50000.0,380952.38095238095,145028.57802325767,0.0,1050000.0,8000000.0,3045600.138488411,0.0,1333333.3333333333,3.327381309277312,25.351476642112853,9.651307596513078,0.0,4.225246107018808,0.0,0.0,0.9576719576719577,2
solar_21789,PV(50kW+),25.0,41.87937227779904,15732857.307724299,375670.80049250287,50000.0,380952.38095238095,145028.57802325767,0.0,1250000.0,9523809.523809524,3625714.4505814416,0.0,1333333.3333333333,3.3273813092773117,25.351476642112853,9.651307596513078,0.0,3.549206729895799,0.0,0.0,0.9576719576719577,2
solar_21805,PV(50kW+),31.8,41.12042241102886,19649527.82875864,477853.2582264637,50000.0,380952.38095238095,145028.57802325767,0.0,1590000.0,12114285.714285715,4611908.781139594,0.0,1333333.3333333333,3.3273813092773117,25.35147664211285,9.651307596513076,0.0,2.790256863125628,0.0,0.0,0.9576719576719577,2
solar_21809,PV(50kW+),29.0,41.389826521951335,18036781.14362685,435778.1285713033,50000.0,380952.38095238095,145028.57802325767,0.0,1450000.0,11047619.047619047,4205828.762674472,0.0,1333333.3333333333,3.3273813092773117,25.35147664211285,9.651307596513078,0.0,3.0596609740481027,0.0,0.0,0.9576719576719577,2
solar_21813,PV(50kW+),37.0,40.72827820323823,22644628.81543196,555992.7847289043,50000.0,380952.38095238095,145028.57802325767,0.0,1850000.0,14095238.095238095,5366057.386860534,0.0,1333333.3333333333,3.3273813092773117,25.35147664211285,9.651307596513076,0.0,2.3981126553349994,0.0,0.0,0.9576719576719577,2
solar_21814,PV(50kW+),28.0,41.49910012816734,17460800.184651215,420751.29655160324,50000.0,380952.38095238095,145028.57802325767,0.0,1400000.0,10666666.666666666,4060800.1846512146,0.0,1333333.3333333333,3.3273813092773117,25.35147664211285,9.651307596513076,0.0,3.1689345802641062,0.0,0.0,0.9576719576719577,2
solar_21826,PV(50kW+),31.6,41.13808226459295,19534331.636963513,474847.89182252367,50000.0,380952.38095238095,145028.57802325767,0.0,1580000.0,12038095.238095239,4582903.065534943,0.0,1333333.3333333333,3.3273813092773117,25.35147664211285,9.651307596513078,0.0,2.8079167166897143,0.0,0.0,0.9576719576719577,2
solar_21831,PV(50kW+),40.0,40.548419754088115,24372571.692358878,601073.2807880046,50000.0,380952.38095238095,145028.57802325767,0.0,2000000.0,15238095.238095239,5801143.120930307,0.0,1333333.3333333333,3.3273813092773117,25.35147664211285,9.651307596513076,0.0,2.2182542061848745,0.0,0.0,0.9576719576719577,2
solar_21842,PV(50kW+),24.0,42.0272558915447,15156876.34874866,360643.9684728028,50000.0,380952.38095238095,145028.57802325767,0.0,1200000.0,9142857.142857142,3480685.872558184,0.0,1333333.3333333333,3.3273813092773117,25.351476642112846,9.651307596513076,0.0,3.6970903436414573,0.0,0.0,0.9576719576719577,2
solar_21852,PV(50kW+),41.0,40.49431599296165,24948552.651334517,616100.1128077047,50000.0,380952.38095238095,145028.57802325767,0.0,2050000.0,15619047.61904762,5946171.698953564,0.0,1333333.3333333333,3.3273813092773117,25.351476642112853,9.651307596513076,0.0,2.164150445058414,0.0,0.0,0.9576719576719577,2
solar_21862,PV(50kW+),21.3,42.49590114637249,13601727.759514438,320071.5220196125,50000.0,380952.38095238095,145028.57802325767,0.0,1065000.0,8114285.714285715,3089108.7118953886,0.0,1333333.3333333333,3.3273813092773112,25.35147664211285,9.651307596513076,0.0,4.165735598469247,0.0,0.0,0.9576719576719577,2
solar_21864,PV(50kW+),20.0,42.76667396027299,12852952.512846107,300536.6403940023,50000.0,380952.38095238095,145028.57802325767,0.0,1000000.0,7619047.619047619,2900571.5604651533,0.0,1333333.3333333333,3.3273813092773117,25.35147664211285,9.651307596513076,0.0,4.436508412369749,0.0,0.0,0.9576719576719577,2
solar_21865,PV(50kW+),36.0,40.7948924436642,22068647.85645632,540965.9527092042,50000.0,380952.38095238095,145028.57802325767,0.0,1800000.0,13714285.714285715,5221028.808837276,0.0,1333333.3333333333,3.3273813092773117,25.35147664211285,9.651307596513076,0.0,2.4647268957609714,0.0,0.0,0.9576719576719577,2
solar_21874,PV(50kW+),23.0,42.187998949963884,14580895.38977302,345617.1364531027,50000.0,380952.38095238095,145028.57802325767,0.0,1150000.0,8761904.761904761,3335657.2945349263,0.0,1333333.3333333333,3.3273813092773112,25.351476642112846,9.651307596513076,0.0,3.8578334020606504,0.0,0.0,0.9576719576719577,2
solar_21880,PV(50kW+),20.0,42.76667396027299,12852952.512846107,300536.6403940023,50000.0,380952.38095238095,145028.57802325767,0.0,1000000.0,7619047.619047619,2900571.5604651533,0.0,1333333.3333333333,3.3273813092773117,25.35147664211285,9.651307596513076,0.0,4.436508412369749,0.0,0.0,0.9576719576719577,2
solar_21887,PV(50kW+),30.0,41.28783782281641,18612762.102602493,450804.9605910035,50000.0,380952.38095238095,145028.57802325767,0.0,1500000.0,11428571.42857143,4350857.34069773,0.0,1333333.3333333333,3.3273813092773117,25.35147664211285,9.651307596513076,0.0,2.9576722749131656,0.0,0.0,0.9576719576719577,2
solar_21899,PV(50kW+),40.0,40.548419754088115,24372571.692358878,601073.2807880046,50000.0,380952.38095238095,145028.57802325767,0.0,2000000.0,15238095.238095239,5801143.120930307,0.0,1333333.3333333333,3.3273813092773117,25.35147664211285,9.651307596513076,0.0,2.2182542061848745,0.0,0.0,0.9576719576719577,2
solar_21909,PV(50kW+),31.3,41.164995204369525,19361537.34927082,470339.84221661364,50000.0,380952.38095238095,145028.57802325767,0.0,1565000.0,11923809.523809524,4539394.492127965,0.0,1333333.3333333333,3.3273813092773117,25.35147664211285,9.651307596513076,0.0,2.834829656466293,0.0,0.0,0.9576719576719577,2
solar_21923,PV(50kW+),25.0,41.87937227779904,15732857.307724299,375670.80049250287,50000.0,380952.38095238095,145028.57802325767,0.0,1250000.0,9523809.523809524,3625714.4505814416,0.0,1333333.3333333333,3.3273813092773117,25.351476642112853,9.651307596513078,0.0,3.549206729895799,0.0,0.0,0.9576719576719577,2
solar_21940,PV(50kW+),32.5,41.0603245709,20052714.500041585,488372.04064025375,50000.0,380952.38095238095,145028.57802325767,0.0,1625000.0,12380952.38095238,4713428.785755875,0.0,1333333.3333333333,3.3273813092773117,25.35147664211285,9.651307596513078,0.0,2.7301590229967685,0.0,0.0,0.9576719576719577,2
solar_21942,PV(50kW+),49.0,40.14098530805416,29556400.323139627,736314.7689653056,50000.0,380952.38095238095,145028.57802325767,0.0,2450000.0,18666666.666666668,7106400.323139626,0.0,1333333.3333333333,3.3273813092773117,25.351476642112853,9.651307596513076,0.0,1.810819760150918,0.0,0.0,0.9576719576719577,2
solar_21944,PV(50kW+),29.9,41.297729703334504,18555164.006704926,449302.27738903346,50000.0,380952.38095238095,145028.57802325767,0.0,1495000.0,11390476.19047619,4336354.482895404,0.0,1333333.3333333333,3.3273813092773117,25.35147664211285,9.651307596513076,0.0,2.96756415543127,0.0,0.0,0.9576719576719577,2
solar_21950,PV(50kW+),20.0,42.76667396027299,12852952.512846107,300536.6403940023,50000.0,380952.38095238095,145028.57802325767,0.0,1000000.0,7619047.619047619,2900571.5604651533,0.0,1333333.3333333333,3.3273813092773117,25.35147664211285,9.651307596513076,0.0,4.436508412369749,0.0,0.0,0.9576719576719577,2
solar_21951,PV(50kW+),31.0,41.192429039754686,19188743.06157813,465831.7926107036,50000.0,380952.38095238095,145028.57802325767,0.0,1550000.0,11809523.80952381,4495885.918720988,0.0,1333333.3333333333,3.3273813092773112,25.35147664211285,9.651307596513076,0.0,2.8622634918514507,0.0,0.0,0.9576719576719577,2
solar_21954,PV(50kW+),22.0,42.36335501369392,14004914.430797383,330590.30443340255,50000.0,380952.38095238095,145028.57802325767,0.0,1100000.0,8380952.380952381,3190628.7165116686,0.0,1333333.3333333333,3.3273813092773117,25.35147664211285,9.651307596513076,0.0,4.033189465790681,0.0,0.0,0.9576719576719577,2
solar_21960,PV(50kW+),25.7,41.78270127737386,16136043.979007246,386189.582906293,50000.0,380952.38095238095,145028.57802325767,0.0,1285000.0,9790476.19047619,3727234.4551977217,0.0,1333333.3333333333,3.3273813092773117,25.35147664211285,9.651307596513076,0.0,3.4525357294706214,0.0,0.0,0.9576719576719577,2
solar_21961,PV(50kW+),22.0,42.36335501369392,14004914.430797383,330590.30443340255,50000.0,380952.38095238095,145028.57802325767,0.0,1100000.0,8380952.380952381,3190628.7165116686,0.0,1333333.3333333333,3.3273813092773117,25.35147664211285,9.651307596513076,0.0,4.033189465790681,0.0,0.0,0.9576719576719577,2
solar_21976,PV(50kW+),20.5,42.65846643802007,13140942.992333926,308050.05640385236,50000.0,380952.38095238095,145028.57802325767,0.0,1025000.0,7809523.80952381,2973085.849476782,0.0,1333333.3333333333,3.3273813092773117,25.351476642112853,9.651307596513076,0.0,4.328300890116828,0.0,0.0,0.9576719576719577,2
solar_21978,PV(50kW+),32.0,41.10298330563433,19764724.020553768,480858.6246304037,50000.0,380952.38095238095,145028.57802325767,0.0,1600000.0,12190476.19047619,4640914.496744245,0.0,1333333.3333333333,3.3273813092773117,25.35147664211285,9.651307596513076,0.0,2.772817757731093,0.0,0.0,0.9576719576719577,2
solar_21981,PV(50kW+),39.5,40.57649892125501,24084581.212871056,593559.8647781545,50000.0,380952.38095238095,145028.57802325767,0.0,1975000.0,15047619.047619047,5728628.831918677,0.0,1333333.3333333333,3.3273813092773117,25.35147664211285,9.651307596513076,0.0,2.2463333733517716,0.0,0.0,0.9576719576719577,2
solar_21987,PV(50kW+),38.1,40.65904135492148,23278207.870305162,572522.2999505744,50000.0,380952.38095238095,145028.57802325767,0.0,1905000.0,14514285.714285715,5525588.822686117,0.0,1333333.3333333333,3.3273813092773117,25.35147664211285,9.651307596513076,0.0,2.3288758070182407,0.0,0.0,0.9576719576719577,2
solar_21989,PV(50kW+),24.8,41.907994912717555,15617661.115929173,372665.4340885629,50000.0,380952.38095238095,145028.57802325767,0.0,1240000.0,9447619.047619049,3596708.7349767904,0.0,1333333.3333333333,3.3273813092773112,25.35147664211285,9.651307596513076,0.0,3.577829364814313,0.0,0.0,0.9576719576719577,2
solar_22016,PV(50kW+),49.9,40.10832523221977,30074783.1862177,749838.9177830358,50000.0,380952.38095238095,145028.57802325767,0.0,2495000.0,19009523.80952381,7236926.043360557,0.0,1333333.3333333333,3.3273813092773117,25.35147664211285,9.651307596513076,0.0,1.7781596843165324,0.0,0.0,0.9576719576719577,2
solar_22038,PV(50kW+),28.5,41.44350478465394,17748790.664139032,428264.7125614533,50000.0,380952.38095238095,145028.57802325767,0.0,1425000.0,10857142.857142856,4133314.4736628435,0.0,1333333.3333333333,3.3273813092773117,25.35147664211285,9.651307596513076,0.0,3.1133392367507007,0.0,0.0,0.9576719576719577,2
solar_22039,PV(50kW+),25.2,41.851203970418915,15848053.499519426,378676.1668964429,50000.0,380952.38095238095,145028.57802325767,0.0,1260000.0,9600000.0,3654720.166186093,0.0,1333333.3333333333,3.327381309277312,25.351476642112853,9.651307596513076,0.0,3.521038422515674,0.0,0.0,0.9576719576719577,2
solar_22047,PV(50kW+),24.0,42.0272558915447,15156876.34874866,360643.9684728028,50000.0,380952.38095238095,145028.57802325767,0.0,1200000.0,9142857.142857142,3480685.872558184,0.0,1333333.3333333333,3.3273813092773117,25.351476642112846,9.651307596513076,0.0,3.6970903436414573,0.0,0.0,0.9576719576719577,2
solar_22052,PV(50kW+),25.7,41.78270127737386,16136043.979007246,386189.582906293,50000.0,380952.38095238095,145028.57802325767,0.0,1285000.0,9790476.19047619,3727234.4551977217,0.0,1333333.3333333333,3.3273813092773117,25.35147664211285,9.651307596513076,0.0,3.4525357294706214,0.0,0.0,0.9576719576719577,2
solar_22067,PV(50kW+),37.0,40.72827820323823,22644628.81543196,555992.7847289043,50000.0,380952.38095238095,145028.57802325767,0.0,1850000.0,14095238.095238095,5366057.386860534,0.0,1333333.3333333333,3.3273813092773117,25.35147664211285,9.651307596513076,0.0,2.3981126553349994,0.0,0.0,0.9576719576719577,2
solar_22076,PV(50kW+),27.1,41.604341497991605,16942417.32157314,407227.14773387316,50000.0,380952.38095238095,145028.57802325767,0.0,1355000.0,10323809.523809524,3930274.464430283,0.0,1333333.3333333333,3.3273813092773112,25.35147664211285,9.651307596513076,0.0,3.274175950088375,0.0,0.0,0.9576719576719577,2
solar_22077,PV(50kW+),20.9,42.57562814347238,13371335.37592418,314060.7892117324,50000.0,380952.38095238095,145028.57802325767,0.0,1044999.9999999999,7961904.761904761,3031097.280686085,0.0,1333333.3333333333,3.3273813092773117,25.35147664211285,9.651307596513076,0.0,4.245462595569138,0.0,0.0,0.9576719576719577,2
solar_22079,PV(50kW+),46.0,40.25908224893355,27828457.446212705,691234.2729062054,50000.0,380952.38095238095,145028.57802325767,0.0,2300000.0,17523809.523809522,6671314.589069853,0.0,1333333.3333333333,3.3273813092773112,25.351476642112846,9.651307596513076,0.0,1.9289167010303252,0.0,0.0,0.9576719576719577,2
solar_22080,PV(50kW+),21.3,42.49590114637249,13601727.759514438,320071.5220196125,50000.0,380952.38095238095,145028.57802325767,0.0,1065000.0,8114285.714285715,3089108.7118953886,0.0,1333333.3333333333,3.3273813092773112,25.35147664211285,9.651307596513076,0.0,4.165735598469247,0.0,0.0,0.9576719576719577,2
solar_22083,PV(50kW+),45.0,40.301947064512014,27252476.48723707,676207.4408865052,50000.0,380952.38095238095,145028.57802325767,0.0,2250000.0,17142857.14285714,6526286.011046595,0.0,1333333.3333333333,3.3273813092773117,25.35147664211285,9.651307596513076,0.0,1.9717815166087773,0.0,0.0,0.9576719576719577,2
solar_22090,PV(50kW+),49.9,40.10832523221977,30074783.1862177,749838.9177830358,50000.0,380952.38095238095,145028.57802325767,0.0,2495000.0,19009523.80952381,7236926.043360557,0.0,1333333.3333333333,3.3273813092773117,25.35147664211285,9.651307596513076,0.0,1.7781596843165324,0.0,0.0,0.9576719576719577,2
solar_22098,PV(50kW+),75.0,39.5132344578685,44531905.25650623,1127012.4014775087,50000.0,380952.38095238095,145028.57802325767,0.0,3750000.0,28571428.57142857,10877143.351744324,0.0,1333333.3333333333,3.3273813092773117,25.35147664211285,9.651307596513076,0.0,1.1830689099652663,0.0,0.0,0.9576719576719577,2
solar_22101,PV(50kW+),26.0,41.742864326649205,16308838.266699938,390697.632512203,50000.0,380952.38095238095,145028.57802325767,0.0,1300000.0,9904761.904761905,3770743.0286046993,0.0,1333333.3333333333,3.3273813092773117,25.35147664211285,9.651307596513076,0.0,3.4126987787459604,0.0,0.0,0.9576719576719577,2
solar_22107,PV(50kW+),20.0,42.76667396027299,12852952.512846107,300536.6403940023,50000.0,380952.38095238095,145028.57802325767,0.0,1000000.0,7619047.619047619,2900571.5604651533,0.0,1333333.3333333333,3.3273813092773117,25.35147664211285,9.651307596513076,0.0,4.436508412369749,0.0,0.0,0.9576719576719577,2
solar_22115,PV(50kW+),27.0,41.61646807558453,16884819.225675575,405724.46453190316,50000.0,380952.38095238095,145028.57802325767,0.0,1350000.0,10285714.285714285,3915771.606627957,0.0,1333333.3333333333,3.3273813092773112,25.351476642112846,9.651307596513076,0.0,3.286302527681295,0.0,0.0,0.9576719576719577,2
solar_22116,PV(50kW+),69.8,39.601371396719784,41536804.26983291,1048872.874975068,50000.0,380952.38095238095,145028.57802325767,0.0,3490000.0,26590476.19047619,10122994.746023385,0.0,1333333.3333333333,3.3273813092773117,25.35147664211285,9.651307596513076,0.0,1.271205848816547,0.0,0.0,0.9576719576719577,2
solar_22124,PV(50kW+),22.6,42.2562791871685,14350503.006182767,339606.40364522266,50000.0,380952.38095238095,145028.57802325767,0.0,1130000.0,8609523.80952381,3277645.8633256233,0.0,1333333.3333333333,3.3273813092773112,25.351476642112846,9.651307596513076,0.0,3.926113639265264,0.0,0.0,0.9576719576719577,2
solar_22152,PV(50kW+),22.0,42.36335501369392,14004914.430797383,330590.30443340255,50000.0,380952.38095238095,145028.57802325767,0.0,1100000.0,8380952.380952381,3190628.7165116686,0.0,1333333.3333333333,3.3273813092773117,25.35147664211285,9.651307596513076,0.0,4.033189465790681,0.0,0.0,0.9576719576719577,2
solar_22153,PV(50kW+),31.6,41.13808226459295,19534331.636963513,474847.89182252367,50000.0,380952.38095238095,145028.57802325767,0.0,1580000.0,12038095.238095239,4582903.065534943,0.0,1333333.3333333333,3.3273813092773117,25.35147664211285,9.651307596513078,0.0,2.8079167166897143,0.0,0.0,0.9576719576719577,2
solar_22162,PV(50kW+),20.5,42.65846643802007,13140942.992333926,308050.05640385236,50000.0,380952.38095238095,145028.57802325767,0.0,1025000.0,7809523.80952381,2973085.849476782,0.0,1333333.3333333333,3.3273813092773117,25.351476642112853,9.651307596513076,0.0,4.328300890116828,0.0,0.0,0.9576719576719577,2
solar_22170,PV(50kW+),20.0,42.76667396027299,12852952.512846107,300536.6403940023,50000.0,380952.38095238095,145028.57802325767,0.0,1000000.0,7619047.619047619,2900571.5604651533,0.0,1333333.3333333333,3.3273813092773117,25.35147664211285,9.651307596513076,0.0,4.436508412369749,0.0,0.0,0.9576719576719577,2
solar_22171,PV(50kW+),20.0,42.76667396027299,12852952.512846107,300536.6403940023,50000.0,380952.38095238095,145028.57802325767,0.0,1000000.0,7619047.619047619,2900571.5604651533,0.0,1333333.3333333333,3.3273813092773117,25.35147664211285,9.651307596513076,0.0,4.436508412369749,0.0,0.0,0.9576719576719577,2
solar_22177,PV(50kW+),26.0,41.742864326649205,16308838.266699938,390697.632512203,50000.0,380952.38095238095,145028.57802325767,0.0,1300000.0,9904761.904761905,3770743.0286046993,0.0,1333333.3333333333,3.3273813092773117,25.35147664211285,9.651307596513076,0.0,3.4126987787459604,0.0,0.0,0.9576719576719577,2
solar_22181,PV(50kW+),38.0,40.665169975466256,23220609.7744076,571019.6167486045,50000.0,380952.38095238095,145028.57802325767,0.0,1900000.0,14476190.476190476,5511085.964883791,0.0,1333333.3333333333,3.3273813092773112,25.351476642112846,9.651307596513076,0.0,2.3350044275630255,0.0,0.0,0.9576719576719577,2
solar_22187,PV(50kW+),48.0,40.17871071972396,28980419.364163984,721287.9369456056,50000.0,380952.38095238095,145028.57802325767,0.0,2400000.0,18285714.285714284,6961371.745116368,0.0,1333333.3333333333,3.3273813092773117,25.351476642112846,9.651307596513076,0.0,1.8485451718207286,0.0,0.0,0.9576719576719577,2
solar_22200,PV(50kW+),24.0,42.0272558915447,15156876.34874866,360643.9684728028,50000.0,380952.38095238095,145028.57802325767,0.0,1200000.0,9142857.142857142,3480685.872558184,0.0,1333333.3333333333,3.3273813092773117,25.351476642112846,9.651307596513076,0.0,3.6970903436414573,0.0,0.0,0.9576719576719577,2
solar_22207,PV(50kW+),34.8,40.87988302627666,21377470.705685556,522933.754285564,50000.0,380952.38095238095,145028.57802325767,0.0,1739999.9999999998,13257142.857142856,5046994.515209367,0.0,1333333.3333333333,3.3273813092773112,25.35147664211285,9.651307596513076,0.0,2.549717478373419,0.0,0.0,0.9576719576719577,2
solar_22222,PV(50kW+),38.0,40.665169975466256,23220609.7744076,571019.6167486045,50000.0,380952.38095238095,145028.57802325767,0.0,1900000.0,14476190.476190476,5511085.964883791,0.0,1333333.3333333333,3.3273813092773112,25.351476642112846,9.651307596513076,0.0,2.3350044275630255,0.0,0.0,0.9576719576719577,2
solar_22229,PV(50kW+),30.0,41.28783782281641,18612762.102602493,450804.9605910035,50000.0,380952.38095238095,145028.57802325767,0.0,1500000.0,11428571.42857143,4350857.34069773,0.0,1333333.3333333333,3.3273813092773117,25.35147664211285,9.651307596513076,0.0,2.9576722749131656,0.0,0.0,0.9576719576719577,2
solar_22232,PV(50kW+),49.6,40.119080230310395,29901988.89852501,745330.8681771258,50000.0,380952.38095238095,145028.57802325767,0.0,2480000.0,18895238.095238097,7193417.469953581,0.0,1333333.3333333333,3.3273813092773112,25.35147664211285,9.651307596513076,0.0,1.7889146824071565,0.0,0.0,0.9576719576719577,2
solar_22235,PV(50kW+),32.0,41.10298330563433,19764724.020553768,480858.6246304037,50000.0,380952.38095238095,145028.57802325767,0.0,1600000.0,12190476.19047619,4640914.496744245,0.0,1333333.3333333333,3.3273813092773117,25.35147664211285,9.651307596513076,0.0,2.772817757731093,0.0,0.0,0.9576719576719577,2
solar_22244,PV(50kW+),72.2,39.55911524662062,42919158.571374446,1084937.2718223485,50000.0,380952.38095238095,145028.57802325767,0.0,3610000.0,27504761.904761907,10471063.333279204,0.0,1333333.3333333333,3.3273813092773112,25.35147664211285,9.651307596513076,0.0,1.2289496987173818,0.0,0.0,0.9576719576719577,2
solar_22252,PV(50kW+),26.0,41.742864326649205,16308838.266699938,390697.632512203,50000.0,380952.38095238095,145028.57802325767,0.0,1300000.0,9904761.904761905,3770743.0286046993,0.0,1333333.3333333333,3.3273813092773117,25.35147664211285,9.651307596513076,0.0,3.4126987787459604,0.0,0.0,0.9576719576719577,2
solar_22254,PV(50kW+),40.0,40.548419754088115,24372571.692358878,601073.2807880046,50000.0,380952.38095238095,145028.57802325767,0.0,2000000.0,15238095.238095239,5801143.120930307,0.0,1333333.3333333333,3.3273813092773117,25.35147664211285,9.651307596513076,0.0,2.2182542061848745,0.0,0.0,0.9576719576719577,2
solar_22259,PV(50kW+),48.0,40.17871071972396,28980419.364163984,721287.9369456056,50000.0,380952.38095238095,145028.57802325767,0.0,2400000.0,18285714.285714284,6961371.745116368,0.0,1333333.3333333333,3.3273813092773117,25.351476642112846,9.651307596513076,0.0,1.8485451718207286,0.0,0.0,0.9576719576719577,2
solar_22265,PV(50kW+),50.0,40.104768912851135,30132381.282115262,751341.6009850057,50000.0,380952.38095238095,145028.57802325767,0.0,2500000.0,19047619.04761905,7251428.901162883,0.0,1333333.3333333333,3.3273813092773117,25.351476642112853,9.651307596513078,0.0,1.7746033649478996,0.0,0.0,0.9576719576719577,2
solar_22273,PV(50kW+),24.0,42.0272558915447,15156876.34874866,360643.9684728028,50000.0,380952.38095238095,145028.57802325767,0.0,1200000.0,9142857.142857142,3480685.872558184,0.0,1333333.3333333333,3.3273813092773117,25.351476642112846,9.651307596513076,0.0,3.6970903436414573,0.0,0.0,0.9576719576719577,2
solar_22275,PV(50kW+),40.0,40.548419754088115,24372571.692358878,601073.2807880046,50000.0,380952.38095238095,145028.57802325767,0.0,2000000.0,15238095.238095239,5801143.120930307,0.0,1333333.3333333333,3.3273813092773117,25.35147664211285,9.651307596513076,0.0,2.2182542061848745,0.0,0.0,0.9576719576719577,2
solar_22280,PV(50kW+),20.0,42.76667396027299,12852952.512846107,300536.6403940023,50000.0,380952.38095238095,145028.57802325767,0.0,1000000.0,7619047.619047619,2900571.5604651533,0.0,1333333.3333333333,3.3273813092773117,25.35147664211285,9.651307596513076,0.0,4.436508412369749,0.0,0.0,0.9576719576719577,2
solar_22289,PV(50kW+),20.0,42.76667396027299,12852952.512846107,300536.6403940023,50000.0,380952.38095238095,145028.57802325767,0.0,1000000.0,7619047.619047619,2900571.5604651533,0.0,1333333.3333333333,3.3273813092773117,25.35147664211285,9.651307596513076,0.0,4.436508412369749,0.0,0.0,0.9576719576719577,2
solar_22296,PV(50kW+),49.9,40.10832523221977,30074783.1862177,749838.9177830358,50000.0,380952.38095238095,145028.57802325767,0.0,2495000.0,19009523.80952381,7236926.043360557,0.0,1333333.3333333333,3.3273813092773117,25.35147664211285,9.651307596513076,0.0,1.7781596843165324,0.0,0.0,0.9576719576719577,2
solar_22305,PV(50kW+),25.0,41.87937227779904,15732857.307724299,375670.80049250287,50000.0,380952.38095238095,145028.57802325767,0.0,1250000.0,9523809.523809524,3625714.4505814416,0.0,1333333.3333333333,3.3273813092773117,25.351476642112853,9.651307596513078,0.0,3.549206729895799,0.0,0.0,0.9576719576719577,2
solar_22306,PV(50kW+),24.0,42.0272558915447,15156876.34874866,360643.9684728028,50000.0,380952.38095238095,145028.57802325767,0.0,1200000.0,9142857.142857142,3480685.872558184,0.0,1333333.3333333333,3.3273813092773117,25.351476642112846,9.651307596513076,0.0,3.6970903436414573,0.0,0.0,0.9576719576719577,2
solar_22310,PV(50kW+),22.0,42.36335501369392,14004914.430797383,330590.30443340255,50000.0,380952.38095238095,145028.57802325767,0.0,1100000.0,8380952.380952381,3190628.7165116686,0.0,1333333.3333333333,3.3273813092773117,25.35147664211285,9.651307596513076,0.0,4.033189465790681,0.0,0.0,0.9576719576719577,2
solar_22317,PV(50kW+),30.0,41.28783782281641,18612762.102602493,450804.9605910035,50000.0,380952.38095238095,145028.57802325767,0.0,1500000.0,11428571.42857143,4350857.34069773,0.0,1333333.3333333333,3.3273813092773117,25.35147664211285,9.651307596513076,0.0,2.9576722749131656,0.0,0.0,0.9576719576719577,2
solar_22330,PV(50kW+),20.4,42.67968359924613,13083344.896436362,306547.37320188235,50000.0,380952.38095238095,145028.57802325767,0.0,1019999.9999999999,7771428.571428571,2958582.9916744563,0.0,1333333.3333333333,3.3273813092773112,25.35147664211285,9.651307596513076,0.0,4.349518051342891,0.0,0.0,0.9576719576719577,2
solar_22335,PV(50kW+),45.0,40.301947064512014,27252476.48723707,676207.4408865052,50000.0,380952.38095238095,145028.57802325767,0.0,2250000.0,17142857.14285714,6526286.011046595,0.0,1333333.3333333333,3.3273813092773117,25.35147664211285,9.651307596513076,0.0,1.9717815166087773,0.0,0.0,0.9576719576719577,2
solar_22336,PV(50kW+),27.0,41.61646807558453,16884819.225675575,405724.46453190316,50000.0,380952.38095238095,145028.57802325767,0.0,1350000.0,10285714.285714285,3915771.606627957,0.0,1333333.3333333333,3.3273813092773112,25.351476642112846,9.651307596513076,0.0,3.286302527681295,0.0,0.0,0.9576719576719577,2
solar_22353,PV(50kW+),49.9,40.10832523221977,30074783.1862177,749838.9177830358,50000.0,380952.38095238095,145028.57802325767,0.0,2495000.0,19009523.80952381,7236926.043360557,0.0,1333333.3333333333,3.3273813092773117,25.35147664211285,9.651307596513076,0.0,1.7781596843165324,0.0,0.0,0.9576719576719577,2
solar_22382,PV(50kW+),41.0,40.49431599296165,24948552.651334517,616100.1128077047,50000.0,380952.38095238095,145028.57802325767,0.0,2050000.0,15619047.61904762,5946171.698953564,0.0,1333333.3333333333,3.3273813092773117,25.351476642112853,9.651307596513076,0.0,2.164150445058414,0.0,0.0,0.9576719576719577,2
solar_22383,PV(50kW+),34.0,40.939876378708966,20916685.938505042,510912.28866980394,50000.0,380952.38095238095,145028.57802325767,0.0,1700000.0,12952380.952380951,4930971.652790761,0.0,1333333.3333333333,3.3273813092773117,25.35147664211285,9.651307596513076,0.0,2.6097108308057346,0.0,0.0,0.9576719576719577,2
solar_22388,PV(50kW+),34.7,40.88723091526332,21319872.609787993,521431.07108359406,50000.0,380952.38095238095,145028.57802325767,0.0,1735000.0000000002,13219047.61904762,5032491.657407042,0.0,1333333.3333333333,3.3273813092773117,25.35147664211285,9.651307596513076,0.0,2.5570653673600856,0.0,0.0,0.9576719576719577,2
solar_67512,PV(50kW+),5.3,55.071706726657006,4386032.415904217,79642.2097044106,50000.0,380952.38095238095,145028.57802325767,0.0,265000.0,2019047.619047619,768651.4635232656,0.0,1333333.3333333333,3.327381309277312,25.351476642112853,9.651307596513076,0.0,16.74154117875377,0.0,0.0,0.9576719576719577,2
solar_67513,PV(50kW+),9.0,48.18907313094712,6517161.96411408,135241.48817730104,50000.0,380952.38095238095,145028.57802325767,0.0,450000.0,3428571.4285714286,1305257.202209319,0.0,1333333.3333333333,3.3273813092773117,25.35147664211285,9.651307596513076,0.0,9.858907583043885,0.0,0.0,0.9576719576719577,2
solar_67514,PV(50kW+),7.0,51.00590386895966,5365200.046162804,105187.82413790081,50000.0,380952.38095238095,145028.57802325767,0.0,350000.0,2666666.6666666665,1015200.0461628037,0.0,1333333.3333333333,3.3273813092773117,25.35147664211285,9.651307596513076,0.0,12.675738321056425,0.0,0.0,0.9576719576719577,2
solar_67515,PV(50kW+),3.9,61.081490739542986,3579659.073338324,58604.64487683045,50000.0,380952.38095238095,145028.57802325767,0.0,195000.0,1485714.2857142857,565611.4542907049,0.0,1333333.3333333333,3.3273813092773117,25.35147664211285,9.651307596513078,0.0,22.751325191639737,0.0,0.0,0.9576719576719577,2
solar_67517,PV(50kW+),7.7,49.85356402159089,5768386.717445751,115706.6065516909,50000.0,380952.38095238095,145028.57802325767,0.0,385000.0,2933333.3333333335,1116720.050779084,0.0,1333333.3333333333,3.3273813092773112,25.35147664211285,9.651307596513076,0.0,11.523398473687658,0.0,0.0,0.9576719576719577,2
solar_67518,PV(50kW+),1.5,97.48361104616654,2197304.771796791,22540.248029550174,50000.0,380952.38095238095,145028.57802325767,0.0,75000.0,571428.5714285714,217542.8670348865,0.0,1333333.3333333333,3.3273813092773117,25.351476642112846,9.651307596513076,0.0,59.153445498263316,0.0,0.0,0.9576719576719577,2
solar_67521,PV(50kW+),5.0,56.07619919738223,4213238.128211526,75134.16009850058,50000.0,380952.38095238095,145028.57802325767,0.0,250000.0,1904761.9047619049,725142.8901162883,0.0,1333333.3333333333,3.3273813092773117,25.35147664211285,9.651307596513076,0.0,17.746033649478996,0.0,0.0,0.9576719576719577,2
solar_67523,PV(50kW+),4.0,60.512707609751985,3637257.169235888,60107.32807880046,50000.0,380952.38095238095,145028.57802325767,0.0,200000.0,1523809.5238095238,580114.3120930307,0.0,1333333.3333333333,3.3273813092773117,25.35147664211285,9.651307596513076,0.0,22.182542061848743,0.0,0.0,0.9576719576719577,2
solar_67524,PV(50kW+),5.0,56.07619919738223,4213238.128211526,75134.16009850058,50000.0,380952.38095238095,145028.57802325767,0.0,250000.0,1904761.9047619049,725142.8901162883,0.0,1333333.3333333333,3.3273813092773117,25.35147664211285,9.651307596513076,0.0,17.746033649478996,0.0,0.0,0.9576719576719577,2
solar_67526,PV(50kW+),1.2,112.2719724207324,2024510.4841040997,18032.198423640137,50000.0,380952.38095238095,145028.57802325767,0.0,60000.0,457142.8571428571,174034.29362790918,0.0,1333333.3333333333,3.327381309277312,25.35147664211285,9.651307596513076,0.0,73.94180687282915,0.0,0.0,0.9576719576719577,2
solar_67528,PV(50kW+),15.8,43.94599898128267,10433832.485148424,237423.94591126184,50000.0,380952.38095238095,145028.57802325767,0.0,790000.0,6019047.619047619,2291451.5327674714,0.0,1333333.3333333333,3.3273813092773117,25.35147664211285,9.651307596513078,0.0,5.615833433379429,0.0,0.0,0.9576719576719577,2
solar_67530,PV(50kW+),1.5,97.48361104616654,2197304.771796791,22540.248029550174,50000.0,380952.38095238095,145028.57802325767,0.0,75000.0,571428.5714285714,217542.8670348865,0.0,1333333.3333333333,3.3273813092773117,25.351476642112846,9.651307596513076,0.0,59.153445498263316,0.0,0.0,0.9576719576719577,2
solar_67531,PV(50kW+),1.2,112.2719724207324,2024510.4841040997,18032.198423640137,50000.0,380952.38095238095,145028.57802325767,0.0,60000.0,457142.8571428571,174034.29362790918,0.0,1333333.3333333333,3.327381309277312,25.35147664211285,9.651307596513076,0.0,73.94180687282915,0.0,0.0,0.9576719576719577,2
solar_67532,PV(50kW+),1.2,112.2719724207324,2024510.4841040997,18032.198423640137,50000.0,380952.38095238095,145028.57802325767,0.0,60000.0,457142.8571428571,174034.29362790918,0.0,1333333.3333333333,3.327381309277312,25.35147664211285,9.651307596513076,0.0,73.94180687282915,0.0,0.0,0.9576719576719577,2
solar_67533,PV(50kW+),1.3,106.58414112282243,2082108.5800016634,19534.881625610153,50000.0,380952.38095238095,145028.57802325767,0.0,65000.0,495238.09523809527,188537.15143023498,0.0,1333333.3333333333,3.3273813092773112,25.35147664211285,9.651307596513076,0.0,68.2539755749192,0.0,0.0,0.9576719576719577,2
solar_67534,PV(50kW+),5.0,56.07619919738223,4213238.128211526,75134.16009850058,50000.0,380952.38095238095,145028.57802325767,0.0,250000.0,1904761.9047619049,725142.8901162883,0.0,1333333.3333333333,3.3273813092773117,25.35147664211285,9.651307596513076,0.0,17.746033649478996,0.0,0.0,0.9576719576719577,2
solar_67537,PV(50kW+),1.2,112.2719724207324,2024510.4841040997,18032.198423640137,50000.0,380952.38095238095,145028.57802325767,0.0,60000.0,457142.8571428571,174034.29362790918,0.0,1333333.3333333333,3.327381309277312,25.35147664211285,9.651307596513076,0.0,73.94180687282915,0.0,0.0,0.9576719576719577,2
solar_67542,PV(50kW+),1.5,97.48361104616654,2197304.771796791,22540.248029550174,50000.0,380952.38095238095,145028.57802325767,0.0,75000.0,571428.5714285714,217542.8670348865,0.0,1333333.3333333333,3.3273813092773117,25.351476642112846,9.651307596513076,0.0,59.153445498263316,0.0,0.0,0.9576719576719577,2
solar_67546,PV(50kW+),6.0,53.11852692246906,4789219.087187164,90160.9921182007,50000.0,380952.38095238095,145028.57802325767,0.0,300000.0,2285714.2857142854,870171.468139546,0.0,1333333.3333333333,3.3273813092773117,25.351476642112846,9.651307596513076,0.0,14.788361374565829,0.0,0.0,0.9576719576719577,2
solar_67547,PV(50kW+),1.7,90.52438216401794,2312500.963591919,25545.614433490195,50000.0,380952.38095238095,145028.57802325767,0.0,85000.0,647619.0476190476,246548.582639538,0.0,1333333.3333333333,3.3273813092773117,25.35147664211285,9.651307596513076,0.0,52.194216616114694,0.0,0.0,0.9576719576719577,2
solar_67548,PV(50kW+),5.0,56.07619919738223,4213238.128211526,75134.16009850058,50000.0,380952.38095238095,145028.57802325767,0.0,250000.0,1904761.9047619049,725142.8901162883,0.0,1333333.3333333333,3.3273813092773117,25.35147664211285,9.651307596513076,0.0,17.746033649478996,0.0,0.0,0.9576719576719577,2
solar_67550,PV(50kW+),4.7,57.20892474947663,4040443.840518835,70626.11049259055,50000.0,380952.38095238095,145028.57802325767,0.0,235000.0,1790476.1904761905,681634.3167093111,0.0,1333333.3333333333,3.3273813092773112,25.351476642112846,9.651307596513076,0.0,18.878759201573395,0.0,0.0,0.9576719576719577,2
solar_67552,PV(50kW+),4.2,59.45639608299728,3752453.3610310154,63112.69448274049,50000.0,380952.38095238095,145028.57802325767,0.0,210000.0,1600000.0,609120.0276976823,0.0,1333333.3333333333,3.3273813092773117,25.35147664211285,9.651307596513078,0.0,21.12623053509404,0.0,0.0,0.9576719576719577,2
solar_67554,PV(50kW+),8.0,49.42143657882761,5941181.005138442,120214.65615760093,50000.0,380952.38095238095,145028.57802325767,0.0,400000.0,3047619.0476190476,1160228.6241860613,0.0,1333333.3333333333,3.3273813092773117,25.35147664211285,9.651307596513076,0.0,11.091271030924371,0.0,0.0,0.9576719576719577,2
solar_67555,PV(50kW+),6.2,52.64148300716049,4904415.278982293,93166.35852214073,50000.0,380952.38095238095,145028.57802325767,0.0,310000.0,2361904.761904762,899177.1837441976,0.0,1333333.3333333333,3.3273813092773112,25.35147664211285,9.651307596513076,0.0,14.311317459257252,0.0,0.0,0.9576719576719577,2
solar_67557,PV(50kW+),5.0,56.07619919738223,4213238.128211526,75134.16009850058,50000.0,380952.38095238095,145028.57802325767,0.0,250000.0,1904761.9047619049,725142.8901162883,0.0,1333333.3333333333,3.3273813092773117,25.35147664211285,9.651307596513076,0.0,17.746033649478996,0.0,0.0,0.9576719576719577,2
solar_67558,PV(50kW+),5.0,56.07619919738223,4213238.128211526,75134.16009850058,50000.0,380952.38095238095,145028.57802325767,0.0,250000.0,1904761.9047619049,725142.8901162883,0.0,1333333.3333333333,3.3273813092773117,25.35147664211285,9.651307596513076,0.0,17.746033649478996,0.0,0.0,0.9576719576719577,2
solar_67560,PV(50kW+),6.8,51.37871970193191,5250003.854367675,102182.45773396078,50000.0,380952.38095238095,145028.57802325767,0.0,340000.0,2590476.1904761903,986194.330558152,0.0,1333333.3333333333,3.3273813092773117,25.35147664211285,9.651307596513076,0.0,13.048554154028674,0.0,0.0,0.9576719576719577,2
solar_67562,PV(50kW+),5.0,56.07619919738223,4213238.128211526,75134.16009850058,50000.0,380952.38095238095,145028.57802325767,0.0,250000.0,1904761.9047619049,725142.8901162883,0.0,1333333.3333333333,3.3273813092773117,25.35147664211285,9.651307596513076,0.0,17.746033649478996,0.0,0.0,0.9576719576719577,2
solar_67563,PV(50kW+),19.0,43.000174403029284,12276971.553870467,285509.8083743022,50000.0,380952.38095238095,145028.57802325767,0.0,950000.0,7238095.238095238,2755542.9824418956,0.0,1333333.3333333333,3.3273813092773112,25.351476642112846,9.651307596513076,0.0,4.670008855126051,0.0,0.0,0.9576719576719577,2
solar_67564,PV(50kW+),5.0,56.07619919738223,4213238.128211526,75134.16009850058,50000.0,380952.38095238095,145028.57802325767,0.0,250000.0,1904761.9047619049,725142.8901162883,0.0,1333333.3333333333,3.3273813092773117,25.35147664211285,9.651307596513076,0.0,17.746033649478996,0.0,0.0,0.9576719576719577,2
solar_67566,PV(50kW+),14.7,44.366231415072974,9800253.430275222,220894.43068959168,50000.0,380952.38095238095,145028.57802325767,0.0,735000.0,5600000.0,2131920.0969418874,0.0,1333333.3333333333,3.327381309277312,25.351476642112853,9.651307596513076,0.0,6.036065867169726,0.0,0.0,0.9576719576719577,2
solar_67567,PV(50kW+),7.3,50.48498311603954,5537994.333855495,109695.87374381084,50000.0,380952.38095238095,145028.57802325767,0.0,365000.0,2780952.380952381,1058708.619569781,0.0,1333333.3333333333,3.3273813092773117,25.351476642112853,9.651307596513078,0.0,12.154817568136298,0.0,0.0,0.9576719576719577,2
solar_67568,PV(50kW+),5.0,56.07619919738223,4213238.128211526,75134.16009850058,50000.0,380952.38095238095,145028.57802325767,0.0,250000.0,1904761.9047619049,725142.8901162883,0.0,1333333.3333333333,3.3273813092773117,25.35147664211285,9.651307596513076,0.0,17.746033649478996,0.0,0.0,0.9576719576719577,2
solar_67569,PV(50kW+),1.8,87.62470346312267,2370099.059489483,27048.29763546021,50000.0,380952.38095238095,145028.57802325767,0.0,90000.0,685714.2857142857,261051.44044186382,0.0,1333333.3333333333,3.3273813092773112,25.351476642112846,9.651307596513076,0.0,49.29453791521942,0.0,0.0,0.9576719576719577,2
solar_67570,PV(50kW+),1.6,93.7865207025251,2254902.867694355,24042.931231520186,50000.0,380952.38095238095,145028.57802325767,0.0,80000.0,609523.8095238096,232045.72483721227,0.0,1333333.3333333333,3.3273813092773117,25.351476642112853,9.651307596513076,0.0,55.45635515462185,0.0,0.0,0.9576719576719577,2
solar_67571,PV(50kW+),4.2,59.45639608299728,3752453.3610310154,63112.69448274049,50000.0,380952.38095238095,145028.57802325767,0.0,210000.0,1600000.0,609120.0276976823,0.0,1333333.3333333333,3.3273813092773117,25.35147664211285,9.651307596513078,0.0,21.12623053509404,0.0,0.0,0.9576719576719577,2
solar_67572,PV(50kW+),5.0,56.07619919738223,4213238.128211526,75134.16009850058,50000.0,380952.38095238095,145028.57802325767,0.0,250000.0,1904761.9047619049,725142.8901162883,0.0,1333333.3333333333,3.3273813092773117,25.35147664211285,9.651307596513076,0.0,17.746033649478996,0.0,0.0,0.9576719576719577,2
solar_67573,PV(50kW+),5.0,56.07619919738223,4213238.128211526,75134.16009850058,50000.0,380952.38095238095,145028.57802325767,0.0,250000.0,1904761.9047619049,725142.8901162883,0.0,1333333.3333333333,3.3273813092773117,25.35147664211285,9.651307596513076,0.0,17.746033649478996,0.0,0.0,0.9576719576719577,2
solar_67575,PV(50kW+),2.5,73.82223284686124,2773285.73077243,37567.08004925029,50000.0,380952.38095238095,145028.57802325767,0.0,125000.0,952380.9523809524,362571.44505814416,0.0,1333333.3333333333,3.3273813092773117,25.35147664211285,9.651307596513076,0.0,35.49206729895799,0.0,0.0,0.9576719576719577,2
solar_67576,PV(50kW+),2.0,82.69524967160072,2485295.2512846105,30053.66403940023,50000.0,380952.38095238095,145028.57802325767,0.0,100000.0,761904.7619047619,290057.15604651533,0.0,1333333.3333333333,3.3273813092773117,25.35147664211285,9.651307596513076,0.0,44.365084123697486,0.0,0.0,0.9576719576719577,2
solar_67577,PV(50kW+),3.0,67.90688829703488,3061276.2102602487,45080.49605910035,50000.0,380952.38095238095,145028.57802325767,0.0,150000.0,1142857.1428571427,435085.734069773,0.0,1333333.3333333333,3.3273813092773117,25.351476642112846,9.651307596513076,0.0,29.576722749131658,0.0,0.0,0.9576719576719577,2
solar_67579,PV(50kW+),2.8,70.0195113505443,2946080.0184651213,42075.12965516032,50000.0,380952.38095238095,145028.57802325767,0.0,140000.0,1066666.6666666665,406080.01846512145,0.0,1333333.3333333333,3.3273813092773117,25.351476642112846,9.651307596513076,0.0,31.68934580264106,0.0,0.0,0.9576719576719577,2
solar_67581,PV(50kW+),5.0,56.07619919738223,4213238.128211526,75134.16009850058,50000.0,380952.38095238095,145028.57802325767,0.0,250000.0,1904761.9047619049,725142.8901162883,0.0,1333333.3333333333,3.3273813092773117,25.35147664211285,9.651307596513076,0.0,17.746033649478996,0.0,0.0,0.9576719576719577,2
solar_67583,PV(50kW+),5.0,56.07619919738223,4213238.128211526,75134.16009850058,50000.0,380952.38095238095,145028.57802325767,0.0,250000.0,1904761.9047619049,725142.8901162883,0.0,1333333.3333333333,3.3273813092773117,25.35147664211285,9.651307596513076,0.0,17.746033649478996,0.0,0.0,0.9576719576719577,2
solar_67584,PV(50kW+),5.0,56.07619919738223,4213238.128211526,75134.16009850058,50000.0,380952.38095238095,145028.57802325767,0.0,250000.0,1904761.9047619049,725142.8901162883,0.0,1333333.3333333333,3.3273813092773117,25.35147664211285,9.651307596513076,0.0,17.746033649478996,0.0,0.0,0.9576719576719577,2
solar_67586,PV(50kW+),12.0,45.72434623518615,8245104.841040996,180321.9842364014,50000.0,380952.38095238095,145028.57802325767,0.0,600000.0,4571428.571428571,1740342.936279092,0.0,1333333.3333333333,3.3273813092773117,25.351476642112846,9.651307596513076,0.0,7.3941806872829146,0.0,0.0,0.9576719576719577,2
solar_67587,PV(50kW+),5.0,56.07619919738223,4213238.128211526,75134.16009850058,50000.0,380952.38095238095,145028.57802325767,0.0,250000.0,1904761.9047619049,725142.8901162883,0.0,1333333.3333333333,3.3273813092773117,25.35147664211285,9.651307596513076,0.0,17.746033649478996,0.0,0.0,0.9576719576719577,2
solar_67588,PV(50kW+),5.0,56.07619919738223,4213238.128211526,75134.16009850058,50000.0,380952.38095238095,145028.57802325767,0.0,250000.0,1904761.9047619049,725142.8901162883,0.0,1333333.3333333333,3.3273813092773117,25.35147664211285,9.651307596513076,0.0,17.746033649478996,0.0,0.0,0.9576719576719577,2
solar_67589,PV(50kW+),13.5,44.90277060326583,9109076.279504456,202862.23226595158,50000.0,380952.38095238095,145028.57802325767,0.0,675000.0,5142857.142857143,1957885.8033139785,0.0,1333333.3333333333,3.3273813092773112,25.351476642112846,9.651307596513076,0.0,6.57260505536259,0.0,0.0,0.9576719576719577,2
solar_67590,PV(50kW+),7.0,51.00590386895966,5365200.046162804,105187.82413790081,50000.0,380952.38095238095,145028.57802325767,0.0,350000.0,2666666.6666666665,1015200.0461628037,0.0,1333333.3333333333,3.3273813092773117,25.35147664211285,9.651307596513076,0.0,12.675738321056425,0.0,0.0,0.9576719576719577,2
solar_67593,PV(50kW+),8.7,48.529035461396916,6344367.676421389,130733.438571391,50000.0,380952.38095238095,145028.57802325767,0.0,434999.99999999994,3314285.714285714,1261748.6288023416,0.0,1333333.3333333333,3.3273813092773112,25.35147664211285,9.651307596513076,0.0,10.198869913493676,0.0,0.0,0.9576719576719577,2
solar_67594,PV(50kW+),6.0,53.11852692246906,4789219.087187164,90160.9921182007,50000.0,380952.38095238095,145028.57802325767,0.0,300000.0,2285714.2857142854,870171.468139546,0.0,1333333.3333333333,3.3273813092773117,25.351476642112846,9.651307596513076,0.0,14.788361374565829,0.0,0.0,0.9576719576719577,2
solar_67595,PV(50kW+),13.0,45.15556310539516,8821085.800016636,195348.8162561015,50000.0,380952.38095238095,145028.57802325767,0.0,650000.0,4952380.952380952,1885371.5143023496,0.0,1333333.3333333333,3.3273813092773117,25.35147664211285,9.651307596513076,0.0,6.825397557491921,0.0,0.0,0.9576719576719577,2
solar_67598,PV(50kW+),18.0,43.25961933942518,11700990.594894828,270482.9763546021,50000.0,380952.38095238095,145028.57802325767,0.0,900000.0,6857142.857142857,2610514.404418638,0.0,1333333.3333333333,3.3273813092773117,25.35147664211285,9.651307596513076,0.0,4.929453791521943,0.0,0.0,0.9576719576719577,2
solar_67599,PV(50kW+),7.2,50.65380002670809,5480396.237957931,108193.19054184084,50000.0,380952.38095238095,145028.57802325767,0.0,360000.0,2742857.1428571427,1044205.7617674553,0.0,1333333.3333333333,3.3273813092773112,25.351476642112846,9.651307596513076,0.0,12.323634478804856,0.0,0.0,0.9576719576719577,2
solar_67600,PV(50kW+),5.0,56.07619919738223,4213238.128211526,75134.16009850058,50000.0,380952.38095238095,145028.57802325767,0.0,250000.0,1904761.9047619049,725142.8901162883,0.0,1333333.3333333333,3.3273813092773117,25.35147664211285,9.651307596513076,0.0,17.746033649478996,0.0,0.0,0.9576719576719577,2
solar_67601,PV(50kW+),5.4,54.761678186309716,4443630.511801782,81144.89290638063,50000.0,380952.38095238095,145028.57802325767,0.0,270000.0,2057142.8571428573,783154.3213255914,0.0,1333333.3333333333,3.3273813092773117,25.35147664211285,9.651307596513076,0.0,16.431512638406474,0.0,0.0,0.9576719576719577,2
solar_67603,PV(50kW+),4.2,59.45639608299728,3752453.3610310154,63112.69448274049,50000.0,380952.38095238095,145028.57802325767,0.0,210000.0,1600000.0,609120.0276976823,0.0,1333333.3333333333,3.3273813092773117,25.35147664211285,9.651307596513078,0.0,21.12623053509404,0.0,0.0,0.9576719576719577,2
solar_67605,PV(50kW+),4.0,60.512707609751985,3637257.169235888,60107.32807880046,50000.0,380952.38095238095,145028.57802325767,0.0,200000.0,1523809.5238095238,580114.3120930307,0.0,1333333.3333333333,3.3273813092773117,25.35147664211285,9.651307596513076,0.0,22.182542061848743,0.0,0.0,0.9576719576719577,2
solar_67606,PV(50kW+),2.5,73.82223284686124,2773285.73077243,37567.08004925029,50000.0,380952.38095238095,145028.57802325767,0.0,125000.0,952380.9523809524,362571.44505814416,0.0,1333333.3333333333,3.3273813092773117,25.35147664211285,9.651307596513076,0.0,35.49206729895799,0.0,0.0,0.9576719576719577,2
solar_67608,PV(50kW+),1.0,127.0603337952982,1909314.2923089718,15026.832019700116,50000.0,380952.38095238095,145028.57802325767,0.0,50000.0,380952.38095238095,145028.57802325767,0.0,1333333.3333333333,3.3273813092773117,25.35147664211285,9.651307596513076,0.0,88.73016824739497,0.0,0.0,0.9576719576719577,2
solar_67609,PV(50kW+),1.8,87.62470346312267,2370099.059489483,27048.29763546021,50000.0,380952.38095238095,145028.57802325767,0.0,90000.0,685714.2857142857,261051.44044186382,0.0,1333333.3333333333,3.3273813092773112,25.351476642112846,9.651307596513076,0.0,49.29453791521942,0.0,0.0,0.9576719576719577,2
solar_67611,PV(50kW+),5.5,54.462923411065965,4501228.607699346,82647.57610835064,50000.0,380952.38095238095,145028.57802325767,0.0,275000.0,2095238.0952380951,797657.1791279172,0.0,1333333.3333333333,3.3273813092773117,25.35147664211285,9.651307596513076,0.0,16.132757863162723,0.0,0.0,0.9576719576719577,2
solar_67613,PV(50kW+),1.2,112.2719724207324,2024510.4841040997,18032.198423640137,50000.0,380952.38095238095,145028.57802325767,0.0,60000.0,457142.8571428571,174034.29362790918,0.0,1333333.3333333333,3.327381309277312,25.35147664211285,9.651307596513076,0.0,73.94180687282915,0.0,0.0,0.9576719576719577,2
solar_67614,PV(50kW+),5.0,56.07619919738223,4213238.128211526,75134.16009850058,50000.0,380952.38095238095,145028.57802325767,0.0,250000.0,1904761.9047619049,725142.8901162883,0.0,1333333.3333333333,3.3273813092773117,25.35147664211285,9.651307596513076,0.0,17.746033649478996,0.0,0.0,0.9576719576719577,2
solar_67615,PV(50kW+),5.0,56.07619919738223,4213238.128211526,75134.16009850058,50000.0,380952.38095238095,145028.57802325767,0.0,250000.0,1904761.9047619049,725142.8901162883,0.0,1333333.3333333333,3.3273813092773117,25.35147664211285,9.651307596513076,0.0,17.746033649478996,0.0,0.0,0.9576719576719577,2
solar_67618,PV(50kW+),5.0,56.07619919738223,4213238.128211526,75134.16009850058,50000.0,380952.38095238095,145028.57802325767,0.0,250000.0,1904761.9047619049,725142.8901162883,0.0,1333333.3333333333,3.3273813092773117,25.35147664211285,9.651307596513076,0.0,17.746033649478996,0.0,0.0,0.9576719576719577,2
solar_67619,PV(50kW+),14.4,44.491982787305666,9627459.14258253,216386.38108368168,50000.0,380952.38095238095,145028.57802325767,0.0,720000.0,5485714.285714285,2088411.5235349105,0.0,1333333.3333333333,3.3273813092773112,25.351476642112846,9.651307596513076,0.0,6.161817239402428,0.0,0.0,0.9576719576719577,2
solar_67620,PV(50kW+),11.0,46.3965444794846,7669123.882065358,165295.15221670127,50000.0,380952.38095238095,145028.57802325767,0.0,550000.0,4190476.1904761903,1595314.3582558343,0.0,1333333.3333333333,3.3273813092773117,25.35147664211285,9.651307596513076,0.0,8.066378931581362,0.0,0.0,0.9576719576719577,2
solar_67621,PV(50kW+),8.1,49.28450730684089,5998779.101036006,121717.33935957093,50000.0,380952.38095238095,145028.57802325767,0.0,405000.0,3085714.2857142854,1174731.481988387,0.0,1333333.3333333333,3.3273813092773117,25.35147664211285,9.651307596513076,0.0,10.954341758937652,0.0,0.0,0.9576719576719577,2
solar_67622,PV(50kW+),5.2,55.39365944163304,4328434.320006655,78139.52650244061,50000.0,380952.38095238095,145028.57802325767,0.0,260000.0,1980952.380952381,754148.6057209399,0.0,1333333.3333333333,3.3273813092773112,25.35147664211285,9.651307596513076,0.0,17.0634938937298,0.0,0.0,0.9576719576719577,2
solar_67624,PV(50kW+),1.7,90.52438216401794,2312500.963591919,25545.614433490195,50000.0,380952.38095238095,145028.57802325767,0.0,85000.0,647619.0476190476,246548.582639538,0.0,1333333.3333333333,3.3273813092773117,25.35147664211285,9.651307596513076,0.0,52.194216616114694,0.0,0.0,0.9576719576719577,2
solar_67625,PV(50kW+),7.0,51.00590386895966,5365200.046162804,105187.82413790081,50000.0,380952.38095238095,145028.57802325767,0.0,350000.0,2666666.6666666665,1015200.0461628037,0.0,1333333.3333333333,3.3273813092773117,25.35147664211285,9.651307596513076,0.0,12.675738321056425,0.0,0.0,0.9576719576719577,2
solar_67626,PV(50kW+),4.6,57.61933255820649,3982845.7446212703,69123.42729062053,50000.0,380952.38095238095,145028.57802325767,0.0,229999.99999999997,1752380.9523809522,667131.4589069852,0.0,1333333.3333333333,3.3273813092773112,25.35147664211285,9.651307596513076,0.0,19.289167010303256,0.0,0.0,0.9576719576719577,2
solar_67627,PV(50kW+),4.0,60.512707609751985,3637257.169235888,60107.32807880046,50000.0,380952.38095238095,145028.57802325767,0.0,200000.0,1523809.5238095238,580114.3120930307,0.0,1333333.3333333333,3.3273813092773117,25.35147664211285,9.651307596513076,0.0,22.182542061848743,0.0,0.0,0.9576719576719577,2
solar_67630,PV(50kW+),2.0,82.69524967160072,2485295.2512846105,30053.66403940023,50000.0,380952.38095238095,145028.57802325767,0.0,100000.0,761904.7619047619,290057.15604651533,0.0,1333333.3333333333,3.3273813092773117,25.35147664211285,9.651307596513076,0.0,44.365084123697486,0.0,0.0,0.9576719576719577,2
solar_67631,PV(50kW+),5.0,56.07619919738223,4213238.128211526,75134.16009850058,50000.0,380952.38095238095,145028.57802325767,0.0,250000.0,1904761.9047619049,725142.8901162883,0.0,1333333.3333333333,3.3273813092773117,25.35147664211285,9.651307596513076,0.0,17.746033649478996,0.0,0.0,0.9576719576719577,2
solar_67632,PV(50kW+),8.0,49.42143657882761,5941181.005138442,120214.65615760093,50000.0,380952.38095238095,145028.57802325767,0.0,400000.0,3047619.0476190476,1160228.6241860613,0.0,1333333.3333333333,3.3273813092773117,25.35147664211285,9.651307596513076,0.0,11.091271030924371,0.0,0.0,0.9576719576719577,2
solar_67633,PV(50kW+),5.0,56.07619919738223,4213238.128211526,75134.16009850058,50000.0,380952.38095238095,145028.57802325767,0.0,250000.0,1904761.9047619049,725142.8901162883,0.0,1333333.3333333333,3.3273813092773117,25.35147664211285,9.651307596513076,0.0,17.746033649478996,0.0,0.0,0.9576719576719577,2
solar_67634,PV(50kW+),5.1,55.7282377532748,4270836.22410909,76636.84330047059,50000.0,380952.38095238095,145028.57802325767,0.0,254999.99999999997,1942857.1428571427,739645.7479186141,0.0,1333333.3333333333,3.3273813092773112,25.35147664211285,9.651307596513076,0.0,17.398072205371562,0.0,0.0,0.9576719576719577,2
solar_67635,PV(50kW+),2.9,68.92677528838426,3003678.114362685,43577.81285713033,50000.0,380952.38095238095,145028.57802325767,0.0,145000.0,1104761.9047619046,420582.8762674472,0.0,1333333.3333333333,3.327381309277312,25.35147664211285,9.651307596513076,0.0,30.59660974048103,0.0,0.0,0.9576719576719577,2
solar_67637,PV(50kW+),4.2,59.45639608299728,3752453.3610310154,63112.69448274049,50000.0,380952.38095238095,145028.57802325767,0.0,210000.0,1600000.0,609120.0276976823,0.0,1333333.3333333333,3.3273813092773117,25.35147664211285,9.651307596513078,0.0,21.12623053509404,0.0,0.0,0.9576719576719577,2
solar_67639,PV(50kW+),5.0,56.07619919738223,4213238.128211526,75134.16009850058,50000.0,380952.38095238095,145028.57802325767,0.0,250000.0,1904761.9047619049,725142.8901162883,0.0,1333333.3333333333,3.3273813092773117,25.35147664211285,9.651307596513076,0.0,17.746033649478996,0.0,0.0,0.9576719576719577,2
solar_67640,PV(50kW+),8.2,49.1509177731953,6056377.196933569,123220.02256154094,50000.0,380952.38095238095,145028.57802325767,0.0,409999.99999999994,3123809.5238095233,1189234.3397907128,0.0,1333333.3333333333,3.3273813092773112,25.351476642112846,9.651307596513076,0.0,10.82075222529207,0.0,0.0,0.9576719576719577,2
solar_67643,PV(50kW+),5.0,56.07619919738223,4213238.128211526,75134.16009850058,50000.0,380952.38095238095,145028.57802325767,0.0,250000.0,1904761.9047619049,725142.8901162883,0.0,1333333.3333333333,3.3273813092773117,25.35147664211285,9.651307596513076,0.0,17.746033649478996,0.0,0.0,0.9576719576719577,2
solar_67644,PV(50kW+),5.0,56.07619919738223,4213238.128211526,75134.16009850058,50000.0,380952.38095238095,145028.57802325767,0.0,250000.0,1904761.9047619049,725142.8901162883,0.0,1333333.3333333333,3.3273813092773117,25.35147664211285,9.651307596513076,0.0,17.746033649478996,0.0,0.0,0.9576719576719577,2
solar_67645,PV(50kW+),5.0,56.07619919738223,4213238.128211526,75134.16009850058,50000.0,380952.38095238095,145028.57802325767,0.0,250000.0,1904761.9047619049,725142.8901162883,0.0,1333333.3333333333,3.3273813092773117,25.35147664211285,9.651307596513076,0.0,17.746033649478996,0.0,0.0,0.9576719576719577,2
solar_67646,PV(50kW+),5.0,56.07619919738223,4213238.128211526,75134.16009850058,50000.0,380952.38095238095,145028.57802325767,0.0,250000.0,1904761.9047619049,725142.8901162883,0.0,1333333.3333333333,3.3273813092773117,25.35147664211285,9.651307596513076,0.0,17.746033649478996,0.0,0.0,0.9576719576719577,2
solar_67648,PV(50kW+),14.5,44.44948749599944,9685057.238480093,217889.06428565166,50000.0,380952.38095238095,145028.57802325767,0.0,725000.0,5523809.523809523,2102914.381337236,0.0,1333333.3333333333,3.3273813092773117,25.35147664211285,9.651307596513078,0.0,6.119321948096205,0.0,0.0,0.9576719576719577,2
solar_67649,PV(50kW+),4.8,56.815617266110536,4098041.9364163987,72128.79369456055,50000.0,380952.38095238095,145028.57802325767,0.0,240000.0,1828571.4285714284,696137.1745116367,0.0,1333333.3333333333,3.327381309277312,25.35147664211285,9.651307596513076,0.0,18.485451718207287,0.0,0.0,0.9576719576719577,2
solar_67650,PV(50kW+),5.0,56.07619919738223,4213238.128211526,75134.16009850058,50000.0,380952.38095238095,145028.57802325767,0.0,250000.0,1904761.9047619049,725142.8901162883,0.0,1333333.3333333333,3.3273813092773117,25.35147664211285,9.651307596513076,0.0,17.746033649478996,0.0,0.0,0.9576719576719577,2
solar_67653,PV(50kW+),5.0,56.07619919738223,4213238.128211526,75134.16009850058,50000.0,380952.38095238095,145028.57802325767,0.0,250000.0,1904761.9047619049,725142.8901162883,0.0,1333333.3333333333,3.3273813092773117,25.35147664211285,9.651307596513076,0.0,17.746033649478996,0.0,0.0,0.9576719576719577,2
solar_67654,PV(50kW+),4.5,58.047980713991,3925247.6487237066,67620.74408865052,50000.0,380952.38095238095,145028.57802325767,0.0,225000.0,1714285.7142857143,652628.6011046595,0.0,1333333.3333333333,3.3273813092773117,25.35147664211285,9.651307596513076,0.0,19.71781516608777,0.0,0.0,0.9576719576719577,2
solar_67655,PV(50kW+),5.6,54.17483844922377,4558826.7035969095,84150.25931032065,50000.0,380952.38095238095,145028.57802325767,0.0,280000.0,2133333.333333333,812160.0369302429,0.0,1333333.3333333333,3.3273813092773117,25.351476642112846,9.651307596513076,0.0,15.84467290132053,0.0,0.0,0.9576719576719577,2
solar_67656,PV(50kW+),12.0,45.72434623518615,8245104.841040996,180321.9842364014,50000.0,380952.38095238095,145028.57802325767,0.0,600000.0,4571428.571428571,1740342.936279092,0.0,1333333.3333333333,3.3273813092773117,25.351476642112846,9.651307596513076,0.0,7.3941806872829146,0.0,0.0,0.9576719576719577,2
solar_67657,PV(50kW+),12.0,45.72434623518615,8245104.841040996,180321.9842364014,50000.0,380952.38095238095,145028.57802325767,0.0,600000.0,4571428.571428571,1740342.936279092,0.0,1333333.3333333333,3.3273813092773117,25.351476642112846,9.651307596513076,0.0,7.3941806872829146,0.0,0.0,0.9576719576719577,2
solar_67658,PV(50kW+),3.5,63.681642190016085,3349266.6897480683,52593.912068950405,50000.0,380952.38095238095,145028.57802325767,0.0,175000.0,1333333.3333333333,507600.0230814018,0.0,1333333.3333333333,3.3273813092773117,25.35147664211285,9.651307596513076,0.0,25.35147664211285,0.0,0.0,0.9576719576719577,2
solar_67659,PV(50kW+),2.7,71.19319082471618,2888481.9225675575,40572.446453190314,50000.0,380952.38095238095,145028.57802325767,0.0,135000.0,1028571.4285714286,391577.1606627957,0.0,1333333.3333333333,3.3273813092773117,25.35147664211285,9.651307596513076,0.0,32.86302527681295,0.0,0.0,0.9576719576719577,2
solar_67660,PV(50kW+),3.0,67.90688829703488,3061276.2102602487,45080.49605910035,50000.0,380952.38095238095,145028.57802325767,0.0,150000.0,1142857.1428571427,435085.734069773,0.0,1333333.3333333333,3.3273813092773117,25.351476642112846,9.651307596513076,0.0,29.576722749131658,0.0,0.0,0.9576719576719577,2
solar_67661,PV(50kW+),5.0,56.07619919738223,4213238.128211526,75134.16009850058,50000.0,380952.38095238095,145028.57802325767,0.0,250000.0,1904761.9047619049,725142.8901162883,0.0,1333333.3333333333,3.3273813092773117,25.35147664211285,9.651307596513076,0.0,17.746033649478996,0.0,0.0,0.9576719576719577,2
solar_67664,PV(50kW+),1.8,87.62470346312267,2370099.059489483,27048.29763546021,50000.0,380952.38095238095,145028.57802325767,0.0,90000.0,685714.2857142857,261051.44044186382,0.0,1333333.3333333333,3.3273813092773112,25.351476642112846,9.651307596513076,0.0,49.29453791521942,0.0,0.0,0.9576719576719577,2
solar_67666,PV(50kW+),1.5,97.48361104616654,2197304.771796791,22540.248029550174,50000.0,380952.38095238095,145028.57802325767,0.0,75000.0,571428.5714285714,217542.8670348865,0.0,1333333.3333333333,3.3273813092773117,25.351476642112846,9.651307596513076,0.0,59.153445498263316,0.0,0.0,0.9576719576719577,2
solar_67667,PV(50kW+),6.1,52.87609476878767,4846817.183084729,91663.6753201707,50000.0,380952.38095238095,145028.57802325767,0.0,305000.0,2323809.523809524,884674.3259418717,0.0,1333333.3333333333,3.3273813092773117,25.35147664211285,9.651307596513076,0.0,14.545929220884421,0.0,0.0,0.9576719576719577,2
solar_67669,PV(50kW+),10.5,46.78065776194086,7381133.402577539,157781.7362068512,50000.0,380952.38095238095,145028.57802325767,0.0,525000.0,4000000.0,1522800.0692442055,0.0,1333333.3333333333,3.327381309277312,25.351476642112853,9.651307596513078,0.0,8.450492214037617,0.0,0.0,0.9576719576719577,2
solar_67670,PV(50kW+),5.0,56.07619919738223,4213238.128211526,75134.16009850058,50000.0,380952.38095238095,145028.57802325767,0.0,250000.0,1904761.9047619049,725142.8901162883,0.0,1333333.3333333333,3.3273813092773117,25.35147664211285,9.651307596513076,0.0,17.746033649478996,0.0,0.0,0.9576719576719577,2
solar_67674,PV(50kW+),2.3,76.90849956850974,2658089.5389773017,34561.713645310265,50000.0,380952.38095238095,145028.57802325767,0.0,114999.99999999999,876190.4761904761,333565.7294534926,0.0,1333333.3333333333,3.3273813092773112,25.35147664211285,9.651307596513076,0.0,38.57833402060651,0.0,0.0,0.9576719576719577,2
solar_67675,PV(50kW+),11.3,46.18239282643376,7841918.16975805,169803.20182261133,50000.0,380952.38095238095,145028.57802325767,0.0,565000.0,4304761.904761905,1638822.9316628117,0.0,1333333.3333333333,3.3273813092773112,25.351476642112846,9.651307596513076,0.0,7.852227278530528,0.0,0.0,0.9576719576719577,2
solar_67676,PV(50kW+),5.3,55.071706726657006,4386032.415904217,79642.2097044106,50000.0,380952.38095238095,145028.57802325767,0.0,265000.0,2019047.619047619,768651.4635232656,0.0,1333333.3333333333,3.327381309277312,25.351476642112853,9.651307596513076,0.0,16.74154117875377,0.0,0.0,0.9576719576719577,2
solar_67677,PV(50kW+),12.6,45.37224239293459,8590693.41642638,189338.08344822144,50000.0,380952.38095238095,145028.57802325767,0.0,630000.0,4800000.0,1827360.0830930464,0.0,1333333.3333333333,3.327381309277312,25.351476642112853,9.651307596513076,0.0,7.042076845031348,0.0,0.0,0.9576719576719577,2
solar_67678,PV(50kW+),5.5,54.462923411065965,4501228.607699346,82647.57610835064,50000.0,380952.38095238095,145028.57802325767,0.0,275000.0,2095238.0952380951,797657.1791279172,0.0,1333333.3333333333,3.3273813092773117,25.35147664211285,9.651307596513076,0.0,16.132757863162723,0.0,0.0,0.9576719576719577,2
solar_67679,PV(50kW+),5.0,56.07619919738223,4213238.128211526,75134.16009850058,50000.0,380952.38095238095,145028.57802325767,0.0,250000.0,1904761.9047619049,725142.8901162883,0.0,1333333.3333333333,3.3273813092773117,25.35147664211285,9.651307596513076,0.0,17.746033649478996,0.0,0.0,0.9576719576719577,2
solar_67680,PV(50kW+),3.8,61.68020982353349,3522060.9774407595,57101.96167486044,50000.0,380952.38095238095,145028.57802325767,0.0,190000.0,1447619.0476190476,551108.5964883791,0.0,1333333.3333333333,3.3273813092773117,25.35147664211285,9.651307596513076,0.0,23.350044275630257,0.0,0.0,0.9576719576719577,2
solar_67681,PV(50kW+),5.0,56.07619919738223,4213238.128211526,75134.16009850058,50000.0,380952.38095238095,145028.57802325767,0.0,250000.0,1904761.9047619049,725142.8901162883,0.0,1333333.3333333333,3.3273813092773117,25.35147664211285,9.651307596513076,0.0,17.746033649478996,0.0,0.0,0.9576719576719577,2
solar_67683,PV(50kW+),12.3,45.544000364764614,8417899.128733689,184830.03384231144,50000.0,380952.38095238095,145028.57802325767,0.0,615000.0,4685714.285714286,1783851.5096860693,0.0,1333333.3333333333,3.3273813092773112,25.35147664211285,9.651307596513076,0.0,7.213834816861379,0.0,0.0,0.9576719576719577,2
solar_67686,PV(50kW+),10.0,47.203182372642736,7093142.923089719,150268.32019700116,50000.0,380952.38095238095,145028.57802325767,0.0,500000.0,3809523.8095238097,1450285.7802325767,0.0,1333333.3333333333,3.3273813092773117,25.35147664211285,9.651307596513076,0.0,8.873016824739498,0.0,0.0,0.9576719576719577,2
solar_67687,PV(50kW+),2.4,75.30106898431782,2715687.634874866,36064.39684728027,50000.0,380952.38095238095,145028.57802325767,0.0,120000.0,914285.7142857142,348068.58725581836,0.0,1333333.3333333333,3.327381309277312,25.35147664211285,9.651307596513076,0.0,36.970903436414574,0.0,0.0,0.9576719576719577,2
solar_67688,PV(50kW+),5.0,56.07619919738223,4213238.128211526,75134.16009850058,50000.0,380952.38095238095,145028.57802325767,0.0,250000.0,1904761.9047619049,725142.8901162883,0.0,1333333.3333333333,3.3273813092773117,25.35147664211285,9.651307596513076,0.0,17.746033649478996,0.0,0.0,0.9576719576719577,2
solar_67690,PV(50kW+),5.0,56.07619919738223,4213238.128211526,75134.16009850058,50000.0,380952.38095238095,145028.57802325767,0.0,250000.0,1904761.9047619049,725142.8901162883,0.0,1333333.3333333333,3.3273813092773117,25.35147664211285,9.651307596513076,0.0,17.746033649478996,0.0,0.0,0.9576719576719577,2
solar_67691,PV(50kW+),8.3,49.02054726445685,6113975.292831134,124722.70576351097,50000.0,380952.38095238095,145028.57802325767,0.0,415000.00000000006,3161904.761904762,1203737.1975930387,0.0,1333333.3333333333,3.327381309277312,25.35147664211285,9.651307596513076,0.0,10.69038171655361,0.0,0.0,0.9576719576719577,2
solar_67698,PV(50kW+),2.2,78.66206020581004,2600491.443079738,33059.030443340256,50000.0,380952.38095238095,145028.57802325767,0.0,110000.00000000001,838095.2380952381,319062.8716511669,0.0,1333333.3333333333,3.3273813092773117,25.35147664211285,9.651307596513076,0.0,40.3318946579068,0.0,0.0,0.9576719576719577,2
solar_67699,PV(50kW+),18.8,43.04985534829659,12161775.36207534,282504.4419703622,50000.0,380952.38095238095,145028.57802325767,0.0,940000.0,7161904.761904762,2726537.2668372444,0.0,1333333.3333333333,3.3273813092773112,25.351476642112846,9.651307596513076,0.0,4.719689800393349,0.0,0.0,0.9576719576719577,2
solar_67700,PV(50kW+),5.3,55.071706726657006,4386032.415904217,79642.2097044106,50000.0,380952.38095238095,145028.57802325767,0.0,265000.0,2019047.619047619,768651.4635232656,0.0,1333333.3333333333,3.327381309277312,25.351476642112853,9.651307596513076,0.0,16.74154117875377,0.0,0.0,0.9576719576719577,2
solar_67701,PV(50kW+),7.9,49.56183241466209,5883582.909240878,118711.97295563092,50000.0,380952.38095238095,145028.57802325767,0.0,395000.0,3009523.8095238097,1145725.7663837357,0.0,1333333.3333333333,3.3273813092773117,25.35147664211285,9.651307596513078,0.0,11.231666866758857,0.0,0.0,0.9576719576719577,2
solar_67704,PV(50kW+),5.0,56.07619919738223,4213238.128211526,75134.16009850058,50000.0,380952.38095238095,145028.57802325767,0.0,250000.0,1904761.9047619049,725142.8901162883,0.0,1333333.3333333333,3.3273813092773117,25.35147664211285,9.651307596513076,0.0,17.746033649478996,0.0,0.0,0.9576719576719577,2
solar_67705,PV(50kW+),18.9,43.024883444590806,12219373.457972903,284007.12517233216,50000.0,380952.38095238095,145028.57802325767,0.0,944999.9999999999,7199999.999999999,2741040.12463957,0.0,1333333.3333333333,3.3273813092773117,25.35147664211285,9.651307596513076,0.0,4.694717896687565,0.0,0.0,0.9576719576719577,2
solar_67706,PV(50kW+),5.0,56.07619919738223,4213238.128211526,75134.16009850058,50000.0,380952.38095238095,145028.57802325767,0.0,250000.0,1904761.9047619049,725142.8901162883,0.0,1333333.3333333333,3.3273813092773117,25.35147664211285,9.651307596513076,0.0,17.746033649478996,0.0,0.0,0.9576719576719577,2
solar_67707,PV(50kW+),8.7,48.529035461396916,6344367.676421389,130733.438571391,50000.0,380952.38095238095,145028.57802325767,0.0,434999.99999999994,3314285.714285714,1261748.6288023416,0.0,1333333.3333333333,3.3273813092773112,25.35147664211285,9.651307596513076,0.0,10.198869913493676,0.0,0.0,0.9576719576719577,2
solar_67708,PV(50kW+),5.0,56.07619919738223,4213238.128211526,75134.16009850058,50000.0,380952.38095238095,145028.57802325767,0.0,250000.0,1904761.9047619049,725142.8901162883,0.0,1333333.3333333333,3.3273813092773117,25.35147664211285,9.651307596513076,0.0,17.746033649478996,0.0,0.0,0.9576719576719577,2
solar_67712,PV(50kW+),1.9,85.03025409916376,2427697.1553870467,28550.98083743022,50000.0,380952.38095238095,145028.57802325767,0.0,95000.0,723809.5238095238,275554.29824418953,0.0,1333333.3333333333,3.3273813092773117,25.35147664211285,9.651307596513076,0.0,46.700088551260514,0.0,0.0,0.9576719576719577,2
solar_67713,PV(50kW+),4.1,59.971669998487386,3694855.2651334517,61610.01128077047,50000.0,380952.38095238095,145028.57802325767,0.0,204999.99999999997,1561904.7619047617,594617.1698953564,0.0,1333333.3333333333,3.3273813092773112,25.351476642112846,9.651307596513076,0.0,21.64150445058414,0.0,0.0,0.9576719576719577,2
solar_67716,PV(50kW+),1.1,118.99395486371684,1966912.3882065357,16529.515221670128,50000.0,380952.38095238095,145028.57802325767,0.0,55000.00000000001,419047.61904761905,159531.43582558344,0.0,1333333.3333333333,3.3273813092773117,25.35147664211285,9.651307596513076,0.0,80.6637893158136,0.0,0.0,0.9576719576719577,2
solar_67720,PV(50kW+),3.0,67.90688829703488,3061276.2102602487,45080.49605910035,50000.0,380952.38095238095,145028.57802325767,0.0,150000.0,1142857.1428571427,435085.734069773,0.0,1333333.3333333333,3.3273813092773117,25.351476642112846,9.651307596513076,0.0,29.576722749131658,0.0,0.0,0.9576719576719577,2
solar_67721,PV(50kW+),4.7,57.20892474947663,4040443.840518835,70626.11049259055,50000.0,380952.38095238095,145028.57802325767,0.0,235000.0,1790476.1904761905,681634.3167093111,0.0,1333333.3333333333,3.3273813092773112,25.351476642112846,9.651307596513076,0.0,18.878759201573395,0.0,0.0,0.9576719576719577,2
solar_67724,PV(50kW+),3.0,67.90688829703488,3061276.2102602487,45080.49605910035,50000.0,380952.38095238095,145028.57802325767,0.0,150000.0,1142857.1428571427,435085.734069773,0.0,1333333.3333333333,3.3273813092773117,25.351476642112846,9.651307596513076,0.0,29.576722749131658,0.0,0.0,0.9576719576719577,2
solar_67725,PV(50kW+),8.0,49.42143657882761,5941181.005138442,120214.65615760093,50000.0,380952.38095238095,145028.57802325767,0.0,400000.0,3047619.0476190476,1160228.6241860613,0.0,1333333.3333333333,3.3273813092773117,25.35147664211285,9.651307596513076,0.0,11.091271030924371,0.0,0.0,0.9576719576719577,2
solar_67731,PV(50kW+),15.0,44.24551009772958,9973047.717967914,225402.48029550174,50000.0,380952.38095238095,145028.57802325767,0.0,750000.0,5714285.714285715,2175428.670348865,0.0,1333333.3333333333,3.3273813092773117,25.35147664211285,9.651307596513076,0.0,5.915344549826331,0.0,0.0,0.9576719576719577,2
solar_67732,PV(50kW+),8.9,48.29984737345324,6459563.868216517,133738.80497533103,50000.0,380952.38095238095,145028.57802325767,0.0,445000.0,3390476.1904761908,1290754.3444069934,0.0,1333333.3333333333,3.3273813092773117,25.351476642112853,9.651307596513078,0.0,9.969681825549996,0.0,0.0,0.9576719576719577,2
solar_67733,PV(50kW+),16.2,43.807336427372064,10664224.86873868,243434.67871914187,50000.0,380952.38095238095,145028.57802325767,0.0,810000.0,6171428.571428571,2349462.963976774,0.0,1333333.3333333333,3.3273813092773117,25.35147664211285,9.651307596513076,0.0,5.477170879468826,0.0,0.0,0.9576719576719577,2
solar_67734,PV(50kW+),4.0,60.512707609751985,3637257.169235888,60107.32807880046,50000.0,380952.38095238095,145028.57802325767,0.0,200000.0,1523809.5238095238,580114.3120930307,0.0,1333333.3333333333,3.3273813092773117,25.35147664211285,9.651307596513076,0.0,22.182542061848743,0.0,0.0,0.9576719576719577,2
solar_67739,PV(50kW+),4.7,57.20892474947663,4040443.840518835,70626.11049259055,50000.0,380952.38095238095,145028.57802325767,0.0,235000.0,1790476.1904761905,681634.3167093111,0.0,1333333.3333333333,3.3273813092773112,25.351476642112846,9.651307596513076,0.0,18.878759201573395,0.0,0.0,0.9576719576719577,2
solar_67740,PV(50kW+),5.0,56.07619919738223,4213238.128211526,75134.16009850058,50000.0,380952.38095238095,145028.57802325767,0.0,250000.0,1904761.9047619049,725142.8901162883,0.0,1333333.3333333333,3.3273813092773117,25.35147664211285,9.651307596513076,0.0,17.746033649478996,0.0,0.0,0.9576719576719577,2
solar_67744,PV(50kW+),5.0,56.07619919738223,4213238.128211526,75134.16009850058,50000.0,380952.38095238095,145028.57802325767,0.0,250000.0,1904761.9047619049,725142.8901162883,0.0,1333333.3333333333,3.3273813092773117,25.35147664211285,9.651307596513076,0.0,17.746033649478996,0.0,0.0,0.9576719576719577,2
solar_67748,PV(50kW+),14.4,44.491982787305666,9627459.14258253,216386.38108368168,50000.0,380952.38095238095,145028.57802325767,0.0,720000.0,5485714.285714285,2088411.5235349105,0.0,1333333.3333333333,3.3273813092773112,25.351476642112846,9.651307596513076,0.0,6.161817239402428,0.0,0.0,0.9576719576719577,2
solar_67749,PV(50kW+),1.0,127.0603337952982,1909314.2923089718,15026.832019700116,50000.0,380952.38095238095,145028.57802325767,0.0,50000.0,380952.38095238095,145028.57802325767,0.0,1333333.3333333333,3.3273813092773117,25.35147664211285,9.651307596513076,0.0,88.73016824739497,0.0,0.0,0.9576719576719577,2
solar_67750,PV(50kW+),11.5,46.04583235202453,7957114.361553176,172808.56822655135,50000.0,380952.38095238095,145028.57802325767,0.0,575000.0,4380952.380952381,1667828.6472674632,0.0,1333333.3333333333,3.3273813092773112,25.351476642112846,9.651307596513076,0.0,7.715666804121301,0.0,0.0,0.9576719576719577,2
solar_67751,PV(50kW+),5.0,56.07619919738223,4213238.128211526,75134.16009850058,50000.0,380952.38095238095,145028.57802325767,0.0,250000.0,1904761.9047619049,725142.8901162883,0.0,1333333.3333333333,3.3273813092773117,25.35147664211285,9.651307596513076,0.0,17.746033649478996,0.0,0.0,0.9576719576719577,2
solar_67752,PV(50kW+),10.0,47.203182372642736,7093142.923089719,150268.32019700116,50000.0,380952.38095238095,145028.57802325767,0.0,500000.0,3809523.8095238097,1450285.7802325767,0.0,1333333.3333333333,3.3273813092773117,25.35147664211285,9.651307596513076,0.0,8.873016824739498,0.0,0.0,0.9576719576719577,2
solar_67753,PV(50kW+),4.4,58.496112876856635,3867649.552826143,66118.06088668051,50000.0,380952.38095238095,145028.57802325767,0.0,220000.00000000003,1676190.4761904762,638125.7433023338,0.0,1333333.3333333333,3.3273813092773117,25.35147664211285,9.651307596513076,0.0,20.1659473289534,0.0,0.0,0.9576719576719577,2
solar_67756,PV(50kW+),5.0,56.07619919738223,4213238.128211526,75134.16009850058,50000.0,380952.38095238095,145028.57802325767,0.0,250000.0,1904761.9047619049,725142.8901162883,0.0,1333333.3333333333,3.3273813092773117,25.35147664211285,9.651307596513076,0.0,17.746033649478996,0.0,0.0,0.9576719576719577,2
solar_67759,PV(50kW+),3.3,65.21809531984111,3234070.497952941,49588.54566501038,50000.0,380952.38095238095,145028.57802325767,0.0,165000.0,1257142.857142857,478594.3074767503,0.0,1333333.3333333333,3.3273813092773117,25.35147664211285,9.651307596513076,0.0,26.88792977193787,0.0,0.0,0.9576719576719577,2
solar_67760,PV(50kW+),4.1,59.971669998487386,3694855.2651334517,61610.01128077047,50000.0,380952.38095238095,145028.57802325767,0.0,204999.99999999997,1561904.7619047617,594617.1698953564,0.0,1333333.3333333333,3.3273813092773112,25.351476642112846,9.651307596513076,0.0,21.64150445058414,0.0,0.0,0.9576719576719577,2
solar_67761,PV(50kW+),1.0,127.0603337952982,1909314.2923089718,15026.832019700116,50000.0,380952.38095238095,145028.57802325767,0.0,50000.0,380952.38095238095,145028.57802325767,0.0,1333333.3333333333,3.3273813092773117,25.35147664211285,9.651307596513076,0.0,88.73016824739497,0.0,0.0,0.9576719576719577,2
solar_67762,PV(50kW+),3.0,67.90688829703488,3061276.2102602487,45080.49605910035,50000.0,380952.38095238095,145028.57802325767,0.0,150000.0,1142857.1428571427,435085.734069773,0.0,1333333.3333333333,3.3273813092773117,25.351476642112846,9.651307596513076,0.0,29.576722749131658,0.0,0.0,0.9576719576719577,2
solar_67763,PV(50kW+),5.0,56.07619919738223,4213238.128211526,75134.16009850058,50000.0,380952.38095238095,145028.57802325767,0.0,250000.0,1904761.9047619049,725142.8901162883,0.0,1333333.3333333333,3.3273813092773117,25.35147664211285,9.651307596513076,0.0,17.746033649478996,0.0,0.0,0.9576719576719577,2
solar_67764,PV(50kW+),18.0,43.25961933942518,11700990.594894828,270482.9763546021,50000.0,380952.38095238095,145028.57802325767,0.0,900000.0,6857142.857142857,2610514.404418638,0.0,1333333.3333333333,3.3273813092773117,25.35147664211285,9.651307596513076,0.0,4.929453791521943,0.0,0.0,0.9576719576719577,2
solar_67765,PV(50kW+),3.8,61.68020982353349,3522060.9774407595,57101.96167486044,50000.0,380952.38095238095,145028.57802325767,0.0,190000.0,1447619.0476190476,551108.5964883791,0.0,1333333.3333333333,3.3273813092773117,25.35147664211285,9.651307596513076,0.0,23.350044275630257,0.0,0.0,0.9576719576719577,2
solar_67766,PV(50kW+),2.4,75.30106898431782,2715687.634874866,36064.39684728027,50000.0,380952.38095238095,145028.57802325767,0.0,120000.0,914285.7142857142,348068.58725581836,0.0,1333333.3333333333,3.327381309277312,25.35147664211285,9.651307596513076,0.0,36.970903436414574,0.0,0.0,0.9576719576719577,2
solar_67767,PV(50kW+),3.8,61.68020982353349,3522060.9774407595,57101.96167486044,50000.0,380952.38095238095,145028.57802325767,0.0,190000.0,1447619.0476190476,551108.5964883791,0.0,1333333.3333333333,3.3273813092773117,25.35147664211285,9.651307596513076,0.0,23.350044275630257,0.0,0.0,0.9576719576719577,2
solar_67768,PV(50kW+),1.2,112.2719724207324,2024510.4841040997,18032.198423640137,50000.0,380952.38095238095,145028.57802325767,0.0,60000.0,457142.8571428571,174034.29362790918,0.0,1333333.3333333333,3.327381309277312,25.35147664211285,9.651307596513076,0.0,73.94180687282915,0.0,0.0,0.9576719576719577,2
solar_67769,PV(50kW+),5.0,56.07619919738223,4213238.128211526,75134.16009850058,50000.0,380952.38095238095,145028.57802325767,0.0,250000.0,1904761.9047619049,725142.8901162883,0.0,1333333.3333333333,3.3273813092773117,25.35147664211285,9.651307596513076,0.0,17.746033649478996,0.0,0.0,0.9576719576719577,2
solar_67770,PV(50kW+),6.4,52.1942543365587,5019611.47077742,96171.72492608074,50000.0,380952.38095238095,145028.57802325767,0.0,320000.0,2438095.2380952383,928182.8993488491,0.0,1333333.3333333333,3.3273813092773117,25.351476642112853,9.651307596513076,0.0,13.864088788655463,0.0,0.0,0.9576719576719577,2
solar_67773,PV(50kW+),8.3,49.02054726445685,6113975.292831134,124722.70576351097,50000.0,380952.38095238095,145028.57802325767,0.0,415000.00000000006,3161904.761904762,1203737.1975930387,0.0,1333333.3333333333,3.327381309277312,25.35147664211285,9.651307596513076,0.0,10.69038171655361,0.0,0.0,0.9576719576719577,2
solar_67776,PV(50kW+),5.0,56.07619919738223,4213238.128211526,75134.16009850058,50000.0,380952.38095238095,145028.57802325767,0.0,250000.0,1904761.9047619049,725142.8901162883,0.0,1333333.3333333333,3.3273813092773117,25.35147664211285,9.651307596513076,0.0,17.746033649478996,0.0,0.0,0.9576719576719577,2
solar_67777,PV(50kW+),5.0,56.07619919738223,4213238.128211526,75134.16009850058,50000.0,380952.38095238095,145028.57802325767,0.0,250000.0,1904761.9047619049,725142.8901162883,0.0,1333333.3333333333,3.3273813092773117,25.35147664211285,9.651307596513076,0.0,17.746033649478996,0.0,0.0,0.9576719576719577,2
solar_67778,PV(50kW+),6.6,51.77413043387217,5134807.662572548,99177.09133002076,50000.0,380952.38095238095,145028.57802325767,0.0,330000.0,2514285.714285714,957188.6149535006,0.0,1333333.3333333333,3.3273813092773117,25.35147664211285,9.651307596513076,0.0,13.443964885968935,0.0,0.0,0.9576719576719577,2
solar_67779,PV(50kW+),8.3,49.02054726445685,6113975.292831134,124722.70576351097,50000.0,380952.38095238095,145028.57802325767,0.0,415000.00000000006,3161904.761904762,1203737.1975930387,0.0,1333333.3333333333,3.327381309277312,25.35147664211285,9.651307596513076,0.0,10.69038171655361,0.0,0.0,0.9576719576719577,2
solar_67781,PV(50kW+),1.0,127.0603337952982,1909314.2923089718,15026.832019700116,50000.0,380952.38095238095,145028.57802325767,0.0,50000.0,380952.38095238095,145028.57802325767,0.0,1333333.3333333333,3.3273813092773117,25.35147664211285,9.651307596513076,0.0,88.73016824739497,0.0,0.0,0.9576719576719577,2
solar_67782,PV(50kW+),5.0,56.07619919738223,4213238.128211526,75134.16009850058,50000.0,380952.38095238095,145028.57802325767,0.0,250000.0,1904761.9047619049,725142.8901162883,0.0,1333333.3333333333,3.3273813092773117,25.35147664211285,9.651307596513076,0.0,17.746033649478996,0.0,0.0,0.9576719576719577,2
solar_67784,PV(50kW+),8.3,49.02054726445685,6113975.292831134,124722.70576351097,50000.0,380952.38095238095,145028.57802325767,0.0,415000.00000000006,3161904.761904762,1203737.1975930387,0.0,1333333.3333333333,3.327381309277312,25.35147664211285,9.651307596513076,0.0,10.69038171655361,0.0,0.0,0.9576719576719577,2
solar_67785,PV(50kW+),5.0,56.07619919738223,4213238.128211526,75134.16009850058,50000.0,380952.38095238095,145028.57802325767,0.0,250000.0,1904761.9047619049,725142.8901162883,0.0,1333333.3333333333,3.3273813092773117,25.35147664211285,9.651307596513076,0.0,17.746033649478996,0.0,0.0,0.9576719576719577,2
solar_67787,PV(50kW+),10.0,47.203182372642736,7093142.923089719,150268.32019700116,50000.0,380952.38095238095,145028.57802325767,0.0,500000.0,3809523.8095238097,1450285.7802325767,0.0,1333333.3333333333,3.3273813092773117,25.35147664211285,9.651307596513076,0.0,8.873016824739498,0.0,0.0,0.9576719576719577,2
solar_67788,PV(50kW+),7.0,51.00590386895966,5365200.046162804,105187.82413790081,50000.0,380952.38095238095,145028.57802325767,0.0,350000.0,2666666.6666666665,1015200.0461628037,0.0,1333333.3333333333,3.3273813092773117,25.35147664211285,9.651307596513076,0.0,12.675738321056425,0.0,0.0,0.9576719576719577,2
solar_67792,PV(50kW+),2.5,73.82223284686124,2773285.73077243,37567.08004925029,50000.0,380952.38095238095,145028.57802325767,0.0,125000.0,952380.9523809524,362571.44505814416,0.0,1333333.3333333333,3.3273813092773117,25.35147664211285,9.651307596513076,0.0,35.49206729895799,0.0,0.0,0.9576719576719577,2
solar_67794,PV(50kW+),12.0,45.72434623518615,8245104.841040996,180321.9842364014,50000.0,380952.38095238095,145028.57802325767,0.0,600000.0,4571428.571428571,1740342.936279092,0.0,1333333.3333333333,3.3273813092773117,25.351476642112846,9.651307596513076,0.0,7.3941806872829146,0.0,0.0,0.9576719576719577,2
solar_67795,PV(50kW+),17.8,43.31500646067824,11585794.403099703,267477.60995066207,50000.0,380952.38095238095,145028.57802325767,0.0,890000.0,6780952.3809523815,2581508.6888139867,0.0,1333333.3333333333,3.3273813092773117,25.351476642112853,9.651307596513078,0.0,4.984840912774998,0.0,0.0,0.9576719576719577,2
solar_67796,PV(50kW+),6.7,51.57347424154428,5192405.758470112,100679.77453199078,50000.0,380952.38095238095,145028.57802325767,0.0,335000.0,2552380.9523809524,971691.4727558264,0.0,1333333.3333333333,3.3273813092773112,25.35147664211285,9.651307596513076,0.0,13.243308693641039,0.0,0.0,0.9576719576719577,2
solar_67799,PV(50kW+),5.0,56.07619919738223,4213238.128211526,75134.16009850058,50000.0,380952.38095238095,145028.57802325767,0.0,250000.0,1904761.9047619049,725142.8901162883,0.0,1333333.3333333333,3.3273813092773117,25.35147664211285,9.651307596513076,0.0,17.746033649478996,0.0,0.0,0.9576719576719577,2
solar_67800,PV(50kW+),9.0,48.18907313094712,6517161.96411408,135241.48817730104,50000.0,380952.38095238095,145028.57802325767,0.0,450000.0,3428571.4285714286,1305257.202209319,0.0,1333333.3333333333,3.3273813092773117,25.35147664211285,9.651307596513076,0.0,9.858907583043885,0.0,0.0,0.9576719576719577,2
solar_67807,PV(50kW+),6.3,52.41431923796594,4962013.374879857,94669.04172411072,50000.0,380952.38095238095,145028.57802325767,0.0,315000.0,2400000.0,913680.0415465232,0.0,1333333.3333333333,3.327381309277312,25.351476642112853,9.651307596513076,0.0,14.084153690062696,0.0,0.0,0.9576719576719577,2
solar_67808,PV(50kW+),1.2,112.2719724207324,2024510.4841040997,18032.198423640137,50000.0,380952.38095238095,145028.57802325767,0.0,60000.0,457142.8571428571,174034.29362790918,0.0,1333333.3333333333,3.327381309277312,25.35147664211285,9.651307596513076,0.0,73.94180687282915,0.0,0.0,0.9576719576719577,2
solar_67811,PV(50kW+),11.9,45.78648220734819,8187506.745143432,178819.30103443138,50000.0,380952.38095238095,145028.57802325767,0.0,595000.0,4533333.333333333,1725840.0784767664,0.0,1333333.3333333333,3.3273813092773117,25.35147664211285,9.651307596513078,0.0,7.456316659444956,0.0,0.0,0.9576719576719577,2
solar_67812,PV(50kW+),5.0,56.07619919738223,4213238.128211526,75134.16009850058,50000.0,380952.38095238095,145028.57802325767,0.0,250000.0,1904761.9047619049,725142.8901162883,0.0,1333333.3333333333,3.3273813092773117,25.35147664211285,9.651307596513076,0.0,17.746033649478996,0.0,0.0,0.9576719576719577,2
solar_67813,PV(50kW+),8.0,49.42143657882761,5941181.005138442,120214.65615760093,50000.0,380952.38095238095,145028.57802325767,0.0,400000.0,3047619.0476190476,1160228.6241860613,0.0,1333333.3333333333,3.3273813092773117,25.35147664211285,9.651307596513076,0.0,11.091271030924371,0.0,0.0,0.9576719576719577,2
solar_67814,PV(50kW+),4.0,60.512707609751985,3637257.169235888,60107.32807880046,50000.0,380952.38095238095,145028.57802325767,0.0,200000.0,1523809.5238095238,580114.3120930307,0.0,1333333.3333333333,3.3273813092773117,25.35147664211285,9.651307596513076,0.0,22.182542061848743,0.0,0.0,0.9576719576719577,2
solar_67815,PV(50kW+),3.0,67.90688829703488,3061276.2102602487,45080.49605910035,50000.0,380952.38095238095,145028.57802325767,0.0,150000.0,1142857.1428571427,435085.734069773,0.0,1333333.3333333333,3.3273813092773117,25.351476642112846,9.651307596513076,0.0,29.576722749131658,0.0,0.0,0.9576719576719577,2
solar_67817,PV(50kW+),3.2,66.05834312521417,3176472.402055377,48085.86246304037,50000.0,380952.38095238095,145028.57802325767,0.0,160000.0,1219047.6190476192,464091.44967442454,0.0,1333333.3333333333,3.3273813092773117,25.351476642112853,9.651307596513076,0.0,27.728177577310927,0.0,0.0,0.9576719576719577,2
solar_67818,PV(50kW+),12.3,45.544000364764614,8417899.128733689,184830.03384231144,50000.0,380952.38095238095,145028.57802325767,0.0,615000.0,4685714.285714286,1783851.5096860693,0.0,1333333.3333333333,3.3273813092773112,25.35147664211285,9.651307596513076,0.0,7.213834816861379,0.0,0.0,0.9576719576719577,2
solar_67819,PV(50kW+),4.3,58.965088396134625,3810051.456928579,64615.3776847105,50000.0,380952.38095238095,145028.57802325767,0.0,215000.0,1638095.238095238,623622.8855000079,0.0,1333333.3333333333,3.3273813092773117,25.35147664211285,9.651307596513076,0.0,20.63492284823139,0.0,0.0,0.9576719576719577,2
solar_67821,PV(50kW+),16.0,43.87580106336543,10549028.676943552,240429.31231520185,50000.0,380952.38095238095,145028.57802325767,0.0,800000.0,6095238.095238095,2320457.2483721226,0.0,1333333.3333333333,3.3273813092773117,25.35147664211285,9.651307596513076,0.0,5.545635515462186,0.0,0.0,0.9576719576719577,2
solar_67822,PV(50kW+),3.5,63.681642190016085,3349266.6897480683,52593.912068950405,50000.0,380952.38095238095,145028.57802325767,0.0,175000.0,1333333.3333333333,507600.0230814018,0.0,1333333.3333333333,3.3273813092773117,25.35147664211285,9.651307596513076,0.0,25.35147664211285,0.0,0.0,0.9576719576719577,2
solar_67823,PV(50kW+),19.5,42.880430586231185,12564962.033358287,293023.2243841523,50000.0,380952.38095238095,145028.57802325767,0.0,975000.0,7428571.428571428,2828057.2714535245,0.0,1333333.3333333333,3.3273813092773112,25.351476642112846,9.651307596513076,0.0,4.550265038327947,0.0,0.0,0.9576719576719577,2
solar_67824,PV(50kW+),5.0,56.07619919738223,4213238.128211526,75134.16009850058,50000.0,380952.38095238095,145028.57802325767,0.0,250000.0,1904761.9047619049,725142.8901162883,0.0,1333333.3333333333,3.3273813092773117,25.35147664211285,9.651307596513076,0.0,17.746033649478996,0.0,0.0,0.9576719576719577,2
solar_67825,PV(50kW+),1.0,127.0603337952982,1909314.2923089718,15026.832019700116,50000.0,380952.38095238095,145028.57802325767,0.0,50000.0,380952.38095238095,145028.57802325767,0.0,1333333.3333333333,3.3273813092773117,25.35147664211285,9.651307596513076,0.0,88.73016824739497,0.0,0.0,0.9576719576719577,2
solar_67826,PV(50kW+),5.0,56.07619919738223,4213238.128211526,75134.16009850058,50000.0,380952.38095238095,145028.57802325767,0.0,250000.0,1904761.9047619049,725142.8901162883,0.0,1333333.3333333333,3.3273813092773117,25.35147664211285,9.651307596513076,0.0,17.746033649478996,0.0,0.0,0.9576719576719577,2
solar_67827,PV(50kW+),1.3,106.58414112282243,2082108.5800016634,19534.881625610153,50000.0,380952.38095238095,145028.57802325767,0.0,65000.0,495238.09523809527,188537.15143023498,0.0,1333333.3333333333,3.3273813092773112,25.35147664211285,9.651307596513076,0.0,68.2539755749192,0.0,0.0,0.9576719576719577,2
solar_67829,PV(50kW+),5.0,56.07619919738223,4213238.128211526,75134.16009850058,50000.0,380952.38095238095,145028.57802325767,0.0,250000.0,1904761.9047619049,725142.8901162883,0.0,1333333.3333333333,3.3273813092773117,25.35147664211285,9.651307596513076,0.0,17.746033649478996,0.0,0.0,0.9576719576719577,2
solar_67831,PV(50kW+),5.0,56.07619919738223,4213238.128211526,75134.16009850058,50000.0,380952.38095238095,145028.57802325767,0.0,250000.0,1904761.9047619049,725142.8901162883,0.0,1333333.3333333333,3.3273813092773117,25.35147664211285,9.651307596513076,0.0,17.746033649478996,0.0,0.0,0.9576719576719577,2
solar_67832,PV(50kW+),5.0,56.07619919738223,4213238.128211526,75134.16009850058,50000.0,380952.38095238095,145028.57802325767,0.0,250000.0,1904761.9047619049,725142.8901162883,0.0,1333333.3333333333,3.3273813092773117,25.35147664211285,9.651307596513076,0.0,17.746033649478996,0.0,0.0,0.9576719576719577,2
solar_67833,PV(50kW+),13.0,45.15556310539516,8821085.800016636,195348.8162561015,50000.0,380952.38095238095,145028.57802325767,0.0,650000.0,4952380.952380952,1885371.5143023496,0.0,1333333.3333333333,3.3273813092773117,25.35147664211285,9.651307596513076,0.0,6.825397557491921,0.0,0.0,0.9576719576719577,2
solar_67834,PV(50kW+),5.0,56.07619919738223,4213238.128211526,75134.16009850058,50000.0,380952.38095238095,145028.57802325767,0.0,250000.0,1904761.9047619049,725142.8901162883,0.0,1333333.3333333333,3.3273813092773117,25.35147664211285,9.651307596513076,0.0,17.746033649478996,0.0,0.0,0.9576719576719577,2
solar_67835,PV(50kW+),6.3,52.41431923796594,4962013.374879857,94669.04172411072,50000.0,380952.38095238095,145028.57802325767,0.0,315000.0,2400000.0,913680.0415465232,0.0,1333333.3333333333,3.327381309277312,25.351476642112853,9.651307596513076,0.0,14.084153690062696,0.0,0.0,0.9576719576719577,2
solar_67837,PV(50kW+),18.0,43.25961933942518,11700990.594894828,270482.9763546021,50000.0,380952.38095238095,145028.57802325767,0.0,900000.0,6857142.857142857,2610514.404418638,0.0,1333333.3333333333,3.3273813092773117,25.35147664211285,9.651307596513076,0.0,4.929453791521943,0.0,0.0,0.9576719576719577,2
solar_67838,PV(50kW+),1.1,118.99395486371684,1966912.3882065357,16529.515221670128,50000.0,380952.38095238095,145028.57802325767,0.0,55000.00000000001,419047.61904761905,159531.43582558344,0.0,1333333.3333333333,3.3273813092773117,25.35147664211285,9.651307596513076,0.0,80.6637893158136,0.0,0.0,0.9576719576719577,2
solar_67839,PV(50kW+),6.2,52.64148300716049,4904415.278982293,93166.35852214073,50000.0,380952.38095238095,145028.57802325767,0.0,310000.0,2361904.761904762,899177.1837441976,0.0,1333333.3333333333,3.3273813092773112,25.35147664211285,9.651307596513076,0.0,14.311317459257252,0.0,0.0,0.9576719576719577,2
solar_67840,PV(50kW+),2.9,68.92677528838426,3003678.114362685,43577.81285713033,50000.0,380952.38095238095,145028.57802325767,0.0,145000.0,1104761.9047619046,420582.8762674472,0.0,1333333.3333333333,3.327381309277312,25.35147664211285,9.651307596513076,0.0,30.59660974048103,0.0,0.0,0.9576719576719577,2
solar_67842,PV(50kW+),1.4,101.70885715318536,2139706.675899227,21037.56482758016,50000.0,380952.38095238095,145028.57802325767,0.0,70000.0,533333.3333333333,203040.00923256073,0.0,1333333.3333333333,3.3273813092773117,25.351476642112846,9.651307596513076,0.0,63.37869160528212,0.0,0.0,0.9576719576719577,2
solar_67844,PV(50kW+),7.5,50.16085464755591,5653190.525650623,112701.24014775087,50000.0,380952.38095238095,145028.57802325767,0.0,375000.0,2857142.8571428573,1087714.3351744325,0.0,1333333.3333333333,3.3273813092773117,25.35147664211285,9.651307596513076,0.0,11.830689099652663,0.0,0.0,0.9576719576719577,2
solar_67845,PV(50kW+),5.0,56.07619919738223,4213238.128211526,75134.16009850058,50000.0,380952.38095238095,145028.57802325767,0.0,250000.0,1904761.9047619049,725142.8901162883,0.0,1333333.3333333333,3.3273813092773117,25.35147664211285,9.651307596513076,0.0,17.746033649478996,0.0,0.0,0.9576719576719577,2
solar_67846,PV(50kW+),13.5,44.90277060326583,9109076.279504456,202862.23226595158,50000.0,380952.38095238095,145028.57802325767,0.0,675000.0,5142857.142857143,1957885.8033139785,0.0,1333333.3333333333,3.3273813092773112,25.351476642112846,9.651307596513076,0.0,6.57260505536259,0.0,0.0,0.9576719576719577,2
solar_67847,PV(50kW+),10.0,47.203182372642736,7093142.923089719,150268.32019700116,50000.0,380952.38095238095,145028.57802325767,0.0,500000.0,3809523.8095238097,1450285.7802325767,0.0,1333333.3333333333,3.3273813092773117,25.35147664211285,9.651307596513076,0.0,8.873016824739498,0.0,0.0,0.9576719576719577,2
solar_67848,PV(50kW+),7.9,49.56183241466209,5883582.909240878,118711.97295563092,50000.0,380952.38095238095,145028.57802325767,0.0,395000.0,3009523.8095238097,1145725.7663837357,0.0,1333333.3333333333,3.3273813092773117,25.35147664211285,9.651307596513078,0.0,11.231666866758857,0.0,0.0,0.9576719576719577,2
solar_67849,PV(50kW+),2.0,82.69524967160072,2485295.2512846105,30053.66403940023,50000.0,380952.38095238095,145028.57802325767,0.0,100000.0,761904.7619047619,290057.15604651533,0.0,1333333.3333333333,3.3273813092773117,25.35147664211285,9.651307596513076,0.0,44.365084123697486,0.0,0.0,0.9576719576719577,2
solar_67850,PV(50kW+),4.7,57.20892474947663,4040443.840518835,70626.11049259055,50000.0,380952.38095238095,145028.57802325767,0.0,235000.0,1790476.1904761905,681634.3167093111,0.0,1333333.3333333333,3.3273813092773112,25.351476642112846,9.651307596513076,0.0,18.878759201573395,0.0,0.0,0.9576719576719577,2
solar_67853,PV(50kW+),1.3,106.58414112282243,2082108.5800016634,19534.881625610153,50000.0,380952.38095238095,145028.57802325767,0.0,65000.0,495238.09523809527,188537.15143023498,0.0,1333333.3333333333,3.3273813092773112,25.35147664211285,9.651307596513076,0.0,68.2539755749192,0.0,0.0,0.9576719576719577,2
solar_67854,PV(50kW+),3.2,66.05834312521417,3176472.402055377,48085.86246304037,50000.0,380952.38095238095,145028.57802325767,0.0,160000.0,1219047.6190476192,464091.44967442454,0.0,1333333.3333333333,3.3273813092773117,25.351476642112853,9.651307596513076,0.0,27.728177577310927,0.0,0.0,0.9576719576719577,2
solar_67858,PV(50kW+),5.0,56.07619919738223,4213238.128211526,75134.16009850058,50000.0,380952.38095238095,145028.57802325767,0.0,250000.0,1904761.9047619049,725142.8901162883,0.0,1333333.3333333333,3.3273813092773117,25.35147664211285,9.651307596513076,0.0,17.746033649478996,0.0,0.0,0.9576719576719577,2
solar_67860,PV(50kW+),5.0,56.07619919738223,4213238.128211526,75134.16009850058,50000.0,380952.38095238095,145028.57802325767,0.0,250000.0,1904761.9047619049,725142.8901162883,0.0,1333333.3333333333,3.3273813092773117,25.35147664211285,9.651307596513076,0.0,17.746033649478996,0.0,0.0,0.9576719576719577,2
solar_67861,PV(50kW+),4.0,60.512707609751985,3637257.169235888,60107.32807880046,50000.0,380952.38095238095,145028.57802325767,0.0,200000.0,1523809.5238095238,580114.3120930307,0.0,1333333.3333333333,3.3273813092773117,25.35147664211285,9.651307596513076,0.0,22.182542061848743,0.0,0.0,0.9576719576719577,2
solar_67865,PV(50kW+),5.0,56.07619919738223,4213238.128211526,75134.16009850058,50000.0,380952.38095238095,145028.57802325767,0.0,250000.0,1904761.9047619049,725142.8901162883,0.0,1333333.3333333333,3.3273813092773117,25.35147664211285,9.651307596513076,0.0,17.746033649478996,0.0,0.0,0.9576719576719577,2
solar_67867,PV(50kW+),4.5,58.047980713991,3925247.6487237066,67620.74408865052,50000.0,380952.38095238095,145028.57802325767,0.0,225000.0,1714285.7142857143,652628.6011046595,0.0,1333333.3333333333,3.3273813092773117,25.35147664211285,9.651307596513076,0.0,19.71781516608777,0.0,0.0,0.9576719576719577,2
solar_67868,PV(50kW+),5.0,56.07619919738223,4213238.128211526,75134.16009850058,50000.0,380952.38095238095,145028.57802325767,0.0,250000.0,1904761.9047619049,725142.8901162883,0.0,1333333.3333333333,3.3273813092773117,25.35147664211285,9.651307596513076,0.0,17.746033649478996,0.0,0.0,0.9576719576719577,2
solar_67869,PV(50kW+),8.0,49.42143657882761,5941181.005138442,120214.65615760093,50000.0,380952.38095238095,145028.57802325767,0.0,400000.0,3047619.0476190476,1160228.6241860613,0.0,1333333.3333333333,3.3273813092773117,25.35147664211285,9.651307596513076,0.0,11.091271030924371,0.0,0.0,0.9576719576719577,2
solar_67870,PV(50kW+),14.0,44.66803470843145,9397066.758992273,210375.64827580162,50000.0,380952.38095238095,145028.57802325767,0.0,700000.0,5333333.333333333,2030400.0923256073,0.0,1333333.3333333333,3.3273813092773117,25.35147664211285,9.651307596513076,0.0,6.3378691605282125,0.0,0.0,0.9576719576719577,2
solar_67871,PV(50kW+),4.8,56.815617266110536,4098041.9364163987,72128.79369456055,50000.0,380952.38095238095,145028.57802325767,0.0,240000.0,1828571.4285714284,696137.1745116367,0.0,1333333.3333333333,3.327381309277312,25.35147664211285,9.651307596513076,0.0,18.485451718207287,0.0,0.0,0.9576719576719577,2
solar_67874,PV(50kW+),12.3,45.544000364764614,8417899.128733689,184830.03384231144,50000.0,380952.38095238095,145028.57802325767,0.0,615000.0,4685714.285714286,1783851.5096860693,0.0,1333333.3333333333,3.3273813092773112,25.35147664211285,9.651307596513076,0.0,7.213834816861379,0.0,0.0,0.9576719576719577,2
solar_67875,PV(50kW+),10.2,47.02920165058902,7208339.114884847,153273.68660094118,50000.0,380952.38095238095,145028.57802325767,0.0,509999.99999999994,3885714.2857142854,1479291.4958372281,0.0,1333333.3333333333,3.3273813092773112,25.35147664211285,9.651307596513076,0.0,8.699036102685781,0.0,0.0,0.9576719576719577,2
solar_67876,PV(50kW+),7.1,50.827372343310984,5422798.142060367,106690.50733987082,50000.0,380952.38095238095,145028.57802325767,0.0,355000.0,2704761.9047619044,1029702.9039651294,0.0,1333333.3333333333,3.3273813092773117,25.351476642112846,9.651307596513076,0.0,12.497206795407743,0.0,0.0,0.9576719576719577,2
solar_67878,PV(50kW+),8.0,49.42143657882761,5941181.005138442,120214.65615760093,50000.0,380952.38095238095,145028.57802325767,0.0,400000.0,3047619.0476190476,1160228.6241860613,0.0,1333333.3333333333,3.3273813092773117,25.35147664211285,9.651307596513076,0.0,11.091271030924371,0.0,0.0,0.9576719576719577,2
solar_67880,PV(50kW+),8.0,49.42143657882761,5941181.005138442,120214.65615760093,50000.0,380952.38095238095,145028.57802325767,0.0,400000.0,3047619.0476190476,1160228.6241860613,0.0,1333333.3333333333,3.3273813092773117,25.35147664211285,9.651307596513076,0.0,11.091271030924371,0.0,0.0,0.9576719576719577,2
solar_67881,PV(50kW+),5.0,56.07619919738223,4213238.128211526,75134.16009850058,50000.0,380952.38095238095,145028.57802325767,0.0,250000.0,1904761.9047619049,725142.8901162883,0.0,1333333.3333333333,3.3273813092773117,25.35147664211285,9.651307596513076,0.0,17.746033649478996,0.0,0.0,0.9576719576719577,2
solar_67886,PV(50kW+),3.4,64.42727385596059,3291668.5938505046,51091.22886698039,50000.0,380952.38095238095,145028.57802325767,0.0,170000.0,1295238.0952380951,493097.165279076,0.0,1333333.3333333333,3.3273813092773117,25.35147664211285,9.651307596513076,0.0,26.097108308057347,0.0,0.0,0.9576719576719577,2
solar_67887,PV(50kW+),4.9,56.43836314941242,4155640.0323139625,73631.47689653057,50000.0,380952.38095238095,145028.57802325767,0.0,245000.00000000003,1866666.6666666667,710640.0323139626,0.0,1333333.3333333333,3.3273813092773117,25.35147664211285,9.651307596513076,0.0,18.108197601509175,0.0,0.0,0.9576719576719577,2
solar_67888,PV(50kW+),2.5,73.82223284686124,2773285.73077243,37567.08004925029,50000.0,380952.38095238095,145028.57802325767,0.0,125000.0,952380.9523809524,362571.44505814416,0.0,1333333.3333333333,3.3273813092773117,25.35147664211285,9.651307596513076,0.0,35.49206729895799,0.0,0.0,0.9576719576719577,2
solar_67890,PV(50kW+),5.0,56.07619919738223,4213238.128211526,75134.16009850058,50000.0,380952.38095238095,145028.57802325767,0.0,250000.0,1904761.9047619049,725142.8901162883,0.0,1333333.3333333333,3.3273813092773117,25.35147664211285,9.651307596513076,0.0,17.746033649478996,0.0,0.0,0.9576719576719577,2
solar_67892,PV(50kW+),15.0,44.24551009772958,9973047.717967914,225402.48029550174,50000.0,380952.38095238095,145028.57802325767,0.0,750000.0,5714285.714285715,2175428.670348865,0.0,1333333.3333333333,3.3273813092773117,25.35147664211285,9.651307596513076,0.0,5.915344549826331,0.0,0.0,0.9576719576719577,2
solar_67894,PV(50kW+),8.5,48.76900887112617,6229171.484626261,127728.07216745098,50000.0,380952.38095238095,145028.57802325767,0.0,425000.0,3238095.238095238,1232742.9131976902,0.0,1333333.3333333333,3.3273813092773117,25.35147664211285,9.651307596513076,0.0,10.438843323222939,0.0,0.0,0.9576719576719577,2
solar_67896,PV(50kW+),2.2,78.66206020581004,2600491.443079738,33059.030443340256,50000.0,380952.38095238095,145028.57802325767,0.0,110000.00000000001,838095.2380952381,319062.8716511669,0.0,1333333.3333333333,3.3273813092773117,25.35147664211285,9.651307596513076,0.0,40.3318946579068,0.0,0.0,0.9576719576719577,2
solar_67900,PV(50kW+),1.0,127.0603337952982,1909314.2923089718,15026.832019700116,50000.0,380952.38095238095,145028.57802325767,0.0,50000.0,380952.38095238095,145028.57802325767,0.0,1333333.3333333333,3.3273813092773117,25.35147664211285,9.651307596513076,0.0,88.73016824739497,0.0,0.0,0.9576719576719577,2
solar_67901,PV(50kW+),2.6,72.45715333536283,2830883.826669994,39069.763251220305,50000.0,380952.38095238095,145028.57802325767,0.0,130000.0,990476.1904761905,377074.30286046996,0.0,1333333.3333333333,3.3273813092773112,25.35147664211285,9.651307596513076,0.0,34.1269877874596,0.0,0.0,0.9576719576719577,2
solar_67902,PV(50kW+),12.5,45.42857900769484,8533095.320528816,187835.40024625143,50000.0,380952.38095238095,145028.57802325767,0.0,625000.0,4761904.761904762,1812857.2252907208,0.0,1333333.3333333333,3.3273813092773117,25.351476642112853,9.651307596513078,0.0,7.098413459791598,0.0,0.0,0.9576719576719577,2
solar_67904,PV(50kW+),5.4,54.761678186309716,4443630.511801782,81144.89290638063,50000.0,380952.38095238095,145028.57802325767,0.0,270000.0,2057142.8571428573,783154.3213255914,0.0,1333333.3333333333,3.3273813092773117,25.35147664211285,9.651307596513076,0.0,16.431512638406474,0.0,0.0,0.9576719576719577,2
solar_67905,PV(50kW+),1.8,87.62470346312267,2370099.059489483,27048.29763546021,50000.0,380952.38095238095,145028.57802325767,0.0,90000.0,685714.2857142857,261051.44044186382,0.0,1333333.3333333333,3.3273813092773112,25.351476642112846,9.651307596513076,0.0,49.29453791521942,0.0,0.0,0.9576719576719577,2
solar_67906,PV(50kW+),7.3,50.48498311603954,5537994.333855495,109695.87374381084,50000.0,380952.38095238095,145028.57802325767,0.0,365000.0,2780952.380952381,1058708.619569781,0.0,1333333.3333333333,3.3273813092773117,25.351476642112853,9.651307596513078,0.0,12.154817568136298,0.0,0.0,0.9576719576719577,2
solar_67907,PV(50kW+),1.8,87.62470346312267,2370099.059489483,27048.29763546021,50000.0,380952.38095238095,145028.57802325767,0.0,90000.0,685714.2857142857,261051.44044186382,0.0,1333333.3333333333,3.3273813092773112,25.351476642112846,9.651307596513076,0.0,49.29453791521942,0.0,0.0,0.9576719576719577,2
solar_67908,PV(50kW+),5.0,56.07619919738223,4213238.128211526,75134.16009850058,50000.0,380952.38095238095,145028.57802325767,0.0,250000.0,1904761.9047619049,725142.8901162883,0.0,1333333.3333333333,3.3273813092773117,25.35147664211285,9.651307596513076,0.0,17.746033649478996,0.0,0.0,0.9576719576719577,2
solar_67909,PV(50kW+),5.0,56.07619919738223,4213238.128211526,75134.16009850058,50000.0,380952.38095238095,145028.57802325767,0.0,250000.0,1904761.9047619049,725142.8901162883,0.0,1333333.3333333333,3.3273813092773117,25.35147664211285,9.651307596513076,0.0,17.746033649478996,0.0,0.0,0.9576719576719577,2
solar_67911,PV(50kW+),6.7,51.57347424154428,5192405.758470112,100679.77453199078,50000.0,380952.38095238095,145028.57802325767,0.0,335000.0,2552380.9523809524,971691.4727558264,0.0,1333333.3333333333,3.3273813092773112,25.35147664211285,9.651307596513076,0.0,13.243308693641039,0.0,0.0,0.9576719576719577,2
solar_67912,PV(50kW+),1.3,106.58414112282243,2082108.5800016634,19534.881625610153,50000.0,380952.38095238095,145028.57802325767,0.0,65000.0,495238.09523809527,188537.15143023498,0.0,1333333.3333333333,3.3273813092773112,25.35147664211285,9.651307596513076,0.0,68.2539755749192,0.0,0.0,0.9576719576719577,2
solar_67914,PV(50kW+),4.8,56.815617266110536,4098041.9364163987,72128.79369456055,50000.0,380952.38095238095,145028.57802325767,0.0,240000.0,1828571.4285714284,696137.1745116367,0.0,1333333.3333333333,3.327381309277312,25.35147664211285,9.651307596513076,0.0,18.485451718207287,0.0,0.0,0.9576719576719577,2
solar_67915,PV(50kW+),5.0,56.07619919738223,4213238.128211526,75134.16009850058,50000.0,380952.38095238095,145028.57802325767,0.0,250000.0,1904761.9047619049,725142.8901162883,0.0,1333333.3333333333,3.3273813092773117,25.35147664211285,9.651307596513076,0.0,17.746033649478996,0.0,0.0,0.9576719576719577,2
solar_67917,PV(50kW+),1.5,97.48361104616654,2197304.771796791,22540.248029550174,50000.0,380952.38095238095,145028.57802325767,0.0,75000.0,571428.5714285714,217542.8670348865,0.0,1333333.3333333333,3.3273813092773117,25.351476642112846,9.651307596513076,0.0,59.153445498263316,0.0,0.0,0.9576719576719577,2
solar_67919,PV(50kW+),5.0,56.07619919738223,4213238.128211526,75134.16009850058,50000.0,380952.38095238095,145028.57802325767,0.0,250000.0,1904761.9047619049,725142.8901162883,0.0,1333333.3333333333,3.3273813092773117,25.35147664211285,9.651307596513076,0.0,17.746033649478996,0.0,0.0,0.9576719576719577,2
solar_67920,PV(50kW+),4.7,57.20892474947663,4040443.840518835,70626.11049259055,50000.0,380952.38095238095,145028.57802325767,0.0,235000.0,1790476.1904761905,681634.3167093111,0.0,1333333.3333333333,3.3273813092773112,25.351476642112846,9.651307596513076,0.0,18.878759201573395,0.0,0.0,0.9576719576719577,2
solar_67921,PV(50kW+),6.0,53.11852692246906,4789219.087187164,90160.9921182007,50000.0,380952.38095238095,145028.57802325767,0.0,300000.0,2285714.2857142854,870171.468139546,0.0,1333333.3333333333,3.3273813092773117,25.351476642112846,9.651307596513076,0.0,14.788361374565829,0.0,0.0,0.9576719576719577,2
solar_67923,PV(50kW+),16.5,43.70775150229082,10837019.156431371,247942.7283250519,50000.0,380952.38095238095,145028.57802325767,0.0,825000.0,6285714.285714285,2392971.5373837515,0.0,1333333.3333333333,3.3273813092773117,25.35147664211285,9.651307596513076,0.0,5.377585954387574,0.0,0.0,0.9576719576719577,2
solar_67924,PV(50kW+),12.5,45.42857900769484,8533095.320528816,187835.40024625143,50000.0,380952.38095238095,145028.57802325767,0.0,625000.0,4761904.761904762,1812857.2252907208,0.0,1333333.3333333333,3.3273813092773117,25.351476642112853,9.651307596513078,0.0,7.098413459791598,0.0,0.0,0.9576719576719577,2
solar_67925,PV(50kW+),6.4,52.1942543365587,5019611.47077742,96171.72492608074,50000.0,380952.38095238095,145028.57802325767,0.0,320000.0,2438095.2380952383,928182.8993488491,0.0,1333333.3333333333,3.3273813092773117,25.351476642112853,9.651307596513076,0.0,13.864088788655463,0.0,0.0,0.9576719576719577,2
solar_67926,PV(50kW+),1.6,93.7865207025251,2254902.867694355,24042.931231520186,50000.0,380952.38095238095,145028.57802325767,0.0,80000.0,609523.8095238096,232045.72483721227,0.0,1333333.3333333333,3.3273813092773117,25.351476642112853,9.651307596513076,0.0,55.45635515462185,0.0,0.0,0.9576719576719577,2
solar_67927,PV(50kW+),5.9,53.36917711525831,4731620.991289601,88658.30891623069,50000.0,380952.38095238095,145028.57802325767,0.0,295000.0,2247619.0476190476,855668.6103372202,0.0,1333333.3333333333,3.3273813092773117,25.35147664211285,9.651307596513076,0.0,15.039011567355079,0.0,0.0,0.9576719576719577,2
solar_67930,PV(50kW+),6.1,52.87609476878767,4846817.183084729,91663.6753201707,50000.0,380952.38095238095,145028.57802325767,0.0,305000.0,2323809.523809524,884674.3259418717,0.0,1333333.3333333333,3.3273813092773117,25.35147664211285,9.651307596513076,0.0,14.545929220884421,0.0,0.0,0.9576719576719577,2
solar_67932,PV(50kW+),7.5,50.16085464755591,5653190.525650623,112701.24014775087,50000.0,380952.38095238095,145028.57802325767,0.0,375000.0,2857142.8571428573,1087714.3351744325,0.0,1333333.3333333333,3.3273813092773117,25.35147664211285,9.651307596513076,0.0,11.830689099652663,0.0,0.0,0.9576719576719577,2
solar_67934,PV(50kW+),3.0,67.90688829703488,3061276.2102602487,45080.49605910035,50000.0,380952.38095238095,145028.57802325767,0.0,150000.0,1142857.1428571427,435085.734069773,0.0,1333333.3333333333,3.3273813092773117,25.351476642112846,9.651307596513076,0.0,29.576722749131658,0.0,0.0,0.9576719576719577,2
solar_67937,PV(50kW+),5.0,56.07619919738223,4213238.128211526,75134.16009850058,50000.0,380952.38095238095,145028.57802325767,0.0,250000.0,1904761.9047619049,725142.8901162883,0.0,1333333.3333333333,3.3273813092773117,25.35147664211285,9.651307596513076,0.0,17.746033649478996,0.0,0.0,0.9576719576719577,2
solar_67938,PV(50kW+),5.0,56.07619919738223,4213238.128211526,75134.16009850058,50000.0,380952.38095238095,145028.57802325767,0.0,250000.0,1904761.9047619049,725142.8901162883,0.0,1333333.3333333333,3.3273813092773117,25.35147664211285,9.651307596513076,0.0,17.746033649478996,0.0,0.0,0.9576719576719577,2
solar_67939,PV(50kW+),10.0,47.203182372642736,7093142.923089719,150268.32019700116,50000.0,380952.38095238095,145028.57802325767,0.0,500000.0,3809523.8095238097,1450285.7802325767,0.0,1333333.3333333333,3.3273813092773117,25.35147664211285,9.651307596513076,0.0,8.873016824739498,0.0,0.0,0.9576719576719577,2
solar_67940,PV(50kW+),5.0,56.07619919738223,4213238.128211526,75134.16009850058,50000.0,380952.38095238095,145028.57802325767,0.0,250000.0,1904761.9047619049,725142.8901162883,0.0,1333333.3333333333,3.3273813092773117,25.35147664211285,9.651307596513076,0.0,17.746033649478996,0.0,0.0,0.9576719576719577,2
solar_67942,PV(50kW+),1.0,127.0603337952982,1909314.2923089718,15026.832019700116,50000.0,380952.38095238095,145028.57802325767,0.0,50000.0,380952.38095238095,145028.57802325767,0.0,1333333.3333333333,3.3273813092773117,25.35147664211285,9.651307596513076,0.0,88.73016824739497,0.0,0.0,0.9576719576719577,2
solar_67944,PV(50kW+),4.9,56.43836314941242,4155640.0323139625,73631.47689653057,50000.0,380952.38095238095,145028.57802325767,0.0,245000.00000000003,1866666.6666666667,710640.0323139626,0.0,1333333.3333333333,3.3273813092773117,25.35147664211285,9.651307596513076,0.0,18.108197601509175,0.0,0.0,0.9576719576719577,2
solar_67945,PV(50kW+),3.3,65.21809531984111,3234070.497952941,49588.54566501038,50000.0,380952.38095238095,145028.57802325767,0.0,165000.0,1257142.857142857,478594.3074767503,0.0,1333333.3333333333,3.3273813092773117,25.35147664211285,9.651307596513076,0.0,26.88792977193787,0.0,0.0,0.9576719576719577,2
solar_67946,PV(50kW+),10.5,46.78065776194086,7381133.402577539,157781.7362068512,50000.0,380952.38095238095,145028.57802325767,0.0,525000.0,4000000.0,1522800.0692442055,0.0,1333333.3333333333,3.327381309277312,25.351476642112853,9.651307596513078,0.0,8.450492214037617,0.0,0.0,0.9576719576719577,2
solar_67947,PV(50kW+),2.6,72.45715333536283,2830883.826669994,39069.763251220305,50000.0,380952.38095238095,145028.57802325767,0.0,130000.0,990476.1904761905,377074.30286046996,0.0,1333333.3333333333,3.3273813092773112,25.35147664211285,9.651307596513076,0.0,34.1269877874596,0.0,0.0,0.9576719576719577,2
solar_67948,PV(50kW+),4.7,57.20892474947663,4040443.840518835,70626.11049259055,50000.0,380952.38095238095,145028.57802325767,0.0,235000.0,1790476.1904761905,681634.3167093111,0.0,1333333.3333333333,3.3273813092773112,25.351476642112846,9.651307596513076,0.0,18.878759201573395,0.0,0.0,0.9576719576719577,2
solar_67949,PV(50kW+),5.0,56.07619919738223,4213238.128211526,75134.16009850058,50000.0,380952.38095238095,145028.57802325767,0.0,250000.0,1904761.9047619049,725142.8901162883,0.0,1333333.3333333333,3.3273813092773117,25.35147664211285,9.651307596513076,0.0,17.746033649478996,0.0,0.0,0.9576719576719577,2
solar_67951,PV(50kW+),6.0,53.11852692246906,4789219.087187164,90160.9921182007,50000.0,380952.38095238095,145028.57802325767,0.0,300000.0,2285714.2857142854,870171.468139546,0.0,1333333.3333333333,3.3273813092773117,25.351476642112846,9.651307596513076,0.0,14.788361374565829,0.0,0.0,0.9576719576719577,2
solar_67952,PV(50kW+),5.0,56.07619919738223,4213238.128211526,75134.16009850058,50000.0,380952.38095238095,145028.57802325767,0.0,250000.0,1904761.9047619049,725142.8901162883,0.0,1333333.3333333333,3.3273813092773117,25.35147664211285,9.651307596513076,0.0,17.746033649478996,0.0,0.0,0.9576719576719577,2
solar_67953,PV(50kW+),2.0,82.69524967160072,2485295.2512846105,30053.66403940023,50000.0,380952.38095238095,145028.57802325767,0.0,100000.0,761904.7619047619,290057.15604651533,0.0,1333333.3333333333,3.3273813092773117,25.35147664211285,9.651307596513076,0.0,44.365084123697486,0.0,0.0,0.9576719576719577,2
solar_67955,PV(50kW+),8.0,49.42143657882761,5941181.005138442,120214.65615760093,50000.0,380952.38095238095,145028.57802325767,0.0,400000.0,3047619.0476190476,1160228.6241860613,0.0,1333333.3333333333,3.3273813092773117,25.35147664211285,9.651307596513076,0.0,11.091271030924371,0.0,0.0,0.9576719576719577,2
solar_67958,PV(50kW+),1.0,127.0603337952982,1909314.2923089718,15026.832019700116,50000.0,380952.38095238095,145028.57802325767,0.0,50000.0,380952.38095238095,145028.57802325767,0.0,1333333.3333333333,3.3273813092773117,25.35147664211285,9.651307596513076,0.0,88.73016824739497,0.0,0.0,0.9576719576719577,2
solar_67959,PV(50kW+),1.2,112.2719724207324,2024510.4841040997,18032.198423640137,50000.0,380952.38095238095,145028.57802325767,0.0,60000.0,457142.8571428571,174034.29362790918,0.0,1333333.3333333333,3.327381309277312,25.35147664211285,9.651307596513076,0.0,73.94180687282915,0.0,0.0,0.9576719576719577,2
solar_67960,PV(50kW+),11.8,45.84967133158077,8129908.649245868,177316.61783246137,50000.0,380952.38095238095,145028.57802325767,0.0,590000.0,4495238.095238095,1711337.2206744405,0.0,1333333.3333333333,3.3273813092773117,25.35147664211285,9.651307596513076,0.0,7.519505783677539,0.0,0.0,0.9576719576719577,2
solar_67961,PV(50kW+),5.0,56.07619919738223,4213238.128211526,75134.16009850058,50000.0,380952.38095238095,145028.57802325767,0.0,250000.0,1904761.9047619049,725142.8901162883,0.0,1333333.3333333333,3.3273813092773117,25.35147664211285,9.651307596513076,0.0,17.746033649478996,0.0,0.0,0.9576719576719577,2
solar_67963,PV(50kW+),5.0,56.07619919738223,4213238.128211526,75134.16009850058,50000.0,380952.38095238095,145028.57802325767,0.0,250000.0,1904761.9047619049,725142.8901162883,0.0,1333333.3333333333,3.3273813092773117,25.35147664211285,9.651307596513076,0.0,17.746033649478996,0.0,0.0,0.9576719576719577,2
solar_67965,PV(50kW+),5.0,56.07619919738223,4213238.128211526,75134.16009850058,50000.0,380952.38095238095,145028.57802325767,0.0,250000.0,1904761.9047619049,725142.8901162883,0.0,1333333.3333333333,3.3273813092773117,25.35147664211285,9.651307596513076,0.0,17.746033649478996,0.0,0.0,0.9576719576719577,2
solar_67969,PV(50kW+),9.9,47.292808805215856,7035544.827192155,148765.63699503115,50000.0,380952.38095238095,145028.57802325767,0.0,495000.0,3771428.5714285714,1435782.922430251,0.0,1333333.3333333333,3.3273813092773117,25.35147664211285,9.651307596513078,0.0,8.962643257312623,0.0,0.0,0.9576719576719577,2
solar_67971,PV(50kW+),5.0,56.07619919738223,4213238.128211526,75134.16009850058,50000.0,380952.38095238095,145028.57802325767,0.0,250000.0,1904761.9047619049,725142.8901162883,0.0,1333333.3333333333,3.3273813092773117,25.35147664211285,9.651307596513076,0.0,17.746033649478996,0.0,0.0,0.9576719576719577,2
solar_67972,PV(50kW+),6.0,53.11852692246906,4789219.087187164,90160.9921182007,50000.0,380952.38095238095,145028.57802325767,0.0,300000.0,2285714.2857142854,870171.468139546,0.0,1333333.3333333333,3.3273813092773117,25.351476642112846,9.651307596513076,0.0,14.788361374565829,0.0,0.0,0.9576719576719577,2
solar_67977,PV(50kW+),1.4,101.70885715318536,2139706.675899227,21037.56482758016,50000.0,380952.38095238095,145028.57802325767,0.0,70000.0,533333.3333333333,203040.00923256073,0.0,1333333.3333333333,3.3273813092773117,25.351476642112846,9.651307596513076,0.0,63.37869160528212,0.0,0.0,0.9576719576719577,2
solar_67979,PV(50kW+),1.9,85.03025409916376,2427697.1553870467,28550.98083743022,50000.0,380952.38095238095,145028.57802325767,0.0,95000.0,723809.5238095238,275554.29824418953,0.0,1333333.3333333333,3.3273813092773117,25.35147664211285,9.651307596513076,0.0,46.700088551260514,0.0,0.0,0.9576719576719577,2
solar_67980,PV(50kW+),2.0,82.69524967160072,2485295.2512846105,30053.66403940023,50000.0,380952.38095238095,145028.57802325767,0.0,100000.0,761904.7619047619,290057.15604651533,0.0,1333333.3333333333,3.3273813092773117,25.35147664211285,9.651307596513076,0.0,44.365084123697486,0.0,0.0,0.9576719576719577,2
solar_67983,PV(50kW+),2.0,82.69524967160072,2485295.2512846105,30053.66403940023,50000.0,380952.38095238095,145028.57802325767,0.0,100000.0,761904.7619047619,290057.15604651533,0.0,1333333.3333333333,3.3273813092773117,25.35147664211285,9.651307596513076,0.0,44.365084123697486,0.0,0.0,0.9576719576719577,2
solar_67984,PV(50kW+),1.4,101.70885715318536,2139706.675899227,21037.56482758016,50000.0,380952.38095238095,145028.57802325767,0.0,70000.0,533333.3333333333,203040.00923256073,0.0,1333333.3333333333,3.3273813092773117,25.351476642112846,9.651307596513076,0.0,63.37869160528212,0.0,0.0,0.9576719576719577,2
solar_67985,PV(50kW+),4.5,58.047980713991,3925247.6487237066,67620.74408865052,50000.0,380952.38095238095,145028.57802325767,0.0,225000.0,1714285.7142857143,652628.6011046595,0.0,1333333.3333333333,3.3273813092773117,25.35147664211285,9.651307596513076,0.0,19.71781516608777,0.0,0.0,0.9576719576719577,2
solar_67987,PV(50kW+),5.0,56.07619919738223,4213238.128211526,75134.16009850058,50000.0,380952.38095238095,145028.57802325767,0.0,250000.0,1904761.9047619049,725142.8901162883,0.0,1333333.3333333333,3.3273813092773117,25.35147664211285,9.651307596513076,0.0,17.746033649478996,0.0,0.0,0.9576719576719577,2
solar_67988,PV(50kW+),11.9,45.78648220734819,8187506.745143432,178819.30103443138,50000.0,380952.38095238095,145028.57802325767,0.0,595000.0,4533333.333333333,1725840.0784767664,0.0,1333333.3333333333,3.3273813092773117,25.35147664211285,9.651307596513078,0.0,7.456316659444956,0.0,0.0,0.9576719576719577,2
solar_67991,PV(50kW+),5.0,56.07619919738223,4213238.128211526,75134.16009850058,50000.0,380952.38095238095,145028.57802325767,0.0,250000.0,1904761.9047619049,725142.8901162883,0.0,1333333.3333333333,3.3273813092773117,25.35147664211285,9.651307596513076,0.0,17.746033649478996,0.0,0.0,0.9576719576719577,2
solar_67992,PV(50kW+),5.0,56.07619919738223,4213238.128211526,75134.16009850058,50000.0,380952.38095238095,145028.57802325767,0.0,250000.0,1904761.9047619049,725142.8901162883,0.0,1333333.3333333333,3.3273813092773117,25.35147664211285,9.651307596513076,0.0,17.746033649478996,0.0,0.0,0.9576719576719577,2
solar_67993,PV(50kW+),2.6,72.45715333536283,2830883.826669994,39069.763251220305,50000.0,380952.38095238095,145028.57802325767,0.0,130000.0,990476.1904761905,377074.30286046996,0.0,1333333.3333333333,3.3273813092773112,25.35147664211285,9.651307596513076,0.0,34.1269877874596,0.0,0.0,0.9576719576719577,2
solar_67997,PV(50kW+),7.3,50.48498311603954,5537994.333855495,109695.87374381084,50000.0,380952.38095238095,145028.57802325767,0.0,365000.0,2780952.380952381,1058708.619569781,0.0,1333333.3333333333,3.3273813092773117,25.351476642112853,9.651307596513078,0.0,12.154817568136298,0.0,0.0,0.9576719576719577,2
solar_67998,PV(50kW+),5.0,56.07619919738223,4213238.128211526,75134.16009850058,50000.0,380952.38095238095,145028.57802325767,0.0,250000.0,1904761.9047619049,725142.8901162883,0.0,1333333.3333333333,3.3273813092773117,25.35147664211285,9.651307596513076,0.0,17.746033649478996,0.0,0.0,0.9576719576719577,2
solar_67999,PV(50kW+),6.8,51.37871970193191,5250003.854367675,102182.45773396078,50000.0,380952.38095238095,145028.57802325767,0.0,340000.0,2590476.1904761903,986194.330558152,0.0,1333333.3333333333,3.3273813092773117,25.35147664211285,9.651307596513076,0.0,13.048554154028674,0.0,0.0,0.9576719576719577,2
solar_68000,PV(50kW+),6.0,53.11852692246906,4789219.087187164,90160.9921182007,50000.0,380952.38095238095,145028.57802325767,0.0,300000.0,2285714.2857142854,870171.468139546,0.0,1333333.3333333333,3.3273813092773117,25.351476642112846,9.651307596513076,0.0,14.788361374565829,0.0,0.0,0.9576719576719577,2
solar_68004,PV(50kW+),4.6,57.61933255820649,3982845.7446212703,69123.42729062053,50000.0,380952.38095238095,145028.57802325767,0.0,229999.99999999997,1752380.9523809522,667131.4589069852,0.0,1333333.3333333333,3.3273813092773112,25.35147664211285,9.651307596513076,0.0,19.289167010303256,0.0,0.0,0.9576719576719577,2
solar_68005,PV(50kW+),4.9,56.43836314941242,4155640.0323139625,73631.47689653057,50000.0,380952.38095238095,145028.57802325767,0.0,245000.00000000003,1866666.6666666667,710640.0323139626,0.0,1333333.3333333333,3.3273813092773117,25.35147664211285,9.651307596513076,0.0,18.108197601509175,0.0,0.0,0.9576719576719577,2
solar_68006,PV(50kW+),5.0,56.07619919738223,4213238.128211526,75134.16009850058,50000.0,380952.38095238095,145028.57802325767,0.0,250000.0,1904761.9047619049,725142.8901162883,0.0,1333333.3333333333,3.3273813092773117,25.35147664211285,9.651307596513076,0.0,17.746033649478996,0.0,0.0,0.9576719576719577,2
solar_68007,PV(50kW+),5.0,56.07619919738223,4213238.128211526,75134.16009850058,50000.0,380952.38095238095,145028.57802325767,0.0,250000.0,1904761.9047619049,725142.8901162883,0.0,1333333.3333333333,3.3273813092773117,25.35147664211285,9.651307596513076,0.0,17.746033649478996,0.0,0.0,0.9576719576719577,2
solar_68008,PV(50kW+),6.6,51.77413043387217,5134807.662572548,99177.09133002076,50000.0,380952.38095238095,145028.57802325767,0.0,330000.0,2514285.714285714,957188.6149535006,0.0,1333333.3333333333,3.3273813092773117,25.35147664211285,9.651307596513076,0.0,13.443964885968935,0.0,0.0,0.9576719576719577,2
solar_68009,PV(50kW+),6.2,52.64148300716049,4904415.278982293,93166.35852214073,50000.0,380952.38095238095,145028.57802325767,0.0,310000.0,2361904.761904762,899177.1837441976,0.0,1333333.3333333333,3.3273813092773112,25.35147664211285,9.651307596513076,0.0,14.311317459257252,0.0,0.0,0.9576719576719577,2
solar_68010,PV(50kW+),6.1,52.87609476878767,4846817.183084729,91663.6753201707,50000.0,380952.38095238095,145028.57802325767,0.0,305000.0,2323809.523809524,884674.3259418717,0.0,1333333.3333333333,3.3273813092773117,25.35147664211285,9.651307596513076,0.0,14.545929220884421,0.0,0.0,0.9576719576719577,2
solar_68012,PV(50kW+),5.0,56.07619919738223,4213238.128211526,75134.16009850058,50000.0,380952.38095238095,145028.57802325767,0.0,250000.0,1904761.9047619049,725142.8901162883,0.0,1333333.3333333333,3.3273813092773117,25.35147664211285,9.651307596513076,0.0,17.746033649478996,0.0,0.0,0.9576719576719577,2
solar_68015,PV(50kW+),4.9,56.43836314941242,4155640.0323139625,73631.47689653057,50000.0,380952.38095238095,145028.57802325767,0.0,245000.00000000003,1866666.6666666667,710640.0323139626,0.0,1333333.3333333333,3.3273813092773117,25.35147664211285,9.651307596513076,0.0,18.108197601509175,0.0,0.0,0.9576719576719577,2
solar_68016,PV(50kW+),5.0,56.07619919738223,4213238.128211526,75134.16009850058,50000.0,380952.38095238095,145028.57802325767,0.0,250000.0,1904761.9047619049,725142.8901162883,0.0,1333333.3333333333,3.3273813092773117,25.35147664211285,9.651307596513076,0.0,17.746033649478996,0.0,0.0,0.9576719576719577,2
solar_68017,PV(50kW+),5.0,56.07619919738223,4213238.128211526,75134.16009850058,50000.0,380952.38095238095,145028.57802325767,0.0,250000.0,1904761.9047619049,725142.8901162883,0.0,1333333.3333333333,3.3273813092773117,25.35147664211285,9.651307596513076,0.0,17.746033649478996,0.0,0.0,0.9576719576719577,2
solar_68019,PV(50kW+),2.9,68.92677528838426,3003678.114362685,43577.81285713033,50000.0,380952.38095238095,145028.57802325767,0.0,145000.0,1104761.9047619046,420582.8762674472,0.0,1333333.3333333333,3.327381309277312,25.35147664211285,9.651307596513076,0.0,30.59660974048103,0.0,0.0,0.9576719576719577,2
solar_68021,PV(50kW+),1.0,127.0603337952982,1909314.2923089718,15026.832019700116,50000.0,380952.38095238095,145028.57802325767,0.0,50000.0,380952.38095238095,145028.57802325767,0.0,1333333.3333333333,3.3273813092773117,25.35147664211285,9.651307596513076,0.0,88.73016824739497,0.0,0.0,0.9576719576719577,2
solar_68022,PV(50kW+),4.2,59.45639608299728,3752453.3610310154,63112.69448274049,50000.0,380952.38095238095,145028.57802325767,0.0,210000.0,1600000.0,609120.0276976823,0.0,1333333.3333333333,3.3273813092773117,25.35147664211285,9.651307596513078,0.0,21.12623053509404,0.0,0.0,0.9576719576719577,2
solar_68024,PV(50kW+),14.2,44.57876894560711,9512262.9507874,213381.01467974164,50000.0,380952.38095238095,145028.57802325767,0.0,710000.0,5409523.809523809,2059405.8079302588,0.0,1333333.3333333333,3.3273813092773117,25.351476642112846,9.651307596513076,0.0,6.248603397703872,0.0,0.0,0.9576719576719577,2
solar_68025,PV(50kW+),1.4,101.70885715318536,2139706.675899227,21037.56482758016,50000.0,380952.38095238095,145028.57802325767,0.0,70000.0,533333.3333333333,203040.00923256073,0.0,1333333.3333333333,3.3273813092773117,25.351476642112846,9.651307596513076,0.0,63.37869160528212,0.0,0.0,0.9576719576719577,2
solar_68027,PV(50kW+),13.2,45.05214799088771,8936281.991811763,198354.18266004152,50000.0,380952.38095238095,145028.57802325767,0.0,660000.0,5028571.428571428,1914377.2299070011,0.0,1333333.3333333333,3.3273813092773117,25.35147664211285,9.651307596513076,0.0,6.7219824429844675,0.0,0.0,0.9576719576719577,2
solar_68028,PV(50kW+),10.0,47.203182372642736,7093142.923089719,150268.32019700116,50000.0,380952.38095238095,145028.57802325767,0.0,500000.0,3809523.8095238097,1450285.7802325767,0.0,1333333.3333333333,3.3273813092773117,25.35147664211285,9.651307596513076,0.0,8.873016824739498,0.0,0.0,0.9576719576719577,2
solar_68029,PV(50kW+),10.4,46.861912494768134,7323535.306679975,156279.05300488122,50000.0,380952.38095238095,145028.57802325767,0.0,520000.0,3961904.761904762,1508297.2114418799,0.0,1333333.3333333333,3.3273813092773112,25.35147664211285,9.651307596513076,0.0,8.5317469468649,0.0,0.0,0.9576719576719577,2
solar_68031,PV(50kW+),2.4,75.30106898431782,2715687.634874866,36064.39684728027,50000.0,380952.38095238095,145028.57802325767,0.0,120000.0,914285.7142857142,348068.58725581836,0.0,1333333.3333333333,3.327381309277312,25.35147664211285,9.651307596513076,0.0,36.970903436414574,0.0,0.0,0.9576719576719577,2
solar_68033,PV(50kW+),3.0,67.90688829703488,3061276.2102602487,45080.49605910035,50000.0,380952.38095238095,145028.57802325767,0.0,150000.0,1142857.1428571427,435085.734069773,0.0,1333333.3333333333,3.3273813092773117,25.351476642112846,9.651307596513076,0.0,29.576722749131658,0.0,0.0,0.9576719576719577,2
solar_68035,PV(50kW+),5.0,56.07619919738223,4213238.128211526,75134.16009850058,50000.0,380952.38095238095,145028.57802325767,0.0,250000.0,1904761.9047619049,725142.8901162883,0.0,1333333.3333333333,3.3273813092773117,25.35147664211285,9.651307596513076,0.0,17.746033649478996,0.0,0.0,0.9576719576719577,2
solar_68036,PV(50kW+),1.1,118.99395486371684,1966912.3882065357,16529.515221670128,50000.0,380952.38095238095,145028.57802325767,0.0,55000.00000000001,419047.61904761905,159531.43582558344,0.0,1333333.3333333333,3.3273813092773117,25.35147664211285,9.651307596513076,0.0,80.6637893158136,0.0,0.0,0.9576719576719577,2
solar_68037,PV(50kW+),7.0,51.00590386895966,5365200.046162804,105187.82413790081,50000.0,380952.38095238095,145028.57802325767,0.0,350000.0,2666666.6666666665,1015200.0461628037,0.0,1333333.3333333333,3.3273813092773117,25.35147664211285,9.651307596513076,0.0,12.675738321056425,0.0,0.0,0.9576719576719577,2
solar_68038,PV(50kW+),4.1,59.971669998487386,3694855.2651334517,61610.01128077047,50000.0,380952.38095238095,145028.57802325767,0.0,204999.99999999997,1561904.7619047617,594617.1698953564,0.0,1333333.3333333333,3.3273813092773112,25.351476642112846,9.651307596513076,0.0,21.64150445058414,0.0,0.0,0.9576719576719577,2
solar_68039,PV(50kW+),13.0,45.15556310539516,8821085.800016636,195348.8162561015,50000.0,380952.38095238095,145028.57802325767,0.0,650000.0,4952380.952380952,1885371.5143023496,0.0,1333333.3333333333,3.3273813092773117,25.35147664211285,9.651307596513076,0.0,6.825397557491921,0.0,0.0,0.9576719576719577,2
solar_68043,PV(50kW+),13.2,45.05214799088771,8936281.991811763,198354.18266004152,50000.0,380952.38095238095,145028.57802325767,0.0,660000.0,5028571.428571428,1914377.2299070011,0.0,1333333.3333333333,3.3273813092773117,25.35147664211285,9.651307596513076,0.0,6.7219824429844675,0.0,0.0,0.9576719576719577,2
solar_68045,PV(50kW+),10.0,47.203182372642736,7093142.923089719,150268.32019700116,50000.0,380952.38095238095,145028.57802325767,0.0,500000.0,3809523.8095238097,1450285.7802325767,0.0,1333333.3333333333,3.3273813092773117,25.35147664211285,9.651307596513076,0.0,8.873016824739498,0.0,0.0,0.9576719576719577,2
solar_68046,PV(50kW+),5.0,56.07619919738223,4213238.128211526,75134.16009850058,50000.0,380952.38095238095,145028.57802325767,0.0,250000.0,1904761.9047619049,725142.8901162883,0.0,1333333.3333333333,3.3273813092773117,25.35147664211285,9.651307596513076,0.0,17.746033649478996,0.0,0.0,0.9576719576719577,2
solar_68047,PV(50kW+),5.0,56.07619919738223,4213238.128211526,75134.16009850058,50000.0,380952.38095238095,145028.57802325767,0.0,250000.0,1904761.9047619049,725142.8901162883,0.0,1333333.3333333333,3.3273813092773117,25.35147664211285,9.651307596513076,0.0,17.746033649478996,0.0,0.0,0.9576719576719577,2
solar_68055,PV(50kW+),4.2,59.45639608299728,3752453.3610310154,63112.69448274049,50000.0,380952.38095238095,145028.57802325767,0.0,210000.0,1600000.0,609120.0276976823,0.0,1333333.3333333333,3.3273813092773117,25.35147664211285,9.651307596513078,0.0,21.12623053509404,0.0,0.0,0.9576719576719577,2
solar_68056,PV(50kW+),2.9,68.92677528838426,3003678.114362685,43577.81285713033,50000.0,380952.38095238095,145028.57802325767,0.0,145000.0,1104761.9047619046,420582.8762674472,0.0,1333333.3333333333,3.327381309277312,25.35147664211285,9.651307596513076,0.0,30.59660974048103,0.0,0.0,0.9576719576719577,2
solar_68057,PV(50kW+),1.0,127.0603337952982,1909314.2923089718,15026.832019700116,50000.0,380952.38095238095,145028.57802325767,0.0,50000.0,380952.38095238095,145028.57802325767,0.0,1333333.3333333333,3.3273813092773117,25.35147664211285,9.651307596513076,0.0,88.73016824739497,0.0,0.0,0.9576719576719577,2
solar_68059,PV(50kW+),1.4,101.70885715318536,2139706.675899227,21037.56482758016,50000.0,380952.38095238095,145028.57802325767,0.0,70000.0,533333.3333333333,203040.00923256073,0.0,1333333.3333333333,3.3273813092773117,25.351476642112846,9.651307596513076,0.0,63.37869160528212,0.0,0.0,0.9576719576719577,2
solar_68061,PV(50kW+),10.0,47.203182372642736,7093142.923089719,150268.32019700116,50000.0,380952.38095238095,145028.57802325767,0.0,500000.0,3809523.8095238097,1450285.7802325767,0.0,1333333.3333333333,3.3273813092773117,25.35147664211285,9.651307596513076,0.0,8.873016824739498,0.0,0.0,0.9576719576719577,2
solar_68063,PV(50kW+),4.4,58.496112876856635,3867649.552826143,66118.06088668051,50000.0,380952.38095238095,145028.57802325767,0.0,220000.00000000003,1676190.4761904762,638125.7433023338,0.0,1333333.3333333333,3.3273813092773117,25.35147664211285,9.651307596513076,0.0,20.1659473289534,0.0,0.0,0.9576719576719577,2
solar_68064,PV(50kW+),2.5,73.82223284686124,2773285.73077243,37567.08004925029,50000.0,380952.38095238095,145028.57802325767,0.0,125000.0,952380.9523809524,362571.44505814416,0.0,1333333.3333333333,3.3273813092773117,25.35147664211285,9.651307596513076,0.0,35.49206729895799,0.0,0.0,0.9576719576719577,2
solar_68065,PV(50kW+),5.5,54.462923411065965,4501228.607699346,82647.57610835064,50000.0,380952.38095238095,145028.57802325767,0.0,275000.0,2095238.0952380951,797657.1791279172,0.0,1333333.3333333333,3.3273813092773117,25.35147664211285,9.651307596513076,0.0,16.132757863162723,0.0,0.0,0.9576719576719577,2
solar_68068,PV(50kW+),6.4,52.1942543365587,5019611.47077742,96171.72492608074,50000.0,380952.38095238095,145028.57802325767,0.0,320000.0,2438095.2380952383,928182.8993488491,0.0,1333333.3333333333,3.3273813092773117,25.351476642112853,9.651307596513076,0.0,13.864088788655463,0.0,0.0,0.9576719576719577,2
solar_68069,PV(50kW+),5.0,56.07619919738223,4213238.128211526,75134.16009850058,50000.0,380952.38095238095,145028.57802325767,0.0,250000.0,1904761.9047619049,725142.8901162883,0.0,1333333.3333333333,3.3273813092773117,25.35147664211285,9.651307596513076,0.0,17.746033649478996,0.0,0.0,0.9576719576719577,2
solar_68070,PV(50kW+),5.0,56.07619919738223,4213238.128211526,75134.16009850058,50000.0,380952.38095238095,145028.57802325767,0.0,250000.0,1904761.9047619049,725142.8901162883,0.0,1333333.3333333333,3.3273813092773117,25.35147664211285,9.651307596513076,0.0,17.746033649478996,0.0,0.0,0.9576719576719577,2
solar_68071,PV(50kW+),5.0,56.07619919738223,4213238.128211526,75134.16009850058,50000.0,380952.38095238095,145028.57802325767,0.0,250000.0,1904761.9047619049,725142.8901162883,0.0,1333333.3333333333,3.3273813092773117,25.35147664211285,9.651307596513076,0.0,17.746033649478996,0.0,0.0,0.9576719576719577,2
solar_68072,PV(50kW+),10.6,46.700936137280124,7438731.498475102,159284.4194088212,50000.0,380952.38095238095,145028.57802325767,0.0,530000.0,4038095.238095238,1537302.927046531,0.0,1333333.3333333333,3.327381309277312,25.351476642112853,9.651307596513076,0.0,8.370770589376885,0.0,0.0,0.9576719576719577,2
solar_68074,PV(50kW+),5.9,53.36917711525831,4731620.991289601,88658.30891623069,50000.0,380952.38095238095,145028.57802325767,0.0,295000.0,2247619.0476190476,855668.6103372202,0.0,1333333.3333333333,3.3273813092773117,25.35147664211285,9.651307596513076,0.0,15.039011567355079,0.0,0.0,0.9576719576719577,2
solar_68075,PV(50kW+),1.0,127.0603337952982,1909314.2923089718,15026.832019700116,50000.0,380952.38095238095,145028.57802325767,0.0,50000.0,380952.38095238095,145028.57802325767,0.0,1333333.3333333333,3.3273813092773117,25.35147664211285,9.651307596513076,0.0,88.73016824739497,0.0,0.0,0.9576719576719577,2
solar_68076,PV(50kW+),12.0,45.72434623518615,8245104.841040996,180321.9842364014,50000.0,380952.38095238095,145028.57802325767,0.0,600000.0,4571428.571428571,1740342.936279092,0.0,1333333.3333333333,3.3273813092773117,25.351476642112846,9.651307596513076,0.0,7.3941806872829146,0.0,0.0,0.9576719576719577,2
solar_68077,PV(50kW+),5.0,56.07619919738223,4213238.128211526,75134.16009850058,50000.0,380952.38095238095,145028.57802325767,0.0,250000.0,1904761.9047619049,725142.8901162883,0.0,1333333.3333333333,3.3273813092773117,25.35147664211285,9.651307596513076,0.0,17.746033649478996,0.0,0.0,0.9576719576719577,2
solar_68078,PV(50kW+),5.0,56.07619919738223,4213238.128211526,75134.16009850058,50000.0,380952.38095238095,145028.57802325767,0.0,250000.0,1904761.9047619049,725142.8901162883,0.0,1333333.3333333333,3.3273813092773117,25.35147664211285,9.651307596513076,0.0,17.746033649478996,0.0,0.0,0.9576719576719577,2
solar_68079,PV(50kW+),1.0,127.0603337952982,1909314.2923089718,15026.832019700116,50000.0,380952.38095238095,145028.57802325767,0.0,50000.0,380952.38095238095,145028.57802325767,0.0,1333333.3333333333,3.3273813092773117,25.35147664211285,9.651307596513076,0.0,88.73016824739497,0.0,0.0,0.9576719576719577,2
solar_68080,PV(50kW+),1.3,106.58414112282243,2082108.5800016634,19534.881625610153,50000.0,380952.38095238095,145028.57802325767,0.0,65000.0,495238.09523809527,188537.15143023498,0.0,1333333.3333333333,3.3273813092773112,25.35147664211285,9.651307596513076,0.0,68.2539755749192,0.0,0.0,0.9576719576719577,2
solar_68082,PV(50kW+),2.0,82.69524967160072,2485295.2512846105,30053.66403940023,50000.0,380952.38095238095,145028.57802325767,0.0,100000.0,761904.7619047619,290057.15604651533,0.0,1333333.3333333333,3.3273813092773117,25.35147664211285,9.651307596513076,0.0,44.365084123697486,0.0,0.0,0.9576719576719577,2
solar_68083,PV(50kW+),10.5,46.78065776194086,7381133.402577539,157781.7362068512,50000.0,380952.38095238095,145028.57802325767,0.0,525000.0,4000000.0,1522800.0692442055,0.0,1333333.3333333333,3.327381309277312,25.351476642112853,9.651307596513078,0.0,8.450492214037617,0.0,0.0,0.9576719576719577,2
solar_68084,PV(50kW+),5.0,56.07619919738223,4213238.128211526,75134.16009850058,50000.0,380952.38095238095,145028.57802325767,0.0,250000.0,1904761.9047619049,725142.8901162883,0.0,1333333.3333333333,3.3273813092773117,25.35147664211285,9.651307596513076,0.0,17.746033649478996,0.0,0.0,0.9576719576719577,2
solar_68087,PV(50kW+),13.1,45.10346083396392,8878683.895914199,196851.4994580715,50000.0,380952.38095238095,145028.57802325767,0.0,655000.0,4990476.19047619,1899874.3721046753,0.0,1333333.3333333333,3.3273813092773117,25.35147664211285,9.651307596513076,0.0,6.7732952860606845,0.0,0.0,0.9576719576719577,2
solar_68088,PV(50kW+),5.0,56.07619919738223,4213238.128211526,75134.16009850058,50000.0,380952.38095238095,145028.57802325767,0.0,250000.0,1904761.9047619049,725142.8901162883,0.0,1333333.3333333333,3.3273813092773117,25.35147664211285,9.651307596513076,0.0,17.746033649478996,0.0,0.0,0.9576719576719577,2
solar_68090,PV(50kW+),10.0,47.203182372642736,7093142.923089719,150268.32019700116,50000.0,380952.38095238095,145028.57802325767,0.0,500000.0,3809523.8095238097,1450285.7802325767,0.0,1333333.3333333333,3.3273813092773117,25.35147664211285,9.651307596513076,0.0,8.873016824739498,0.0,0.0,0.9576719576719577,2
solar_68091,PV(50kW+),5.0,56.07619919738223,4213238.128211526,75134.16009850058,50000.0,380952.38095238095,145028.57802325767,0.0,250000.0,1904761.9047619049,725142.8901162883,0.0,1333333.3333333333,3.3273813092773117,25.35147664211285,9.651307596513076,0.0,17.746033649478996,0.0,0.0,0.9576719576719577,2
solar_68093,PV(50kW+),4.7,57.20892474947663,4040443.840518835,70626.11049259055,50000.0,380952.38095238095,145028.57802325767,0.0,235000.0,1790476.1904761905,681634.3167093111,0.0,1333333.3333333333,3.3273813092773112,25.351476642112846,9.651307596513076,0.0,18.878759201573395,0.0,0.0,0.9576719576719577,2
solar_68097,PV(50kW+),3.0,67.90688829703488,3061276.2102602487,45080.49605910035,50000.0,380952.38095238095,145028.57802325767,0.0,150000.0,1142857.1428571427,435085.734069773,0.0,1333333.3333333333,3.3273813092773117,25.351476642112846,9.651307596513076,0.0,29.576722749131658,0.0,0.0,0.9576719576719577,2
solar_68098,PV(50kW+),5.0,56.07619919738223,4213238.128211526,75134.16009850058,50000.0,380952.38095238095,145028.57802325767,0.0,250000.0,1904761.9047619049,725142.8901162883,0.0,1333333.3333333333,3.3273813092773117,25.35147664211285,9.651307596513076,0.0,17.746033649478996,0.0,0.0,0.9576719576719577,2
solar_68101,PV(50kW+),7.5,50.16085464755591,5653190.525650623,112701.24014775087,50000.0,380952.38095238095,145028.57802325767,0.0,375000.0,2857142.8571428573,1087714.3351744325,0.0,1333333.3333333333,3.3273813092773117,25.35147664211285,9.651307596513076,0.0,11.830689099652663,0.0,0.0,0.9576719576719577,2
solar_68103,PV(50kW+),6.3,52.41431923796594,4962013.374879857,94669.04172411072,50000.0,380952.38095238095,145028.57802325767,0.0,315000.0,2400000.0,913680.0415465232,0.0,1333333.3333333333,3.327381309277312,25.351476642112853,9.651307596513076,0.0,14.084153690062696,0.0,0.0,0.9576719576719577,2
solar_68104,PV(50kW+),7.2,50.65380002670809,5480396.237957931,108193.19054184084,50000.0,380952.38095238095,145028.57802325767,0.0,360000.0,2742857.1428571427,1044205.7617674553,0.0,1333333.3333333333,3.3273813092773112,25.351476642112846,9.651307596513076,0.0,12.323634478804856,0.0,0.0,0.9576719576719577,2
solar_68105,PV(50kW+),1.5,97.48361104616654,2197304.771796791,22540.248029550174,50000.0,380952.38095238095,145028.57802325767,0.0,75000.0,571428.5714285714,217542.8670348865,0.0,1333333.3333333333,3.3273813092773117,25.351476642112846,9.651307596513076,0.0,59.153445498263316,0.0,0.0,0.9576719576719577,2
solar_68106,PV(50kW+),8.0,49.42143657882761,5941181.005138442,120214.65615760093,50000.0,380952.38095238095,145028.57802325767,0.0,400000.0,3047619.0476190476,1160228.6241860613,0.0,1333333.3333333333,3.3273813092773117,25.35147664211285,9.651307596513076,0.0,11.091271030924371,0.0,0.0,0.9576719576719577,2
solar_68107,PV(50kW+),5.0,56.07619919738223,4213238.128211526,75134.16009850058,50000.0,380952.38095238095,145028.57802325767,0.0,250000.0,1904761.9047619049,725142.8901162883,0.0,1333333.3333333333,3.3273813092773117,25.35147664211285,9.651307596513076,0.0,17.746033649478996,0.0,0.0,0.9576719576719577,2
solar_68108,PV(50kW+),5.0,56.07619919738223,4213238.128211526,75134.16009850058,50000.0,380952.38095238095,145028.57802325767,0.0,250000.0,1904761.9047619049,725142.8901162883,0.0,1333333.3333333333,3.3273813092773117,25.35147664211285,9.651307596513076,0.0,17.746033649478996,0.0,0.0,0.9576719576719577,2
solar_68110,PV(50kW+),10.0,47.203182372642736,7093142.923089719,150268.32019700116,50000.0,380952.38095238095,145028.57802325767,0.0,500000.0,3809523.8095238097,1450285.7802325767,0.0,1333333.3333333333,3.3273813092773117,25.35147664211285,9.651307596513076,0.0,8.873016824739498,0.0,0.0,0.9576719576719577,2
solar_68111,PV(50kW+),5.0,56.07619919738223,4213238.128211526,75134.16009850058,50000.0,380952.38095238095,145028.57802325767,0.0,250000.0,1904761.9047619049,725142.8901162883,0.0,1333333.3333333333,3.3273813092773117,25.35147664211285,9.651307596513076,0.0,17.746033649478996,0.0,0.0,0.9576719576719577,2
solar_68112,PV(50kW+),4.2,59.45639608299728,3752453.3610310154,63112.69448274049,50000.0,380952.38095238095,145028.57802325767,0.0,210000.0,1600000.0,609120.0276976823,0.0,1333333.3333333333,3.3273813092773117,25.35147664211285,9.651307596513078,0.0,21.12623053509404,0.0,0.0,0.9576719576719577,2
solar_68116,PV(50kW+),6.1,52.87609476878767,4846817.183084729,91663.6753201707,50000.0,380952.38095238095,145028.57802325767,0.0,305000.0,2323809.523809524,884674.3259418717,0.0,1333333.3333333333,3.3273813092773117,25.35147664211285,9.651307596513076,0.0,14.545929220884421,0.0,0.0,0.9576719576719577,2
solar_68117,PV(50kW+),5.0,56.07619919738223,4213238.128211526,75134.16009850058,50000.0,380952.38095238095,145028.57802325767,0.0,250000.0,1904761.9047619049,725142.8901162883,0.0,1333333.3333333333,3.3273813092773117,25.35147664211285,9.651307596513076,0.0,17.746033649478996,0.0,0.0,0.9576719576719577,2
solar_68119,PV(50kW+),7.4,50.32072882457823,5595592.429753059,111198.55694578086,50000.0,380952.38095238095,145028.57802325767,0.0,370000.0,2819047.619047619,1073211.4773721069,0.0,1333333.3333333333,3.3273813092773117,25.35147664211285,9.651307596513078,0.0,11.990563276674996,0.0,0.0,0.9576719576719577,2
solar_68120,PV(50kW+),7.0,51.00590386895966,5365200.046162804,105187.82413790081,50000.0,380952.38095238095,145028.57802325767,0.0,350000.0,2666666.6666666665,1015200.0461628037,0.0,1333333.3333333333,3.3273813092773117,25.35147664211285,9.651307596513076,0.0,12.675738321056425,0.0,0.0,0.9576719576719577,2
solar_68122,PV(50kW+),9.2,47.974749053054865,6632358.155909208,138246.85458124106,50000.0,380952.38095238095,145028.57802325767,0.0,459999.99999999994,3504761.9047619044,1334262.9178139705,0.0,1333333.3333333333,3.3273813092773112,25.35147664211285,9.651307596513076,0.0,9.644583505151628,0.0,0.0,0.9576719576719577,2
solar_68124,PV(50kW+),5.7,53.896861731656735,4616424.799494473,85652.94251229067,50000.0,380952.38095238095,145028.57802325767,0.0,285000.0,2171428.5714285714,826662.8947325688,0.0,1333333.3333333333,3.3273813092773112,25.351476642112846,9.651307596513076,0.0,15.566696183753502,0.0,0.0,0.9576719576719577,2
solar_68125,PV(50kW+),6.0,53.11852692246906,4789219.087187164,90160.9921182007,50000.0,380952.38095238095,145028.57802325767,0.0,300000.0,2285714.2857142854,870171.468139546,0.0,1333333.3333333333,3.3273813092773117,25.351476642112846,9.651307596513076,0.0,14.788361374565829,0.0,0.0,0.9576719576719577,2
solar_68126,PV(50kW+),5.0,56.07619919738223,4213238.128211526,75134.16009850058,50000.0,380952.38095238095,145028.57802325767,0.0,250000.0,1904761.9047619049,725142.8901162883,0.0,1333333.3333333333,3.3273813092773117,25.35147664211285,9.651307596513076,0.0,17.746033649478996,0.0,0.0,0.9576719576719577,2
solar_68127,PV(50kW+),6.4,52.1942543365587,5019611.47077742,96171.72492608074,50000.0,380952.38095238095,145028.57802325767,0.0,320000.0,2438095.2380952383,928182.8993488491,0.0,1333333.3333333333,3.3273813092773117,25.351476642112853,9.651307596513076,0.0,13.864088788655463,0.0,0.0,0.9576719576719577,2
solar_68128,PV(50kW+),1.3,106.58414112282243,2082108.5800016634,19534.881625610153,50000.0,380952.38095238095,145028.57802325767,0.0,65000.0,495238.09523809527,188537.15143023498,0.0,1333333.3333333333,3.3273813092773112,25.35147664211285,9.651307596513076,0.0,68.2539755749192,0.0,0.0,0.9576719576719577,2
solar_68129,PV(50kW+),5.0,56.07619919738223,4213238.128211526,75134.16009850058,50000.0,380952.38095238095,145028.57802325767,0.0,250000.0,1904761.9047619049,725142.8901162883,0.0,1333333.3333333333,3.3273813092773117,25.35147664211285,9.651307596513076,0.0,17.746033649478996,0.0,0.0,0.9576719576719577,2
solar_68133,PV(50kW+),15.0,44.24551009772958,9973047.717967914,225402.48029550174,50000.0,380952.38095238095,145028.57802325767,0.0,750000.0,5714285.714285715,2175428.670348865,0.0,1333333.3333333333,3.3273813092773117,25.35147664211285,9.651307596513076,0.0,5.915344549826331,0.0,0.0,0.9576719576719577,2
solar_68138,PV(50kW+),3.0,67.90688829703488,3061276.2102602487,45080.49605910035,50000.0,380952.38095238095,145028.57802325767,0.0,150000.0,1142857.1428571427,435085.734069773,0.0,1333333.3333333333,3.3273813092773117,25.351476642112846,9.651307596513076,0.0,29.576722749131658,0.0,0.0,0.9576719576719577,2
solar_68140,PV(50kW+),6.2,52.64148300716049,4904415.278982293,93166.35852214073,50000.0,380952.38095238095,145028.57802325767,0.0,310000.0,2361904.761904762,899177.1837441976,0.0,1333333.3333333333,3.3273813092773112,25.35147664211285,9.651307596513076,0.0,14.311317459257252,0.0,0.0,0.9576719576719577,2
solar_68141,PV(50kW+),2.0,82.69524967160072,2485295.2512846105,30053.66403940023,50000.0,380952.38095238095,145028.57802325767,0.0,100000.0,761904.7619047619,290057.15604651533,0.0,1333333.3333333333,3.3273813092773117,25.35147664211285,9.651307596513076,0.0,44.365084123697486,0.0,0.0,0.9576719576719577,2
solar_68142,PV(50kW+),1.5,97.48361104616654,2197304.771796791,22540.248029550174,50000.0,380952.38095238095,145028.57802325767,0.0,75000.0,571428.5714285714,217542.8670348865,0.0,1333333.3333333333,3.3273813092773117,25.351476642112846,9.651307596513076,0.0,59.153445498263316,0.0,0.0,0.9576719576719577,2
solar_68143,PV(50kW+),4.5,58.047980713991,3925247.6487237066,67620.74408865052,50000.0,380952.38095238095,145028.57802325767,0.0,225000.0,1714285.7142857143,652628.6011046595,0.0,1333333.3333333333,3.3273813092773117,25.35147664211285,9.651307596513076,0.0,19.71781516608777,0.0,0.0,0.9576719576719577,2
solar_68145,PV(50kW+),11.5,46.04583235202453,7957114.361553176,172808.56822655135,50000.0,380952.38095238095,145028.57802325767,0.0,575000.0,4380952.380952381,1667828.6472674632,0.0,1333333.3333333333,3.3273813092773112,25.351476642112846,9.651307596513076,0.0,7.715666804121301,0.0,0.0,0.9576719576719577,2
solar_68146,PV(50kW+),7.0,51.00590386895966,5365200.046162804,105187.82413790081,50000.0,380952.38095238095,145028.57802325767,0.0,350000.0,2666666.6666666665,1015200.0461628037,0.0,1333333.3333333333,3.3273813092773117,25.35147664211285,9.651307596513076,0.0,12.675738321056425,0.0,0.0,0.9576719576719577,2
solar_68148,PV(50kW+),12.6,45.37224239293459,8590693.41642638,189338.08344822144,50000.0,380952.38095238095,145028.57802325767,0.0,630000.0,4800000.0,1827360.0830930464,0.0,1333333.3333333333,3.327381309277312,25.351476642112853,9.651307596513076,0.0,7.042076845031348,0.0,0.0,0.9576719576719577,2
solar_68149,PV(50kW+),8.0,49.42143657882761,5941181.005138442,120214.65615760093,50000.0,380952.38095238095,145028.57802325767,0.0,400000.0,3047619.0476190476,1160228.6241860613,0.0,1333333.3333333333,3.3273813092773117,25.35147664211285,9.651307596513076,0.0,11.091271030924371,0.0,0.0,0.9576719576719577,2
solar_68150,PV(50kW+),1.0,127.0603337952982,1909314.2923089718,15026.832019700116,50000.0,380952.38095238095,145028.57802325767,0.0,50000.0,380952.38095238095,145028.57802325767,0.0,1333333.3333333333,3.3273813092773117,25.35147664211285,9.651307596513076,0.0,88.73016824739497,0.0,0.0,0.9576719576719577,2
solar_68151,PV(50kW+),8.0,49.42143657882761,5941181.005138442,120214.65615760093,50000.0,380952.38095238095,145028.57802325767,0.0,400000.0,3047619.0476190476,1160228.6241860613,0.0,1333333.3333333333,3.3273813092773117,25.35147664211285,9.651307596513076,0.0,11.091271030924371,0.0,0.0,0.9576719576719577,2
solar_68152,PV(50kW+),6.0,53.11852692246906,4789219.087187164,90160.9921182007,50000.0,380952.38095238095,145028.57802325767,0.0,300000.0,2285714.2857142854,870171.468139546,0.0,1333333.3333333333,3.3273813092773117,25.351476642112846,9.651307596513076,0.0,14.788361374565829,0.0,0.0,0.9576719576719577,2
solar_68153,PV(50kW+),4.9,56.43836314941242,4155640.0323139625,73631.47689653057,50000.0,380952.38095238095,145028.57802325767,0.0,245000.00000000003,1866666.6666666667,710640.0323139626,0.0,1333333.3333333333,3.3273813092773117,25.35147664211285,9.651307596513076,0.0,18.108197601509175,0.0,0.0,0.9576719576719577,2
solar_68154,PV(50kW+),15.0,44.24551009772958,9973047.717967914,225402.48029550174,50000.0,380952.38095238095,145028.57802325767,0.0,750000.0,5714285.714285715,2175428.670348865,0.0,1333333.3333333333,3.3273813092773117,25.35147664211285,9.651307596513076,0.0,5.915344549826331,0.0,0.0,0.9576719576719577,2
solar_68155,PV(50kW+),5.0,56.07619919738223,4213238.128211526,75134.16009850058,50000.0,380952.38095238095,145028.57802325767,0.0,250000.0,1904761.9047619049,725142.8901162883,0.0,1333333.3333333333,3.3273813092773117,25.35147664211285,9.651307596513076,0.0,17.746033649478996,0.0,0.0,0.9576719576719577,2
solar_68156,PV(50kW+),9.0,48.18907313094712,6517161.96411408,135241.48817730104,50000.0,380952.38095238095,145028.57802325767,0.0,450000.0,3428571.4285714286,1305257.202209319,0.0,1333333.3333333333,3.3273813092773117,25.35147664211285,9.651307596513076,0.0,9.858907583043885,0.0,0.0,0.9576719576719577,2
solar_68157,PV(50kW+),12.7,45.31679296895797,8648291.512323944,190840.76665019145,50000.0,380952.38095238095,145028.57802325767,0.0,635000.0,4838095.238095238,1841862.9408953723,0.0,1333333.3333333333,3.327381309277312,25.351476642112853,9.651307596513078,0.0,6.986627421054723,0.0,0.0,0.9576719576719577,2
solar_68158,PV(50kW+),4.6,57.61933255820649,3982845.7446212703,69123.42729062053,50000.0,380952.38095238095,145028.57802325767,0.0,229999.99999999997,1752380.9523809522,667131.4589069852,0.0,1333333.3333333333,3.3273813092773112,25.35147664211285,9.651307596513076,0.0,19.289167010303256,0.0,0.0,0.9576719576719577,2
solar_68159,PV(50kW+),5.0,56.07619919738223,4213238.128211526,75134.16009850058,50000.0,380952.38095238095,145028.57802325767,0.0,250000.0,1904761.9047619049,725142.8901162883,0.0,1333333.3333333333,3.3273813092773117,25.35147664211285,9.651307596513076,0.0,17.746033649478996,0.0,0.0,0.9576719576719577,2
solar_68160,PV(50kW+),5.0,56.07619919738223,4213238.128211526,75134.16009850058,50000.0,380952.38095238095,145028.57802325767,0.0,250000.0,1904761.9047619049,725142.8901162883,0.0,1333333.3333333333,3.3273813092773117,25.35147664211285,9.651307596513076,0.0,17.746033649478996,0.0,0.0,0.9576719576719577,2
solar_68161,PV(50kW+),5.0,56.07619919738223,4213238.128211526,75134.16009850058,50000.0,380952.38095238095,145028.57802325767,0.0,250000.0,1904761.9047619049,725142.8901162883,0.0,1333333.3333333333,3.3273813092773117,25.35147664211285,9.651307596513076,0.0,17.746033649478996,0.0,0.0,0.9576719576719577,2
solar_68163,PV(50kW+),10.0,47.203182372642736,7093142.923089719,150268.32019700116,50000.0,380952.38095238095,145028.57802325767,0.0,500000.0,3809523.8095238097,1450285.7802325767,0.0,1333333.3333333333,3.3273813092773117,25.35147664211285,9.651307596513076,0.0,8.873016824739498,0.0,0.0,0.9576719576719577,2
solar_68164,PV(50kW+),3.0,67.90688829703488,3061276.2102602487,45080.49605910035,50000.0,380952.38095238095,145028.57802325767,0.0,150000.0,1142857.1428571427,435085.734069773,0.0,1333333.3333333333,3.3273813092773117,25.351476642112846,9.651307596513076,0.0,29.576722749131658,0.0,0.0,0.9576719576719577,2
solar_68165,PV(50kW+),4.4,58.496112876856635,3867649.552826143,66118.06088668051,50000.0,380952.38095238095,145028.57802325767,0.0,220000.00000000003,1676190.4761904762,638125.7433023338,0.0,1333333.3333333333,3.3273813092773117,25.35147664211285,9.651307596513076,0.0,20.1659473289534,0.0,0.0,0.9576719576719577,2
solar_68166,PV(50kW+),5.0,56.07619919738223,4213238.128211526,75134.16009850058,50000.0,380952.38095238095,145028.57802325767,0.0,250000.0,1904761.9047619049,725142.8901162883,0.0,1333333.3333333333,3.3273813092773117,25.35147664211285,9.651307596513076,0.0,17.746033649478996,0.0,0.0,0.9576719576719577,2
solar_68167,PV(50kW+),5.0,56.07619919738223,4213238.128211526,75134.16009850058,50000.0,380952.38095238095,145028.57802325767,0.0,250000.0,1904761.9047619049,725142.8901162883,0.0,1333333.3333333333,3.3273813092773117,25.35147664211285,9.651307596513076,0.0,17.746033649478996,0.0,0.0,0.9576719576719577,2
solar_68168,PV(50kW+),5.0,56.07619919738223,4213238.128211526,75134.16009850058,50000.0,380952.38095238095,145028.57802325767,0.0,250000.0,1904761.9047619049,725142.8901162883,0.0,1333333.3333333333,3.3273813092773117,25.35147664211285,9.651307596513076,0.0,17.746033649478996,0.0,0.0,0.9576719576719577,2
solar_68169,PV(50kW+),5.0,56.07619919738223,4213238.128211526,75134.16009850058,50000.0,380952.38095238095,145028.57802325767,0.0,250000.0,1904761.9047619049,725142.8901162883,0.0,1333333.3333333333,3.3273813092773117,25.35147664211285,9.651307596513076,0.0,17.746033649478996,0.0,0.0,0.9576719576719577,2
solar_68170,PV(50kW+),1.0,127.0603337952982,1909314.2923089718,15026.832019700116,50000.0,380952.38095238095,145028.57802325767,0.0,50000.0,380952.38095238095,145028.57802325767,0.0,1333333.3333333333,3.3273813092773117,25.35147664211285,9.651307596513076,0.0,88.73016824739497,0.0,0.0,0.9576719576719577,2
solar_68173,PV(50kW+),5.8,53.628470418143756,4674022.895392037,87155.62571426066,50000.0,380952.38095238095,145028.57802325767,0.0,290000.0,2209523.8095238092,841165.7525348944,0.0,1333333.3333333333,3.327381309277312,25.35147664211285,9.651307596513076,0.0,15.298304870240514,0.0,0.0,0.9576719576719577,2
solar_68174,PV(50kW+),1.1,118.99395486371684,1966912.3882065357,16529.515221670128,50000.0,380952.38095238095,145028.57802325767,0.0,55000.00000000001,419047.61904761905,159531.43582558344,0.0,1333333.3333333333,3.3273813092773117,25.35147664211285,9.651307596513076,0.0,80.6637893158136,0.0,0.0,0.9576719576719577,2
solar_68175,PV(50kW+),3.5,63.681642190016085,3349266.6897480683,52593.912068950405,50000.0,380952.38095238095,145028.57802325767,0.0,175000.0,1333333.3333333333,507600.0230814018,0.0,1333333.3333333333,3.3273813092773117,25.35147664211285,9.651307596513076,0.0,25.35147664211285,0.0,0.0,0.9576719576719577,2
solar_68176,PV(50kW+),5.0,56.07619919738223,4213238.128211526,75134.16009850058,50000.0,380952.38095238095,145028.57802325767,0.0,250000.0,1904761.9047619049,725142.8901162883,0.0,1333333.3333333333,3.3273813092773117,25.35147664211285,9.651307596513076,0.0,17.746033649478996,0.0,0.0,0.9576719576719577,2
solar_68177,PV(50kW+),11.0,46.3965444794846,7669123.882065358,165295.15221670127,50000.0,380952.38095238095,145028.57802325767,0.0,550000.0,4190476.1904761903,1595314.3582558343,0.0,1333333.3333333333,3.3273813092773117,25.35147664211285,9.651307596513076,0.0,8.066378931581362,0.0,0.0,0.9576719576719577,2
solar_68179,PV(50kW+),5.0,56.07619919738223,4213238.128211526,75134.16009850058,50000.0,380952.38095238095,145028.57802325767,0.0,250000.0,1904761.9047619049,725142.8901162883,0.0,1333333.3333333333,3.3273813092773117,25.35147664211285,9.651307596513076,0.0,17.746033649478996,0.0,0.0,0.9576719576719577,2
solar_68181,PV(50kW+),5.0,56.07619919738223,4213238.128211526,75134.16009850058,50000.0,380952.38095238095,145028.57802325767,0.0,250000.0,1904761.9047619049,725142.8901162883,0.0,1333333.3333333333,3.3273813092773117,25.35147664211285,9.651307596513076,0.0,17.746033649478996,0.0,0.0,0.9576719576719577,2
solar_68184,PV(50kW+),1.1,118.99395486371684,1966912.3882065357,16529.515221670128,50000.0,380952.38095238095,145028.57802325767,0.0,55000.00000000001,419047.61904761905,159531.43582558344,0.0,1333333.3333333333,3.3273813092773117,25.35147664211285,9.651307596513076,0.0,80.6637893158136,0.0,0.0,0.9576719576719577,2
solar_68186,PV(50kW+),6.6,51.77413043387217,5134807.662572548,99177.09133002076,50000.0,380952.38095238095,145028.57802325767,0.0,330000.0,2514285.714285714,957188.6149535006,0.0,1333333.3333333333,3.3273813092773117,25.35147664211285,9.651307596513076,0.0,13.443964885968935,0.0,0.0,0.9576719576719577,2
solar_68187,PV(50kW+),14.3,44.53507241835044,9569861.046684965,214883.69788171168,50000.0,380952.38095238095,145028.57802325767,0.0,715000.0,5447619.047619048,2073908.6657325847,0.0,1333333.3333333333,3.3273813092773112,25.351476642112846,9.651307596513076,0.0,6.2049068704472,0.0,0.0,0.9576719576719577,2
solar_68188,PV(50kW+),14.0,44.66803470843145,9397066.758992273,210375.64827580162,50000.0,380952.38095238095,145028.57802325767,0.0,700000.0,5333333.333333333,2030400.0923256073,0.0,1333333.3333333333,3.3273813092773117,25.35147664211285,9.651307596513076,0.0,6.3378691605282125,0.0,0.0,0.9576719576719577,2
solar_68190,PV(50kW+),5.0,56.07619919738223,4213238.128211526,75134.16009850058,50000.0,380952.38095238095,145028.57802325767,0.0,250000.0,1904761.9047619049,725142.8901162883,0.0,1333333.3333333333,3.3273813092773117,25.35147664211285,9.651307596513076,0.0,17.746033649478996,0.0,0.0,0.9576719576719577,2
solar_68191,PV(50kW+),8.0,49.42143657882761,5941181.005138442,120214.65615760093,50000.0,380952.38095238095,145028.57802325767,0.0,400000.0,3047619.0476190476,1160228.6241860613,0.0,1333333.3333333333,3.3273813092773117,25.35147664211285,9.651307596513076,0.0,11.091271030924371,0.0,0.0,0.9576719576719577,2
solar_68194,PV(50kW+),15.0,44.24551009772958,9973047.717967914,225402.48029550174,50000.0,380952.38095238095,145028.57802325767,0.0,750000.0,5714285.714285715,2175428.670348865,0.0,1333333.3333333333,3.3273813092773117,25.35147664211285,9.651307596513076,0.0,5.915344549826331,0.0,0.0,0.9576719576719577,2
solar_68195,PV(50kW+),5.1,55.7282377532748,4270836.22410909,76636.84330047059,50000.0,380952.38095238095,145028.57802325767,0.0,254999.99999999997,1942857.1428571427,739645.7479186141,0.0,1333333.3333333333,3.3273813092773112,25.35147664211285,9.651307596513076,0.0,17.398072205371562,0.0,0.0,0.9576719576719577,2
solar_68196,PV(50kW+),10.2,47.02920165058902,7208339.114884847,153273.68660094118,50000.0,380952.38095238095,145028.57802325767,0.0,509999.99999999994,3885714.2857142854,1479291.4958372281,0.0,1333333.3333333333,3.3273813092773112,25.35147664211285,9.651307596513076,0.0,8.699036102685781,0.0,0.0,0.9576719576719577,2
solar_68197,PV(50kW+),5.0,56.07619919738223,4213238.128211526,75134.16009850058,50000.0,380952.38095238095,145028.57802325767,0.0,250000.0,1904761.9047619049,725142.8901162883,0.0,1333333.3333333333,3.3273813092773117,25.35147664211285,9.651307596513076,0.0,17.746033649478996,0.0,0.0,0.9576719576719577,2
solar_68198,PV(50kW+),8.2,49.1509177731953,6056377.196933569,123220.02256154094,50000.0,380952.38095238095,145028.57802325767,0.0,409999.99999999994,3123809.5238095233,1189234.3397907128,0.0,1333333.3333333333,3.3273813092773112,25.351476642112846,9.651307596513076,0.0,10.82075222529207,0.0,0.0,0.9576719576719577,2
solar_68200,PV(50kW+),15.0,44.24551009772958,9973047.717967914,225402.48029550174,50000.0,380952.38095238095,145028.57802325767,0.0,750000.0,5714285.714285715,2175428.670348865,0.0,1333333.3333333333,3.3273813092773117,25.35147664211285,9.651307596513076,0.0,5.915344549826331,0.0,0.0,0.9576719576719577,2
solar_68201,PV(50kW+),4.2,59.45639608299728,3752453.3610310154,63112.69448274049,50000.0,380952.38095238095,145028.57802325767,0.0,210000.0,1600000.0,609120.0276976823,0.0,1333333.3333333333,3.3273813092773117,25.35147664211285,9.651307596513078,0.0,21.12623053509404,0.0,0.0,0.9576719576719577,2
solar_68202,PV(50kW+),5.0,56.07619919738223,4213238.128211526,75134.16009850058,50000.0,380952.38095238095,145028.57802325767,0.0,250000.0,1904761.9047619049,725142.8901162883,0.0,1333333.3333333333,3.3273813092773117,25.35147664211285,9.651307596513076,0.0,17.746033649478996,0.0,0.0,0.9576719576719577,2
solar_68205,PV(50kW+),14.8,44.32544718624074,9857851.526172785,222397.11389156172,50000.0,380952.38095238095,145028.57802325767,0.0,740000.0,5638095.238095238,2146422.9547442137,0.0,1333333.3333333333,3.3273813092773117,25.35147664211285,9.651307596513078,0.0,5.995281638337498,0.0,0.0,0.9576719576719577,2
solar_68206,PV(50kW+),5.2,55.39365944163304,4328434.320006655,78139.52650244061,50000.0,380952.38095238095,145028.57802325767,0.0,260000.0,1980952.380952381,754148.6057209399,0.0,1333333.3333333333,3.3273813092773112,25.35147664211285,9.651307596513076,0.0,17.0634938937298,0.0,0.0,0.9576719576719577,2
solar_68208,PV(50kW+),2.0,82.69524967160072,2485295.2512846105,30053.66403940023,50000.0,380952.38095238095,145028.57802325767,0.0,100000.0,761904.7619047619,290057.15604651533,0.0,1333333.3333333333,3.3273813092773117,25.35147664211285,9.651307596513076,0.0,44.365084123697486,0.0,0.0,0.9576719576719577,2
solar_68209,PV(50kW+),1.0,127.0603337952982,1909314.2923089718,15026.832019700116,50000.0,380952.38095238095,145028.57802325767,0.0,50000.0,380952.38095238095,145028.57802325767,0.0,1333333.3333333333,3.3273813092773117,25.35147664211285,9.651307596513076,0.0,88.73016824739497,0.0,0.0,0.9576719576719577,2
solar_68210,PV(50kW+),5.2,55.39365944163304,4328434.320006655,78139.52650244061,50000.0,380952.38095238095,145028.57802325767,0.0,260000.0,1980952.380952381,754148.6057209399,0.0,1333333.3333333333,3.3273813092773112,25.35147664211285,9.651307596513076,0.0,17.0634938937298,0.0,0.0,0.9576719576719577,2
solar_68212,PV(50kW+),9.5,47.67018325815533,6805152.4436019,142754.9041871511,50000.0,380952.38095238095,145028.57802325767,0.0,475000.0,3619047.619047619,1377771.4912209478,0.0,1333333.3333333333,3.3273813092773112,25.351476642112846,9.651307596513076,0.0,9.340017710252102,0.0,0.0,0.9576719576719577,2
solar_68214,PV(50kW+),3.1,66.95280046641774,3118874.3061578134,46583.17926107036,50000.0,380952.38095238095,145028.57802325767,0.0,155000.0,1180952.380952381,449588.5918720988,0.0,1333333.3333333333,3.3273813092773112,25.35147664211285,9.651307596513076,0.0,28.622634918514503,0.0,0.0,0.9576719576719577,2
solar_68216,PV(50kW+),8.9,48.29984737345324,6459563.868216517,133738.80497533103,50000.0,380952.38095238095,145028.57802325767,0.0,445000.0,3390476.1904761908,1290754.3444069934,0.0,1333333.3333333333,3.3273813092773117,25.351476642112853,9.651307596513078,0.0,9.969681825549996,0.0,0.0,0.9576719576719577,2
solar_68217,PV(50kW+),8.2,49.1509177731953,6056377.196933569,123220.02256154094,50000.0,380952.38095238095,145028.57802325767,0.0,409999.99999999994,3123809.5238095233,1189234.3397907128,0.0,1333333.3333333333,3.3273813092773112,25.351476642112846,9.651307596513076,0.0,10.82075222529207,0.0,0.0,0.9576719576719577,2
solar_68218,PV(50kW+),6.4,52.1942543365587,5019611.47077742,96171.72492608074,50000.0,380952.38095238095,145028.57802325767,0.0,320000.0,2438095.2380952383,928182.8993488491,0.0,1333333.3333333333,3.3273813092773117,25.351476642112853,9.651307596513076,0.0,13.864088788655463,0.0,0.0,0.9576719576719577,2
solar_68223,PV(50kW+),1.2,112.2719724207324,2024510.4841040997,18032.198423640137,50000.0,380952.38095238095,145028.57802325767,0.0,60000.0,457142.8571428571,174034.29362790918,0.0,1333333.3333333333,3.327381309277312,25.35147664211285,9.651307596513076,0.0,73.94180687282915,0.0,0.0,0.9576719576719577,2
solar_68227,PV(50kW+),3.9,61.081490739542986,3579659.073338324,58604.64487683045,50000.0,380952.38095238095,145028.57802325767,0.0,195000.0,1485714.2857142857,565611.4542907049,0.0,1333333.3333333333,3.3273813092773117,25.35147664211285,9.651307596513078,0.0,22.751325191639737,0.0,0.0,0.9576719576719577,2
solar_68228,PV(50kW+),13.4,44.951819894723755,9051478.183606891,201359.54906398157,50000.0,380952.38095238095,145028.57802325767,0.0,670000.0,5104761.904761905,1943382.9455116529,0.0,1333333.3333333333,3.3273813092773112,25.35147664211285,9.651307596513076,0.0,6.621654346820519,0.0,0.0,0.9576719576719577,2
solar_68230,PV(50kW+),1.2,112.2719724207324,2024510.4841040997,18032.198423640137,50000.0,380952.38095238095,145028.57802325767,0.0,60000.0,457142.8571428571,174034.29362790918,0.0,1333333.3333333333,3.327381309277312,25.35147664211285,9.651307596513076,0.0,73.94180687282915,0.0,0.0,0.9576719576719577,2
solar_68231,PV(50kW+),11.6,45.97931798302349,8014712.45745074,174311.25142852133,50000.0,380952.38095238095,145028.57802325767,0.0,580000.0,4419047.6190476185,1682331.5050697888,0.0,1333333.3333333333,3.327381309277312,25.35147664211285,9.651307596513076,0.0,7.649152435120257,0.0,0.0,0.9576719576719577,2
solar_68232,PV(50kW+),6.5,51.98096066288708,5077209.566674984,97674.40812805075,50000.0,380952.38095238095,145028.57802325767,0.0,325000.0,2476190.476190476,942685.7571511748,0.0,1333333.3333333333,3.3273813092773117,25.35147664211285,9.651307596513076,0.0,13.650795114983842,0.0,0.0,0.9576719576719577,2
solar_68233,PV(50kW+),5.0,56.07619919738223,4213238.128211526,75134.16009850058,50000.0,380952.38095238095,145028.57802325767,0.0,250000.0,1904761.9047619049,725142.8901162883,0.0,1333333.3333333333,3.3273813092773117,25.35147664211285,9.651307596513076,0.0,17.746033649478996,0.0,0.0,0.9576719576719577,2
solar_68234,PV(50kW+),8.4,48.89328081545026,6171573.388728698,126225.38896548098,50000.0,380952.38095238095,145028.57802325767,0.0,420000.0,3200000.0,1218240.0553953645,0.0,1333333.3333333333,3.3273813092773117,25.35147664211285,9.651307596513078,0.0,10.56311526754702,0.0,0.0,0.9576719576719577,2
solar_68235,PV(50kW+),4.2,59.45639608299728,3752453.3610310154,63112.69448274049,50000.0,380952.38095238095,145028.57802325767,0.0,210000.0,1600000.0,609120.0276976823,0.0,1333333.3333333333,3.3273813092773117,25.35147664211285,9.651307596513078,0.0,21.12623053509404,0.0,0.0,0.9576719576719577,2
solar_68236,PV(50kW+),5.0,56.07619919738223,4213238.128211526,75134.16009850058,50000.0,380952.38095238095,145028.57802325767,0.0,250000.0,1904761.9047619049,725142.8901162883,0.0,1333333.3333333333,3.3273813092773117,25.35147664211285,9.651307596513076,0.0,17.746033649478996,0.0,0.0,0.9576719576719577,2
solar_68237,PV(50kW+),6.5,51.98096066288708,5077209.566674984,97674.40812805075,50000.0,380952.38095238095,145028.57802325767,0.0,325000.0,2476190.476190476,942685.7571511748,0.0,1333333.3333333333,3.3273813092773117,25.35147664211285,9.651307596513076,0.0,13.650795114983842,0.0,0.0,0.9576719576719577,2
solar_68238,PV(50kW+),4.0,60.512707609751985,3637257.169235888,60107.32807880046,50000.0,380952.38095238095,145028.57802325767,0.0,200000.0,1523809.5238095238,580114.3120930307,0.0,1333333.3333333333,3.3273813092773117,25.35147664211285,9.651307596513076,0.0,22.182542061848743,0.0,0.0,0.9576719576719577,2
solar_68239,PV(50kW+),9.6,47.572891407006885,6862750.5394994635,144257.5873891211,50000.0,380952.38095238095,145028.57802325767,0.0,480000.0,3657142.857142857,1392274.3490232734,0.0,1333333.3333333333,3.327381309277312,25.35147664211285,9.651307596513076,0.0,9.242725859103643,0.0,0.0,0.9576719576719577,2
solar_68240,PV(50kW+),4.5,58.047980713991,3925247.6487237066,67620.74408865052,50000.0,380952.38095238095,145028.57802325767,0.0,225000.0,1714285.7142857143,652628.6011046595,0.0,1333333.3333333333,3.3273813092773117,25.35147664211285,9.651307596513076,0.0,19.71781516608777,0.0,0.0,0.9576719576719577,2
solar_68242,PV(50kW+),6.8,51.37871970193191,5250003.854367675,102182.45773396078,50000.0,380952.38095238095,145028.57802325767,0.0,340000.0,2590476.1904761903,986194.330558152,0.0,1333333.3333333333,3.3273813092773117,25.35147664211285,9.651307596513076,0.0,13.048554154028674,0.0,0.0,0.9576719576719577,2
solar_68243,PV(50kW+),3.5,63.681642190016085,3349266.6897480683,52593.912068950405,50000.0,380952.38095238095,145028.57802325767,0.0,175000.0,1333333.3333333333,507600.0230814018,0.0,1333333.3333333333,3.3273813092773117,25.35147664211285,9.651307596513076,0.0,25.35147664211285,0.0,0.0,0.9576719576719577,2
solar_68244,PV(50kW+),1.5,97.48361104616654,2197304.771796791,22540.248029550174,50000.0,380952.38095238095,145028.57802325767,0.0,75000.0,571428.5714285714,217542.8670348865,0.0,1333333.3333333333,3.3273813092773117,25.351476642112846,9.651307596513076,0.0,59.153445498263316,0.0,0.0,0.9576719576719577,2
solar_68246,PV(50kW+),5.0,56.07619919738223,4213238.128211526,75134.16009850058,50000.0,380952.38095238095,145028.57802325767,0.0,250000.0,1904761.9047619049,725142.8901162883,0.0,1333333.3333333333,3.3273813092773117,25.35147664211285,9.651307596513076,0.0,17.746033649478996,0.0,0.0,0.9576719576719577,2
solar_68247,PV(50kW+),1.5,97.48361104616654,2197304.771796791,22540.248029550174,50000.0,380952.38095238095,145028.57802325767,0.0,75000.0,571428.5714285714,217542.8670348865,0.0,1333333.3333333333,3.3273813092773117,25.351476642112846,9.651307596513076,0.0,59.153445498263316,0.0,0.0,0.9576719576719577,2
solar_68248,PV(50kW+),1.5,97.48361104616654,2197304.771796791,22540.248029550174,50000.0,380952.38095238095,145028.57802325767,0.0,75000.0,571428.5714285714,217542.8670348865,0.0,1333333.3333333333,3.3273813092773117,25.351476642112846,9.651307596513076,0.0,59.153445498263316,0.0,0.0,0.9576719576719577,2
solar_68249,PV(50kW+),1.2,112.2719724207324,2024510.4841040997,18032.198423640137,50000.0,380952.38095238095,145028.57802325767,0.0,60000.0,457142.8571428571,174034.29362790918,0.0,1333333.3333333333,3.327381309277312,25.35147664211285,9.651307596513076,0.0,73.94180687282915,0.0,0.0,0.9576719576719577,2
solar_68250,PV(50kW+),5.0,56.07619919738223,4213238.128211526,75134.16009850058,50000.0,380952.38095238095,145028.57802325767,0.0,250000.0,1904761.9047619049,725142.8901162883,0.0,1333333.3333333333,3.3273813092773117,25.35147664211285,9.651307596513076,0.0,17.746033649478996,0.0,0.0,0.9576719576719577,2
solar_68251,PV(50kW+),3.0,67.90688829703488,3061276.2102602487,45080.49605910035,50000.0,380952.38095238095,145028.57802325767,0.0,150000.0,1142857.1428571427,435085.734069773,0.0,1333333.3333333333,3.3273813092773117,25.351476642112846,9.651307596513076,0.0,29.576722749131658,0.0,0.0,0.9576719576719577,2
solar_68255,PV(50kW+),2.8,70.0195113505443,2946080.0184651213,42075.12965516032,50000.0,380952.38095238095,145028.57802325767,0.0,140000.0,1066666.6666666665,406080.01846512145,0.0,1333333.3333333333,3.3273813092773117,25.351476642112846,9.651307596513076,0.0,31.68934580264106,0.0,0.0,0.9576719576719577,2
solar_68256,PV(50kW+),12.2,45.60313015834545,8360301.032836124,183327.3506403414,50000.0,380952.38095238095,145028.57802325767,0.0,610000.0,4647619.047619048,1769348.6518837435,0.0,1333333.3333333333,3.3273813092773117,25.35147664211285,9.651307596513076,0.0,7.2729646104422105,0.0,0.0,0.9576719576719577,2
solar_68258,PV(50kW+),5.0,56.07619919738223,4213238.128211526,75134.16009850058,50000.0,380952.38095238095,145028.57802325767,0.0,250000.0,1904761.9047619049,725142.8901162883,0.0,1333333.3333333333,3.3273813092773117,25.35147664211285,9.651307596513076,0.0,17.746033649478996,0.0,0.0,0.9576719576719577,2
solar_68259,PV(50kW+),2.8,70.0195113505443,2946080.0184651213,42075.12965516032,50000.0,380952.38095238095,145028.57802325767,0.0,140000.0,1066666.6666666665,406080.01846512145,0.0,1333333.3333333333,3.3273813092773117,25.351476642112846,9.651307596513076,0.0,31.68934580264106,0.0,0.0,0.9576719576719577,2
solar_68260,PV(50kW+),10.2,47.02920165058902,7208339.114884847,153273.68660094118,50000.0,380952.38095238095,145028.57802325767,0.0,509999.99999999994,3885714.2857142854,1479291.4958372281,0.0,1333333.3333333333,3.3273813092773112,25.35147664211285,9.651307596513076,0.0,8.699036102685781,0.0,0.0,0.9576719576719577,2
solar_68261,PV(50kW+),1.2,112.2719724207324,2024510.4841040997,18032.198423640137,50000.0,380952.38095238095,145028.57802325767,0.0,60000.0,457142.8571428571,174034.29362790918,0.0,1333333.3333333333,3.327381309277312,25.35147664211285,9.651307596513076,0.0,73.94180687282915,0.0,0.0,0.9576719576719577,2
solar_68262,PV(50kW+),5.0,56.07619919738223,4213238.128211526,75134.16009850058,50000.0,380952.38095238095,145028.57802325767,0.0,250000.0,1904761.9047619049,725142.8901162883,0.0,1333333.3333333333,3.3273813092773117,25.35147664211285,9.651307596513076,0.0,17.746033649478996,0.0,0.0,0.9576719576719577,2
solar_68263,PV(50kW+),14.8,44.32544718624074,9857851.526172785,222397.11389156172,50000.0,380952.38095238095,145028.57802325767,0.0,740000.0,5638095.238095238,2146422.9547442137,0.0,1333333.3333333333,3.3273813092773117,25.35147664211285,9.651307596513078,0.0,5.995281638337498,0.0,0.0,0.9576719576719577,2
solar_68267,PV(50kW+),1.2,112.2719724207324,2024510.4841040997,18032.198423640137,50000.0,380952.38095238095,145028.57802325767,0.0,60000.0,457142.8571428571,174034.29362790918,0.0,1333333.3333333333,3.327381309277312,25.35147664211285,9.651307596513076,0.0,73.94180687282915,0.0,0.0,0.9576719576719577,2
solar_68268,PV(50kW+),13.1,45.10346083396392,8878683.895914199,196851.4994580715,50000.0,380952.38095238095,145028.57802325767,0.0,655000.0,4990476.19047619,1899874.3721046753,0.0,1333333.3333333333,3.3273813092773117,25.35147664211285,9.651307596513076,0.0,6.7732952860606845,0.0,0.0,0.9576719576719577,2
solar_68269,PV(50kW+),1.0,127.0603337952982,1909314.2923089718,15026.832019700116,50000.0,380952.38095238095,145028.57802325767,0.0,50000.0,380952.38095238095,145028.57802325767,0.0,1333333.3333333333,3.3273813092773117,25.35147664211285,9.651307596513076,0.0,88.73016824739497,0.0,0.0,0.9576719576719577,2
solar_68270,PV(50kW+),2.0,82.69524967160072,2485295.2512846105,30053.66403940023,50000.0,380952.38095238095,145028.57802325767,0.0,100000.0,761904.7619047619,290057.15604651533,0.0,1333333.3333333333,3.3273813092773117,25.35147664211285,9.651307596513076,0.0,44.365084123697486,0.0,0.0,0.9576719576719577,2
solar_68272,PV(50kW+),8.6,48.647626972018934,6286769.580523825,129230.755369421,50000.0,380952.38095238095,145028.57802325767,0.0,430000.0,3276190.476190476,1247245.7710000158,0.0,1333333.3333333333,3.3273813092773117,25.35147664211285,9.651307596513076,0.0,10.317461424115695,0.0,0.0,0.9576719576719577,2
solar_68273,PV(50kW+),5.0,56.07619919738223,4213238.128211526,75134.16009850058,50000.0,380952.38095238095,145028.57802325767,0.0,250000.0,1904761.9047619049,725142.8901162883,0.0,1333333.3333333333,3.3273813092773117,25.35147664211285,9.651307596513076,0.0,17.746033649478996,0.0,0.0,0.9576719576719577,2
solar_68275,PV(50kW+),11.0,46.3965444794846,7669123.882065358,165295.15221670127,50000.0,380952.38095238095,145028.57802325767,0.0,550000.0,4190476.1904761903,1595314.3582558343,0.0,1333333.3333333333,3.3273813092773117,25.35147664211285,9.651307596513076,0.0,8.066378931581362,0.0,0.0,0.9576719576719577,2
solar_68276,PV(50kW+),5.0,56.07619919738223,4213238.128211526,75134.16009850058,50000.0,380952.38095238095,145028.57802325767,0.0,250000.0,1904761.9047619049,725142.8901162883,0.0,1333333.3333333333,3.3273813092773117,25.35147664211285,9.651307596513076,0.0,17.746033649478996,0.0,0.0,0.9576719576719577,2
solar_68277,PV(50kW+),6.0,53.11852692246906,4789219.087187164,90160.9921182007,50000.0,380952.38095238095,145028.57802325767,0.0,300000.0,2285714.2857142854,870171.468139546,0.0,1333333.3333333333,3.3273813092773117,25.351476642112846,9.651307596513076,0.0,14.788361374565829,0.0,0.0,0.9576719576719577,2
solar_68278,PV(50kW+),6.7,51.57347424154428,5192405.758470112,100679.77453199078,50000.0,380952.38095238095,145028.57802325767,0.0,335000.0,2552380.9523809524,971691.4727558264,0.0,1333333.3333333333,3.3273813092773112,25.35147664211285,9.651307596513076,0.0,13.243308693641039,0.0,0.0,0.9576719576719577,2
solar_68279,PV(50kW+),3.0,67.90688829703488,3061276.2102602487,45080.49605910035,50000.0,380952.38095238095,145028.57802325767,0.0,150000.0,1142857.1428571427,435085.734069773,0.0,1333333.3333333333,3.3273813092773117,25.351476642112846,9.651307596513076,0.0,29.576722749131658,0.0,0.0,0.9576719576719577,2
solar_68280,PV(50kW+),11.5,46.04583235202453,7957114.361553176,172808.56822655135,50000.0,380952.38095238095,145028.57802325767,0.0,575000.0,4380952.380952381,1667828.6472674632,0.0,1333333.3333333333,3.3273813092773112,25.351476642112846,9.651307596513076,0.0,7.715666804121301,0.0,0.0,0.9576719576719577,2
solar_68281,PV(50kW+),18.3,43.17880862153138,11873784.88258752,274991.0259605121,50000.0,380952.38095238095,145028.57802325767,0.0,915000.0,6971428.571428572,2654022.9778256156,0.0,1333333.3333333333,3.3273813092773117,25.351476642112853,9.651307596513078,0.0,4.848643073628141,0.0,0.0,0.9576719576719577,2
solar_68283,PV(50kW+),13.2,45.05214799088771,8936281.991811763,198354.18266004152,50000.0,380952.38095238095,145028.57802325767,0.0,660000.0,5028571.428571428,1914377.2299070011,0.0,1333333.3333333333,3.3273813092773117,25.35147664211285,9.651307596513076,0.0,6.7219824429844675,0.0,0.0,0.9576719576719577,2
solar_68284,PV(50kW+),17.6,43.37165238014159,11470598.211304573,264472.24354672205,50000.0,380952.38095238095,145028.57802325767,0.0,880000.0000000001,6704761.904761905,2552502.973209335,0.0,1333333.3333333333,3.3273813092773117,25.35147664211285,9.651307596513076,0.0,5.04148683223835,0.0,0.0,0.9576719576719577,2
solar_68285,PV(50kW+),10.7,46.62270463644482,7496329.5943726655,160787.10261079122,50000.0,380952.38095238095,145028.57802325767,0.0,535000.0,4076190.4761904757,1551805.784848857,0.0,1333333.3333333333,3.327381309277312,25.35147664211285,9.651307596513078,0.0,8.292539088541588,0.0,0.0,0.9576719576719577,2
solar_68286,PV(50kW+),13.6,44.85444262491758,9166674.375402018,204364.91546792156,50000.0,380952.38095238095,145028.57802325767,0.0,680000.0,5180952.380952381,1972388.661116304,0.0,1333333.3333333333,3.3273813092773117,25.35147664211285,9.651307596513076,0.0,6.524277077014337,0.0,0.0,0.9576719576719577,2
solar_68288,PV(50kW+),17.0,43.549587209514705,11125009.63591919,255456.14433490197,50000.0,380952.38095238095,145028.57802325767,0.0,850000.0,6476190.476190476,2465485.8263953803,0.0,1333333.3333333333,3.3273813092773117,25.35147664211285,9.651307596513076,0.0,5.219421661611469,0.0,0.0,0.9576719576719577,2
solar_68289,PV(50kW+),5.0,56.07619919738223,4213238.128211526,75134.16009850058,50000.0,380952.38095238095,145028.57802325767,0.0,250000.0,1904761.9047619049,725142.8901162883,0.0,1333333.3333333333,3.3273813092773117,25.35147664211285,9.651307596513076,0.0,17.746033649478996,0.0,0.0,0.9576719576719577,2
solar_68291,PV(50kW+),7.3,50.48498311603954,5537994.333855495,109695.87374381084,50000.0,380952.38095238095,145028.57802325767,0.0,365000.0,2780952.380952381,1058708.619569781,0.0,1333333.3333333333,3.3273813092773117,25.351476642112853,9.651307596513078,0.0,12.154817568136298,0.0,0.0,0.9576719576719577,2
solar_68292,PV(50kW+),10.0,47.203182372642736,7093142.923089719,150268.32019700116,50000.0,380952.38095238095,145028.57802325767,0.0,500000.0,3809523.8095238097,1450285.7802325767,0.0,1333333.3333333333,3.3273813092773117,25.35147664211285,9.651307596513076,0.0,8.873016824739498,0.0,0.0,0.9576719576719577,2
solar_68293,PV(50kW+),1.3,106.58414112282243,2082108.5800016634,19534.881625610153,50000.0,380952.38095238095,145028.57802325767,0.0,65000.0,495238.09523809527,188537.15143023498,0.0,1333333.3333333333,3.3273813092773112,25.35147664211285,9.651307596513076,0.0,68.2539755749192,0.0,0.0,0.9576719576719577,2
solar_68294,PV(50kW+),8.1,49.28450730684089,5998779.101036006,121717.33935957093,50000.0,380952.38095238095,145028.57802325767,0.0,405000.0,3085714.2857142854,1174731.481988387,0.0,1333333.3333333333,3.3273813092773117,25.35147664211285,9.651307596513076,0.0,10.954341758937652,0.0,0.0,0.9576719576719577,2
solar_68297,PV(50kW+),6.4,52.1942543365587,5019611.47077742,96171.72492608074,50000.0,380952.38095238095,145028.57802325767,0.0,320000.0,2438095.2380952383,928182.8993488491,0.0,1333333.3333333333,3.3273813092773117,25.351476642112853,9.651307596513076,0.0,13.864088788655463,0.0,0.0,0.9576719576719577,2
solar_68298,PV(50kW+),1.6,93.7865207025251,2254902.867694355,24042.931231520186,50000.0,380952.38095238095,145028.57802325767,0.0,80000.0,609523.8095238096,232045.72483721227,0.0,1333333.3333333333,3.3273813092773117,25.351476642112853,9.651307596513076,0.0,55.45635515462185,0.0,0.0,0.9576719576719577,2
solar_68300,PV(50kW+),4.4,58.496112876856635,3867649.552826143,66118.06088668051,50000.0,380952.38095238095,145028.57802325767,0.0,220000.00000000003,1676190.4761904762,638125.7433023338,0.0,1333333.3333333333,3.3273813092773117,25.35147664211285,9.651307596513076,0.0,20.1659473289534,0.0,0.0,0.9576719576719577,2
solar_68301,PV(50kW+),1.0,127.0603337952982,1909314.2923089718,15026.832019700116,50000.0,380952.38095238095,145028.57802325767,0.0,50000.0,380952.38095238095,145028.57802325767,0.0,1333333.3333333333,3.3273813092773117,25.35147664211285,9.651307596513076,0.0,88.73016824739497,0.0,0.0,0.9576719576719577,2
solar_68303,PV(50kW+),7.0,51.00590386895966,5365200.046162804,105187.82413790081,50000.0,380952.38095238095,145028.57802325767,0.0,350000.0,2666666.6666666665,1015200.0461628037,0.0,1333333.3333333333,3.3273813092773117,25.35147664211285,9.651307596513076,0.0,12.675738321056425,0.0,0.0,0.9576719576719577,2
solar_68304,PV(50kW+),8.0,49.42143657882761,5941181.005138442,120214.65615760093,50000.0,380952.38095238095,145028.57802325767,0.0,400000.0,3047619.0476190476,1160228.6241860613,0.0,1333333.3333333333,3.3273813092773117,25.35147664211285,9.651307596513076,0.0,11.091271030924371,0.0,0.0,0.9576719576719577,2
solar_68305,PV(50kW+),5.0,56.07619919738223,4213238.128211526,75134.16009850058,50000.0,380952.38095238095,145028.57802325767,0.0,250000.0,1904761.9047619049,725142.8901162883,0.0,1333333.3333333333,3.3273813092773117,25.35147664211285,9.651307596513076,0.0,17.746033649478996,0.0,0.0,0.9576719576719577,2
solar_68306,PV(50kW+),2.3,76.90849956850974,2658089.5389773017,34561.713645310265,50000.0,380952.38095238095,145028.57802325767,0.0,114999.99999999999,876190.4761904761,333565.7294534926,0.0,1333333.3333333333,3.3273813092773112,25.35147664211285,9.651307596513076,0.0,38.57833402060651,0.0,0.0,0.9576719576719577,2
solar_68308,PV(50kW+),9.3,47.871043854074735,6689956.251806772,139749.5377832111,50000.0,380952.38095238095,145028.57802325767,0.0,465000.00000000006,3542857.142857143,1348765.7756162963,0.0,1333333.3333333333,3.3273813092773117,25.35147664211285,9.651307596513076,0.0,9.540878306171502,0.0,0.0,0.9576719576719577,2
solar_68309,PV(50kW+),4.4,58.496112876856635,3867649.552826143,66118.06088668051,50000.0,380952.38095238095,145028.57802325767,0.0,220000.00000000003,1676190.4761904762,638125.7433023338,0.0,1333333.3333333333,3.3273813092773117,25.35147664211285,9.651307596513076,0.0,20.1659473289534,0.0,0.0,0.9576719576719577,2
solar_68310,PV(50kW+),7.2,50.65380002670809,5480396.237957931,108193.19054184084,50000.0,380952.38095238095,145028.57802325767,0.0,360000.0,2742857.1428571427,1044205.7617674553,0.0,1333333.3333333333,3.3273813092773112,25.351476642112846,9.651307596513076,0.0,12.323634478804856,0.0,0.0,0.9576719576719577,2
solar_68311,PV(50kW+),6.5,51.98096066288708,5077209.566674984,97674.40812805075,50000.0,380952.38095238095,145028.57802325767,0.0,325000.0,2476190.476190476,942685.7571511748,0.0,1333333.3333333333,3.3273813092773117,25.35147664211285,9.651307596513076,0.0,13.650795114983842,0.0,0.0,0.9576719576719577,2
solar_68312,PV(50kW+),5.5,54.462923411065965,4501228.607699346,82647.57610835064,50000.0,380952.38095238095,145028.57802325767,0.0,275000.0,2095238.0952380951,797657.1791279172,0.0,1333333.3333333333,3.3273813092773117,25.35147664211285,9.651307596513076,0.0,16.132757863162723,0.0,0.0,0.9576719576719577,2
solar_68313,PV(50kW+),10.0,47.203182372642736,7093142.923089719,150268.32019700116,50000.0,380952.38095238095,145028.57802325767,0.0,500000.0,3809523.8095238097,1450285.7802325767,0.0,1333333.3333333333,3.3273813092773117,25.35147664211285,9.651307596513076,0.0,8.873016824739498,0.0,0.0,0.9576719576719577,2
solar_68314,PV(50kW+),5.0,56.07619919738223,4213238.128211526,75134.16009850058,50000.0,380952.38095238095,145028.57802325767,0.0,250000.0,1904761.9047619049,725142.8901162883,0.0,1333333.3333333333,3.3273813092773117,25.35147664211285,9.651307596513076,0.0,17.746033649478996,0.0,0.0,0.9576719576719577,2
solar_68315,PV(50kW+),5.0,56.07619919738223,4213238.128211526,75134.16009850058,50000.0,380952.38095238095,145028.57802325767,0.0,250000.0,1904761.9047619049,725142.8901162883,0.0,1333333.3333333333,3.3273813092773117,25.35147664211285,9.651307596513076,0.0,17.746033649478996,0.0,0.0,0.9576719576719577,2
solar_68316,PV(50kW+),10.8,46.54592186710647,7553927.69027023,162289.78581276126,50000.0,380952.38095238095,145028.57802325767,0.0,540000.0,4114285.7142857146,1566308.6426511828,0.0,1333333.3333333333,3.3273813092773117,25.35147664211285,9.651307596513076,0.0,8.215756319203237,0.0,0.0,0.9576719576719577,2
solar_68317,PV(50kW+),8.3,49.02054726445685,6113975.292831134,124722.70576351097,50000.0,380952.38095238095,145028.57802325767,0.0,415000.00000000006,3161904.761904762,1203737.1975930387,0.0,1333333.3333333333,3.327381309277312,25.35147664211285,9.651307596513076,0.0,10.69038171655361,0.0,0.0,0.9576719576719577,2
solar_68320,PV(50kW+),1.7,90.52438216401794,2312500.963591919,25545.614433490195,50000.0,380952.38095238095,145028.57802325767,0.0,85000.0,647619.0476190476,246548.582639538,0.0,1333333.3333333333,3.3273813092773117,25.35147664211285,9.651307596513076,0.0,52.194216616114694,0.0,0.0,0.9576719576719577,2
solar_68322,PV(50kW+),2.1,80.58262661809131,2542893.347182174,31556.347241370244,50000.0,380952.38095238095,145028.57802325767,0.0,105000.0,800000.0,304560.01384884113,0.0,1333333.3333333333,3.3273813092773117,25.35147664211285,9.651307596513078,0.0,42.25246107018808,0.0,0.0,0.9576719576719577,2
solar_68324,PV(50kW+),3.0,67.90688829703488,3061276.2102602487,45080.49605910035,50000.0,380952.38095238095,145028.57802325767,0.0,150000.0,1142857.1428571427,435085.734069773,0.0,1333333.3333333333,3.3273813092773117,25.351476642112846,9.651307596513076,0.0,29.576722749131658,0.0,0.0,0.9576719576719577,2
solar_68326,PV(50kW+),8.8,48.41313921237993,6401965.772318953,132236.12177336102,50000.0,380952.38095238095,145028.57802325767,0.0,440000.00000000006,3352380.9523809524,1276251.4866046675,0.0,1333333.3333333333,3.3273813092773117,25.35147664211285,9.651307596513076,0.0,10.0829736644767,0.0,0.0,0.9576719576719577,2
solar_68327,PV(50kW+),1.7,90.52438216401794,2312500.963591919,25545.614433490195,50000.0,380952.38095238095,145028.57802325767,0.0,85000.0,647619.0476190476,246548.582639538,0.0,1333333.3333333333,3.3273813092773117,25.35147664211285,9.651307596513076,0.0,52.194216616114694,0.0,0.0,0.9576719576719577,2
solar_68328,PV(50kW+),8.0,49.42143657882761,5941181.005138442,120214.65615760093,50000.0,380952.38095238095,145028.57802325767,0.0,400000.0,3047619.0476190476,1160228.6241860613,0.0,1333333.3333333333,3.3273813092773117,25.35147664211285,9.651307596513076,0.0,11.091271030924371,0.0,0.0,0.9576719576719577,2
solar_68330,PV(50kW+),5.8,53.628470418143756,4674022.895392037,87155.62571426066,50000.0,380952.38095238095,145028.57802325767,0.0,290000.0,2209523.8095238092,841165.7525348944,0.0,1333333.3333333333,3.327381309277312,25.35147664211285,9.651307596513076,0.0,15.298304870240514,0.0,0.0,0.9576719576719577,2
solar_68338,PV(50kW+),5.0,56.07619919738223,4213238.128211526,75134.16009850058,50000.0,380952.38095238095,145028.57802325767,0.0,250000.0,1904761.9047619049,725142.8901162883,0.0,1333333.3333333333,3.3273813092773117,25.35147664211285,9.651307596513076,0.0,17.746033649478996,0.0,0.0,0.9576719576719577,2
solar_68339,PV(50kW+),5.0,56.07619919738223,4213238.128211526,75134.16009850058,50000.0,380952.38095238095,145028.57802325767,0.0,250000.0,1904761.9047619049,725142.8901162883,0.0,1333333.3333333333,3.3273813092773117,25.35147664211285,9.651307596513076,0.0,17.746033649478996,0.0,0.0,0.9576719576719577,2
solar_68340,PV(50kW+),4.4,58.496112876856635,3867649.552826143,66118.06088668051,50000.0,380952.38095238095,145028.57802325767,0.0,220000.00000000003,1676190.4761904762,638125.7433023338,0.0,1333333.3333333333,3.3273813092773117,25.35147664211285,9.651307596513076,0.0,20.1659473289534,0.0,0.0,0.9576719576719577,2
solar_68341,PV(50kW+),4.0,60.512707609751985,3637257.169235888,60107.32807880046,50000.0,380952.38095238095,145028.57802325767,0.0,200000.0,1523809.5238095238,580114.3120930307,0.0,1333333.3333333333,3.3273813092773117,25.35147664211285,9.651307596513076,0.0,22.182542061848743,0.0,0.0,0.9576719576719577,2
solar_68342,PV(50kW+),7.0,51.00590386895966,5365200.046162804,105187.82413790081,50000.0,380952.38095238095,145028.57802325767,0.0,350000.0,2666666.6666666665,1015200.0461628037,0.0,1333333.3333333333,3.3273813092773117,25.35147664211285,9.651307596513076,0.0,12.675738321056425,0.0,0.0,0.9576719576719577,2
solar_68344,PV(50kW+),8.0,49.42143657882761,5941181.005138442,120214.65615760093,50000.0,380952.38095238095,145028.57802325767,0.0,400000.0,3047619.0476190476,1160228.6241860613,0.0,1333333.3333333333,3.3273813092773117,25.35147664211285,9.651307596513076,0.0,11.091271030924371,0.0,0.0,0.9576719576719577,2
solar_68345,PV(50kW+),5.0,56.07619919738223,4213238.128211526,75134.16009850058,50000.0,380952.38095238095,145028.57802325767,0.0,250000.0,1904761.9047619049,725142.8901162883,0.0,1333333.3333333333,3.3273813092773117,25.35147664211285,9.651307596513076,0.0,17.746033649478996,0.0,0.0,0.9576719576719577,2
solar_68347,PV(50kW+),12.0,45.72434623518615,8245104.841040996,180321.9842364014,50000.0,380952.38095238095,145028.57802325767,0.0,600000.0,4571428.571428571,1740342.936279092,0.0,1333333.3333333333,3.3273813092773117,25.351476642112846,9.651307596513076,0.0,7.3941806872829146,0.0,0.0,0.9576719576719577,2
solar_68348,PV(50kW+),5.0,56.07619919738223,4213238.128211526,75134.16009850058,50000.0,380952.38095238095,145028.57802325767,0.0,250000.0,1904761.9047619049,725142.8901162883,0.0,1333333.3333333333,3.3273813092773117,25.35147664211285,9.651307596513076,0.0,17.746033649478996,0.0,0.0,0.9576719576719577,2
solar_68349,PV(50kW+),9.6,47.572891407006885,6862750.5394994635,144257.5873891211,50000.0,380952.38095238095,145028.57802325767,0.0,480000.0,3657142.857142857,1392274.3490232734,0.0,1333333.3333333333,3.327381309277312,25.35147664211285,9.651307596513076,0.0,9.242725859103643,0.0,0.0,0.9576719576719577,2
solar_68350,PV(50kW+),9.0,48.18907313094712,6517161.96411408,135241.48817730104,50000.0,380952.38095238095,145028.57802325767,0.0,450000.0,3428571.4285714286,1305257.202209319,0.0,1333333.3333333333,3.3273813092773117,25.35147664211285,9.651307596513076,0.0,9.858907583043885,0.0,0.0,0.9576719576719577,2
solar_68351,PV(50kW+),3.0,67.90688829703488,3061276.2102602487,45080.49605910035,50000.0,380952.38095238095,145028.57802325767,0.0,150000.0,1142857.1428571427,435085.734069773,0.0,1333333.3333333333,3.3273813092773117,25.351476642112846,9.651307596513076,0.0,29.576722749131658,0.0,0.0,0.9576719576719577,2
solar_68354,PV(50kW+),1.8,87.62470346312267,2370099.059489483,27048.29763546021,50000.0,380952.38095238095,145028.57802325767,0.0,90000.0,685714.2857142857,261051.44044186382,0.0,1333333.3333333333,3.3273813092773112,25.351476642112846,9.651307596513076,0.0,49.29453791521942,0.0,0.0,0.9576719576719577,2
solar_68355,PV(50kW+),5.0,56.07619919738223,4213238.128211526,75134.16009850058,50000.0,380952.38095238095,145028.57802325767,0.0,250000.0,1904761.9047619049,725142.8901162883,0.0,1333333.3333333333,3.3273813092773117,25.35147664211285,9.651307596513076,0.0,17.746033649478996,0.0,0.0,0.9576719576719577,2
solar_68356,PV(50kW+),1.0,127.0603337952982,1909314.2923089718,15026.832019700116,50000.0,380952.38095238095,145028.57802325767,0.0,50000.0,380952.38095238095,145028.57802325767,0.0,1333333.3333333333,3.3273813092773117,25.35147664211285,9.651307596513076,0.0,88.73016824739497,0.0,0.0,0.9576719576719577,2
solar_68358,PV(50kW+),5.0,56.07619919738223,4213238.128211526,75134.16009850058,50000.0,380952.38095238095,145028.57802325767,0.0,250000.0,1904761.9047619049,725142.8901162883,0.0,1333333.3333333333,3.3273813092773117,25.35147664211285,9.651307596513076,0.0,17.746033649478996,0.0,0.0,0.9576719576719577,2
solar_68360,PV(50kW+),5.0,56.07619919738223,4213238.128211526,75134.16009850058,50000.0,380952.38095238095,145028.57802325767,0.0,250000.0,1904761.9047619049,725142.8901162883,0.0,1333333.3333333333,3.3273813092773117,25.35147664211285,9.651307596513076,0.0,17.746033649478996,0.0,0.0,0.9576719576719577,2
solar_68363,PV(50kW+),5.0,56.07619919738223,4213238.128211526,75134.16009850058,50000.0,380952.38095238095,145028.57802325767,0.0,250000.0,1904761.9047619049,725142.8901162883,0.0,1333333.3333333333,3.3273813092773117,25.35147664211285,9.651307596513076,0.0,17.746033649478996,0.0,0.0,0.9576719576719577,2
solar_68364,PV(50kW+),5.0,56.07619919738223,4213238.128211526,75134.16009850058,50000.0,380952.38095238095,145028.57802325767,0.0,250000.0,1904761.9047619049,725142.8901162883,0.0,1333333.3333333333,3.3273813092773117,25.35147664211285,9.651307596513076,0.0,17.746033649478996,0.0,0.0,0.9576719576719577,2
solar_68366,PV(50kW+),5.0,56.07619919738223,4213238.128211526,75134.16009850058,50000.0,380952.38095238095,145028.57802325767,0.0,250000.0,1904761.9047619049,725142.8901162883,0.0,1333333.3333333333,3.3273813092773117,25.35147664211285,9.651307596513076,0.0,17.746033649478996,0.0,0.0,0.9576719576719577,2
solar_68367,PV(50kW+),5.0,56.07619919738223,4213238.128211526,75134.16009850058,50000.0,380952.38095238095,145028.57802325767,0.0,250000.0,1904761.9047619049,725142.8901162883,0.0,1333333.3333333333,3.3273813092773117,25.35147664211285,9.651307596513076,0.0,17.746033649478996,0.0,0.0,0.9576719576719577,2
solar_68368,PV(50kW+),5.0,56.07619919738223,4213238.128211526,75134.16009850058,50000.0,380952.38095238095,145028.57802325767,0.0,250000.0,1904761.9047619049,725142.8901162883,0.0,1333333.3333333333,3.3273813092773117,25.35147664211285,9.651307596513076,0.0,17.746033649478996,0.0,0.0,0.9576719576719577,2
solar_68370,PV(50kW+),3.2,66.05834312521417,3176472.402055377,48085.86246304037,50000.0,380952.38095238095,145028.57802325767,0.0,160000.0,1219047.6190476192,464091.44967442454,0.0,1333333.3333333333,3.3273813092773117,25.351476642112853,9.651307596513076,0.0,27.728177577310927,0.0,0.0,0.9576719576719577,2
solar_68372,PV(50kW+),6.5,51.98096066288708,5077209.566674984,97674.40812805075,50000.0,380952.38095238095,145028.57802325767,0.0,325000.0,2476190.476190476,942685.7571511748,0.0,1333333.3333333333,3.3273813092773117,25.35147664211285,9.651307596513076,0.0,13.650795114983842,0.0,0.0,0.9576719576719577,2
solar_68374,PV(50kW+),3.5,63.681642190016085,3349266.6897480683,52593.912068950405,50000.0,380952.38095238095,145028.57802325767,0.0,175000.0,1333333.3333333333,507600.0230814018,0.0,1333333.3333333333,3.3273813092773117,25.35147664211285,9.651307596513076,0.0,25.35147664211285,0.0,0.0,0.9576719576719577,2
solar_68375,PV(50kW+),1.0,127.0603337952982,1909314.2923089718,15026.832019700116,50000.0,380952.38095238095,145028.57802325767,0.0,50000.0,380952.38095238095,145028.57802325767,0.0,1333333.3333333333,3.3273813092773117,25.35147664211285,9.651307596513076,0.0,88.73016824739497,0.0,0.0,0.9576719576719577,2
solar_68376,PV(50kW+),5.0,56.07619919738223,4213238.128211526,75134.16009850058,50000.0,380952.38095238095,145028.57802325767,0.0,250000.0,1904761.9047619049,725142.8901162883,0.0,1333333.3333333333,3.3273813092773117,25.35147664211285,9.651307596513076,0.0,17.746033649478996,0.0,0.0,0.9576719576719577,2
solar_68377,PV(50kW+),2.4,75.30106898431782,2715687.634874866,36064.39684728027,50000.0,380952.38095238095,145028.57802325767,0.0,120000.0,914285.7142857142,348068.58725581836,0.0,1333333.3333333333,3.327381309277312,25.35147664211285,9.651307596513076,0.0,36.970903436414574,0.0,0.0,0.9576719576719577,2
solar_68379,PV(50kW+),3.0,67.90688829703488,3061276.2102602487,45080.49605910035,50000.0,380952.38095238095,145028.57802325767,0.0,150000.0,1142857.1428571427,435085.734069773,0.0,1333333.3333333333,3.3273813092773117,25.351476642112846,9.651307596513076,0.0,29.576722749131658,0.0,0.0,0.9576719576719577,2
solar_68380,PV(50kW+),1.0,127.0603337952982,1909314.2923089718,15026.832019700116,50000.0,380952.38095238095,145028.57802325767,0.0,50000.0,380952.38095238095,145028.57802325767,0.0,1333333.3333333333,3.3273813092773117,25.35147664211285,9.651307596513076,0.0,88.73016824739497,0.0,0.0,0.9576719576719577,2
solar_68381,PV(50kW+),5.0,56.07619919738223,4213238.128211526,75134.16009850058,50000.0,380952.38095238095,145028.57802325767,0.0,250000.0,1904761.9047619049,725142.8901162883,0.0,1333333.3333333333,3.3273813092773117,25.35147664211285,9.651307596513076,0.0,17.746033649478996,0.0,0.0,0.9576719576719577,2
solar_68382,PV(50kW+),5.0,56.07619919738223,4213238.128211526,75134.16009850058,50000.0,380952.38095238095,145028.57802325767,0.0,250000.0,1904761.9047619049,725142.8901162883,0.0,1333333.3333333333,3.3273813092773117,25.35147664211285,9.651307596513076,0.0,17.746033649478996,0.0,0.0,0.9576719576719577,2
solar_68384,PV(50kW+),8.9,48.29984737345324,6459563.868216517,133738.80497533103,50000.0,380952.38095238095,145028.57802325767,0.0,445000.0,3390476.1904761908,1290754.3444069934,0.0,1333333.3333333333,3.3273813092773117,25.351476642112853,9.651307596513078,0.0,9.969681825549996,0.0,0.0,0.9576719576719577,2
solar_68385,PV(50kW+),1.2,112.2719724207324,2024510.4841040997,18032.198423640137,50000.0,380952.38095238095,145028.57802325767,0.0,60000.0,457142.8571428571,174034.29362790918,0.0,1333333.3333333333,3.327381309277312,25.35147664211285,9.651307596513076,0.0,73.94180687282915,0.0,0.0,0.9576719576719577,2
solar_68386,PV(50kW+),5.0,56.07619919738223,4213238.128211526,75134.16009850058,50000.0,380952.38095238095,145028.57802325767,0.0,250000.0,1904761.9047619049,725142.8901162883,0.0,1333333.3333333333,3.3273813092773117,25.35147664211285,9.651307596513076,0.0,17.746033649478996,0.0,0.0,0.9576719576719577,2
solar_68387,PV(50kW+),2.3,76.90849956850974,2658089.5389773017,34561.713645310265,50000.0,380952.38095238095,145028.57802325767,0.0,114999.99999999999,876190.4761904761,333565.7294534926,0.0,1333333.3333333333,3.3273813092773112,25.35147664211285,9.651307596513076,0.0,38.57833402060651,0.0,0.0,0.9576719576719577,2
solar_68388,PV(50kW+),3.5,63.681642190016085,3349266.6897480683,52593.912068950405,50000.0,380952.38095238095,145028.57802325767,0.0,175000.0,1333333.3333333333,507600.0230814018,0.0,1333333.3333333333,3.3273813092773117,25.35147664211285,9.651307596513076,0.0,25.35147664211285,0.0,0.0,0.9576719576719577,2
solar_68390,PV(50kW+),5.0,56.07619919738223,4213238.128211526,75134.16009850058,50000.0,380952.38095238095,145028.57802325767,0.0,250000.0,1904761.9047619049,725142.8901162883,0.0,1333333.3333333333,3.3273813092773117,25.35147664211285,9.651307596513076,0.0,17.746033649478996,0.0,0.0,0.9576719576719577,2
solar_68391,PV(50kW+),10.0,47.203182372642736,7093142.923089719,150268.32019700116,50000.0,380952.38095238095,145028.57802325767,0.0,500000.0,3809523.8095238097,1450285.7802325767,0.0,1333333.3333333333,3.3273813092773117,25.35147664211285,9.651307596513076,0.0,8.873016824739498,0.0,0.0,0.9576719576719577,2
solar_68392,PV(50kW+),13.0,45.15556310539516,8821085.800016636,195348.8162561015,50000.0,380952.38095238095,145028.57802325767,0.0,650000.0,4952380.952380952,1885371.5143023496,0.0,1333333.3333333333,3.3273813092773117,25.35147664211285,9.651307596513076,0.0,6.825397557491921,0.0,0.0,0.9576719576719577,2
solar_68393,PV(50kW+),2.1,80.58262661809131,2542893.347182174,31556.347241370244,50000.0,380952.38095238095,145028.57802325767,0.0,105000.0,800000.0,304560.01384884113,0.0,1333333.3333333333,3.3273813092773117,25.35147664211285,9.651307596513078,0.0,42.25246107018808,0.0,0.0,0.9576719576719577,2
solar_68394,PV(50kW+),2.4,75.30106898431782,2715687.634874866,36064.39684728027,50000.0,380952.38095238095,145028.57802325767,0.0,120000.0,914285.7142857142,348068.58725581836,0.0,1333333.3333333333,3.327381309277312,25.35147664211285,9.651307596513076,0.0,36.970903436414574,0.0,0.0,0.9576719576719577,2
solar_68395,PV(50kW+),6.2,52.64148300716049,4904415.278982293,93166.35852214073,50000.0,380952.38095238095,145028.57802325767,0.0,310000.0,2361904.761904762,899177.1837441976,0.0,1333333.3333333333,3.3273813092773112,25.35147664211285,9.651307596513076,0.0,14.311317459257252,0.0,0.0,0.9576719576719577,2
solar_68397,PV(50kW+),2.5,73.82223284686124,2773285.73077243,37567.08004925029,50000.0,380952.38095238095,145028.57802325767,0.0,125000.0,952380.9523809524,362571.44505814416,0.0,1333333.3333333333,3.3273813092773117,25.35147664211285,9.651307596513076,0.0,35.49206729895799,0.0,0.0,0.9576719576719577,2
solar_68398,PV(50kW+),4.4,58.496112876856635,3867649.552826143,66118.06088668051,50000.0,380952.38095238095,145028.57802325767,0.0,220000.00000000003,1676190.4761904762,638125.7433023338,0.0,1333333.3333333333,3.3273813092773117,25.35147664211285,9.651307596513076,0.0,20.1659473289534,0.0,0.0,0.9576719576719577,2
solar_68399,PV(50kW+),6.2,52.64148300716049,4904415.278982293,93166.35852214073,50000.0,380952.38095238095,145028.57802325767,0.0,310000.0,2361904.761904762,899177.1837441976,0.0,1333333.3333333333,3.3273813092773112,25.35147664211285,9.651307596513076,0.0,14.311317459257252,0.0,0.0,0.9576719576719577,2
solar_68400,PV(50kW+),2.5,73.82223284686124,2773285.73077243,37567.08004925029,50000.0,380952.38095238095,145028.57802325767,0.0,125000.0,952380.9523809524,362571.44505814416,0.0,1333333.3333333333,3.3273813092773117,25.35147664211285,9.651307596513076,0.0,35.49206729895799,0.0,0.0,0.9576719576719577,2
solar_68402,PV(50kW+),7.0,51.00590386895966,5365200.046162804,105187.82413790081,50000.0,380952.38095238095,145028.57802325767,0.0,350000.0,2666666.6666666665,1015200.0461628037,0.0,1333333.3333333333,3.3273813092773117,25.35147664211285,9.651307596513076,0.0,12.675738321056425,0.0,0.0,0.9576719576719577,2
solar_68403,PV(50kW+),8.5,48.76900887112617,6229171.484626261,127728.07216745098,50000.0,380952.38095238095,145028.57802325767,0.0,425000.0,3238095.238095238,1232742.9131976902,0.0,1333333.3333333333,3.3273813092773117,25.35147664211285,9.651307596513076,0.0,10.438843323222939,0.0,0.0,0.9576719576719577,2
solar_68404,PV(50kW+),5.0,56.07619919738223,4213238.128211526,75134.16009850058,50000.0,380952.38095238095,145028.57802325767,0.0,250000.0,1904761.9047619049,725142.8901162883,0.0,1333333.3333333333,3.3273813092773117,25.35147664211285,9.651307596513076,0.0,17.746033649478996,0.0,0.0,0.9576719576719577,2
solar_68405,PV(50kW+),3.5,63.681642190016085,3349266.6897480683,52593.912068950405,50000.0,380952.38095238095,145028.57802325767,0.0,175000.0,1333333.3333333333,507600.0230814018,0.0,1333333.3333333333,3.3273813092773117,25.35147664211285,9.651307596513076,0.0,25.35147664211285,0.0,0.0,0.9576719576719577,2
solar_68406,PV(50kW+),5.0,56.07619919738223,4213238.128211526,75134.16009850058,50000.0,380952.38095238095,145028.57802325767,0.0,250000.0,1904761.9047619049,725142.8901162883,0.0,1333333.3333333333,3.3273813092773117,25.35147664211285,9.651307596513076,0.0,17.746033649478996,0.0,0.0,0.9576719576719577,2
solar_68407,PV(50kW+),9.5,47.67018325815533,6805152.4436019,142754.9041871511,50000.0,380952.38095238095,145028.57802325767,0.0,475000.0,3619047.619047619,1377771.4912209478,0.0,1333333.3333333333,3.3273813092773112,25.351476642112846,9.651307596513076,0.0,9.340017710252102,0.0,0.0,0.9576719576719577,2
solar_68410,PV(50kW+),12.0,45.72434623518615,8245104.841040996,180321.9842364014,50000.0,380952.38095238095,145028.57802325767,0.0,600000.0,4571428.571428571,1740342.936279092,0.0,1333333.3333333333,3.3273813092773117,25.351476642112846,9.651307596513076,0.0,7.3941806872829146,0.0,0.0,0.9576719576719577,2
solar_68412,PV(50kW+),5.0,56.07619919738223,4213238.128211526,75134.16009850058,50000.0,380952.38095238095,145028.57802325767,0.0,250000.0,1904761.9047619049,725142.8901162883,0.0,1333333.3333333333,3.3273813092773117,25.35147664211285,9.651307596513076,0.0,17.746033649478996,0.0,0.0,0.9576719576719577,2
solar_68414,PV(50kW+),1.5,97.48361104616654,2197304.771796791,22540.248029550174,50000.0,380952.38095238095,145028.57802325767,0.0,75000.0,571428.5714285714,217542.8670348865,0.0,1333333.3333333333,3.3273813092773117,25.351476642112846,9.651307596513076,0.0,59.153445498263316,0.0,0.0,0.9576719576719577,2
solar_68416,PV(50kW+),4.6,57.61933255820649,3982845.7446212703,69123.42729062053,50000.0,380952.38095238095,145028.57802325767,0.0,229999.99999999997,1752380.9523809522,667131.4589069852,0.0,1333333.3333333333,3.3273813092773112,25.35147664211285,9.651307596513076,0.0,19.289167010303256,0.0,0.0,0.9576719576719577,2
solar_68417,PV(50kW+),11.4,46.11351363977999,7899516.2656556135,171305.88502458134,50000.0,380952.38095238095,145028.57802325767,0.0,570000.0,4342857.142857143,1653325.7894651375,0.0,1333333.3333333333,3.3273813092773112,25.351476642112846,9.651307596513076,0.0,7.783348091876751,0.0,0.0,0.9576719576719577,2
solar_68418,PV(50kW+),5.0,56.07619919738223,4213238.128211526,75134.16009850058,50000.0,380952.38095238095,145028.57802325767,0.0,250000.0,1904761.9047619049,725142.8901162883,0.0,1333333.3333333333,3.3273813092773117,25.35147664211285,9.651307596513076,0.0,17.746033649478996,0.0,0.0,0.9576719576719577,2
solar_68419,PV(50kW+),5.0,56.07619919738223,4213238.128211526,75134.16009850058,50000.0,380952.38095238095,145028.57802325767,0.0,250000.0,1904761.9047619049,725142.8901162883,0.0,1333333.3333333333,3.3273813092773117,25.35147664211285,9.651307596513076,0.0,17.746033649478996,0.0,0.0,0.9576719576719577,2
solar_68420,PV(50kW+),7.0,51.00590386895966,5365200.046162804,105187.82413790081,50000.0,380952.38095238095,145028.57802325767,0.0,350000.0,2666666.6666666665,1015200.0461628037,0.0,1333333.3333333333,3.3273813092773117,25.35147664211285,9.651307596513076,0.0,12.675738321056425,0.0,0.0,0.9576719576719577,2
solar_68422,PV(50kW+),4.6,57.61933255820649,3982845.7446212703,69123.42729062053,50000.0,380952.38095238095,145028.57802325767,0.0,229999.99999999997,1752380.9523809522,667131.4589069852,0.0,1333333.3333333333,3.3273813092773112,25.35147664211285,9.651307596513076,0.0,19.289167010303256,0.0,0.0,0.9576719576719577,2
solar_68424,PV(50kW+),14.3,44.53507241835044,9569861.046684965,214883.69788171168,50000.0,380952.38095238095,145028.57802325767,0.0,715000.0,5447619.047619048,2073908.6657325847,0.0,1333333.3333333333,3.3273813092773112,25.351476642112846,9.651307596513076,0.0,6.2049068704472,0.0,0.0,0.9576719576719577,2
solar_68425,PV(50kW+),5.3,55.071706726657006,4386032.415904217,79642.2097044106,50000.0,380952.38095238095,145028.57802325767,0.0,265000.0,2019047.619047619,768651.4635232656,0.0,1333333.3333333333,3.327381309277312,25.351476642112853,9.651307596513076,0.0,16.74154117875377,0.0,0.0,0.9576719576719577,2
solar_68426,PV(50kW+),1.3,106.58414112282243,2082108.5800016634,19534.881625610153,50000.0,380952.38095238095,145028.57802325767,0.0,65000.0,495238.09523809527,188537.15143023498,0.0,1333333.3333333333,3.3273813092773112,25.35147664211285,9.651307596513076,0.0,68.2539755749192,0.0,0.0,0.9576719576719577,2
solar_68427,PV(50kW+),17.0,43.549587209514705,11125009.63591919,255456.14433490197,50000.0,380952.38095238095,145028.57802325767,0.0,850000.0,6476190.476190476,2465485.8263953803,0.0,1333333.3333333333,3.3273813092773117,25.35147664211285,9.651307596513076,0.0,5.219421661611469,0.0,0.0,0.9576719576719577,2
solar_68428,PV(50kW+),12.1,45.6632373038863,8302702.936938561,181824.6674383714,50000.0,380952.38095238095,145028.57802325767,0.0,605000.0,4609523.80952381,1754845.7940814176,0.0,1333333.3333333333,3.3273813092773117,25.351476642112853,9.651307596513076,0.0,7.333071755983055,0.0,0.0,0.9576719576719577,2
solar_68430,PV(50kW+),14.0,44.66803470843145,9397066.758992273,210375.64827580162,50000.0,380952.38095238095,145028.57802325767,0.0,700000.0,5333333.333333333,2030400.0923256073,0.0,1333333.3333333333,3.3273813092773117,25.35147664211285,9.651307596513076,0.0,6.3378691605282125,0.0,0.0,0.9576719576719577,2
solar_68431,PV(50kW+),5.0,56.07619919738223,4213238.128211526,75134.16009850058,50000.0,380952.38095238095,145028.57802325767,0.0,250000.0,1904761.9047619049,725142.8901162883,0.0,1333333.3333333333,3.3273813092773117,25.35147664211285,9.651307596513076,0.0,17.746033649478996,0.0,0.0,0.9576719576719577,2
solar_68432,PV(50kW+),4.8,56.815617266110536,4098041.9364163987,72128.79369456055,50000.0,380952.38095238095,145028.57802325767,0.0,240000.0,1828571.4285714284,696137.1745116367,0.0,1333333.3333333333,3.327381309277312,25.35147664211285,9.651307596513076,0.0,18.485451718207287,0.0,0.0,0.9576719576719577,2
solar_68433,PV(50kW+),5.0,56.07619919738223,4213238.128211526,75134.16009850058,50000.0,380952.38095238095,145028.57802325767,0.0,250000.0,1904761.9047619049,725142.8901162883,0.0,1333333.3333333333,3.3273813092773117,25.35147664211285,9.651307596513076,0.0,17.746033649478996,0.0,0.0,0.9576719576719577,2
solar_68434,PV(50kW+),3.9,61.081490739542986,3579659.073338324,58604.64487683045,50000.0,380952.38095238095,145028.57802325767,0.0,195000.0,1485714.2857142857,565611.4542907049,0.0,1333333.3333333333,3.3273813092773117,25.35147664211285,9.651307596513078,0.0,22.751325191639737,0.0,0.0,0.9576719576719577,2
solar_68435,PV(50kW+),8.0,49.42143657882761,5941181.005138442,120214.65615760093,50000.0,380952.38095238095,145028.57802325767,0.0,400000.0,3047619.0476190476,1160228.6241860613,0.0,1333333.3333333333,3.3273813092773117,25.35147664211285,9.651307596513076,0.0,11.091271030924371,0.0,0.0,0.9576719576719577,2
solar_68442,PV(50kW+),2.4,75.30106898431782,2715687.634874866,36064.39684728027,50000.0,380952.38095238095,145028.57802325767,0.0,120000.0,914285.7142857142,348068.58725581836,0.0,1333333.3333333333,3.327381309277312,25.35147664211285,9.651307596513076,0.0,36.970903436414574,0.0,0.0,0.9576719576719577,2
solar_68444,PV(50kW+),12.4,45.48582427753187,8475497.224631254,186332.71704428145,50000.0,380952.38095238095,145028.57802325767,0.0,620000.0,4723809.523809524,1798354.3674883952,0.0,1333333.3333333333,3.3273813092773112,25.35147664211285,9.651307596513076,0.0,7.155658729628626,0.0,0.0,0.9576719576719577,2
solar_68445,PV(50kW+),14.5,44.44948749599944,9685057.238480093,217889.06428565166,50000.0,380952.38095238095,145028.57802325767,0.0,725000.0,5523809.523809523,2102914.381337236,0.0,1333333.3333333333,3.3273813092773117,25.35147664211285,9.651307596513078,0.0,6.119321948096205,0.0,0.0,0.9576719576719577,2
solar_68448,PV(50kW+),2.5,73.82223284686124,2773285.73077243,37567.08004925029,50000.0,380952.38095238095,145028.57802325767,0.0,125000.0,952380.9523809524,362571.44505814416,0.0,1333333.3333333333,3.3273813092773117,25.35147664211285,9.651307596513076,0.0,35.49206729895799,0.0,0.0,0.9576719576719577,2
solar_68450,PV(50kW+),6.3,52.41431923796594,4962013.374879857,94669.04172411072,50000.0,380952.38095238095,145028.57802325767,0.0,315000.0,2400000.0,913680.0415465232,0.0,1333333.3333333333,3.327381309277312,25.351476642112853,9.651307596513076,0.0,14.084153690062696,0.0,0.0,0.9576719576719577,2
solar_68453,PV(50kW+),4.1,59.971669998487386,3694855.2651334517,61610.01128077047,50000.0,380952.38095238095,145028.57802325767,0.0,204999.99999999997,1561904.7619047617,594617.1698953564,0.0,1333333.3333333333,3.3273813092773112,25.351476642112846,9.651307596513076,0.0,21.64150445058414,0.0,0.0,0.9576719576719577,2
solar_68454,PV(50kW+),1.7,90.52438216401794,2312500.963591919,25545.614433490195,50000.0,380952.38095238095,145028.57802325767,0.0,85000.0,647619.0476190476,246548.582639538,0.0,1333333.3333333333,3.3273813092773117,25.35147664211285,9.651307596513076,0.0,52.194216616114694,0.0,0.0,0.9576719576719577,2
solar_68455,PV(50kW+),1.0,127.0603337952982,1909314.2923089718,15026.832019700116,50000.0,380952.38095238095,145028.57802325767,0.0,50000.0,380952.38095238095,145028.57802325767,0.0,1333333.3333333333,3.3273813092773117,25.35147664211285,9.651307596513076,0.0,88.73016824739497,0.0,0.0,0.9576719576719577,2
solar_68456,PV(50kW+),2.8,70.0195113505443,2946080.0184651213,42075.12965516032,50000.0,380952.38095238095,145028.57802325767,0.0,140000.0,1066666.6666666665,406080.01846512145,0.0,1333333.3333333333,3.3273813092773117,25.351476642112846,9.651307596513076,0.0,31.68934580264106,0.0,0.0,0.9576719576719577,2
solar_68457,PV(50kW+),4.5,58.047980713991,3925247.6487237066,67620.74408865052,50000.0,380952.38095238095,145028.57802325767,0.0,225000.0,1714285.7142857143,652628.6011046595,0.0,1333333.3333333333,3.3273813092773117,25.35147664211285,9.651307596513076,0.0,19.71781516608777,0.0,0.0,0.9576719576719577,2
solar_68458,PV(50kW+),10.5,46.78065776194086,7381133.402577539,157781.7362068512,50000.0,380952.38095238095,145028.57802325767,0.0,525000.0,4000000.0,1522800.0692442055,0.0,1333333.3333333333,3.327381309277312,25.351476642112853,9.651307596513078,0.0,8.450492214037617,0.0,0.0,0.9576719576719577,2
solar_68459,PV(50kW+),5.0,56.07619919738223,4213238.128211526,75134.16009850058,50000.0,380952.38095238095,145028.57802325767,0.0,250000.0,1904761.9047619049,725142.8901162883,0.0,1333333.3333333333,3.3273813092773117,25.35147664211285,9.651307596513076,0.0,17.746033649478996,0.0,0.0,0.9576719576719577,2
solar_68460,PV(50kW+),1.0,127.0603337952982,1909314.2923089718,15026.832019700116,50000.0,380952.38095238095,145028.57802325767,0.0,50000.0,380952.38095238095,145028.57802325767,0.0,1333333.3333333333,3.3273813092773117,25.35147664211285,9.651307596513076,0.0,88.73016824739497,0.0,0.0,0.9576719576719577,2
solar_68461,PV(50kW+),1.0,127.0603337952982,1909314.2923089718,15026.832019700116,50000.0,380952.38095238095,145028.57802325767,0.0,50000.0,380952.38095238095,145028.57802325767,0.0,1333333.3333333333,3.3273813092773117,25.35147664211285,9.651307596513076,0.0,88.73016824739497,0.0,0.0,0.9576719576719577,2
solar_68463,PV(50kW+),4.9,56.43836314941242,4155640.0323139625,73631.47689653057,50000.0,380952.38095238095,145028.57802325767,0.0,245000.00000000003,1866666.6666666667,710640.0323139626,0.0,1333333.3333333333,3.3273813092773117,25.35147664211285,9.651307596513076,0.0,18.108197601509175,0.0,0.0,0.9576719576719577,2
solar_68464,PV(50kW+),8.1,49.28450730684089,5998779.101036006,121717.33935957093,50000.0,380952.38095238095,145028.57802325767,0.0,405000.0,3085714.2857142854,1174731.481988387,0.0,1333333.3333333333,3.3273813092773117,25.35147664211285,9.651307596513076,0.0,10.954341758937652,0.0,0.0,0.9576719576719577,2
solar_68465,PV(50kW+),5.0,56.07619919738223,4213238.128211526,75134.16009850058,50000.0,380952.38095238095,145028.57802325767,0.0,250000.0,1904761.9047619049,725142.8901162883,0.0,1333333.3333333333,3.3273813092773117,25.35147664211285,9.651307596513076,0.0,17.746033649478996,0.0,0.0,0.9576719576719577,2
solar_68467,PV(50kW+),11.5,46.04583235202453,7957114.361553176,172808.56822655135,50000.0,380952.38095238095,145028.57802325767,0.0,575000.0,4380952.380952381,1667828.6472674632,0.0,1333333.3333333333,3.3273813092773112,25.351476642112846,9.651307596513076,0.0,7.715666804121301,0.0,0.0,0.9576719576719577,2
solar_68468,PV(50kW+),2.7,71.19319082471618,2888481.9225675575,40572.446453190314,50000.0,380952.38095238095,145028.57802325767,0.0,135000.0,1028571.4285714286,391577.1606627957,0.0,1333333.3333333333,3.3273813092773117,25.35147664211285,9.651307596513076,0.0,32.86302527681295,0.0,0.0,0.9576719576719577,2
solar_68470,PV(50kW+),10.8,46.54592186710647,7553927.69027023,162289.78581276126,50000.0,380952.38095238095,145028.57802325767,0.0,540000.0,4114285.7142857146,1566308.6426511828,0.0,1333333.3333333333,3.3273813092773117,25.35147664211285,9.651307596513076,0.0,8.215756319203237,0.0,0.0,0.9576719576719577,2
solar_68471,PV(50kW+),4.1,59.971669998487386,3694855.2651334517,61610.01128077047,50000.0,380952.38095238095,145028.57802325767,0.0,204999.99999999997,1561904.7619047617,594617.1698953564,0.0,1333333.3333333333,3.3273813092773112,25.351476642112846,9.651307596513076,0.0,21.64150445058414,0.0,0.0,0.9576719576719577,2
solar_68472,PV(50kW+),4.0,60.512707609751985,3637257.169235888,60107.32807880046,50000.0,380952.38095238095,145028.57802325767,0.0,200000.0,1523809.5238095238,580114.3120930307,0.0,1333333.3333333333,3.3273813092773117,25.35147664211285,9.651307596513076,0.0,22.182542061848743,0.0,0.0,0.9576719576719577,2
solar_68473,PV(50kW+),8.0,49.42143657882761,5941181.005138442,120214.65615760093,50000.0,380952.38095238095,145028.57802325767,0.0,400000.0,3047619.0476190476,1160228.6241860613,0.0,1333333.3333333333,3.3273813092773117,25.35147664211285,9.651307596513076,0.0,11.091271030924371,0.0,0.0,0.9576719576719577,2
solar_68475,PV(50kW+),1.1,118.99395486371684,1966912.3882065357,16529.515221670128,50000.0,380952.38095238095,145028.57802325767,0.0,55000.00000000001,419047.61904761905,159531.43582558344,0.0,1333333.3333333333,3.3273813092773117,25.35147664211285,9.651307596513076,0.0,80.6637893158136,0.0,0.0,0.9576719576719577,2
solar_68476,PV(50kW+),5.0,56.07619919738223,4213238.128211526,75134.16009850058,50000.0,380952.38095238095,145028.57802325767,0.0,250000.0,1904761.9047619049,725142.8901162883,0.0,1333333.3333333333,3.3273813092773117,25.35147664211285,9.651307596513076,0.0,17.746033649478996,0.0,0.0,0.9576719576719577,2
solar_68477,PV(50kW+),1.8,87.62470346312267,2370099.059489483,27048.29763546021,50000.0,380952.38095238095,145028.57802325767,0.0,90000.0,685714.2857142857,261051.44044186382,0.0,1333333.3333333333,3.3273813092773112,25.351476642112846,9.651307596513076,0.0,49.29453791521942,0.0,0.0,0.9576719576719577,2
solar_68478,PV(50kW+),1.9,85.03025409916376,2427697.1553870467,28550.98083743022,50000.0,380952.38095238095,145028.57802325767,0.0,95000.0,723809.5238095238,275554.29824418953,0.0,1333333.3333333333,3.3273813092773117,25.35147664211285,9.651307596513076,0.0,46.700088551260514,0.0,0.0,0.9576719576719577,2
solar_68480,PV(50kW+),13.0,45.15556310539516,8821085.800016636,195348.8162561015,50000.0,380952.38095238095,145028.57802325767,0.0,650000.0,4952380.952380952,1885371.5143023496,0.0,1333333.3333333333,3.3273813092773117,25.35147664211285,9.651307596513076,0.0,6.825397557491921,0.0,0.0,0.9576719576719577,2
solar_68481,PV(50kW+),1.9,85.03025409916376,2427697.1553870467,28550.98083743022,50000.0,380952.38095238095,145028.57802325767,0.0,95000.0,723809.5238095238,275554.29824418953,0.0,1333333.3333333333,3.3273813092773117,25.35147664211285,9.651307596513076,0.0,46.700088551260514,0.0,0.0,0.9576719576719577,2
solar_68482,PV(50kW+),3.8,61.68020982353349,3522060.9774407595,57101.96167486044,50000.0,380952.38095238095,145028.57802325767,0.0,190000.0,1447619.0476190476,551108.5964883791,0.0,1333333.3333333333,3.3273813092773117,25.35147664211285,9.651307596513076,0.0,23.350044275630257,0.0,0.0,0.9576719576719577,2
solar_68483,PV(50kW+),1.2,112.2719724207324,2024510.4841040997,18032.198423640137,50000.0,380952.38095238095,145028.57802325767,0.0,60000.0,457142.8571428571,174034.29362790918,0.0,1333333.3333333333,3.327381309277312,25.35147664211285,9.651307596513076,0.0,73.94180687282915,0.0,0.0,0.9576719576719577,2
solar_68484,PV(50kW+),1.8,87.62470346312267,2370099.059489483,27048.29763546021,50000.0,380952.38095238095,145028.57802325767,0.0,90000.0,685714.2857142857,261051.44044186382,0.0,1333333.3333333333,3.3273813092773112,25.351476642112846,9.651307596513076,0.0,49.29453791521942,0.0,0.0,0.9576719576719577,2
solar_68486,PV(50kW+),4.9,56.43836314941242,4155640.0323139625,73631.47689653057,50000.0,380952.38095238095,145028.57802325767,0.0,245000.00000000003,1866666.6666666667,710640.0323139626,0.0,1333333.3333333333,3.3273813092773117,25.35147664211285,9.651307596513076,0.0,18.108197601509175,0.0,0.0,0.9576719576719577,2
solar_68487,PV(50kW+),7.5,50.16085464755591,5653190.525650623,112701.24014775087,50000.0,380952.38095238095,145028.57802325767,0.0,375000.0,2857142.8571428573,1087714.3351744325,0.0,1333333.3333333333,3.3273813092773117,25.35147664211285,9.651307596513076,0.0,11.830689099652663,0.0,0.0,0.9576719576719577,2
solar_68489,PV(50kW+),1.1,118.99395486371684,1966912.3882065357,16529.515221670128,50000.0,380952.38095238095,145028.57802325767,0.0,55000.00000000001,419047.61904761905,159531.43582558344,0.0,1333333.3333333333,3.3273813092773117,25.35147664211285,9.651307596513076,0.0,80.6637893158136,0.0,0.0,0.9576719576719577,2
solar_68491,PV(50kW+),12.0,45.72434623518615,8245104.841040996,180321.9842364014,50000.0,380952.38095238095,145028.57802325767,0.0,600000.0,4571428.571428571,1740342.936279092,0.0,1333333.3333333333,3.3273813092773117,25.351476642112846,9.651307596513076,0.0,7.3941806872829146,0.0,0.0,0.9576719576719577,2
solar_68493,PV(50kW+),5.0,56.07619919738223,4213238.128211526,75134.16009850058,50000.0,380952.38095238095,145028.57802325767,0.0,250000.0,1904761.9047619049,725142.8901162883,0.0,1333333.3333333333,3.3273813092773117,25.35147664211285,9.651307596513076,0.0,17.746033649478996,0.0,0.0,0.9576719576719577,2
solar_68494,PV(50kW+),5.0,56.07619919738223,4213238.128211526,75134.16009850058,50000.0,380952.38095238095,145028.57802325767,0.0,250000.0,1904761.9047619049,725142.8901162883,0.0,1333333.3333333333,3.3273813092773117,25.35147664211285,9.651307596513076,0.0,17.746033649478996,0.0,0.0,0.9576719576719577,2
solar_68495,PV(50kW+),4.1,59.971669998487386,3694855.2651334517,61610.01128077047,50000.0,380952.38095238095,145028.57802325767,0.0,204999.99999999997,1561904.7619047617,594617.1698953564,0.0,1333333.3333333333,3.3273813092773112,25.351476642112846,9.651307596513076,0.0,21.64150445058414,0.0,0.0,0.9576719576719577,2
solar_68496,PV(50kW+),5.0,56.07619919738223,4213238.128211526,75134.16009850058,50000.0,380952.38095238095,145028.57802325767,0.0,250000.0,1904761.9047619049,725142.8901162883,0.0,1333333.3333333333,3.3273813092773117,25.35147664211285,9.651307596513076,0.0,17.746033649478996,0.0,0.0,0.9576719576719577,2
solar_68499,PV(50kW+),4.7,57.20892474947663,4040443.840518835,70626.11049259055,50000.0,380952.38095238095,145028.57802325767,0.0,235000.0,1790476.1904761905,681634.3167093111,0.0,1333333.3333333333,3.3273813092773112,25.351476642112846,9.651307596513076,0.0,18.878759201573395,0.0,0.0,0.9576719576719577,2
solar_68500,PV(50kW+),1.8,87.62470346312267,2370099.059489483,27048.29763546021,50000.0,380952.38095238095,145028.57802325767,0.0,90000.0,685714.2857142857,261051.44044186382,0.0,1333333.3333333333,3.3273813092773112,25.351476642112846,9.651307596513076,0.0,49.29453791521942,0.0,0.0,0.9576719576719577,2
solar_68502,PV(50kW+),5.0,56.07619919738223,4213238.128211526,75134.16009850058,50000.0,380952.38095238095,145028.57802325767,0.0,250000.0,1904761.9047619049,725142.8901162883,0.0,1333333.3333333333,3.3273813092773117,25.35147664211285,9.651307596513076,0.0,17.746033649478996,0.0,0.0,0.9576719576719577,2
solar_68503,PV(50kW+),5.0,56.07619919738223,4213238.128211526,75134.16009850058,50000.0,380952.38095238095,145028.57802325767,0.0,250000.0,1904761.9047619049,725142.8901162883,0.0,1333333.3333333333,3.3273813092773117,25.35147664211285,9.651307596513076,0.0,17.746033649478996,0.0,0.0,0.9576719576719577,2
solar_68504,PV(50kW+),1.0,127.0603337952982,1909314.2923089718,15026.832019700116,50000.0,380952.38095238095,145028.57802325767,0.0,50000.0,380952.38095238095,145028.57802325767,0.0,1333333.3333333333,3.3273813092773117,25.35147664211285,9.651307596513076,0.0,88.73016824739497,0.0,0.0,0.9576719576719577,2
solar_68505,PV(50kW+),10.5,46.78065776194086,7381133.402577539,157781.7362068512,50000.0,380952.38095238095,145028.57802325767,0.0,525000.0,4000000.0,1522800.0692442055,0.0,1333333.3333333333,3.327381309277312,25.351476642112853,9.651307596513078,0.0,8.450492214037617,0.0,0.0,0.9576719576719577,2
solar_68506,PV(50kW+),15.0,44.24551009772958,9973047.717967914,225402.48029550174,50000.0,380952.38095238095,145028.57802325767,0.0,750000.0,5714285.714285715,2175428.670348865,0.0,1333333.3333333333,3.3273813092773117,25.35147664211285,9.651307596513076,0.0,5.915344549826331,0.0,0.0,0.9576719576719577,2
solar_68507,PV(50kW+),5.0,56.07619919738223,4213238.128211526,75134.16009850058,50000.0,380952.38095238095,145028.57802325767,0.0,250000.0,1904761.9047619049,725142.8901162883,0.0,1333333.3333333333,3.3273813092773117,25.35147664211285,9.651307596513076,0.0,17.746033649478996,0.0,0.0,0.9576719576719577,2
solar_68508,PV(50kW+),6.3,52.41431923796594,4962013.374879857,94669.04172411072,50000.0,380952.38095238095,145028.57802325767,0.0,315000.0,2400000.0,913680.0415465232,0.0,1333333.3333333333,3.327381309277312,25.351476642112853,9.651307596513076,0.0,14.084153690062696,0.0,0.0,0.9576719576719577,2
solar_68510,PV(50kW+),5.0,56.07619919738223,4213238.128211526,75134.16009850058,50000.0,380952.38095238095,145028.57802325767,0.0,250000.0,1904761.9047619049,725142.8901162883,0.0,1333333.3333333333,3.3273813092773117,25.35147664211285,9.651307596513076,0.0,17.746033649478996,0.0,0.0,0.9576719576719577,2
solar_68511,PV(50kW+),3.0,67.90688829703488,3061276.2102602487,45080.49605910035,50000.0,380952.38095238095,145028.57802325767,0.0,150000.0,1142857.1428571427,435085.734069773,0.0,1333333.3333333333,3.3273813092773117,25.351476642112846,9.651307596513076,0.0,29.576722749131658,0.0,0.0,0.9576719576719577,2
solar_68513,PV(50kW+),9.9,47.292808805215856,7035544.827192155,148765.63699503115,50000.0,380952.38095238095,145028.57802325767,0.0,495000.0,3771428.5714285714,1435782.922430251,0.0,1333333.3333333333,3.3273813092773117,25.35147664211285,9.651307596513078,0.0,8.962643257312623,0.0,0.0,0.9576719576719577,2
solar_68514,PV(50kW+),9.2,47.974749053054865,6632358.155909208,138246.85458124106,50000.0,380952.38095238095,145028.57802325767,0.0,459999.99999999994,3504761.9047619044,1334262.9178139705,0.0,1333333.3333333333,3.3273813092773112,25.35147664211285,9.651307596513076,0.0,9.644583505151628,0.0,0.0,0.9576719576719577,2
solar_68515,PV(50kW+),4.3,58.965088396134625,3810051.456928579,64615.3776847105,50000.0,380952.38095238095,145028.57802325767,0.0,215000.0,1638095.238095238,623622.8855000079,0.0,1333333.3333333333,3.3273813092773117,25.35147664211285,9.651307596513076,0.0,20.63492284823139,0.0,0.0,0.9576719576719577,2
solar_68516,PV(50kW+),3.0,67.90688829703488,3061276.2102602487,45080.49605910035,50000.0,380952.38095238095,145028.57802325767,0.0,150000.0,1142857.1428571427,435085.734069773,0.0,1333333.3333333333,3.3273813092773117,25.351476642112846,9.651307596513076,0.0,29.576722749131658,0.0,0.0,0.9576719576719577,2
solar_68518,PV(50kW+),6.3,52.41431923796594,4962013.374879857,94669.04172411072,50000.0,380952.38095238095,145028.57802325767,0.0,315000.0,2400000.0,913680.0415465232,0.0,1333333.3333333333,3.327381309277312,25.351476642112853,9.651307596513076,0.0,14.084153690062696,0.0,0.0,0.9576719576719577,2
solar_68519,PV(50kW+),14.0,44.66803470843145,9397066.758992273,210375.64827580162,50000.0,380952.38095238095,145028.57802325767,0.0,700000.0,5333333.333333333,2030400.0923256073,0.0,1333333.3333333333,3.3273813092773117,25.35147664211285,9.651307596513076,0.0,6.3378691605282125,0.0,0.0,0.9576719576719577,2
solar_68520,PV(50kW+),9.1,48.080733487177405,6574760.060011644,136744.17137927105,50000.0,380952.38095238095,145028.57802325767,0.0,455000.0,3466666.6666666665,1319760.0600116446,0.0,1333333.3333333333,3.3273813092773117,25.35147664211285,9.651307596513076,0.0,9.750567939274173,0.0,0.0,0.9576719576719577,2
solar_68522,PV(50kW+),5.5,54.462923411065965,4501228.607699346,82647.57610835064,50000.0,380952.38095238095,145028.57802325767,0.0,275000.0,2095238.0952380951,797657.1791279172,0.0,1333333.3333333333,3.3273813092773117,25.35147664211285,9.651307596513076,0.0,16.132757863162723,0.0,0.0,0.9576719576719577,2
solar_68523,PV(50kW+),5.0,56.07619919738223,4213238.128211526,75134.16009850058,50000.0,380952.38095238095,145028.57802325767,0.0,250000.0,1904761.9047619049,725142.8901162883,0.0,1333333.3333333333,3.3273813092773117,25.35147664211285,9.651307596513076,0.0,17.746033649478996,0.0,0.0,0.9576719576719577,2
solar_68525,PV(50kW+),1.8,87.62470346312267,2370099.059489483,27048.29763546021,50000.0,380952.38095238095,145028.57802325767,0.0,90000.0,685714.2857142857,261051.44044186382,0.0,1333333.3333333333,3.3273813092773112,25.351476642112846,9.651307596513076,0.0,49.29453791521942,0.0,0.0,0.9576719576719577,2
solar_68527,PV(50kW+),4.9,56.43836314941242,4155640.0323139625,73631.47689653057,50000.0,380952.38095238095,145028.57802325767,0.0,245000.00000000003,1866666.6666666667,710640.0323139626,0.0,1333333.3333333333,3.3273813092773117,25.35147664211285,9.651307596513076,0.0,18.108197601509175,0.0,0.0,0.9576719576719577,2
solar_68533,PV(50kW+),5.0,56.07619919738223,4213238.128211526,75134.16009850058,50000.0,380952.38095238095,145028.57802325767,0.0,250000.0,1904761.9047619049,725142.8901162883,0.0,1333333.3333333333,3.3273813092773117,25.35147664211285,9.651307596513076,0.0,17.746033649478996,0.0,0.0,0.9576719576719577,2
solar_68534,PV(50kW+),6.0,53.11852692246906,4789219.087187164,90160.9921182007,50000.0,380952.38095238095,145028.57802325767,0.0,300000.0,2285714.2857142854,870171.468139546,0.0,1333333.3333333333,3.3273813092773117,25.351476642112846,9.651307596513076,0.0,14.788361374565829,0.0,0.0,0.9576719576719577,2
solar_68538,PV(50kW+),2.8,70.0195113505443,2946080.0184651213,42075.12965516032,50000.0,380952.38095238095,145028.57802325767,0.0,140000.0,1066666.6666666665,406080.01846512145,0.0,1333333.3333333333,3.3273813092773117,25.351476642112846,9.651307596513076,0.0,31.68934580264106,0.0,0.0,0.9576719576719577,2
solar_68540,PV(50kW+),6.2,52.64148300716049,4904415.278982293,93166.35852214073,50000.0,380952.38095238095,145028.57802325767,0.0,310000.0,2361904.761904762,899177.1837441976,0.0,1333333.3333333333,3.3273813092773112,25.35147664211285,9.651307596513076,0.0,14.311317459257252,0.0,0.0,0.9576719576719577,2
solar_68544,PV(50kW+),10.0,47.203182372642736,7093142.923089719,150268.32019700116,50000.0,380952.38095238095,145028.57802325767,0.0,500000.0,3809523.8095238097,1450285.7802325767,0.0,1333333.3333333333,3.3273813092773117,25.35147664211285,9.651307596513076,0.0,8.873016824739498,0.0,0.0,0.9576719576719577,2
solar_68545,PV(50kW+),4.8,56.815617266110536,4098041.9364163987,72128.79369456055,50000.0,380952.38095238095,145028.57802325767,0.0,240000.0,1828571.4285714284,696137.1745116367,0.0,1333333.3333333333,3.327381309277312,25.35147664211285,9.651307596513076,0.0,18.485451718207287,0.0,0.0,0.9576719576719577,2
solar_68546,PV(50kW+),5.0,56.07619919738223,4213238.128211526,75134.16009850058,50000.0,380952.38095238095,145028.57802325767,0.0,250000.0,1904761.9047619049,725142.8901162883,0.0,1333333.3333333333,3.3273813092773117,25.35147664211285,9.651307596513076,0.0,17.746033649478996,0.0,0.0,0.9576719576719577,2
solar_68547,PV(50kW+),5.0,56.07619919738223,4213238.128211526,75134.16009850058,50000.0,380952.38095238095,145028.57802325767,0.0,250000.0,1904761.9047619049,725142.8901162883,0.0,1333333.3333333333,3.3273813092773117,25.35147664211285,9.651307596513076,0.0,17.746033649478996,0.0,0.0,0.9576719576719577,2
solar_68548,PV(50kW+),4.2,59.45639608299728,3752453.3610310154,63112.69448274049,50000.0,380952.38095238095,145028.57802325767,0.0,210000.0,1600000.0,609120.0276976823,0.0,1333333.3333333333,3.3273813092773117,25.35147664211285,9.651307596513078,0.0,21.12623053509404,0.0,0.0,0.9576719576719577,2
solar_68550,PV(50kW+),4.2,59.45639608299728,3752453.3610310154,63112.69448274049,50000.0,380952.38095238095,145028.57802325767,0.0,210000.0,1600000.0,609120.0276976823,0.0,1333333.3333333333,3.3273813092773117,25.35147664211285,9.651307596513078,0.0,21.12623053509404,0.0,0.0,0.9576719576719577,2
solar_68552,PV(50kW+),5.0,56.07619919738223,4213238.128211526,75134.16009850058,50000.0,380952.38095238095,145028.57802325767,0.0,250000.0,1904761.9047619049,725142.8901162883,0.0,1333333.3333333333,3.3273813092773117,25.35147664211285,9.651307596513076,0.0,17.746033649478996,0.0,0.0,0.9576719576719577,2
solar_68553,PV(50kW+),1.0,127.0603337952982,1909314.2923089718,15026.832019700116,50000.0,380952.38095238095,145028.57802325767,0.0,50000.0,380952.38095238095,145028.57802325767,0.0,1333333.3333333333,3.3273813092773117,25.35147664211285,9.651307596513076,0.0,88.73016824739497,0.0,0.0,0.9576719576719577,2
solar_68555,PV(50kW+),5.0,56.07619919738223,4213238.128211526,75134.16009850058,50000.0,380952.38095238095,145028.57802325767,0.0,250000.0,1904761.9047619049,725142.8901162883,0.0,1333333.3333333333,3.3273813092773117,25.35147664211285,9.651307596513076,0.0,17.746033649478996,0.0,0.0,0.9576719576719577,2
solar_68557,PV(50kW+),6.0,53.11852692246906,4789219.087187164,90160.9921182007,50000.0,380952.38095238095,145028.57802325767,0.0,300000.0,2285714.2857142854,870171.468139546,0.0,1333333.3333333333,3.3273813092773117,25.351476642112846,9.651307596513076,0.0,14.788361374565829,0.0,0.0,0.9576719576719577,2
solar_68558,PV(50kW+),5.0,56.07619919738223,4213238.128211526,75134.16009850058,50000.0,380952.38095238095,145028.57802325767,0.0,250000.0,1904761.9047619049,725142.8901162883,0.0,1333333.3333333333,3.3273813092773117,25.35147664211285,9.651307596513076,0.0,17.746033649478996,0.0,0.0,0.9576719576719577,2
solar_68559,PV(50kW+),19.3,42.927583591809714,12449765.84156316,290017.85798021225,50000.0,380952.38095238095,145028.57802325767,0.0,965000.0,7352380.952380952,2799051.555848873,0.0,1333333.3333333333,3.3273813092773112,25.35147664211285,9.651307596513076,0.0,4.597418043906475,0.0,0.0,0.9576719576719577,2
solar_68561,PV(50kW+),5.0,56.07619919738223,4213238.128211526,75134.16009850058,50000.0,380952.38095238095,145028.57802325767,0.0,250000.0,1904761.9047619049,725142.8901162883,0.0,1333333.3333333333,3.3273813092773117,25.35147664211285,9.651307596513076,0.0,17.746033649478996,0.0,0.0,0.9576719576719577,2
solar_68564,PV(50kW+),6.5,51.98096066288708,5077209.566674984,97674.40812805075,50000.0,380952.38095238095,145028.57802325767,0.0,325000.0,2476190.476190476,942685.7571511748,0.0,1333333.3333333333,3.3273813092773117,25.35147664211285,9.651307596513076,0.0,13.650795114983842,0.0,0.0,0.9576719576719577,2
solar_68565,PV(50kW+),18.0,43.25961933942518,11700990.594894828,270482.9763546021,50000.0,380952.38095238095,145028.57802325767,0.0,900000.0,6857142.857142857,2610514.404418638,0.0,1333333.3333333333,3.3273813092773117,25.35147664211285,9.651307596513076,0.0,4.929453791521943,0.0,0.0,0.9576719576719577,2
solar_68567,PV(50kW+),5.0,56.07619919738223,4213238.128211526,75134.16009850058,50000.0,380952.38095238095,145028.57802325767,0.0,250000.0,1904761.9047619049,725142.8901162883,0.0,1333333.3333333333,3.3273813092773117,25.35147664211285,9.651307596513076,0.0,17.746033649478996,0.0,0.0,0.9576719576719577,2
solar_68569,PV(50kW+),10.7,46.62270463644482,7496329.5943726655,160787.10261079122,50000.0,380952.38095238095,145028.57802325767,0.0,535000.0,4076190.4761904757,1551805.784848857,0.0,1333333.3333333333,3.327381309277312,25.35147664211285,9.651307596513078,0.0,8.292539088541588,0.0,0.0,0.9576719576719577,2
solar_68570,PV(50kW+),5.0,56.07619919738223,4213238.128211526,75134.16009850058,50000.0,380952.38095238095,145028.57802325767,0.0,250000.0,1904761.9047619049,725142.8901162883,0.0,1333333.3333333333,3.3273813092773117,25.35147664211285,9.651307596513076,0.0,17.746033649478996,0.0,0.0,0.9576719576719577,2
solar_68572,PV(50kW+),5.0,56.07619919738223,4213238.128211526,75134.16009850058,50000.0,380952.38095238095,145028.57802325767,0.0,250000.0,1904761.9047619049,725142.8901162883,0.0,1333333.3333333333,3.3273813092773117,25.35147664211285,9.651307596513076,0.0,17.746033649478996,0.0,0.0,0.9576719576719577,2
solar_68573,PV(50kW+),1.8,87.62470346312267,2370099.059489483,27048.29763546021,50000.0,380952.38095238095,145028.57802325767,0.0,90000.0,685714.2857142857,261051.44044186382,0.0,1333333.3333333333,3.3273813092773112,25.351476642112846,9.651307596513076,0.0,49.29453791521942,0.0,0.0,0.9576719576719577,2
solar_68575,PV(50kW+),2.8,70.0195113505443,2946080.0184651213,42075.12965516032,50000.0,380952.38095238095,145028.57802325767,0.0,140000.0,1066666.6666666665,406080.01846512145,0.0,1333333.3333333333,3.3273813092773117,25.351476642112846,9.651307596513076,0.0,31.68934580264106,0.0,0.0,0.9576719576719577,2
solar_68576,PV(50kW+),2.0,82.69524967160072,2485295.2512846105,30053.66403940023,50000.0,380952.38095238095,145028.57802325767,0.0,100000.0,761904.7619047619,290057.15604651533,0.0,1333333.3333333333,3.3273813092773117,25.35147664211285,9.651307596513076,0.0,44.365084123697486,0.0,0.0,0.9576719576719577,2
solar_68579,PV(50kW+),2.0,82.69524967160072,2485295.2512846105,30053.66403940023,50000.0,380952.38095238095,145028.57802325767,0.0,100000.0,761904.7619047619,290057.15604651533,0.0,1333333.3333333333,3.3273813092773117,25.35147664211285,9.651307596513076,0.0,44.365084123697486,0.0,0.0,0.9576719576719577,2
solar_68580,PV(50kW+),6.2,52.64148300716049,4904415.278982293,93166.35852214073,50000.0,380952.38095238095,145028.57802325767,0.0,310000.0,2361904.761904762,899177.1837441976,0.0,1333333.3333333333,3.3273813092773112,25.35147664211285,9.651307596513076,0.0,14.311317459257252,0.0,0.0,0.9576719576719577,2
solar_68581,PV(50kW+),4.8,56.815617266110536,4098041.9364163987,72128.79369456055,50000.0,380952.38095238095,145028.57802325767,0.0,240000.0,1828571.4285714284,696137.1745116367,0.0,1333333.3333333333,3.327381309277312,25.35147664211285,9.651307596513076,0.0,18.485451718207287,0.0,0.0,0.9576719576719577,2
solar_68584,PV(50kW+),5.0,56.07619919738223,4213238.128211526,75134.16009850058,50000.0,380952.38095238095,145028.57802325767,0.0,250000.0,1904761.9047619049,725142.8901162883,0.0,1333333.3333333333,3.3273813092773117,25.35147664211285,9.651307596513076,0.0,17.746033649478996,0.0,0.0,0.9576719576719577,2
solar_68586,PV(50kW+),5.8,53.628470418143756,4674022.895392037,87155.62571426066,50000.0,380952.38095238095,145028.57802325767,0.0,290000.0,2209523.8095238092,841165.7525348944,0.0,1333333.3333333333,3.327381309277312,25.35147664211285,9.651307596513076,0.0,15.298304870240514,0.0,0.0,0.9576719576719577,2
solar_68587,PV(50kW+),12.0,45.72434623518615,8245104.841040996,180321.9842364014,50000.0,380952.38095238095,145028.57802325767,0.0,600000.0,4571428.571428571,1740342.936279092,0.0,1333333.3333333333,3.3273813092773117,25.351476642112846,9.651307596513076,0.0,7.3941806872829146,0.0,0.0,0.9576719576719577,2
solar_68593,PV(50kW+),3.6,62.977434505512946,3406864.785645632,54096.59527092042,50000.0,380952.38095238095,145028.57802325767,0.0,180000.0,1371428.5714285714,522102.88088372763,0.0,1333333.3333333333,3.3273813092773112,25.351476642112846,9.651307596513076,0.0,24.64726895760971,0.0,0.0,0.9576719576719577,2
solar_68594,PV(50kW+),6.0,53.11852692246906,4789219.087187164,90160.9921182007,50000.0,380952.38095238095,145028.57802325767,0.0,300000.0,2285714.2857142854,870171.468139546,0.0,1333333.3333333333,3.3273813092773117,25.351476642112846,9.651307596513076,0.0,14.788361374565829,0.0,0.0,0.9576719576719577,2
solar_68595,PV(50kW+),7.7,49.85356402159089,5768386.717445751,115706.6065516909,50000.0,380952.38095238095,145028.57802325767,0.0,385000.0,2933333.3333333335,1116720.050779084,0.0,1333333.3333333333,3.3273813092773112,25.35147664211285,9.651307596513076,0.0,11.523398473687658,0.0,0.0,0.9576719576719577,2
solar_68596,PV(50kW+),4.7,57.20892474947663,4040443.840518835,70626.11049259055,50000.0,380952.38095238095,145028.57802325767,0.0,235000.0,1790476.1904761905,681634.3167093111,0.0,1333333.3333333333,3.3273813092773112,25.351476642112846,9.651307596513076,0.0,18.878759201573395,0.0,0.0,0.9576719576719577,2
solar_68597,PV(50kW+),5.0,56.07619919738223,4213238.128211526,75134.16009850058,50000.0,380952.38095238095,145028.57802325767,0.0,250000.0,1904761.9047619049,725142.8901162883,0.0,1333333.3333333333,3.3273813092773117,25.35147664211285,9.651307596513076,0.0,17.746033649478996,0.0,0.0,0.9576719576719577,2
solar_68598,PV(50kW+),8.9,48.29984737345324,6459563.868216517,133738.80497533103,50000.0,380952.38095238095,145028.57802325767,0.0,445000.0,3390476.1904761908,1290754.3444069934,0.0,1333333.3333333333,3.3273813092773117,25.351476642112853,9.651307596513078,0.0,9.969681825549996,0.0,0.0,0.9576719576719577,2
solar_68599,PV(50kW+),1.0,127.0603337952982,1909314.2923089718,15026.832019700116,50000.0,380952.38095238095,145028.57802325767,0.0,50000.0,380952.38095238095,145028.57802325767,0.0,1333333.3333333333,3.3273813092773117,25.35147664211285,9.651307596513076,0.0,88.73016824739497,0.0,0.0,0.9576719576719577,2
solar_68600,PV(50kW+),3.1,66.95280046641774,3118874.3061578134,46583.17926107036,50000.0,380952.38095238095,145028.57802325767,0.0,155000.0,1180952.380952381,449588.5918720988,0.0,1333333.3333333333,3.3273813092773112,25.35147664211285,9.651307596513076,0.0,28.622634918514503,0.0,0.0,0.9576719576719577,2
solar_68602,PV(50kW+),19.7,42.83423500208572,12680158.225153413,296028.5907880923,50000.0,380952.38095238095,145028.57802325767,0.0,985000.0,7504761.904761904,2857062.9870581757,0.0,1333333.3333333333,3.3273813092773117,25.351476642112846,9.651307596513075,0.0,4.504069454182486,0.0,0.0,0.9576719576719577,2
solar_68604,PV(50kW+),12.0,45.72434623518615,8245104.841040996,180321.9842364014,50000.0,380952.38095238095,145028.57802325767,0.0,600000.0,4571428.571428571,1740342.936279092,0.0,1333333.3333333333,3.3273813092773117,25.351476642112846,9.651307596513076,0.0,7.3941806872829146,0.0,0.0,0.9576719576719577,2
solar_68607,PV(50kW+),10.0,47.203182372642736,7093142.923089719,150268.32019700116,50000.0,380952.38095238095,145028.57802325767,0.0,500000.0,3809523.8095238097,1450285.7802325767,0.0,1333333.3333333333,3.3273813092773117,25.35147664211285,9.651307596513076,0.0,8.873016824739498,0.0,0.0,0.9576719576719577,2
solar_68609,PV(50kW+),4.8,56.815617266110536,4098041.9364163987,72128.79369456055,50000.0,380952.38095238095,145028.57802325767,0.0,240000.0,1828571.4285714284,696137.1745116367,0.0,1333333.3333333333,3.327381309277312,25.35147664211285,9.651307596513076,0.0,18.485451718207287,0.0,0.0,0.9576719576719577,2
solar_68612,PV(50kW+),3.9,61.081490739542986,3579659.073338324,58604.64487683045,50000.0,380952.38095238095,145028.57802325767,0.0,195000.0,1485714.2857142857,565611.4542907049,0.0,1333333.3333333333,3.3273813092773117,25.35147664211285,9.651307596513078,0.0,22.751325191639737,0.0,0.0,0.9576719576719577,2
solar_68613,PV(50kW+),12.5,45.42857900769484,8533095.320528816,187835.40024625143,50000.0,380952.38095238095,145028.57802325767,0.0,625000.0,4761904.761904762,1812857.2252907208,0.0,1333333.3333333333,3.3273813092773117,25.351476642112853,9.651307596513078,0.0,7.098413459791598,0.0,0.0,0.9576719576719577,2
solar_68621,PV(50kW+),5.0,56.07619919738223,4213238.128211526,75134.16009850058,50000.0,380952.38095238095,145028.57802325767,0.0,250000.0,1904761.9047619049,725142.8901162883,0.0,1333333.3333333333,3.3273813092773117,25.35147664211285,9.651307596513076,0.0,17.746033649478996,0.0,0.0,0.9576719576719577,2
solar_68622,PV(50kW+),5.0,56.07619919738223,4213238.128211526,75134.16009850058,50000.0,380952.38095238095,145028.57802325767,0.0,250000.0,1904761.9047619049,725142.8901162883,0.0,1333333.3333333333,3.3273813092773117,25.35147664211285,9.651307596513076,0.0,17.746033649478996,0.0,0.0,0.9576719576719577,2
solar_68623,PV(50kW+),14.0,44.66803470843145,9397066.758992273,210375.64827580162,50000.0,380952.38095238095,145028.57802325767,0.0,700000.0,5333333.333333333,2030400.0923256073,0.0,1333333.3333333333,3.3273813092773117,25.35147664211285,9.651307596513076,0.0,6.3378691605282125,0.0,0.0,0.9576719576719577,2
solar_68625,PV(50kW+),7.2,50.65380002670809,5480396.237957931,108193.19054184084,50000.0,380952.38095238095,145028.57802325767,0.0,360000.0,2742857.1428571427,1044205.7617674553,0.0,1333333.3333333333,3.3273813092773112,25.351476642112846,9.651307596513076,0.0,12.323634478804856,0.0,0.0,0.9576719576719577,2
solar_68626,PV(50kW+),4.9,56.43836314941242,4155640.0323139625,73631.47689653057,50000.0,380952.38095238095,145028.57802325767,0.0,245000.00000000003,1866666.6666666667,710640.0323139626,0.0,1333333.3333333333,3.3273813092773117,25.35147664211285,9.651307596513076,0.0,18.108197601509175,0.0,0.0,0.9576719576719577,2
solar_68627,PV(50kW+),5.0,56.07619919738223,4213238.128211526,75134.16009850058,50000.0,380952.38095238095,145028.57802325767,0.0,250000.0,1904761.9047619049,725142.8901162883,0.0,1333333.3333333333,3.3273813092773117,25.35147664211285,9.651307596513076,0.0,17.746033649478996,0.0,0.0,0.9576719576719577,2
solar_68628,PV(50kW+),19.5,42.880430586231185,12564962.033358287,293023.2243841523,50000.0,380952.38095238095,145028.57802325767,0.0,975000.0,7428571.428571428,2828057.2714535245,0.0,1333333.3333333333,3.3273813092773112,25.351476642112846,9.651307596513076,0.0,4.550265038327947,0.0,0.0,0.9576719576719577,2
solar_68629,PV(50kW+),1.5,97.48361104616654,2197304.771796791,22540.248029550174,50000.0,380952.38095238095,145028.57802325767,0.0,75000.0,571428.5714285714,217542.8670348865,0.0,1333333.3333333333,3.3273813092773117,25.351476642112846,9.651307596513076,0.0,59.153445498263316,0.0,0.0,0.9576719576719577,2
solar_68630,PV(50kW+),2.5,73.82223284686124,2773285.73077243,37567.08004925029,50000.0,380952.38095238095,145028.57802325767,0.0,125000.0,952380.9523809524,362571.44505814416,0.0,1333333.3333333333,3.3273813092773117,25.35147664211285,9.651307596513076,0.0,35.49206729895799,0.0,0.0,0.9576719576719577,2
solar_68632,PV(50kW+),5.0,56.07619919738223,4213238.128211526,75134.16009850058,50000.0,380952.38095238095,145028.57802325767,0.0,250000.0,1904761.9047619049,725142.8901162883,0.0,1333333.3333333333,3.3273813092773117,25.35147664211285,9.651307596513076,0.0,17.746033649478996,0.0,0.0,0.9576719576719577,2
solar_68633,PV(50kW+),5.0,56.07619919738223,4213238.128211526,75134.16009850058,50000.0,380952.38095238095,145028.57802325767,0.0,250000.0,1904761.9047619049,725142.8901162883,0.0,1333333.3333333333,3.3273813092773117,25.35147664211285,9.651307596513076,0.0,17.746033649478996,0.0,0.0,0.9576719576719577,2
solar_68634,PV(50kW+),4.8,56.815617266110536,4098041.9364163987,72128.79369456055,50000.0,380952.38095238095,145028.57802325767,0.0,240000.0,1828571.4285714284,696137.1745116367,0.0,1333333.3333333333,3.327381309277312,25.35147664211285,9.651307596513076,0.0,18.485451718207287,0.0,0.0,0.9576719576719577,2
solar_68637,PV(50kW+),10.0,47.203182372642736,7093142.923089719,150268.32019700116,50000.0,380952.38095238095,145028.57802325767,0.0,500000.0,3809523.8095238097,1450285.7802325767,0.0,1333333.3333333333,3.3273813092773117,25.35147664211285,9.651307596513076,0.0,8.873016824739498,0.0,0.0,0.9576719576719577,2
solar_68638,PV(50kW+),4.0,60.512707609751985,3637257.169235888,60107.32807880046,50000.0,380952.38095238095,145028.57802325767,0.0,200000.0,1523809.5238095238,580114.3120930307,0.0,1333333.3333333333,3.3273813092773117,25.35147664211285,9.651307596513076,0.0,22.182542061848743,0.0,0.0,0.9576719576719577,2
solar_68639,PV(50kW+),4.2,59.45639608299728,3752453.3610310154,63112.69448274049,50000.0,380952.38095238095,145028.57802325767,0.0,210000.0,1600000.0,609120.0276976823,0.0,1333333.3333333333,3.3273813092773117,25.35147664211285,9.651307596513078,0.0,21.12623053509404,0.0,0.0,0.9576719576719577,2
solar_68640,PV(50kW+),5.0,56.07619919738223,4213238.128211526,75134.16009850058,50000.0,380952.38095238095,145028.57802325767,0.0,250000.0,1904761.9047619049,725142.8901162883,0.0,1333333.3333333333,3.3273813092773117,25.35147664211285,9.651307596513076,0.0,17.746033649478996,0.0,0.0,0.9576719576719577,2
solar_68641,PV(50kW+),3.4,64.42727385596059,3291668.5938505046,51091.22886698039,50000.0,380952.38095238095,145028.57802325767,0.0,170000.0,1295238.0952380951,493097.165279076,0.0,1333333.3333333333,3.3273813092773117,25.35147664211285,9.651307596513076,0.0,26.097108308057347,0.0,0.0,0.9576719576719577,2
solar_68642,PV(50kW+),1.5,97.48361104616654,2197304.771796791,22540.248029550174,50000.0,380952.38095238095,145028.57802325767,0.0,75000.0,571428.5714285714,217542.8670348865,0.0,1333333.3333333333,3.3273813092773117,25.351476642112846,9.651307596513076,0.0,59.153445498263316,0.0,0.0,0.9576719576719577,2
solar_68643,PV(50kW+),5.9,53.36917711525831,4731620.991289601,88658.30891623069,50000.0,380952.38095238095,145028.57802325767,0.0,295000.0,2247619.0476190476,855668.6103372202,0.0,1333333.3333333333,3.3273813092773117,25.35147664211285,9.651307596513076,0.0,15.039011567355079,0.0,0.0,0.9576719576719577,2
solar_68645,PV(50kW+),11.6,45.97931798302349,8014712.45745074,174311.25142852133,50000.0,380952.38095238095,145028.57802325767,0.0,580000.0,4419047.6190476185,1682331.5050697888,0.0,1333333.3333333333,3.327381309277312,25.35147664211285,9.651307596513076,0.0,7.649152435120257,0.0,0.0,0.9576719576719577,2
solar_68647,PV(50kW+),3.8,61.68020982353349,3522060.9774407595,57101.96167486044,50000.0,380952.38095238095,145028.57802325767,0.0,190000.0,1447619.0476190476,551108.5964883791,0.0,1333333.3333333333,3.3273813092773117,25.35147664211285,9.651307596513076,0.0,23.350044275630257,0.0,0.0,0.9576719576719577,2
solar_68648,PV(50kW+),11.0,46.3965444794846,7669123.882065358,165295.15221670127,50000.0,380952.38095238095,145028.57802325767,0.0,550000.0,4190476.1904761903,1595314.3582558343,0.0,1333333.3333333333,3.3273813092773117,25.35147664211285,9.651307596513076,0.0,8.066378931581362,0.0,0.0,0.9576719576719577,2
solar_68649,PV(50kW+),1.0,127.0603337952982,1909314.2923089718,15026.832019700116,50000.0,380952.38095238095,145028.57802325767,0.0,50000.0,380952.38095238095,145028.57802325767,0.0,1333333.3333333333,3.3273813092773117,25.35147664211285,9.651307596513076,0.0,88.73016824739497,0.0,0.0,0.9576719576719577,2
solar_68650,PV(50kW+),5.0,56.07619919738223,4213238.128211526,75134.16009850058,50000.0,380952.38095238095,145028.57802325767,0.0,250000.0,1904761.9047619049,725142.8901162883,0.0,1333333.3333333333,3.3273813092773117,25.35147664211285,9.651307596513076,0.0,17.746033649478996,0.0,0.0,0.9576719576719577,2
solar_68651,PV(50kW+),4.9,56.43836314941242,4155640.0323139625,73631.47689653057,50000.0,380952.38095238095,145028.57802325767,0.0,245000.00000000003,1866666.6666666667,710640.0323139626,0.0,1333333.3333333333,3.3273813092773117,25.35147664211285,9.651307596513076,0.0,18.108197601509175,0.0,0.0,0.9576719576719577,2
solar_68652,PV(50kW+),5.0,56.07619919738223,4213238.128211526,75134.16009850058,50000.0,380952.38095238095,145028.57802325767,0.0,250000.0,1904761.9047619049,725142.8901162883,0.0,1333333.3333333333,3.3273813092773117,25.35147664211285,9.651307596513076,0.0,17.746033649478996,0.0,0.0,0.9576719576719577,2
solar_68653,PV(50kW+),5.0,56.07619919738223,4213238.128211526,75134.16009850058,50000.0,380952.38095238095,145028.57802325767,0.0,250000.0,1904761.9047619049,725142.8901162883,0.0,1333333.3333333333,3.3273813092773117,25.35147664211285,9.651307596513076,0.0,17.746033649478996,0.0,0.0,0.9576719576719577,2
solar_68654,PV(50kW+),4.0,60.512707609751985,3637257.169235888,60107.32807880046,50000.0,380952.38095238095,145028.57802325767,0.0,200000.0,1523809.5238095238,580114.3120930307,0.0,1333333.3333333333,3.3273813092773117,25.35147664211285,9.651307596513076,0.0,22.182542061848743,0.0,0.0,0.9576719576719577,2
solar_68655,PV(50kW+),5.0,56.07619919738223,4213238.128211526,75134.16009850058,50000.0,380952.38095238095,145028.57802325767,0.0,250000.0,1904761.9047619049,725142.8901162883,0.0,1333333.3333333333,3.3273813092773117,25.35147664211285,9.651307596513076,0.0,17.746033649478996,0.0,0.0,0.9576719576719577,2
solar_68656,PV(50kW+),11.0,46.3965444794846,7669123.882065358,165295.15221670127,50000.0,380952.38095238095,145028.57802325767,0.0,550000.0,4190476.1904761903,1595314.3582558343,0.0,1333333.3333333333,3.3273813092773117,25.35147664211285,9.651307596513076,0.0,8.066378931581362,0.0,0.0,0.9576719576719577,2
solar_68660,PV(50kW+),3.0,67.90688829703488,3061276.2102602487,45080.49605910035,50000.0,380952.38095238095,145028.57802325767,0.0,150000.0,1142857.1428571427,435085.734069773,0.0,1333333.3333333333,3.3273813092773117,25.351476642112846,9.651307596513076,0.0,29.576722749131658,0.0,0.0,0.9576719576719577,2
solar_68662,PV(50kW+),5.0,56.07619919738223,4213238.128211526,75134.16009850058,50000.0,380952.38095238095,145028.57802325767,0.0,250000.0,1904761.9047619049,725142.8901162883,0.0,1333333.3333333333,3.3273813092773117,25.35147664211285,9.651307596513076,0.0,17.746033649478996,0.0,0.0,0.9576719576719577,2
solar_68663,PV(50kW+),2.2,78.66206020581004,2600491.443079738,33059.030443340256,50000.0,380952.38095238095,145028.57802325767,0.0,110000.00000000001,838095.2380952381,319062.8716511669,0.0,1333333.3333333333,3.3273813092773117,25.35147664211285,9.651307596513076,0.0,40.3318946579068,0.0,0.0,0.9576719576719577,2
solar_68664,PV(50kW+),2.8,70.0195113505443,2946080.0184651213,42075.12965516032,50000.0,380952.38095238095,145028.57802325767,0.0,140000.0,1066666.6666666665,406080.01846512145,0.0,1333333.3333333333,3.3273813092773117,25.351476642112846,9.651307596513076,0.0,31.68934580264106,0.0,0.0,0.9576719576719577,2
solar_68665,PV(50kW+),5.0,56.07619919738223,4213238.128211526,75134.16009850058,50000.0,380952.38095238095,145028.57802325767,0.0,250000.0,1904761.9047619049,725142.8901162883,0.0,1333333.3333333333,3.3273813092773117,25.35147664211285,9.651307596513076,0.0,17.746033649478996,0.0,0.0,0.9576719576719577,2
solar_68666,PV(50kW+),13.9,44.71363088944245,9339468.66309471,208872.9650738316,50000.0,380952.38095238095,145028.57802325767,0.0,695000.0,5295238.095238095,2015897.2345232817,0.0,1333333.3333333333,3.3273813092773117,25.35147664211285,9.651307596513076,0.0,6.383465341539207,0.0,0.0,0.9576719576719577,2
solar_68667,PV(50kW+),8.1,49.28450730684089,5998779.101036006,121717.33935957093,50000.0,380952.38095238095,145028.57802325767,0.0,405000.0,3085714.2857142854,1174731.481988387,0.0,1333333.3333333333,3.3273813092773117,25.35147664211285,9.651307596513076,0.0,10.954341758937652,0.0,0.0,0.9576719576719577,2
solar_68669,PV(50kW+),4.9,56.43836314941242,4155640.0323139625,73631.47689653057,50000.0,380952.38095238095,145028.57802325767,0.0,245000.00000000003,1866666.6666666667,710640.0323139626,0.0,1333333.3333333333,3.3273813092773117,25.35147664211285,9.651307596513076,0.0,18.108197601509175,0.0,0.0,0.9576719576719577,2
solar_68670,PV(50kW+),5.7,53.896861731656735,4616424.799494473,85652.94251229067,50000.0,380952.38095238095,145028.57802325767,0.0,285000.0,2171428.5714285714,826662.8947325688,0.0,1333333.3333333333,3.3273813092773112,25.351476642112846,9.651307596513076,0.0,15.566696183753502,0.0,0.0,0.9576719576719577,2
solar_68671,PV(50kW+),5.0,56.07619919738223,4213238.128211526,75134.16009850058,50000.0,380952.38095238095,145028.57802325767,0.0,250000.0,1904761.9047619049,725142.8901162883,0.0,1333333.3333333333,3.3273813092773117,25.35147664211285,9.651307596513076,0.0,17.746033649478996,0.0,0.0,0.9576719576719577,2
solar_68672,PV(50kW+),1.7,90.52438216401794,2312500.963591919,25545.614433490195,50000.0,380952.38095238095,145028.57802325767,0.0,85000.0,647619.0476190476,246548.582639538,0.0,1333333.3333333333,3.3273813092773117,25.35147664211285,9.651307596513076,0.0,52.194216616114694,0.0,0.0,0.9576719576719577,2
solar_68673,PV(50kW+),8.0,49.42143657882761,5941181.005138442,120214.65615760093,50000.0,380952.38095238095,145028.57802325767,0.0,400000.0,3047619.0476190476,1160228.6241860613,0.0,1333333.3333333333,3.3273813092773117,25.35147664211285,9.651307596513076,0.0,11.091271030924371,0.0,0.0,0.9576719576719577,2
solar_68674,PV(50kW+),6.9,51.18961022143874,5307601.95026524,103685.1409359308,50000.0,380952.38095238095,145028.57802325767,0.0,345000.0,2628571.4285714286,1000697.1883604779,0.0,1333333.3333333333,3.3273813092773117,25.35147664211285,9.651307596513076,0.0,12.859444673535503,0.0,0.0,0.9576719576719577,2
solar_68676,PV(50kW+),5.0,56.07619919738223,4213238.128211526,75134.16009850058,50000.0,380952.38095238095,145028.57802325767,0.0,250000.0,1904761.9047619049,725142.8901162883,0.0,1333333.3333333333,3.3273813092773117,25.35147664211285,9.651307596513076,0.0,17.746033649478996,0.0,0.0,0.9576719576719577,2
solar_68678,PV(50kW+),16.8,43.61172318167675,11009813.444124063,252450.77793096195,50000.0,380952.38095238095,145028.57802325767,0.0,840000.0,6400000.0,2436480.110790729,0.0,1333333.3333333333,3.3273813092773117,25.35147664211285,9.651307596513078,0.0,5.28155763377351,0.0,0.0,0.9576719576719577,2
solar_68680,PV(50kW+),7.2,50.65380002670809,5480396.237957931,108193.19054184084,50000.0,380952.38095238095,145028.57802325767,0.0,360000.0,2742857.1428571427,1044205.7617674553,0.0,1333333.3333333333,3.3273813092773112,25.351476642112846,9.651307596513076,0.0,12.323634478804856,0.0,0.0,0.9576719576719577,2
solar_68681,PV(50kW+),5.0,56.07619919738223,4213238.128211526,75134.16009850058,50000.0,380952.38095238095,145028.57802325767,0.0,250000.0,1904761.9047619049,725142.8901162883,0.0,1333333.3333333333,3.3273813092773117,25.35147664211285,9.651307596513076,0.0,17.746033649478996,0.0,0.0,0.9576719576719577,2
solar_68683,PV(50kW+),8.0,49.42143657882761,5941181.005138442,120214.65615760093,50000.0,380952.38095238095,145028.57802325767,0.0,400000.0,3047619.0476190476,1160228.6241860613,0.0,1333333.3333333333,3.3273813092773117,25.35147664211285,9.651307596513076,0.0,11.091271030924371,0.0,0.0,0.9576719576719577,2
solar_68684,PV(50kW+),5.0,56.07619919738223,4213238.128211526,75134.16009850058,50000.0,380952.38095238095,145028.57802325767,0.0,250000.0,1904761.9047619049,725142.8901162883,0.0,1333333.3333333333,3.3273813092773117,25.35147664211285,9.651307596513076,0.0,17.746033649478996,0.0,0.0,0.9576719576719577,2
solar_68686,PV(50kW+),10.0,47.203182372642736,7093142.923089719,150268.32019700116,50000.0,380952.38095238095,145028.57802325767,0.0,500000.0,3809523.8095238097,1450285.7802325767,0.0,1333333.3333333333,3.3273813092773117,25.35147664211285,9.651307596513076,0.0,8.873016824739498,0.0,0.0,0.9576719576719577,2
solar_68687,PV(50kW+),5.0,56.07619919738223,4213238.128211526,75134.16009850058,50000.0,380952.38095238095,145028.57802325767,0.0,250000.0,1904761.9047619049,725142.8901162883,0.0,1333333.3333333333,3.3273813092773117,25.35147664211285,9.651307596513076,0.0,17.746033649478996,0.0,0.0,0.9576719576719577,2
solar_68688,PV(50kW+),10.0,47.203182372642736,7093142.923089719,150268.32019700116,50000.0,380952.38095238095,145028.57802325767,0.0,500000.0,3809523.8095238097,1450285.7802325767,0.0,1333333.3333333333,3.3273813092773117,25.35147664211285,9.651307596513076,0.0,8.873016824739498,0.0,0.0,0.9576719576719577,2
solar_68690,PV(50kW+),17.0,43.549587209514705,11125009.63591919,255456.14433490197,50000.0,380952.38095238095,145028.57802325767,0.0,850000.0,6476190.476190476,2465485.8263953803,0.0,1333333.3333333333,3.3273813092773117,25.35147664211285,9.651307596513076,0.0,5.219421661611469,0.0,0.0,0.9576719576719577,2
solar_68691,PV(50kW+),6.4,52.1942543365587,5019611.47077742,96171.72492608074,50000.0,380952.38095238095,145028.57802325767,0.0,320000.0,2438095.2380952383,928182.8993488491,0.0,1333333.3333333333,3.3273813092773117,25.351476642112853,9.651307596513076,0.0,13.864088788655463,0.0,0.0,0.9576719576719577,2
solar_68692,PV(50kW+),4.0,60.512707609751985,3637257.169235888,60107.32807880046,50000.0,380952.38095238095,145028.57802325767,0.0,200000.0,1523809.5238095238,580114.3120930307,0.0,1333333.3333333333,3.3273813092773117,25.35147664211285,9.651307596513076,0.0,22.182542061848743,0.0,0.0,0.9576719576719577,2
solar_68693,PV(50kW+),6.0,53.11852692246906,4789219.087187164,90160.9921182007,50000.0,380952.38095238095,145028.57802325767,0.0,300000.0,2285714.2857142854,870171.468139546,0.0,1333333.3333333333,3.3273813092773117,25.351476642112846,9.651307596513076,0.0,14.788361374565829,0.0,0.0,0.9576719576719577,2
solar_68694,PV(50kW+),5.0,56.07619919738223,4213238.128211526,75134.16009850058,50000.0,380952.38095238095,145028.57802325767,0.0,250000.0,1904761.9047619049,725142.8901162883,0.0,1333333.3333333333,3.3273813092773117,25.35147664211285,9.651307596513076,0.0,17.746033649478996,0.0,0.0,0.9576719576719577,2
solar_68696,PV(50kW+),5.0,56.07619919738223,4213238.128211526,75134.16009850058,50000.0,380952.38095238095,145028.57802325767,0.0,250000.0,1904761.9047619049,725142.8901162883,0.0,1333333.3333333333,3.3273813092773117,25.35147664211285,9.651307596513076,0.0,17.746033649478996,0.0,0.0,0.9576719576719577,2
solar_68699,PV(50kW+),4.0,60.512707609751985,3637257.169235888,60107.32807880046,50000.0,380952.38095238095,145028.57802325767,0.0,200000.0,1523809.5238095238,580114.3120930307,0.0,1333333.3333333333,3.3273813092773117,25.35147664211285,9.651307596513076,0.0,22.182542061848743,0.0,0.0,0.9576719576719577,2
solar_68700,PV(50kW+),5.0,56.07619919738223,4213238.128211526,75134.16009850058,50000.0,380952.38095238095,145028.57802325767,0.0,250000.0,1904761.9047619049,725142.8901162883,0.0,1333333.3333333333,3.3273813092773117,25.35147664211285,9.651307596513076,0.0,17.746033649478996,0.0,0.0,0.9576719576719577,2
solar_68701,PV(50kW+),5.0,56.07619919738223,4213238.128211526,75134.16009850058,50000.0,380952.38095238095,145028.57802325767,0.0,250000.0,1904761.9047619049,725142.8901162883,0.0,1333333.3333333333,3.3273813092773117,25.35147664211285,9.651307596513076,0.0,17.746033649478996,0.0,0.0,0.9576719576719577,2
solar_68702,PV(50kW+),5.0,56.07619919738223,4213238.128211526,75134.16009850058,50000.0,380952.38095238095,145028.57802325767,0.0,250000.0,1904761.9047619049,725142.8901162883,0.0,1333333.3333333333,3.3273813092773117,25.35147664211285,9.651307596513076,0.0,17.746033649478996,0.0,0.0,0.9576719576719577,2
solar_68703,PV(50kW+),1.2,112.2719724207324,2024510.4841040997,18032.198423640137,50000.0,380952.38095238095,145028.57802325767,0.0,60000.0,457142.8571428571,174034.29362790918,0.0,1333333.3333333333,3.327381309277312,25.35147664211285,9.651307596513076,0.0,73.94180687282915,0.0,0.0,0.9576719576719577,2
solar_68704,PV(50kW+),3.0,67.90688829703488,3061276.2102602487,45080.49605910035,50000.0,380952.38095238095,145028.57802325767,0.0,150000.0,1142857.1428571427,435085.734069773,0.0,1333333.3333333333,3.3273813092773117,25.351476642112846,9.651307596513076,0.0,29.576722749131658,0.0,0.0,0.9576719576719577,2
solar_68705,PV(50kW+),13.9,44.71363088944245,9339468.66309471,208872.9650738316,50000.0,380952.38095238095,145028.57802325767,0.0,695000.0,5295238.095238095,2015897.2345232817,0.0,1333333.3333333333,3.3273813092773117,25.35147664211285,9.651307596513076,0.0,6.383465341539207,0.0,0.0,0.9576719576719577,2
solar_68706,PV(50kW+),9.2,47.974749053054865,6632358.155909208,138246.85458124106,50000.0,380952.38095238095,145028.57802325767,0.0,459999.99999999994,3504761.9047619044,1334262.9178139705,0.0,1333333.3333333333,3.3273813092773112,25.35147664211285,9.651307596513076,0.0,9.644583505151628,0.0,0.0,0.9576719576719577,2
solar_68707,PV(50kW+),5.0,56.07619919738223,4213238.128211526,75134.16009850058,50000.0,380952.38095238095,145028.57802325767,0.0,250000.0,1904761.9047619049,725142.8901162883,0.0,1333333.3333333333,3.3273813092773117,25.35147664211285,9.651307596513076,0.0,17.746033649478996,0.0,0.0,0.9576719576719577,2
solar_68709,PV(50kW+),5.0,56.07619919738223,4213238.128211526,75134.16009850058,50000.0,380952.38095238095,145028.57802325767,0.0,250000.0,1904761.9047619049,725142.8901162883,0.0,1333333.3333333333,3.3273813092773117,25.35147664211285,9.651307596513076,0.0,17.746033649478996,0.0,0.0,0.9576719576719577,2
solar_68710,PV(50kW+),6.8,51.37871970193191,5250003.854367675,102182.45773396078,50000.0,380952.38095238095,145028.57802325767,0.0,340000.0,2590476.1904761903,986194.330558152,0.0,1333333.3333333333,3.3273813092773117,25.35147664211285,9.651307596513076,0.0,13.048554154028674,0.0,0.0,0.9576719576719577,2
solar_68711,PV(50kW+),5.0,56.07619919738223,4213238.128211526,75134.16009850058,50000.0,380952.38095238095,145028.57802325767,0.0,250000.0,1904761.9047619049,725142.8901162883,0.0,1333333.3333333333,3.3273813092773117,25.35147664211285,9.651307596513076,0.0,17.746033649478996,0.0,0.0,0.9576719576719577,2
solar_68712,PV(50kW+),5.0,56.07619919738223,4213238.128211526,75134.16009850058,50000.0,380952.38095238095,145028.57802325767,0.0,250000.0,1904761.9047619049,725142.8901162883,0.0,1333333.3333333333,3.3273813092773117,25.35147664211285,9.651307596513076,0.0,17.746033649478996,0.0,0.0,0.9576719576719577,2
solar_68713,PV(50kW+),13.9,44.71363088944245,9339468.66309471,208872.9650738316,50000.0,380952.38095238095,145028.57802325767,0.0,695000.0,5295238.095238095,2015897.2345232817,0.0,1333333.3333333333,3.3273813092773117,25.35147664211285,9.651307596513076,0.0,6.383465341539207,0.0,0.0,0.9576719576719577,2
solar_68714,PV(50kW+),17.5,43.40046087632581,11413000.11540701,262969.56034475204,50000.0,380952.38095238095,145028.57802325767,0.0,875000.0,6666666.666666667,2538000.115407009,0.0,1333333.3333333333,3.3273813092773112,25.35147664211285,9.651307596513076,0.0,5.07029532842257,0.0,0.0,0.9576719576719577,2
solar_68715,PV(50kW+),4.0,60.512707609751985,3637257.169235888,60107.32807880046,50000.0,380952.38095238095,145028.57802325767,0.0,200000.0,1523809.5238095238,580114.3120930307,0.0,1333333.3333333333,3.3273813092773117,25.35147664211285,9.651307596513076,0.0,22.182542061848743,0.0,0.0,0.9576719576719577,2
solar_68716,PV(50kW+),5.0,56.07619919738223,4213238.128211526,75134.16009850058,50000.0,380952.38095238095,145028.57802325767,0.0,250000.0,1904761.9047619049,725142.8901162883,0.0,1333333.3333333333,3.3273813092773117,25.35147664211285,9.651307596513076,0.0,17.746033649478996,0.0,0.0,0.9576719576719577,2
solar_68717,PV(50kW+),1.0,127.0603337952982,1909314.2923089718,15026.832019700116,50000.0,380952.38095238095,145028.57802325767,0.0,50000.0,380952.38095238095,145028.57802325767,0.0,1333333.3333333333,3.3273813092773117,25.35147664211285,9.651307596513076,0.0,88.73016824739497,0.0,0.0,0.9576719576719577,2
solar_68718,PV(50kW+),5.0,56.07619919738223,4213238.128211526,75134.16009850058,50000.0,380952.38095238095,145028.57802325767,0.0,250000.0,1904761.9047619049,725142.8901162883,0.0,1333333.3333333333,3.3273813092773117,25.35147664211285,9.651307596513076,0.0,17.746033649478996,0.0,0.0,0.9576719576719577,2
solar_68719,PV(50kW+),5.0,56.07619919738223,4213238.128211526,75134.16009850058,50000.0,380952.38095238095,145028.57802325767,0.0,250000.0,1904761.9047619049,725142.8901162883,0.0,1333333.3333333333,3.3273813092773117,25.35147664211285,9.651307596513076,0.0,17.746033649478996,0.0,0.0,0.9576719576719577,2
solar_68721,PV(50kW+),1.8,87.62470346312267,2370099.059489483,27048.29763546021,50000.0,380952.38095238095,145028.57802325767,0.0,90000.0,685714.2857142857,261051.44044186382,0.0,1333333.3333333333,3.3273813092773112,25.351476642112846,9.651307596513076,0.0,49.29453791521942,0.0,0.0,0.9576719576719577,2
solar_68723,PV(50kW+),5.0,56.07619919738223,4213238.128211526,75134.16009850058,50000.0,380952.38095238095,145028.57802325767,0.0,250000.0,1904761.9047619049,725142.8901162883,0.0,1333333.3333333333,3.3273813092773117,25.35147664211285,9.651307596513076,0.0,17.746033649478996,0.0,0.0,0.9576719576719577,2
solar_68724,PV(50kW+),6.6,51.77413043387217,5134807.662572548,99177.09133002076,50000.0,380952.38095238095,145028.57802325767,0.0,330000.0,2514285.714285714,957188.6149535006,0.0,1333333.3333333333,3.3273813092773117,25.35147664211285,9.651307596513076,0.0,13.443964885968935,0.0,0.0,0.9576719576719577,2
solar_68725,PV(50kW+),4.6,57.61933255820649,3982845.7446212703,69123.42729062053,50000.0,380952.38095238095,145028.57802325767,0.0,229999.99999999997,1752380.9523809522,667131.4589069852,0.0,1333333.3333333333,3.3273813092773112,25.35147664211285,9.651307596513076,0.0,19.289167010303256,0.0,0.0,0.9576719576719577,2
solar_68726,PV(50kW+),6.5,51.98096066288708,5077209.566674984,97674.40812805075,50000.0,380952.38095238095,145028.57802325767,0.0,325000.0,2476190.476190476,942685.7571511748,0.0,1333333.3333333333,3.3273813092773117,25.35147664211285,9.651307596513076,0.0,13.650795114983842,0.0,0.0,0.9576719576719577,2
solar_68727,PV(50kW+),7.6,50.00518768571836,5710788.621548186,114203.92334972088,50000.0,380952.38095238095,145028.57802325767,0.0,380000.0,2895238.095238095,1102217.1929767581,0.0,1333333.3333333333,3.3273813092773117,25.35147664211285,9.651307596513076,0.0,11.675022137815128,0.0,0.0,0.9576719576719577,2
solar_68729,PV(50kW+),10.6,46.700936137280124,7438731.498475102,159284.4194088212,50000.0,380952.38095238095,145028.57802325767,0.0,530000.0,4038095.238095238,1537302.927046531,0.0,1333333.3333333333,3.327381309277312,25.351476642112853,9.651307596513076,0.0,8.370770589376885,0.0,0.0,0.9576719576719577,2
solar_68730,PV(50kW+),11.5,46.04583235202453,7957114.361553176,172808.56822655135,50000.0,380952.38095238095,145028.57802325767,0.0,575000.0,4380952.380952381,1667828.6472674632,0.0,1333333.3333333333,3.3273813092773112,25.351476642112846,9.651307596513076,0.0,7.715666804121301,0.0,0.0,0.9576719576719577,2
solar_68737,PV(50kW+),4.7,57.20892474947663,4040443.840518835,70626.11049259055,50000.0,380952.38095238095,145028.57802325767,0.0,235000.0,1790476.1904761905,681634.3167093111,0.0,1333333.3333333333,3.3273813092773112,25.351476642112846,9.651307596513076,0.0,18.878759201573395,0.0,0.0,0.9576719576719577,2
solar_68738,PV(50kW+),6.9,51.18961022143874,5307601.95026524,103685.1409359308,50000.0,380952.38095238095,145028.57802325767,0.0,345000.0,2628571.4285714286,1000697.1883604779,0.0,1333333.3333333333,3.3273813092773117,25.35147664211285,9.651307596513076,0.0,12.859444673535503,0.0,0.0,0.9576719576719577,2
solar_68739,PV(50kW+),6.0,53.11852692246906,4789219.087187164,90160.9921182007,50000.0,380952.38095238095,145028.57802325767,0.0,300000.0,2285714.2857142854,870171.468139546,0.0,1333333.3333333333,3.3273813092773117,25.351476642112846,9.651307596513076,0.0,14.788361374565829,0.0,0.0,0.9576719576719577,2
solar_68740,PV(50kW+),11.0,46.3965444794846,7669123.882065358,165295.15221670127,50000.0,380952.38095238095,145028.57802325767,0.0,550000.0,4190476.1904761903,1595314.3582558343,0.0,1333333.3333333333,3.3273813092773117,25.35147664211285,9.651307596513076,0.0,8.066378931581362,0.0,0.0,0.9576719576719577,2
solar_68741,PV(50kW+),8.5,48.76900887112617,6229171.484626261,127728.07216745098,50000.0,380952.38095238095,145028.57802325767,0.0,425000.0,3238095.238095238,1232742.9131976902,0.0,1333333.3333333333,3.3273813092773117,25.35147664211285,9.651307596513076,0.0,10.438843323222939,0.0,0.0,0.9576719576719577,2
solar_68742,PV(50kW+),4.0,60.512707609751985,3637257.169235888,60107.32807880046,50000.0,380952.38095238095,145028.57802325767,0.0,200000.0,1523809.5238095238,580114.3120930307,0.0,1333333.3333333333,3.3273813092773117,25.35147664211285,9.651307596513076,0.0,22.182542061848743,0.0,0.0,0.9576719576719577,2
solar_68743,PV(50kW+),4.0,60.512707609751985,3637257.169235888,60107.32807880046,50000.0,380952.38095238095,145028.57802325767,0.0,200000.0,1523809.5238095238,580114.3120930307,0.0,1333333.3333333333,3.3273813092773117,25.35147664211285,9.651307596513076,0.0,22.182542061848743,0.0,0.0,0.9576719576719577,2
solar_68745,PV(50kW+),1.2,112.2719724207324,2024510.4841040997,18032.198423640137,50000.0,380952.38095238095,145028.57802325767,0.0,60000.0,457142.8571428571,174034.29362790918,0.0,1333333.3333333333,3.327381309277312,25.35147664211285,9.651307596513076,0.0,73.94180687282915,0.0,0.0,0.9576719576719577,2
solar_68747,PV(50kW+),8.5,48.76900887112617,6229171.484626261,127728.07216745098,50000.0,380952.38095238095,145028.57802325767,0.0,425000.0,3238095.238095238,1232742.9131976902,0.0,1333333.3333333333,3.3273813092773117,25.35147664211285,9.651307596513076,0.0,10.438843323222939,0.0,0.0,0.9576719576719577,2
solar_68748,PV(50kW+),5.0,56.07619919738223,4213238.128211526,75134.16009850058,50000.0,380952.38095238095,145028.57802325767,0.0,250000.0,1904761.9047619049,725142.8901162883,0.0,1333333.3333333333,3.3273813092773117,25.35147664211285,9.651307596513076,0.0,17.746033649478996,0.0,0.0,0.9576719576719577,2
solar_68749,PV(50kW+),5.5,54.462923411065965,4501228.607699346,82647.57610835064,50000.0,380952.38095238095,145028.57802325767,0.0,275000.0,2095238.0952380951,797657.1791279172,0.0,1333333.3333333333,3.3273813092773117,25.35147664211285,9.651307596513076,0.0,16.132757863162723,0.0,0.0,0.9576719576719577,2
solar_68750,PV(50kW+),19.0,43.000174403029284,12276971.553870467,285509.8083743022,50000.0,380952.38095238095,145028.57802325767,0.0,950000.0,7238095.238095238,2755542.9824418956,0.0,1333333.3333333333,3.3273813092773112,25.351476642112846,9.651307596513076,0.0,4.670008855126051,0.0,0.0,0.9576719576719577,2
solar_68751,PV(50kW+),5.0,56.07619919738223,4213238.128211526,75134.16009850058,50000.0,380952.38095238095,145028.57802325767,0.0,250000.0,1904761.9047619049,725142.8901162883,0.0,1333333.3333333333,3.3273813092773117,25.35147664211285,9.651307596513076,0.0,17.746033649478996,0.0,0.0,0.9576719576719577,2
solar_68755,PV(50kW+),5.0,56.07619919738223,4213238.128211526,75134.16009850058,50000.0,380952.38095238095,145028.57802325767,0.0,250000.0,1904761.9047619049,725142.8901162883,0.0,1333333.3333333333,3.3273813092773117,25.35147664211285,9.651307596513076,0.0,17.746033649478996,0.0,0.0,0.9576719576719577,2
solar_68757,PV(50kW+),1.7,90.52438216401794,2312500.963591919,25545.614433490195,50000.0,380952.38095238095,145028.57802325767,0.0,85000.0,647619.0476190476,246548.582639538,0.0,1333333.3333333333,3.3273813092773117,25.35147664211285,9.651307596513076,0.0,52.194216616114694,0.0,0.0,0.9576719576719577,2
solar_68759,PV(50kW+),15.8,43.94599898128267,10433832.485148424,237423.94591126184,50000.0,380952.38095238095,145028.57802325767,0.0,790000.0,6019047.619047619,2291451.5327674714,0.0,1333333.3333333333,3.3273813092773117,25.35147664211285,9.651307596513078,0.0,5.615833433379429,0.0,0.0,0.9576719576719577,2
solar_68760,PV(50kW+),3.4,64.42727385596059,3291668.5938505046,51091.22886698039,50000.0,380952.38095238095,145028.57802325767,0.0,170000.0,1295238.0952380951,493097.165279076,0.0,1333333.3333333333,3.3273813092773117,25.35147664211285,9.651307596513076,0.0,26.097108308057347,0.0,0.0,0.9576719576719577,2
solar_68761,PV(50kW+),3.4,64.42727385596059,3291668.5938505046,51091.22886698039,50000.0,380952.38095238095,145028.57802325767,0.0,170000.0,1295238.0952380951,493097.165279076,0.0,1333333.3333333333,3.3273813092773117,25.35147664211285,9.651307596513076,0.0,26.097108308057347,0.0,0.0,0.9576719576719577,2
solar_68762,PV(50kW+),1.5,97.48361104616654,2197304.771796791,22540.248029550174,50000.0,380952.38095238095,145028.57802325767,0.0,75000.0,571428.5714285714,217542.8670348865,0.0,1333333.3333333333,3.3273813092773117,25.351476642112846,9.651307596513076,0.0,59.153445498263316,0.0,0.0,0.9576719576719577,2
solar_68765,PV(50kW+),10.2,47.02920165058902,7208339.114884847,153273.68660094118,50000.0,380952.38095238095,145028.57802325767,0.0,509999.99999999994,3885714.2857142854,1479291.4958372281,0.0,1333333.3333333333,3.3273813092773112,25.35147664211285,9.651307596513076,0.0,8.699036102685781,0.0,0.0,0.9576719576719577,2
solar_68766,PV(50kW+),2.6,72.45715333536283,2830883.826669994,39069.763251220305,50000.0,380952.38095238095,145028.57802325767,0.0,130000.0,990476.1904761905,377074.30286046996,0.0,1333333.3333333333,3.3273813092773112,25.35147664211285,9.651307596513076,0.0,34.1269877874596,0.0,0.0,0.9576719576719577,2
solar_68768,PV(50kW+),15.6,44.01799684581318,10318636.293353297,234418.5795073218,50000.0,380952.38095238095,145028.57802325767,0.0,780000.0,5942857.142857143,2262445.8171628197,0.0,1333333.3333333333,3.3273813092773117,25.35147664211285,9.651307596513078,0.0,5.687831297909934,0.0,0.0,0.9576719576719577,2
solar_68769,PV(50kW+),4.9,56.43836314941242,4155640.0323139625,73631.47689653057,50000.0,380952.38095238095,145028.57802325767,0.0,245000.00000000003,1866666.6666666667,710640.0323139626,0.0,1333333.3333333333,3.3273813092773117,25.35147664211285,9.651307596513076,0.0,18.108197601509175,0.0,0.0,0.9576719576719577,2
solar_68772,PV(50kW+),8.6,48.647626972018934,6286769.580523825,129230.755369421,50000.0,380952.38095238095,145028.57802325767,0.0,430000.0,3276190.476190476,1247245.7710000158,0.0,1333333.3333333333,3.3273813092773117,25.35147664211285,9.651307596513076,0.0,10.317461424115695,0.0,0.0,0.9576719576719577,2
solar_68773,PV(50kW+),6.8,51.37871970193191,5250003.854367675,102182.45773396078,50000.0,380952.38095238095,145028.57802325767,0.0,340000.0,2590476.1904761903,986194.330558152,0.0,1333333.3333333333,3.3273813092773117,25.35147664211285,9.651307596513076,0.0,13.048554154028674,0.0,0.0,0.9576719576719577,2
solar_68774,PV(50kW+),5.0,56.07619919738223,4213238.128211526,75134.16009850058,50000.0,380952.38095238095,145028.57802325767,0.0,250000.0,1904761.9047619049,725142.8901162883,0.0,1333333.3333333333,3.3273813092773117,25.35147664211285,9.651307596513076,0.0,17.746033649478996,0.0,0.0,0.9576719576719577,2
solar_68775,PV(50kW+),5.0,56.07619919738223,4213238.128211526,75134.16009850058,50000.0,380952.38095238095,145028.57802325767,0.0,250000.0,1904761.9047619049,725142.8901162883,0.0,1333333.3333333333,3.3273813092773117,25.35147664211285,9.651307596513076,0.0,17.746033649478996,0.0,0.0,0.9576719576719577,2
solar_68776,PV(50kW+),5.0,56.07619919738223,4213238.128211526,75134.16009850058,50000.0,380952.38095238095,145028.57802325767,0.0,250000.0,1904761.9047619049,725142.8901162883,0.0,1333333.3333333333,3.3273813092773117,25.35147664211285,9.651307596513076,0.0,17.746033649478996,0.0,0.0,0.9576719576719577,2
solar_68777,PV(50kW+),3.6,62.977434505512946,3406864.785645632,54096.59527092042,50000.0,380952.38095238095,145028.57802325767,0.0,180000.0,1371428.5714285714,522102.88088372763,0.0,1333333.3333333333,3.3273813092773112,25.351476642112846,9.651307596513076,0.0,24.64726895760971,0.0,0.0,0.9576719576719577,2
solar_68778,PV(50kW+),1.5,97.48361104616654,2197304.771796791,22540.248029550174,50000.0,380952.38095238095,145028.57802325767,0.0,75000.0,571428.5714285714,217542.8670348865,0.0,1333333.3333333333,3.3273813092773117,25.351476642112846,9.651307596513076,0.0,59.153445498263316,0.0,0.0,0.9576719576719577,2
solar_68781,PV(50kW+),5.0,56.07619919738223,4213238.128211526,75134.16009850058,50000.0,380952.38095238095,145028.57802325767,0.0,250000.0,1904761.9047619049,725142.8901162883,0.0,1333333.3333333333,3.3273813092773117,25.35147664211285,9.651307596513076,0.0,17.746033649478996,0.0,0.0,0.9576719576719577,2
solar_68782,PV(50kW+),4.1,59.971669998487386,3694855.2651334517,61610.01128077047,50000.0,380952.38095238095,145028.57802325767,0.0,204999.99999999997,1561904.7619047617,594617.1698953564,0.0,1333333.3333333333,3.3273813092773112,25.351476642112846,9.651307596513076,0.0,21.64150445058414,0.0,0.0,0.9576719576719577,2
solar_68784,PV(50kW+),4.5,58.047980713991,3925247.6487237066,67620.74408865052,50000.0,380952.38095238095,145028.57802325767,0.0,225000.0,1714285.7142857143,652628.6011046595,0.0,1333333.3333333333,3.3273813092773117,25.35147664211285,9.651307596513076,0.0,19.71781516608777,0.0,0.0,0.9576719576719577,2
solar_68785,PV(50kW+),5.0,56.07619919738223,4213238.128211526,75134.16009850058,50000.0,380952.38095238095,145028.57802325767,0.0,250000.0,1904761.9047619049,725142.8901162883,0.0,1333333.3333333333,3.3273813092773117,25.35147664211285,9.651307596513076,0.0,17.746033649478996,0.0,0.0,0.9576719576719577,2
solar_68787,PV(50kW+),1.8,87.62470346312267,2370099.059489483,27048.29763546021,50000.0,380952.38095238095,145028.57802325767,0.0,90000.0,685714.2857142857,261051.44044186382,0.0,1333333.3333333333,3.3273813092773112,25.351476642112846,9.651307596513076,0.0,49.29453791521942,0.0,0.0,0.9576719576719577,2
solar_68789,PV(50kW+),7.0,51.00590386895966,5365200.046162804,105187.82413790081,50000.0,380952.38095238095,145028.57802325767,0.0,350000.0,2666666.6666666665,1015200.0461628037,0.0,1333333.3333333333,3.3273813092773117,25.35147664211285,9.651307596513076,0.0,12.675738321056425,0.0,0.0,0.9576719576719577,2
solar_68791,PV(50kW+),5.0,56.07619919738223,4213238.128211526,75134.16009850058,50000.0,380952.38095238095,145028.57802325767,0.0,250000.0,1904761.9047619049,725142.8901162883,0.0,1333333.3333333333,3.3273813092773117,25.35147664211285,9.651307596513076,0.0,17.746033649478996,0.0,0.0,0.9576719576719577,2
solar_68792,PV(50kW+),12.0,45.72434623518615,8245104.841040996,180321.9842364014,50000.0,380952.38095238095,145028.57802325767,0.0,600000.0,4571428.571428571,1740342.936279092,0.0,1333333.3333333333,3.3273813092773117,25.351476642112846,9.651307596513076,0.0,7.3941806872829146,0.0,0.0,0.9576719576719577,2
solar_68797,PV(50kW+),5.0,56.07619919738223,4213238.128211526,75134.16009850058,50000.0,380952.38095238095,145028.57802325767,0.0,250000.0,1904761.9047619049,725142.8901162883,0.0,1333333.3333333333,3.3273813092773117,25.35147664211285,9.651307596513076,0.0,17.746033649478996,0.0,0.0,0.9576719576719577,2
solar_68799,PV(50kW+),16.0,43.87580106336543,10549028.676943552,240429.31231520185,50000.0,380952.38095238095,145028.57802325767,0.0,800000.0,6095238.095238095,2320457.2483721226,0.0,1333333.3333333333,3.3273813092773117,25.35147664211285,9.651307596513076,0.0,5.545635515462186,0.0,0.0,0.9576719576719577,2
solar_68800,PV(50kW+),4.9,56.43836314941242,4155640.0323139625,73631.47689653057,50000.0,380952.38095238095,145028.57802325767,0.0,245000.00000000003,1866666.6666666667,710640.0323139626,0.0,1333333.3333333333,3.3273813092773117,25.35147664211285,9.651307596513076,0.0,18.108197601509175,0.0,0.0,0.9576719576719577,2
solar_68801,PV(50kW+),1.0,127.0603337952982,1909314.2923089718,15026.832019700116,50000.0,380952.38095238095,145028.57802325767,0.0,50000.0,380952.38095238095,145028.57802325767,0.0,1333333.3333333333,3.3273813092773117,25.35147664211285,9.651307596513076,0.0,88.73016824739497,0.0,0.0,0.9576719576719577,2
solar_68802,PV(50kW+),3.7,62.31129210125322,3464462.881543196,55599.27847289043,50000.0,380952.38095238095,145028.57802325767,0.0,185000.0,1409523.8095238095,536605.7386860534,0.0,1333333.3333333333,3.3273813092773117,25.35147664211285,9.651307596513078,0.0,23.98112655334999,0.0,0.0,0.9576719576719577,2
solar_68804,PV(50kW+),7.6,50.00518768571836,5710788.621548186,114203.92334972088,50000.0,380952.38095238095,145028.57802325767,0.0,380000.0,2895238.095238095,1102217.1929767581,0.0,1333333.3333333333,3.3273813092773117,25.35147664211285,9.651307596513076,0.0,11.675022137815128,0.0,0.0,0.9576719576719577,2
solar_68805,PV(50kW+),3.1,66.95280046641774,3118874.3061578134,46583.17926107036,50000.0,380952.38095238095,145028.57802325767,0.0,155000.0,1180952.380952381,449588.5918720988,0.0,1333333.3333333333,3.3273813092773112,25.35147664211285,9.651307596513076,0.0,28.622634918514503,0.0,0.0,0.9576719576719577,2
solar_68806,PV(50kW+),1.7,90.52438216401794,2312500.963591919,25545.614433490195,50000.0,380952.38095238095,145028.57802325767,0.0,85000.0,647619.0476190476,246548.582639538,0.0,1333333.3333333333,3.3273813092773117,25.35147664211285,9.651307596513076,0.0,52.194216616114694,0.0,0.0,0.9576719576719577,2
solar_68809,PV(50kW+),11.4,46.11351363977999,7899516.2656556135,171305.88502458134,50000.0,380952.38095238095,145028.57802325767,0.0,570000.0,4342857.142857143,1653325.7894651375,0.0,1333333.3333333333,3.3273813092773112,25.351476642112846,9.651307596513076,0.0,7.783348091876751,0.0,0.0,0.9576719576719577,2
solar_68810,PV(50kW+),4.6,57.61933255820649,3982845.7446212703,69123.42729062053,50000.0,380952.38095238095,145028.57802325767,0.0,229999.99999999997,1752380.9523809522,667131.4589069852,0.0,1333333.3333333333,3.3273813092773112,25.35147664211285,9.651307596513076,0.0,19.289167010303256,0.0,0.0,0.9576719576719577,2
solar_68811,PV(50kW+),7.0,51.00590386895966,5365200.046162804,105187.82413790081,50000.0,380952.38095238095,145028.57802325767,0.0,350000.0,2666666.6666666665,1015200.0461628037,0.0,1333333.3333333333,3.3273813092773117,25.35147664211285,9.651307596513076,0.0,12.675738321056425,0.0,0.0,0.9576719576719577,2
solar_68812,PV(50kW+),5.0,56.07619919738223,4213238.128211526,75134.16009850058,50000.0,380952.38095238095,145028.57802325767,0.0,250000.0,1904761.9047619049,725142.8901162883,0.0,1333333.3333333333,3.3273813092773117,25.35147664211285,9.651307596513076,0.0,17.746033649478996,0.0,0.0,0.9576719576719577,2
solar_68816,PV(50kW+),6.1,52.87609476878767,4846817.183084729,91663.6753201707,50000.0,380952.38095238095,145028.57802325767,0.0,305000.0,2323809.523809524,884674.3259418717,0.0,1333333.3333333333,3.3273813092773117,25.35147664211285,9.651307596513076,0.0,14.545929220884421,0.0,0.0,0.9576719576719577,2
solar_68819,PV(50kW+),4.2,59.45639608299728,3752453.3610310154,63112.69448274049,50000.0,380952.38095238095,145028.57802325767,0.0,210000.0,1600000.0,609120.0276976823,0.0,1333333.3333333333,3.3273813092773117,25.35147664211285,9.651307596513078,0.0,21.12623053509404,0.0,0.0,0.9576719576719577,2
solar_68821,PV(50kW+),5.8,53.628470418143756,4674022.895392037,87155.62571426066,50000.0,380952.38095238095,145028.57802325767,0.0,290000.0,2209523.8095238092,841165.7525348944,0.0,1333333.3333333333,3.327381309277312,25.35147664211285,9.651307596513076,0.0,15.298304870240514,0.0,0.0,0.9576719576719577,2
solar_68822,PV(50kW+),4.0,60.512707609751985,3637257.169235888,60107.32807880046,50000.0,380952.38095238095,145028.57802325767,0.0,200000.0,1523809.5238095238,580114.3120930307,0.0,1333333.3333333333,3.3273813092773117,25.35147664211285,9.651307596513076,0.0,22.182542061848743,0.0,0.0,0.9576719576719577,2
solar_68823,PV(50kW+),5.0,56.07619919738223,4213238.128211526,75134.16009850058,50000.0,380952.38095238095,145028.57802325767,0.0,250000.0,1904761.9047619049,725142.8901162883,0.0,1333333.3333333333,3.3273813092773117,25.35147664211285,9.651307596513076,0.0,17.746033649478996,0.0,0.0,0.9576719576719577,2
solar_68825,PV(50kW+),5.0,56.07619919738223,4213238.128211526,75134.16009850058,50000.0,380952.38095238095,145028.57802325767,0.0,250000.0,1904761.9047619049,725142.8901162883,0.0,1333333.3333333333,3.3273813092773117,25.35147664211285,9.651307596513076,0.0,17.746033649478996,0.0,0.0,0.9576719576719577,2
solar_68826,PV(50kW+),6.1,52.87609476878767,4846817.183084729,91663.6753201707,50000.0,380952.38095238095,145028.57802325767,0.0,305000.0,2323809.523809524,884674.3259418717,0.0,1333333.3333333333,3.3273813092773117,25.35147664211285,9.651307596513076,0.0,14.545929220884421,0.0,0.0,0.9576719576719577,2
solar_68827,PV(50kW+),9.0,48.18907313094712,6517161.96411408,135241.48817730104,50000.0,380952.38095238095,145028.57802325767,0.0,450000.0,3428571.4285714286,1305257.202209319,0.0,1333333.3333333333,3.3273813092773117,25.35147664211285,9.651307596513076,0.0,9.858907583043885,0.0,0.0,0.9576719576719577,2
solar_68829,PV(50kW+),4.8,56.815617266110536,4098041.9364163987,72128.79369456055,50000.0,380952.38095238095,145028.57802325767,0.0,240000.0,1828571.4285714284,696137.1745116367,0.0,1333333.3333333333,3.327381309277312,25.35147664211285,9.651307596513076,0.0,18.485451718207287,0.0,0.0,0.9576719576719577,2
solar_68830,PV(50kW+),6.4,52.1942543365587,5019611.47077742,96171.72492608074,50000.0,380952.38095238095,145028.57802325767,0.0,320000.0,2438095.2380952383,928182.8993488491,0.0,1333333.3333333333,3.3273813092773117,25.351476642112853,9.651307596513076,0.0,13.864088788655463,0.0,0.0,0.9576719576719577,2
solar_68831,PV(50kW+),3.3,65.21809531984111,3234070.497952941,49588.54566501038,50000.0,380952.38095238095,145028.57802325767,0.0,165000.0,1257142.857142857,478594.3074767503,0.0,1333333.3333333333,3.3273813092773117,25.35147664211285,9.651307596513076,0.0,26.88792977193787,0.0,0.0,0.9576719576719577,2
solar_68832,PV(50kW+),5.0,56.07619919738223,4213238.128211526,75134.16009850058,50000.0,380952.38095238095,145028.57802325767,0.0,250000.0,1904761.9047619049,725142.8901162883,0.0,1333333.3333333333,3.3273813092773117,25.35147664211285,9.651307596513076,0.0,17.746033649478996,0.0,0.0,0.9576719576719577,2
solar_68833,PV(50kW+),6.2,52.64148300716049,4904415.278982293,93166.35852214073,50000.0,380952.38095238095,145028.57802325767,0.0,310000.0,2361904.761904762,899177.1837441976,0.0,1333333.3333333333,3.3273813092773112,25.35147664211285,9.651307596513076,0.0,14.311317459257252,0.0,0.0,0.9576719576719577,2
solar_68836,PV(50kW+),6.1,52.87609476878767,4846817.183084729,91663.6753201707,50000.0,380952.38095238095,145028.57802325767,0.0,305000.0,2323809.523809524,884674.3259418717,0.0,1333333.3333333333,3.3273813092773117,25.35147664211285,9.651307596513076,0.0,14.545929220884421,0.0,0.0,0.9576719576719577,2
solar_68837,PV(50kW+),2.0,82.69524967160072,2485295.2512846105,30053.66403940023,50000.0,380952.38095238095,145028.57802325767,0.0,100000.0,761904.7619047619,290057.15604651533,0.0,1333333.3333333333,3.3273813092773117,25.35147664211285,9.651307596513076,0.0,44.365084123697486,0.0,0.0,0.9576719576719577,2
solar_68838,PV(50kW+),3.9,61.081490739542986,3579659.073338324,58604.64487683045,50000.0,380952.38095238095,145028.57802325767,0.0,195000.0,1485714.2857142857,565611.4542907049,0.0,1333333.3333333333,3.3273813092773117,25.35147664211285,9.651307596513078,0.0,22.751325191639737,0.0,0.0,0.9576719576719577,2
solar_68841,PV(50kW+),6.0,53.11852692246906,4789219.087187164,90160.9921182007,50000.0,380952.38095238095,145028.57802325767,0.0,300000.0,2285714.2857142854,870171.468139546,0.0,1333333.3333333333,3.3273813092773117,25.351476642112846,9.651307596513076,0.0,14.788361374565829,0.0,0.0,0.9576719576719577,2
solar_68843,PV(50kW+),1.0,127.0603337952982,1909314.2923089718,15026.832019700116,50000.0,380952.38095238095,145028.57802325767,0.0,50000.0,380952.38095238095,145028.57802325767,0.0,1333333.3333333333,3.3273813092773117,25.35147664211285,9.651307596513076,0.0,88.73016824739497,0.0,0.0,0.9576719576719577,2
solar_68844,PV(50kW+),1.2,112.2719724207324,2024510.4841040997,18032.198423640137,50000.0,380952.38095238095,145028.57802325767,0.0,60000.0,457142.8571428571,174034.29362790918,0.0,1333333.3333333333,3.327381309277312,25.35147664211285,9.651307596513076,0.0,73.94180687282915,0.0,0.0,0.9576719576719577,2
solar_68845,PV(50kW+),6.0,53.11852692246906,4789219.087187164,90160.9921182007,50000.0,380952.38095238095,145028.57802325767,0.0,300000.0,2285714.2857142854,870171.468139546,0.0,1333333.3333333333,3.3273813092773117,25.351476642112846,9.651307596513076,0.0,14.788361374565829,0.0,0.0,0.9576719576719577,2
solar_68846,PV(50kW+),1.0,127.0603337952982,1909314.2923089718,15026.832019700116,50000.0,380952.38095238095,145028.57802325767,0.0,50000.0,380952.38095238095,145028.57802325767,0.0,1333333.3333333333,3.3273813092773117,25.35147664211285,9.651307596513076,0.0,88.73016824739497,0.0,0.0,0.9576719576719577,2
solar_68847,PV(50kW+),1.2,112.2719724207324,2024510.4841040997,18032.198423640137,50000.0,380952.38095238095,145028.57802325767,0.0,60000.0,457142.8571428571,174034.29362790918,0.0,1333333.3333333333,3.327381309277312,25.35147664211285,9.651307596513076,0.0,73.94180687282915,0.0,0.0,0.9576719576719577,2
solar_68848,PV(50kW+),5.0,56.07619919738223,4213238.128211526,75134.16009850058,50000.0,380952.38095238095,145028.57802325767,0.0,250000.0,1904761.9047619049,725142.8901162883,0.0,1333333.3333333333,3.3273813092773117,25.35147664211285,9.651307596513076,0.0,17.746033649478996,0.0,0.0,0.9576719576719577,2
solar_68851,PV(50kW+),6.5,51.98096066288708,5077209.566674984,97674.40812805075,50000.0,380952.38095238095,145028.57802325767,0.0,325000.0,2476190.476190476,942685.7571511748,0.0,1333333.3333333333,3.3273813092773117,25.35147664211285,9.651307596513076,0.0,13.650795114983842,0.0,0.0,0.9576719576719577,2
solar_68856,PV(50kW+),5.0,56.07619919738223,4213238.128211526,75134.16009850058,50000.0,380952.38095238095,145028.57802325767,0.0,250000.0,1904761.9047619049,725142.8901162883,0.0,1333333.3333333333,3.3273813092773117,25.35147664211285,9.651307596513076,0.0,17.746033649478996,0.0,0.0,0.9576719576719577,2
solar_68858,PV(50kW+),7.6,50.00518768571836,5710788.621548186,114203.92334972088,50000.0,380952.38095238095,145028.57802325767,0.0,380000.0,2895238.095238095,1102217.1929767581,0.0,1333333.3333333333,3.3273813092773117,25.35147664211285,9.651307596513076,0.0,11.675022137815128,0.0,0.0,0.9576719576719577,2
solar_68861,PV(50kW+),18.7,43.07509433118639,12104177.266177775,281001.75876839214,50000.0,380952.38095238095,145028.57802325767,0.0,935000.0,7123809.523809523,2712034.409034918,0.0,1333333.3333333333,3.3273813092773117,25.35147664211285,9.651307596513076,0.0,4.744928783283154,0.0,0.0,0.9576719576719577,2
solar_68862,PV(50kW+),1.4,101.70885715318536,2139706.675899227,21037.56482758016,50000.0,380952.38095238095,145028.57802325767,0.0,70000.0,533333.3333333333,203040.00923256073,0.0,1333333.3333333333,3.3273813092773117,25.351476642112846,9.651307596513076,0.0,63.37869160528212,0.0,0.0,0.9576719576719577,2
solar_68863,PV(50kW+),1.8,87.62470346312267,2370099.059489483,27048.29763546021,50000.0,380952.38095238095,145028.57802325767,0.0,90000.0,685714.2857142857,261051.44044186382,0.0,1333333.3333333333,3.3273813092773112,25.351476642112846,9.651307596513076,0.0,49.29453791521942,0.0,0.0,0.9576719576719577,2
solar_68864,PV(50kW+),5.0,56.07619919738223,4213238.128211526,75134.16009850058,50000.0,380952.38095238095,145028.57802325767,0.0,250000.0,1904761.9047619049,725142.8901162883,0.0,1333333.3333333333,3.3273813092773117,25.35147664211285,9.651307596513076,0.0,17.746033649478996,0.0,0.0,0.9576719576719577,2
solar_68865,PV(50kW+),5.3,55.071706726657006,4386032.415904217,79642.2097044106,50000.0,380952.38095238095,145028.57802325767,0.0,265000.0,2019047.619047619,768651.4635232656,0.0,1333333.3333333333,3.327381309277312,25.351476642112853,9.651307596513076,0.0,16.74154117875377,0.0,0.0,0.9576719576719577,2
solar_68866,PV(50kW+),3.8,61.68020982353349,3522060.9774407595,57101.96167486044,50000.0,380952.38095238095,145028.57802325767,0.0,190000.0,1447619.0476190476,551108.5964883791,0.0,1333333.3333333333,3.3273813092773117,25.35147664211285,9.651307596513076,0.0,23.350044275630257,0.0,0.0,0.9576719576719577,2
solar_68867,PV(50kW+),2.0,82.69524967160072,2485295.2512846105,30053.66403940023,50000.0,380952.38095238095,145028.57802325767,0.0,100000.0,761904.7619047619,290057.15604651533,0.0,1333333.3333333333,3.3273813092773117,25.35147664211285,9.651307596513076,0.0,44.365084123697486,0.0,0.0,0.9576719576719577,2
solar_68868,PV(50kW+),5.0,56.07619919738223,4213238.128211526,75134.16009850058,50000.0,380952.38095238095,145028.57802325767,0.0,250000.0,1904761.9047619049,725142.8901162883,0.0,1333333.3333333333,3.3273813092773117,25.35147664211285,9.651307596513076,0.0,17.746033649478996,0.0,0.0,0.9576719576719577,2
solar_68869,PV(50kW+),8.9,48.29984737345324,6459563.868216517,133738.80497533103,50000.0,380952.38095238095,145028.57802325767,0.0,445000.0,3390476.1904761908,1290754.3444069934,0.0,1333333.3333333333,3.3273813092773117,25.351476642112853,9.651307596513078,0.0,9.969681825549996,0.0,0.0,0.9576719576719577,2
solar_68870,PV(50kW+),5.0,56.07619919738223,4213238.128211526,75134.16009850058,50000.0,380952.38095238095,145028.57802325767,0.0,250000.0,1904761.9047619049,725142.8901162883,0.0,1333333.3333333333,3.3273813092773117,25.35147664211285,9.651307596513076,0.0,17.746033649478996,0.0,0.0,0.9576719576719577,2
solar_68871,PV(50kW+),9.0,48.18907313094712,6517161.96411408,135241.48817730104,50000.0,380952.38095238095,145028.57802325767,0.0,450000.0,3428571.4285714286,1305257.202209319,0.0,1333333.3333333333,3.3273813092773117,25.35147664211285,9.651307596513076,0.0,9.858907583043885,0.0,0.0,0.9576719576719577,2
solar_68872,PV(50kW+),13.5,44.90277060326583,9109076.279504456,202862.23226595158,50000.0,380952.38095238095,145028.57802325767,0.0,675000.0,5142857.142857143,1957885.8033139785,0.0,1333333.3333333333,3.3273813092773112,25.351476642112846,9.651307596513076,0.0,6.57260505536259,0.0,0.0,0.9576719576719577,2
solar_68873,PV(50kW+),12.7,45.31679296895797,8648291.512323944,190840.76665019145,50000.0,380952.38095238095,145028.57802325767,0.0,635000.0,4838095.238095238,1841862.9408953723,0.0,1333333.3333333333,3.327381309277312,25.351476642112853,9.651307596513078,0.0,6.986627421054723,0.0,0.0,0.9576719576719577,2
solar_68876,PV(50kW+),13.0,45.15556310539516,8821085.800016636,195348.8162561015,50000.0,380952.38095238095,145028.57802325767,0.0,650000.0,4952380.952380952,1885371.5143023496,0.0,1333333.3333333333,3.3273813092773117,25.35147664211285,9.651307596513076,0.0,6.825397557491921,0.0,0.0,0.9576719576719577,2
solar_68877,PV(50kW+),1.7,90.52438216401794,2312500.963591919,25545.614433490195,50000.0,380952.38095238095,145028.57802325767,0.0,85000.0,647619.0476190476,246548.582639538,0.0,1333333.3333333333,3.3273813092773117,25.35147664211285,9.651307596513076,0.0,52.194216616114694,0.0,0.0,0.9576719576719577,2
solar_68878,PV(50kW+),5.0,56.07619919738223,4213238.128211526,75134.16009850058,50000.0,380952.38095238095,145028.57802325767,0.0,250000.0,1904761.9047619049,725142.8901162883,0.0,1333333.3333333333,3.3273813092773117,25.35147664211285,9.651307596513076,0.0,17.746033649478996,0.0,0.0,0.9576719576719577,2
solar_68881,PV(50kW+),10.8,46.54592186710647,7553927.69027023,162289.78581276126,50000.0,380952.38095238095,145028.57802325767,0.0,540000.0,4114285.7142857146,1566308.6426511828,0.0,1333333.3333333333,3.3273813092773117,25.35147664211285,9.651307596513076,0.0,8.215756319203237,0.0,0.0,0.9576719576719577,2
solar_68882,PV(50kW+),7.0,51.00590386895966,5365200.046162804,105187.82413790081,50000.0,380952.38095238095,145028.57802325767,0.0,350000.0,2666666.6666666665,1015200.0461628037,0.0,1333333.3333333333,3.3273813092773117,25.35147664211285,9.651307596513076,0.0,12.675738321056425,0.0,0.0,0.9576719576719577,2
solar_68883,PV(50kW+),1.5,97.48361104616654,2197304.771796791,22540.248029550174,50000.0,380952.38095238095,145028.57802325767,0.0,75000.0,571428.5714285714,217542.8670348865,0.0,1333333.3333333333,3.3273813092773117,25.351476642112846,9.651307596513076,0.0,59.153445498263316,0.0,0.0,0.9576719576719577,2
solar_68884,PV(50kW+),2.6,72.45715333536283,2830883.826669994,39069.763251220305,50000.0,380952.38095238095,145028.57802325767,0.0,130000.0,990476.1904761905,377074.30286046996,0.0,1333333.3333333333,3.3273813092773112,25.35147664211285,9.651307596513076,0.0,34.1269877874596,0.0,0.0,0.9576719576719577,2
solar_68886,PV(50kW+),5.0,56.07619919738223,4213238.128211526,75134.16009850058,50000.0,380952.38095238095,145028.57802325767,0.0,250000.0,1904761.9047619049,725142.8901162883,0.0,1333333.3333333333,3.3273813092773117,25.35147664211285,9.651307596513076,0.0,17.746033649478996,0.0,0.0,0.9576719576719577,2
solar_68888,PV(50kW+),12.0,45.72434623518615,8245104.841040996,180321.9842364014,50000.0,380952.38095238095,145028.57802325767,0.0,600000.0,4571428.571428571,1740342.936279092,0.0,1333333.3333333333,3.3273813092773117,25.351476642112846,9.651307596513076,0.0,7.3941806872829146,0.0,0.0,0.9576719576719577,2
solar_68889,PV(50kW+),6.9,51.18961022143874,5307601.95026524,103685.1409359308,50000.0,380952.38095238095,145028.57802325767,0.0,345000.0,2628571.4285714286,1000697.1883604779,0.0,1333333.3333333333,3.3273813092773117,25.35147664211285,9.651307596513076,0.0,12.859444673535503,0.0,0.0,0.9576719576719577,2
solar_68890,PV(50kW+),6.8,51.37871970193191,5250003.854367675,102182.45773396078,50000.0,380952.38095238095,145028.57802325767,0.0,340000.0,2590476.1904761903,986194.330558152,0.0,1333333.3333333333,3.3273813092773117,25.35147664211285,9.651307596513076,0.0,13.048554154028674,0.0,0.0,0.9576719576719577,2
solar_68891,PV(50kW+),4.8,56.815617266110536,4098041.9364163987,72128.79369456055,50000.0,380952.38095238095,145028.57802325767,0.0,240000.0,1828571.4285714284,696137.1745116367,0.0,1333333.3333333333,3.327381309277312,25.35147664211285,9.651307596513076,0.0,18.485451718207287,0.0,0.0,0.9576719576719577,2
solar_68892,PV(50kW+),3.8,61.68020982353349,3522060.9774407595,57101.96167486044,50000.0,380952.38095238095,145028.57802325767,0.0,190000.0,1447619.0476190476,551108.5964883791,0.0,1333333.3333333333,3.3273813092773117,25.35147664211285,9.651307596513076,0.0,23.350044275630257,0.0,0.0,0.9576719576719577,2
solar_68894,PV(50kW+),16.0,43.87580106336543,10549028.676943552,240429.31231520185,50000.0,380952.38095238095,145028.57802325767,0.0,800000.0,6095238.095238095,2320457.2483721226,0.0,1333333.3333333333,3.3273813092773117,25.35147664211285,9.651307596513076,0.0,5.545635515462186,0.0,0.0,0.9576719576719577,2
solar_68895,PV(50kW+),5.0,56.07619919738223,4213238.128211526,75134.16009850058,50000.0,380952.38095238095,145028.57802325767,0.0,250000.0,1904761.9047619049,725142.8901162883,0.0,1333333.3333333333,3.3273813092773117,25.35147664211285,9.651307596513076,0.0,17.746033649478996,0.0,0.0,0.9576719576719577,2
solar_68896,PV(50kW+),5.0,56.07619919738223,4213238.128211526,75134.16009850058,50000.0,380952.38095238095,145028.57802325767,0.0,250000.0,1904761.9047619049,725142.8901162883,0.0,1333333.3333333333,3.3273813092773117,25.35147664211285,9.651307596513076,0.0,17.746033649478996,0.0,0.0,0.9576719576719577,2
solar_68897,PV(50kW+),1.6,93.7865207025251,2254902.867694355,24042.931231520186,50000.0,380952.38095238095,145028.57802325767,0.0,80000.0,609523.8095238096,232045.72483721227,0.0,1333333.3333333333,3.3273813092773117,25.351476642112853,9.651307596513076,0.0,55.45635515462185,0.0,0.0,0.9576719576719577,2
solar_68899,PV(50kW+),2.2,78.66206020581004,2600491.443079738,33059.030443340256,50000.0,380952.38095238095,145028.57802325767,0.0,110000.00000000001,838095.2380952381,319062.8716511669,0.0,1333333.3333333333,3.3273813092773117,25.35147664211285,9.651307596513076,0.0,40.3318946579068,0.0,0.0,0.9576719576719577,2
solar_68900,PV(50kW+),5.0,56.07619919738223,4213238.128211526,75134.16009850058,50000.0,380952.38095238095,145028.57802325767,0.0,250000.0,1904761.9047619049,725142.8901162883,0.0,1333333.3333333333,3.3273813092773117,25.35147664211285,9.651307596513076,0.0,17.746033649478996,0.0,0.0,0.9576719576719577,2
solar_68903,PV(50kW+),2.0,82.69524967160072,2485295.2512846105,30053.66403940023,50000.0,380952.38095238095,145028.57802325767,0.0,100000.0,761904.7619047619,290057.15604651533,0.0,1333333.3333333333,3.3273813092773117,25.35147664211285,9.651307596513076,0.0,44.365084123697486,0.0,0.0,0.9576719576719577,2
solar_68906,PV(50kW+),2.9,68.92677528838426,3003678.114362685,43577.81285713033,50000.0,380952.38095238095,145028.57802325767,0.0,145000.0,1104761.9047619046,420582.8762674472,0.0,1333333.3333333333,3.327381309277312,25.35147664211285,9.651307596513076,0.0,30.59660974048103,0.0,0.0,0.9576719576719577,2
solar_68908,PV(50kW+),4.2,59.45639608299728,3752453.3610310154,63112.69448274049,50000.0,380952.38095238095,145028.57802325767,0.0,210000.0,1600000.0,609120.0276976823,0.0,1333333.3333333333,3.3273813092773117,25.35147664211285,9.651307596513078,0.0,21.12623053509404,0.0,0.0,0.9576719576719577,2
solar_68909,PV(50kW+),6.7,51.57347424154428,5192405.758470112,100679.77453199078,50000.0,380952.38095238095,145028.57802325767,0.0,335000.0,2552380.9523809524,971691.4727558264,0.0,1333333.3333333333,3.3273813092773112,25.35147664211285,9.651307596513076,0.0,13.243308693641039,0.0,0.0,0.9576719576719577,2
solar_68910,PV(50kW+),3.6,62.977434505512946,3406864.785645632,54096.59527092042,50000.0,380952.38095238095,145028.57802325767,0.0,180000.0,1371428.5714285714,522102.88088372763,0.0,1333333.3333333333,3.3273813092773112,25.351476642112846,9.651307596513076,0.0,24.64726895760971,0.0,0.0,0.9576719576719577,2
solar_68911,PV(50kW+),7.0,51.00590386895966,5365200.046162804,105187.82413790081,50000.0,380952.38095238095,145028.57802325767,0.0,350000.0,2666666.6666666665,1015200.0461628037,0.0,1333333.3333333333,3.3273813092773117,25.35147664211285,9.651307596513076,0.0,12.675738321056425,0.0,0.0,0.9576719576719577,2
solar_68912,PV(50kW+),6.5,51.98096066288708,5077209.566674984,97674.40812805075,50000.0,380952.38095238095,145028.57802325767,0.0,325000.0,2476190.476190476,942685.7571511748,0.0,1333333.3333333333,3.3273813092773117,25.35147664211285,9.651307596513076,0.0,13.650795114983842,0.0,0.0,0.9576719576719577,2
solar_68913,PV(50kW+),5.0,56.07619919738223,4213238.128211526,75134.16009850058,50000.0,380952.38095238095,145028.57802325767,0.0,250000.0,1904761.9047619049,725142.8901162883,0.0,1333333.3333333333,3.3273813092773117,25.35147664211285,9.651307596513076,0.0,17.746033649478996,0.0,0.0,0.9576719576719577,2
solar_68914,PV(50kW+),19.8,42.811487176559545,12737756.321050977,297531.2739900623,50000.0,380952.38095238095,145028.57802325767,0.0,990000.0,7542857.142857143,2871565.844860502,0.0,1333333.3333333333,3.3273813092773117,25.35147664211285,9.651307596513078,0.0,4.481321628656311,0.0,0.0,0.9576719576719577,2
solar_68917,PV(50kW+),17.9,43.28715818742251,11643392.498997265,268980.2931526321,50000.0,380952.38095238095,145028.57802325767,0.0,894999.9999999999,6819047.6190476185,2596011.546616312,0.0,1333333.3333333333,3.3273813092773112,25.351476642112846,9.651307596513076,0.0,4.956992639519272,0.0,0.0,0.9576719576719577,2
solar_68918,PV(50kW+),2.5,73.82223284686124,2773285.73077243,37567.08004925029,50000.0,380952.38095238095,145028.57802325767,0.0,125000.0,952380.9523809524,362571.44505814416,0.0,1333333.3333333333,3.3273813092773117,25.35147664211285,9.651307596513076,0.0,35.49206729895799,0.0,0.0,0.9576719576719577,2
solar_68919,PV(50kW+),4.0,60.512707609751985,3637257.169235888,60107.32807880046,50000.0,380952.38095238095,145028.57802325767,0.0,200000.0,1523809.5238095238,580114.3120930307,0.0,1333333.3333333333,3.3273813092773117,25.35147664211285,9.651307596513076,0.0,22.182542061848743,0.0,0.0,0.9576719576719577,2
solar_68920,PV(50kW+),1.7,90.52438216401794,2312500.963591919,25545.614433490195,50000.0,380952.38095238095,145028.57802325767,0.0,85000.0,647619.0476190476,246548.582639538,0.0,1333333.3333333333,3.3273813092773117,25.35147664211285,9.651307596513076,0.0,52.194216616114694,0.0,0.0,0.9576719576719577,2
solar_68921,PV(50kW+),5.0,56.07619919738223,4213238.128211526,75134.16009850058,50000.0,380952.38095238095,145028.57802325767,0.0,250000.0,1904761.9047619049,725142.8901162883,0.0,1333333.3333333333,3.3273813092773117,25.35147664211285,9.651307596513076,0.0,17.746033649478996,0.0,0.0,0.9576719576719577,2
solar_68924,PV(50kW+),1.8,87.62470346312267,2370099.059489483,27048.29763546021,50000.0,380952.38095238095,145028.57802325767,0.0,90000.0,685714.2857142857,261051.44044186382,0.0,1333333.3333333333,3.3273813092773112,25.351476642112846,9.651307596513076,0.0,49.29453791521942,0.0,0.0,0.9576719576719577,2
solar_68925,PV(50kW+),9.3,47.871043854074735,6689956.251806772,139749.5377832111,50000.0,380952.38095238095,145028.57802325767,0.0,465000.00000000006,3542857.142857143,1348765.7756162963,0.0,1333333.3333333333,3.3273813092773117,25.35147664211285,9.651307596513076,0.0,9.540878306171502,0.0,0.0,0.9576719576719577,2
solar_68927,PV(50kW+),5.0,56.07619919738223,4213238.128211526,75134.16009850058,50000.0,380952.38095238095,145028.57802325767,0.0,250000.0,1904761.9047619049,725142.8901162883,0.0,1333333.3333333333,3.3273813092773117,25.35147664211285,9.651307596513076,0.0,17.746033649478996,0.0,0.0,0.9576719576719577,2
solar_68928,PV(50kW+),2.8,70.0195113505443,2946080.0184651213,42075.12965516032,50000.0,380952.38095238095,145028.57802325767,0.0,140000.0,1066666.6666666665,406080.01846512145,0.0,1333333.3333333333,3.3273813092773117,25.351476642112846,9.651307596513076,0.0,31.68934580264106,0.0,0.0,0.9576719576719577,2
solar_68934,PV(50kW+),5.0,56.07619919738223,4213238.128211526,75134.16009850058,50000.0,380952.38095238095,145028.57802325767,0.0,250000.0,1904761.9047619049,725142.8901162883,0.0,1333333.3333333333,3.3273813092773117,25.35147664211285,9.651307596513076,0.0,17.746033649478996,0.0,0.0,0.9576719576719577,2
solar_68935,PV(50kW+),5.0,56.07619919738223,4213238.128211526,75134.16009850058,50000.0,380952.38095238095,145028.57802325767,0.0,250000.0,1904761.9047619049,725142.8901162883,0.0,1333333.3333333333,3.3273813092773117,25.35147664211285,9.651307596513076,0.0,17.746033649478996,0.0,0.0,0.9576719576719577,2
solar_68937,PV(50kW+),5.0,56.07619919738223,4213238.128211526,75134.16009850058,50000.0,380952.38095238095,145028.57802325767,0.0,250000.0,1904761.9047619049,725142.8901162883,0.0,1333333.3333333333,3.3273813092773117,25.35147664211285,9.651307596513076,0.0,17.746033649478996,0.0,0.0,0.9576719576719577,2
solar_68938,PV(50kW+),8.2,49.1509177731953,6056377.196933569,123220.02256154094,50000.0,380952.38095238095,145028.57802325767,0.0,409999.99999999994,3123809.5238095233,1189234.3397907128,0.0,1333333.3333333333,3.3273813092773112,25.351476642112846,9.651307596513076,0.0,10.82075222529207,0.0,0.0,0.9576719576719577,2
solar_68944,PV(50kW+),5.4,54.761678186309716,4443630.511801782,81144.89290638063,50000.0,380952.38095238095,145028.57802325767,0.0,270000.0,2057142.8571428573,783154.3213255914,0.0,1333333.3333333333,3.3273813092773117,25.35147664211285,9.651307596513076,0.0,16.431512638406474,0.0,0.0,0.9576719576719577,2
solar_68946,PV(50kW+),12.1,45.6632373038863,8302702.936938561,181824.6674383714,50000.0,380952.38095238095,145028.57802325767,0.0,605000.0,4609523.80952381,1754845.7940814176,0.0,1333333.3333333333,3.3273813092773117,25.351476642112853,9.651307596513076,0.0,7.333071755983055,0.0,0.0,0.9576719576719577,2
solar_68947,PV(50kW+),7.0,51.00590386895966,5365200.046162804,105187.82413790081,50000.0,380952.38095238095,145028.57802325767,0.0,350000.0,2666666.6666666665,1015200.0461628037,0.0,1333333.3333333333,3.3273813092773117,25.35147664211285,9.651307596513076,0.0,12.675738321056425,0.0,0.0,0.9576719576719577,2
solar_68949,PV(50kW+),5.0,56.07619919738223,4213238.128211526,75134.16009850058,50000.0,380952.38095238095,145028.57802325767,0.0,250000.0,1904761.9047619049,725142.8901162883,0.0,1333333.3333333333,3.3273813092773117,25.35147664211285,9.651307596513076,0.0,17.746033649478996,0.0,0.0,0.9576719576719577,2
solar_68950,PV(50kW+),5.0,56.07619919738223,4213238.128211526,75134.16009850058,50000.0,380952.38095238095,145028.57802325767,0.0,250000.0,1904761.9047619049,725142.8901162883,0.0,1333333.3333333333,3.3273813092773117,25.35147664211285,9.651307596513076,0.0,17.746033649478996,0.0,0.0,0.9576719576719577,2
solar_68954,PV(50kW+),5.0,56.07619919738223,4213238.128211526,75134.16009850058,50000.0,380952.38095238095,145028.57802325767,0.0,250000.0,1904761.9047619049,725142.8901162883,0.0,1333333.3333333333,3.3273813092773117,25.35147664211285,9.651307596513076,0.0,17.746033649478996,0.0,0.0,0.9576719576719577,2
solar_68955,PV(50kW+),18.7,43.07509433118639,12104177.266177775,281001.75876839214,50000.0,380952.38095238095,145028.57802325767,0.0,935000.0,7123809.523809523,2712034.409034918,0.0,1333333.3333333333,3.3273813092773117,25.35147664211285,9.651307596513076,0.0,4.744928783283154,0.0,0.0,0.9576719576719577,2
solar_68956,PV(50kW+),4.9,56.43836314941242,4155640.0323139625,73631.47689653057,50000.0,380952.38095238095,145028.57802325767,0.0,245000.00000000003,1866666.6666666667,710640.0323139626,0.0,1333333.3333333333,3.3273813092773117,25.35147664211285,9.651307596513076,0.0,18.108197601509175,0.0,0.0,0.9576719576719577,2
solar_68960,PV(50kW+),5.0,56.07619919738223,4213238.128211526,75134.16009850058,50000.0,380952.38095238095,145028.57802325767,0.0,250000.0,1904761.9047619049,725142.8901162883,0.0,1333333.3333333333,3.3273813092773117,25.35147664211285,9.651307596513076,0.0,17.746033649478996,0.0,0.0,0.9576719576719577,2
solar_68961,PV(50kW+),1.8,87.62470346312267,2370099.059489483,27048.29763546021,50000.0,380952.38095238095,145028.57802325767,0.0,90000.0,685714.2857142857,261051.44044186382,0.0,1333333.3333333333,3.3273813092773112,25.351476642112846,9.651307596513076,0.0,49.29453791521942,0.0,0.0,0.9576719576719577,2
solar_68964,PV(50kW+),5.0,56.07619919738223,4213238.128211526,75134.16009850058,50000.0,380952.38095238095,145028.57802325767,0.0,250000.0,1904761.9047619049,725142.8901162883,0.0,1333333.3333333333,3.3273813092773117,25.35147664211285,9.651307596513076,0.0,17.746033649478996,0.0,0.0,0.9576719576719577,2
solar_68965,PV(50kW+),2.7,71.19319082471618,2888481.9225675575,40572.446453190314,50000.0,380952.38095238095,145028.57802325767,0.0,135000.0,1028571.4285714286,391577.1606627957,0.0,1333333.3333333333,3.3273813092773117,25.35147664211285,9.651307596513076,0.0,32.86302527681295,0.0,0.0,0.9576719576719577,2
solar_68969,PV(50kW+),1.5,97.48361104616654,2197304.771796791,22540.248029550174,50000.0,380952.38095238095,145028.57802325767,0.0,75000.0,571428.5714285714,217542.8670348865,0.0,1333333.3333333333,3.3273813092773117,25.351476642112846,9.651307596513076,0.0,59.153445498263316,0.0,0.0,0.9576719576719577,2
solar_68970,PV(50kW+),2.6,72.45715333536283,2830883.826669994,39069.763251220305,50000.0,380952.38095238095,145028.57802325767,0.0,130000.0,990476.1904761905,377074.30286046996,0.0,1333333.3333333333,3.3273813092773112,25.35147664211285,9.651307596513076,0.0,34.1269877874596,0.0,0.0,0.9576719576719577,2
solar_68971,PV(50kW+),8.7,48.529035461396916,6344367.676421389,130733.438571391,50000.0,380952.38095238095,145028.57802325767,0.0,434999.99999999994,3314285.714285714,1261748.6288023416,0.0,1333333.3333333333,3.3273813092773112,25.35147664211285,9.651307596513076,0.0,10.198869913493676,0.0,0.0,0.9576719576719577,2
solar_68972,PV(50kW+),4.8,56.815617266110536,4098041.9364163987,72128.79369456055,50000.0,380952.38095238095,145028.57802325767,0.0,240000.0,1828571.4285714284,696137.1745116367,0.0,1333333.3333333333,3.327381309277312,25.35147664211285,9.651307596513076,0.0,18.485451718207287,0.0,0.0,0.9576719576719577,2
solar_68973,PV(50kW+),6.5,51.98096066288708,5077209.566674984,97674.40812805075,50000.0,380952.38095238095,145028.57802325767,0.0,325000.0,2476190.476190476,942685.7571511748,0.0,1333333.3333333333,3.3273813092773117,25.35147664211285,9.651307596513076,0.0,13.650795114983842,0.0,0.0,0.9576719576719577,2
solar_68974,PV(50kW+),5.0,56.07619919738223,4213238.128211526,75134.16009850058,50000.0,380952.38095238095,145028.57802325767,0.0,250000.0,1904761.9047619049,725142.8901162883,0.0,1333333.3333333333,3.3273813092773117,25.35147664211285,9.651307596513076,0.0,17.746033649478996,0.0,0.0,0.9576719576719577,2
solar_68975,PV(50kW+),5.9,53.36917711525831,4731620.991289601,88658.30891623069,50000.0,380952.38095238095,145028.57802325767,0.0,295000.0,2247619.0476190476,855668.6103372202,0.0,1333333.3333333333,3.3273813092773117,25.35147664211285,9.651307596513076,0.0,15.039011567355079,0.0,0.0,0.9576719576719577,2
solar_68976,PV(50kW+),5.0,56.07619919738223,4213238.128211526,75134.16009850058,50000.0,380952.38095238095,145028.57802325767,0.0,250000.0,1904761.9047619049,725142.8901162883,0.0,1333333.3333333333,3.3273813092773117,25.35147664211285,9.651307596513076,0.0,17.746033649478996,0.0,0.0,0.9576719576719577,2
solar_68977,PV(50kW+),6.8,51.37871970193191,5250003.854367675,102182.45773396078,50000.0,380952.38095238095,145028.57802325767,0.0,340000.0,2590476.1904761903,986194.330558152,0.0,1333333.3333333333,3.3273813092773117,25.35147664211285,9.651307596513076,0.0,13.048554154028674,0.0,0.0,0.9576719576719577,2
solar_68978,PV(50kW+),4.0,60.512707609751985,3637257.169235888,60107.32807880046,50000.0,380952.38095238095,145028.57802325767,0.0,200000.0,1523809.5238095238,580114.3120930307,0.0,1333333.3333333333,3.3273813092773117,25.35147664211285,9.651307596513076,0.0,22.182542061848743,0.0,0.0,0.9576719576719577,2
solar_68979,PV(50kW+),11.0,46.3965444794846,7669123.882065358,165295.15221670127,50000.0,380952.38095238095,145028.57802325767,0.0,550000.0,4190476.1904761903,1595314.3582558343,0.0,1333333.3333333333,3.3273813092773117,25.35147664211285,9.651307596513076,0.0,8.066378931581362,0.0,0.0,0.9576719576719577,2
solar_68980,PV(50kW+),11.3,46.18239282643376,7841918.16975805,169803.20182261133,50000.0,380952.38095238095,145028.57802325767,0.0,565000.0,4304761.904761905,1638822.9316628117,0.0,1333333.3333333333,3.3273813092773112,25.351476642112846,9.651307596513076,0.0,7.852227278530528,0.0,0.0,0.9576719576719577,2
solar_68981,PV(50kW+),4.2,59.45639608299728,3752453.3610310154,63112.69448274049,50000.0,380952.38095238095,145028.57802325767,0.0,210000.0,1600000.0,609120.0276976823,0.0,1333333.3333333333,3.3273813092773117,25.35147664211285,9.651307596513078,0.0,21.12623053509404,0.0,0.0,0.9576719576719577,2
solar_68983,PV(50kW+),5.0,56.07619919738223,4213238.128211526,75134.16009850058,50000.0,380952.38095238095,145028.57802325767,0.0,250000.0,1904761.9047619049,725142.8901162883,0.0,1333333.3333333333,3.3273813092773117,25.35147664211285,9.651307596513076,0.0,17.746033649478996,0.0,0.0,0.9576719576719577,2
solar_68984,PV(50kW+),4.5,58.047980713991,3925247.6487237066,67620.74408865052,50000.0,380952.38095238095,145028.57802325767,0.0,225000.0,1714285.7142857143,652628.6011046595,0.0,1333333.3333333333,3.3273813092773117,25.35147664211285,9.651307596513076,0.0,19.71781516608777,0.0,0.0,0.9576719576719577,2
solar_68985,PV(50kW+),1.7,90.52438216401794,2312500.963591919,25545.614433490195,50000.0,380952.38095238095,145028.57802325767,0.0,85000.0,647619.0476190476,246548.582639538,0.0,1333333.3333333333,3.3273813092773117,25.35147664211285,9.651307596513076,0.0,52.194216616114694,0.0,0.0,0.9576719576719577,2
solar_68986,PV(50kW+),5.0,56.07619919738223,4213238.128211526,75134.16009850058,50000.0,380952.38095238095,145028.57802325767,0.0,250000.0,1904761.9047619049,725142.8901162883,0.0,1333333.3333333333,3.3273813092773117,25.35147664211285,9.651307596513076,0.0,17.746033649478996,0.0,0.0,0.9576719576719577,2
solar_68990,PV(50kW+),5.0,56.07619919738223,4213238.128211526,75134.16009850058,50000.0,380952.38095238095,145028.57802325767,0.0,250000.0,1904761.9047619049,725142.8901162883,0.0,1333333.3333333333,3.3273813092773117,25.35147664211285,9.651307596513076,0.0,17.746033649478996,0.0,0.0,0.9576719576719577,2
solar_68993,PV(50kW+),5.0,56.07619919738223,4213238.128211526,75134.16009850058,50000.0,380952.38095238095,145028.57802325767,0.0,250000.0,1904761.9047619049,725142.8901162883,0.0,1333333.3333333333,3.3273813092773117,25.35147664211285,9.651307596513076,0.0,17.746033649478996,0.0,0.0,0.9576719576719577,2
solar_68994,PV(50kW+),1.2,112.2719724207324,2024510.4841040997,18032.198423640137,50000.0,380952.38095238095,145028.57802325767,0.0,60000.0,457142.8571428571,174034.29362790918,0.0,1333333.3333333333,3.327381309277312,25.35147664211285,9.651307596513076,0.0,73.94180687282915,0.0,0.0,0.9576719576719577,2
solar_68995,PV(50kW+),1.5,97.48361104616654,2197304.771796791,22540.248029550174,50000.0,380952.38095238095,145028.57802325767,0.0,75000.0,571428.5714285714,217542.8670348865,0.0,1333333.3333333333,3.3273813092773117,25.351476642112846,9.651307596513076,0.0,59.153445498263316,0.0,0.0,0.9576719576719577,2
solar_68996,PV(50kW+),9.0,48.18907313094712,6517161.96411408,135241.48817730104,50000.0,380952.38095238095,145028.57802325767,0.0,450000.0,3428571.4285714286,1305257.202209319,0.0,1333333.3333333333,3.3273813092773117,25.35147664211285,9.651307596513076,0.0,9.858907583043885,0.0,0.0,0.9576719576719577,2
solar_68997,PV(50kW+),5.0,56.07619919738223,4213238.128211526,75134.16009850058,50000.0,380952.38095238095,145028.57802325767,0.0,250000.0,1904761.9047619049,725142.8901162883,0.0,1333333.3333333333,3.3273813092773117,25.35147664211285,9.651307596513076,0.0,17.746033649478996,0.0,0.0,0.9576719576719577,2
solar_68999,PV(50kW+),11.5,46.04583235202453,7957114.361553176,172808.56822655135,50000.0,380952.38095238095,145028.57802325767,0.0,575000.0,4380952.380952381,1667828.6472674632,0.0,1333333.3333333333,3.3273813092773112,25.351476642112846,9.651307596513076,0.0,7.715666804121301,0.0,0.0,0.9576719576719577,2
solar_69001,PV(50kW+),4.5,58.047980713991,3925247.6487237066,67620.74408865052,50000.0,380952.38095238095,145028.57802325767,0.0,225000.0,1714285.7142857143,652628.6011046595,0.0,1333333.3333333333,3.3273813092773117,25.35147664211285,9.651307596513076,0.0,19.71781516608777,0.0,0.0,0.9576719576719577,2
solar_69003,PV(50kW+),5.0,56.07619919738223,4213238.128211526,75134.16009850058,50000.0,380952.38095238095,145028.57802325767,0.0,250000.0,1904761.9047619049,725142.8901162883,0.0,1333333.3333333333,3.3273813092773117,25.35147664211285,9.651307596513076,0.0,17.746033649478996,0.0,0.0,0.9576719576719577,2
solar_69005,PV(50kW+),12.0,45.72434623518615,8245104.841040996,180321.9842364014,50000.0,380952.38095238095,145028.57802325767,0.0,600000.0,4571428.571428571,1740342.936279092,0.0,1333333.3333333333,3.3273813092773117,25.351476642112846,9.651307596513076,0.0,7.3941806872829146,0.0,0.0,0.9576719576719577,2
solar_69006,PV(50kW+),12.0,45.72434623518615,8245104.841040996,180321.9842364014,50000.0,380952.38095238095,145028.57802325767,0.0,600000.0,4571428.571428571,1740342.936279092,0.0,1333333.3333333333,3.3273813092773117,25.351476642112846,9.651307596513076,0.0,7.3941806872829146,0.0,0.0,0.9576719576719577,2
solar_69007,PV(50kW+),12.0,45.72434623518615,8245104.841040996,180321.9842364014,50000.0,380952.38095238095,145028.57802325767,0.0,600000.0,4571428.571428571,1740342.936279092,0.0,1333333.3333333333,3.3273813092773117,25.351476642112846,9.651307596513076,0.0,7.3941806872829146,0.0,0.0,0.9576719576719577,2
solar_69009,PV(50kW+),5.0,56.07619919738223,4213238.128211526,75134.16009850058,50000.0,380952.38095238095,145028.57802325767,0.0,250000.0,1904761.9047619049,725142.8901162883,0.0,1333333.3333333333,3.3273813092773117,25.35147664211285,9.651307596513076,0.0,17.746033649478996,0.0,0.0,0.9576719576719577,2
solar_69012,PV(50kW+),7.0,51.00590386895966,5365200.046162804,105187.82413790081,50000.0,380952.38095238095,145028.57802325767,0.0,350000.0,2666666.6666666665,1015200.0461628037,0.0,1333333.3333333333,3.3273813092773117,25.35147664211285,9.651307596513076,0.0,12.675738321056425,0.0,0.0,0.9576719576719577,2
solar_69014,PV(50kW+),4.0,60.512707609751985,3637257.169235888,60107.32807880046,50000.0,380952.38095238095,145028.57802325767,0.0,200000.0,1523809.5238095238,580114.3120930307,0.0,1333333.3333333333,3.3273813092773117,25.35147664211285,9.651307596513076,0.0,22.182542061848743,0.0,0.0,0.9576719576719577,2
solar_69015,PV(50kW+),4.0,60.512707609751985,3637257.169235888,60107.32807880046,50000.0,380952.38095238095,145028.57802325767,0.0,200000.0,1523809.5238095238,580114.3120930307,0.0,1333333.3333333333,3.3273813092773117,25.35147664211285,9.651307596513076,0.0,22.182542061848743,0.0,0.0,0.9576719576719577,2
solar_69016,PV(50kW+),5.0,56.07619919738223,4213238.128211526,75134.16009850058,50000.0,380952.38095238095,145028.57802325767,0.0,250000.0,1904761.9047619049,725142.8901162883,0.0,1333333.3333333333,3.3273813092773117,25.35147664211285,9.651307596513076,0.0,17.746033649478996,0.0,0.0,0.9576719576719577,2
solar_69018,PV(50kW+),1.7,90.52438216401794,2312500.963591919,25545.614433490195,50000.0,380952.38095238095,145028.57802325767,0.0,85000.0,647619.0476190476,246548.582639538,0.0,1333333.3333333333,3.3273813092773117,25.35147664211285,9.651307596513076,0.0,52.194216616114694,0.0,0.0,0.9576719576719577,2
solar_69019,PV(50kW+),1.5,97.48361104616654,2197304.771796791,22540.248029550174,50000.0,380952.38095238095,145028.57802325767,0.0,75000.0,571428.5714285714,217542.8670348865,0.0,1333333.3333333333,3.3273813092773117,25.351476642112846,9.651307596513076,0.0,59.153445498263316,0.0,0.0,0.9576719576719577,2
solar_69020,PV(50kW+),1.8,87.62470346312267,2370099.059489483,27048.29763546021,50000.0,380952.38095238095,145028.57802325767,0.0,90000.0,685714.2857142857,261051.44044186382,0.0,1333333.3333333333,3.3273813092773112,25.351476642112846,9.651307596513076,0.0,49.29453791521942,0.0,0.0,0.9576719576719577,2
solar_69021,PV(50kW+),4.9,56.43836314941242,4155640.0323139625,73631.47689653057,50000.0,380952.38095238095,145028.57802325767,0.0,245000.00000000003,1866666.6666666667,710640.0323139626,0.0,1333333.3333333333,3.3273813092773117,25.35147664211285,9.651307596513076,0.0,18.108197601509175,0.0,0.0,0.9576719576719577,2
solar_69022,PV(50kW+),5.0,56.07619919738223,4213238.128211526,75134.16009850058,50000.0,380952.38095238095,145028.57802325767,0.0,250000.0,1904761.9047619049,725142.8901162883,0.0,1333333.3333333333,3.3273813092773117,25.35147664211285,9.651307596513076,0.0,17.746033649478996,0.0,0.0,0.9576719576719577,2
solar_69026,PV(50kW+),5.0,56.07619919738223,4213238.128211526,75134.16009850058,50000.0,380952.38095238095,145028.57802325767,0.0,250000.0,1904761.9047619049,725142.8901162883,0.0,1333333.3333333333,3.3273813092773117,25.35147664211285,9.651307596513076,0.0,17.746033649478996,0.0,0.0,0.9576719576719577,2
solar_69027,PV(50kW+),4.4,58.496112876856635,3867649.552826143,66118.06088668051,50000.0,380952.38095238095,145028.57802325767,0.0,220000.00000000003,1676190.4761904762,638125.7433023338,0.0,1333333.3333333333,3.3273813092773117,25.35147664211285,9.651307596513076,0.0,20.1659473289534,0.0,0.0,0.9576719576719577,2
solar_69028,PV(50kW+),5.0,56.07619919738223,4213238.128211526,75134.16009850058,50000.0,380952.38095238095,145028.57802325767,0.0,250000.0,1904761.9047619049,725142.8901162883,0.0,1333333.3333333333,3.3273813092773117,25.35147664211285,9.651307596513076,0.0,17.746033649478996,0.0,0.0,0.9576719576719577,2
solar_69030,PV(50kW+),12.0,45.72434623518615,8245104.841040996,180321.9842364014,50000.0,380952.38095238095,145028.57802325767,0.0,600000.0,4571428.571428571,1740342.936279092,0.0,1333333.3333333333,3.3273813092773117,25.351476642112846,9.651307596513076,0.0,7.3941806872829146,0.0,0.0,0.9576719576719577,2
solar_69031,PV(50kW+),10.0,47.203182372642736,7093142.923089719,150268.32019700116,50000.0,380952.38095238095,145028.57802325767,0.0,500000.0,3809523.8095238097,1450285.7802325767,0.0,1333333.3333333333,3.3273813092773117,25.35147664211285,9.651307596513076,0.0,8.873016824739498,0.0,0.0,0.9576719576719577,2
solar_69032,PV(50kW+),4.9,56.43836314941242,4155640.0323139625,73631.47689653057,50000.0,380952.38095238095,145028.57802325767,0.0,245000.00000000003,1866666.6666666667,710640.0323139626,0.0,1333333.3333333333,3.3273813092773117,25.35147664211285,9.651307596513076,0.0,18.108197601509175,0.0,0.0,0.9576719576719577,2
solar_69036,PV(50kW+),16.6,43.67535640618005,10894617.252328936,249445.41152702193,50000.0,380952.38095238095,145028.57802325767,0.0,830000.0000000001,6323809.523809524,2407474.3951860773,0.0,1333333.3333333333,3.327381309277312,25.35147664211285,9.651307596513076,0.0,5.345190858276805,0.0,0.0,0.9576719576719577,2
solar_69037,PV(50kW+),2.6,72.45715333536283,2830883.826669994,39069.763251220305,50000.0,380952.38095238095,145028.57802325767,0.0,130000.0,990476.1904761905,377074.30286046996,0.0,1333333.3333333333,3.3273813092773112,25.35147664211285,9.651307596513076,0.0,34.1269877874596,0.0,0.0,0.9576719576719577,2
solar_69038,PV(50kW+),8.0,49.42143657882761,5941181.005138442,120214.65615760093,50000.0,380952.38095238095,145028.57802325767,0.0,400000.0,3047619.0476190476,1160228.6241860613,0.0,1333333.3333333333,3.3273813092773117,25.35147664211285,9.651307596513076,0.0,11.091271030924371,0.0,0.0,0.9576719576719577,2
solar_69039,PV(50kW+),5.0,56.07619919738223,4213238.128211526,75134.16009850058,50000.0,380952.38095238095,145028.57802325767,0.0,250000.0,1904761.9047619049,725142.8901162883,0.0,1333333.3333333333,3.3273813092773117,25.35147664211285,9.651307596513076,0.0,17.746033649478996,0.0,0.0,0.9576719576719577,2
solar_69040,PV(50kW+),5.0,56.07619919738223,4213238.128211526,75134.16009850058,50000.0,380952.38095238095,145028.57802325767,0.0,250000.0,1904761.9047619049,725142.8901162883,0.0,1333333.3333333333,3.3273813092773117,25.35147664211285,9.651307596513076,0.0,17.746033649478996,0.0,0.0,0.9576719576719577,2
solar_69042,PV(50kW+),3.8,61.68020982353349,3522060.9774407595,57101.96167486044,50000.0,380952.38095238095,145028.57802325767,0.0,190000.0,1447619.0476190476,551108.5964883791,0.0,1333333.3333333333,3.3273813092773117,25.35147664211285,9.651307596513076,0.0,23.350044275630257,0.0,0.0,0.9576719576719577,2
solar_69044,PV(50kW+),10.2,47.02920165058902,7208339.114884847,153273.68660094118,50000.0,380952.38095238095,145028.57802325767,0.0,509999.99999999994,3885714.2857142854,1479291.4958372281,0.0,1333333.3333333333,3.3273813092773112,25.35147664211285,9.651307596513076,0.0,8.699036102685781,0.0,0.0,0.9576719576719577,2
solar_69045,PV(50kW+),10.0,47.203182372642736,7093142.923089719,150268.32019700116,50000.0,380952.38095238095,145028.57802325767,0.0,500000.0,3809523.8095238097,1450285.7802325767,0.0,1333333.3333333333,3.3273813092773117,25.35147664211285,9.651307596513076,0.0,8.873016824739498,0.0,0.0,0.9576719576719577,2
solar_69046,PV(50kW+),10.0,47.203182372642736,7093142.923089719,150268.32019700116,50000.0,380952.38095238095,145028.57802325767,0.0,500000.0,3809523.8095238097,1450285.7802325767,0.0,1333333.3333333333,3.3273813092773117,25.35147664211285,9.651307596513076,0.0,8.873016824739498,0.0,0.0,0.9576719576719577,2
solar_69047,PV(50kW+),5.0,56.07619919738223,4213238.128211526,75134.16009850058,50000.0,380952.38095238095,145028.57802325767,0.0,250000.0,1904761.9047619049,725142.8901162883,0.0,1333333.3333333333,3.3273813092773117,25.35147664211285,9.651307596513076,0.0,17.746033649478996,0.0,0.0,0.9576719576719577,2
solar_69049,PV(50kW+),11.6,45.97931798302349,8014712.45745074,174311.25142852133,50000.0,380952.38095238095,145028.57802325767,0.0,580000.0,4419047.6190476185,1682331.5050697888,0.0,1333333.3333333333,3.327381309277312,25.35147664211285,9.651307596513076,0.0,7.649152435120257,0.0,0.0,0.9576719576719577,2
solar_69050,PV(50kW+),18.3,43.17880862153138,11873784.88258752,274991.0259605121,50000.0,380952.38095238095,145028.57802325767,0.0,915000.0,6971428.571428572,2654022.9778256156,0.0,1333333.3333333333,3.3273813092773117,25.351476642112853,9.651307596513078,0.0,4.848643073628141,0.0,0.0,0.9576719576719577,2
solar_69051,PV(50kW+),4.8,56.815617266110536,4098041.9364163987,72128.79369456055,50000.0,380952.38095238095,145028.57802325767,0.0,240000.0,1828571.4285714284,696137.1745116367,0.0,1333333.3333333333,3.327381309277312,25.35147664211285,9.651307596513076,0.0,18.485451718207287,0.0,0.0,0.9576719576719577,2
solar_69052,PV(50kW+),5.0,56.07619919738223,4213238.128211526,75134.16009850058,50000.0,380952.38095238095,145028.57802325767,0.0,250000.0,1904761.9047619049,725142.8901162883,0.0,1333333.3333333333,3.3273813092773117,25.35147664211285,9.651307596513076,0.0,17.746033649478996,0.0,0.0,0.9576719576719577,2
solar_69055,PV(50kW+),5.0,56.07619919738223,4213238.128211526,75134.16009850058,50000.0,380952.38095238095,145028.57802325767,0.0,250000.0,1904761.9047619049,725142.8901162883,0.0,1333333.3333333333,3.3273813092773117,25.35147664211285,9.651307596513076,0.0,17.746033649478996,0.0,0.0,0.9576719576719577,2
solar_69058,PV(50kW+),5.0,56.07619919738223,4213238.128211526,75134.16009850058,50000.0,380952.38095238095,145028.57802325767,0.0,250000.0,1904761.9047619049,725142.8901162883,0.0,1333333.3333333333,3.3273813092773117,25.35147664211285,9.651307596513076,0.0,17.746033649478996,0.0,0.0,0.9576719576719577,2
solar_69061,PV(50kW+),1.1,118.99395486371684,1966912.3882065357,16529.515221670128,50000.0,380952.38095238095,145028.57802325767,0.0,55000.00000000001,419047.61904761905,159531.43582558344,0.0,1333333.3333333333,3.3273813092773117,25.35147664211285,9.651307596513076,0.0,80.6637893158136,0.0,0.0,0.9576719576719577,2
solar_69062,PV(50kW+),2.0,82.69524967160072,2485295.2512846105,30053.66403940023,50000.0,380952.38095238095,145028.57802325767,0.0,100000.0,761904.7619047619,290057.15604651533,0.0,1333333.3333333333,3.3273813092773117,25.35147664211285,9.651307596513076,0.0,44.365084123697486,0.0,0.0,0.9576719576719577,2
solar_69066,PV(50kW+),5.0,56.07619919738223,4213238.128211526,75134.16009850058,50000.0,380952.38095238095,145028.57802325767,0.0,250000.0,1904761.9047619049,725142.8901162883,0.0,1333333.3333333333,3.3273813092773117,25.35147664211285,9.651307596513076,0.0,17.746033649478996,0.0,0.0,0.9576719576719577,2
solar_69067,PV(50kW+),7.5,50.16085464755591,5653190.525650623,112701.24014775087,50000.0,380952.38095238095,145028.57802325767,0.0,375000.0,2857142.8571428573,1087714.3351744325,0.0,1333333.3333333333,3.3273813092773117,25.35147664211285,9.651307596513076,0.0,11.830689099652663,0.0,0.0,0.9576719576719577,2
solar_69068,PV(50kW+),5.4,54.761678186309716,4443630.511801782,81144.89290638063,50000.0,380952.38095238095,145028.57802325767,0.0,270000.0,2057142.8571428573,783154.3213255914,0.0,1333333.3333333333,3.3273813092773117,25.35147664211285,9.651307596513076,0.0,16.431512638406474,0.0,0.0,0.9576719576719577,2
solar_69071,PV(50kW+),5.0,56.07619919738223,4213238.128211526,75134.16009850058,50000.0,380952.38095238095,145028.57802325767,0.0,250000.0,1904761.9047619049,725142.8901162883,0.0,1333333.3333333333,3.3273813092773117,25.35147664211285,9.651307596513076,0.0,17.746033649478996,0.0,0.0,0.9576719576719577,2
solar_69074,PV(50kW+),1.4,101.70885715318536,2139706.675899227,21037.56482758016,50000.0,380952.38095238095,145028.57802325767,0.0,70000.0,533333.3333333333,203040.00923256073,0.0,1333333.3333333333,3.3273813092773117,25.351476642112846,9.651307596513076,0.0,63.37869160528212,0.0,0.0,0.9576719576719577,2
solar_69075,PV(50kW+),5.0,56.07619919738223,4213238.128211526,75134.16009850058,50000.0,380952.38095238095,145028.57802325767,0.0,250000.0,1904761.9047619049,725142.8901162883,0.0,1333333.3333333333,3.3273813092773117,25.35147664211285,9.651307596513076,0.0,17.746033649478996,0.0,0.0,0.9576719576719577,2
solar_69078,PV(50kW+),5.0,56.07619919738223,4213238.128211526,75134.16009850058,50000.0,380952.38095238095,145028.57802325767,0.0,250000.0,1904761.9047619049,725142.8901162883,0.0,1333333.3333333333,3.3273813092773117,25.35147664211285,9.651307596513076,0.0,17.746033649478996,0.0,0.0,0.9576719576719577,2
solar_69079,PV(50kW+),5.9,53.36917711525831,4731620.991289601,88658.30891623069,50000.0,380952.38095238095,145028.57802325767,0.0,295000.0,2247619.0476190476,855668.6103372202,0.0,1333333.3333333333,3.3273813092773117,25.35147664211285,9.651307596513076,0.0,15.039011567355079,0.0,0.0,0.9576719576719577,2
solar_69080,PV(50kW+),1.5,97.48361104616654,2197304.771796791,22540.248029550174,50000.0,380952.38095238095,145028.57802325767,0.0,75000.0,571428.5714285714,217542.8670348865,0.0,1333333.3333333333,3.3273813092773117,25.351476642112846,9.651307596513076,0.0,59.153445498263316,0.0,0.0,0.9576719576719577,2
solar_69081,PV(50kW+),5.3,55.071706726657006,4386032.415904217,79642.2097044106,50000.0,380952.38095238095,145028.57802325767,0.0,265000.0,2019047.619047619,768651.4635232656,0.0,1333333.3333333333,3.327381309277312,25.351476642112853,9.651307596513076,0.0,16.74154117875377,0.0,0.0,0.9576719576719577,2
solar_69085,PV(50kW+),3.6,62.977434505512946,3406864.785645632,54096.59527092042,50000.0,380952.38095238095,145028.57802325767,0.0,180000.0,1371428.5714285714,522102.88088372763,0.0,1333333.3333333333,3.3273813092773112,25.351476642112846,9.651307596513076,0.0,24.64726895760971,0.0,0.0,0.9576719576719577,2
solar_69089,PV(50kW+),1.9,85.03025409916376,2427697.1553870467,28550.98083743022,50000.0,380952.38095238095,145028.57802325767,0.0,95000.0,723809.5238095238,275554.29824418953,0.0,1333333.3333333333,3.3273813092773117,25.35147664211285,9.651307596513076,0.0,46.700088551260514,0.0,0.0,0.9576719576719577,2
solar_69090,PV(50kW+),9.3,47.871043854074735,6689956.251806772,139749.5377832111,50000.0,380952.38095238095,145028.57802325767,0.0,465000.00000000006,3542857.142857143,1348765.7756162963,0.0,1333333.3333333333,3.3273813092773117,25.35147664211285,9.651307596513076,0.0,9.540878306171502,0.0,0.0,0.9576719576719577,2
solar_69091,PV(50kW+),4.3,58.965088396134625,3810051.456928579,64615.3776847105,50000.0,380952.38095238095,145028.57802325767,0.0,215000.0,1638095.238095238,623622.8855000079,0.0,1333333.3333333333,3.3273813092773117,25.35147664211285,9.651307596513076,0.0,20.63492284823139,0.0,0.0,0.9576719576719577,2
solar_69092,PV(50kW+),1.0,127.0603337952982,1909314.2923089718,15026.832019700116,50000.0,380952.38095238095,145028.57802325767,0.0,50000.0,380952.38095238095,145028.57802325767,0.0,1333333.3333333333,3.3273813092773117,25.35147664211285,9.651307596513076,0.0,88.73016824739497,0.0,0.0,0.9576719576719577,2
solar_69100,PV(50kW+),5.0,56.07619919738223,4213238.128211526,75134.16009850058,50000.0,380952.38095238095,145028.57802325767,0.0,250000.0,1904761.9047619049,725142.8901162883,0.0,1333333.3333333333,3.3273813092773117,25.35147664211285,9.651307596513076,0.0,17.746033649478996,0.0,0.0,0.9576719576719577,2
solar_69102,PV(50kW+),5.0,56.07619919738223,4213238.128211526,75134.16009850058,50000.0,380952.38095238095,145028.57802325767,0.0,250000.0,1904761.9047619049,725142.8901162883,0.0,1333333.3333333333,3.3273813092773117,25.35147664211285,9.651307596513076,0.0,17.746033649478996,0.0,0.0,0.9576719576719577,2
solar_69103,PV(50kW+),6.2,52.64148300716049,4904415.278982293,93166.35852214073,50000.0,380952.38095238095,145028.57802325767,0.0,310000.0,2361904.761904762,899177.1837441976,0.0,1333333.3333333333,3.3273813092773112,25.35147664211285,9.651307596513076,0.0,14.311317459257252,0.0,0.0,0.9576719576719577,2
solar_69104,PV(50kW+),5.0,56.07619919738223,4213238.128211526,75134.16009850058,50000.0,380952.38095238095,145028.57802325767,0.0,250000.0,1904761.9047619049,725142.8901162883,0.0,1333333.3333333333,3.3273813092773117,25.35147664211285,9.651307596513076,0.0,17.746033649478996,0.0,0.0,0.9576719576719577,2
solar_69106,PV(50kW+),2.7,71.19319082471618,2888481.9225675575,40572.446453190314,50000.0,380952.38095238095,145028.57802325767,0.0,135000.0,1028571.4285714286,391577.1606627957,0.0,1333333.3333333333,3.3273813092773117,25.35147664211285,9.651307596513076,0.0,32.86302527681295,0.0,0.0,0.9576719576719577,2
solar_69109,PV(50kW+),10.5,46.78065776194086,7381133.402577539,157781.7362068512,50000.0,380952.38095238095,145028.57802325767,0.0,525000.0,4000000.0,1522800.0692442055,0.0,1333333.3333333333,3.327381309277312,25.351476642112853,9.651307596513078,0.0,8.450492214037617,0.0,0.0,0.9576719576719577,2
solar_69110,PV(50kW+),4.0,60.512707609751985,3637257.169235888,60107.32807880046,50000.0,380952.38095238095,145028.57802325767,0.0,200000.0,1523809.5238095238,580114.3120930307,0.0,1333333.3333333333,3.3273813092773117,25.35147664211285,9.651307596513076,0.0,22.182542061848743,0.0,0.0,0.9576719576719577,2
solar_69111,PV(50kW+),10.0,47.203182372642736,7093142.923089719,150268.32019700116,50000.0,380952.38095238095,145028.57802325767,0.0,500000.0,3809523.8095238097,1450285.7802325767,0.0,1333333.3333333333,3.3273813092773117,25.35147664211285,9.651307596513076,0.0,8.873016824739498,0.0,0.0,0.9576719576719577,2
solar_69112,PV(50kW+),8.0,49.42143657882761,5941181.005138442,120214.65615760093,50000.0,380952.38095238095,145028.57802325767,0.0,400000.0,3047619.0476190476,1160228.6241860613,0.0,1333333.3333333333,3.3273813092773117,25.35147664211285,9.651307596513076,0.0,11.091271030924371,0.0,0.0,0.9576719576719577,2
solar_69113,PV(50kW+),1.7,90.52438216401794,2312500.963591919,25545.614433490195,50000.0,380952.38095238095,145028.57802325767,0.0,85000.0,647619.0476190476,246548.582639538,0.0,1333333.3333333333,3.3273813092773117,25.35147664211285,9.651307596513076,0.0,52.194216616114694,0.0,0.0,0.9576719576719577,2
solar_69117,PV(50kW+),12.5,45.42857900769484,8533095.320528816,187835.40024625143,50000.0,380952.38095238095,145028.57802325767,0.0,625000.0,4761904.761904762,1812857.2252907208,0.0,1333333.3333333333,3.3273813092773117,25.351476642112853,9.651307596513078,0.0,7.098413459791598,0.0,0.0,0.9576719576719577,2
solar_69118,PV(50kW+),4.3,58.965088396134625,3810051.456928579,64615.3776847105,50000.0,380952.38095238095,145028.57802325767,0.0,215000.0,1638095.238095238,623622.8855000079,0.0,1333333.3333333333,3.3273813092773117,25.35147664211285,9.651307596513076,0.0,20.63492284823139,0.0,0.0,0.9576719576719577,2
solar_69119,PV(50kW+),5.0,56.07619919738223,4213238.128211526,75134.16009850058,50000.0,380952.38095238095,145028.57802325767,0.0,250000.0,1904761.9047619049,725142.8901162883,0.0,1333333.3333333333,3.3273813092773117,25.35147664211285,9.651307596513076,0.0,17.746033649478996,0.0,0.0,0.9576719576719577,2
solar_69120,PV(50kW+),5.3,55.071706726657006,4386032.415904217,79642.2097044106,50000.0,380952.38095238095,145028.57802325767,0.0,265000.0,2019047.619047619,768651.4635232656,0.0,1333333.3333333333,3.327381309277312,25.351476642112853,9.651307596513076,0.0,16.74154117875377,0.0,0.0,0.9576719576719577,2
solar_69125,PV(50kW+),5.0,56.07619919738223,4213238.128211526,75134.16009850058,50000.0,380952.38095238095,145028.57802325767,0.0,250000.0,1904761.9047619049,725142.8901162883,0.0,1333333.3333333333,3.3273813092773117,25.35147664211285,9.651307596513076,0.0,17.746033649478996,0.0,0.0,0.9576719576719577,2
solar_69126,PV(50kW+),8.1,49.28450730684089,5998779.101036006,121717.33935957093,50000.0,380952.38095238095,145028.57802325767,0.0,405000.0,3085714.2857142854,1174731.481988387,0.0,1333333.3333333333,3.3273813092773117,25.35147664211285,9.651307596513076,0.0,10.954341758937652,0.0,0.0,0.9576719576719577,2
solar_69128,PV(50kW+),3.8,61.68020982353349,3522060.9774407595,57101.96167486044,50000.0,380952.38095238095,145028.57802325767,0.0,190000.0,1447619.0476190476,551108.5964883791,0.0,1333333.3333333333,3.3273813092773117,25.35147664211285,9.651307596513076,0.0,23.350044275630257,0.0,0.0,0.9576719576719577,2
solar_69129,PV(50kW+),4.6,57.61933255820649,3982845.7446212703,69123.42729062053,50000.0,380952.38095238095,145028.57802325767,0.0,229999.99999999997,1752380.9523809522,667131.4589069852,0.0,1333333.3333333333,3.3273813092773112,25.35147664211285,9.651307596513076,0.0,19.289167010303256,0.0,0.0,0.9576719576719577,2
solar_69132,PV(50kW+),5.8,53.628470418143756,4674022.895392037,87155.62571426066,50000.0,380952.38095238095,145028.57802325767,0.0,290000.0,2209523.8095238092,841165.7525348944,0.0,1333333.3333333333,3.327381309277312,25.35147664211285,9.651307596513076,0.0,15.298304870240514,0.0,0.0,0.9576719576719577,2
solar_69133,PV(50kW+),1.2,112.2719724207324,2024510.4841040997,18032.198423640137,50000.0,380952.38095238095,145028.57802325767,0.0,60000.0,457142.8571428571,174034.29362790918,0.0,1333333.3333333333,3.327381309277312,25.35147664211285,9.651307596513076,0.0,73.94180687282915,0.0,0.0,0.9576719576719577,2
solar_69134,PV(50kW+),5.0,56.07619919738223,4213238.128211526,75134.16009850058,50000.0,380952.38095238095,145028.57802325767,0.0,250000.0,1904761.9047619049,725142.8901162883,0.0,1333333.3333333333,3.3273813092773117,25.35147664211285,9.651307596513076,0.0,17.746033649478996,0.0,0.0,0.9576719576719577,2
solar_69135,PV(50kW+),5.0,56.07619919738223,4213238.128211526,75134.16009850058,50000.0,380952.38095238095,145028.57802325767,0.0,250000.0,1904761.9047619049,725142.8901162883,0.0,1333333.3333333333,3.3273813092773117,25.35147664211285,9.651307596513076,0.0,17.746033649478996,0.0,0.0,0.9576719576719577,2
solar_69136,PV(50kW+),6.0,53.11852692246906,4789219.087187164,90160.9921182007,50000.0,380952.38095238095,145028.57802325767,0.0,300000.0,2285714.2857142854,870171.468139546,0.0,1333333.3333333333,3.3273813092773117,25.351476642112846,9.651307596513076,0.0,14.788361374565829,0.0,0.0,0.9576719576719577,2
solar_69138,PV(50kW+),4.4,58.496112876856635,3867649.552826143,66118.06088668051,50000.0,380952.38095238095,145028.57802325767,0.0,220000.00000000003,1676190.4761904762,638125.7433023338,0.0,1333333.3333333333,3.3273813092773117,25.35147664211285,9.651307596513076,0.0,20.1659473289534,0.0,0.0,0.9576719576719577,2
solar_69140,PV(50kW+),10.6,46.700936137280124,7438731.498475102,159284.4194088212,50000.0,380952.38095238095,145028.57802325767,0.0,530000.0,4038095.238095238,1537302.927046531,0.0,1333333.3333333333,3.327381309277312,25.351476642112853,9.651307596513076,0.0,8.370770589376885,0.0,0.0,0.9576719576719577,2
solar_69141,PV(50kW+),1.6,93.7865207025251,2254902.867694355,24042.931231520186,50000.0,380952.38095238095,145028.57802325767,0.0,80000.0,609523.8095238096,232045.72483721227,0.0,1333333.3333333333,3.3273813092773117,25.351476642112853,9.651307596513076,0.0,55.45635515462185,0.0,0.0,0.9576719576719577,2
solar_69142,PV(50kW+),7.2,50.65380002670809,5480396.237957931,108193.19054184084,50000.0,380952.38095238095,145028.57802325767,0.0,360000.0,2742857.1428571427,1044205.7617674553,0.0,1333333.3333333333,3.3273813092773112,25.351476642112846,9.651307596513076,0.0,12.323634478804856,0.0,0.0,0.9576719576719577,2
solar_69143,PV(50kW+),3.6,62.977434505512946,3406864.785645632,54096.59527092042,50000.0,380952.38095238095,145028.57802325767,0.0,180000.0,1371428.5714285714,522102.88088372763,0.0,1333333.3333333333,3.3273813092773112,25.351476642112846,9.651307596513076,0.0,24.64726895760971,0.0,0.0,0.9576719576719577,2
solar_69144,PV(50kW+),2.5,73.82223284686124,2773285.73077243,37567.08004925029,50000.0,380952.38095238095,145028.57802325767,0.0,125000.0,952380.9523809524,362571.44505814416,0.0,1333333.3333333333,3.3273813092773117,25.35147664211285,9.651307596513076,0.0,35.49206729895799,0.0,0.0,0.9576719576719577,2
solar_69145,PV(50kW+),9.9,47.292808805215856,7035544.827192155,148765.63699503115,50000.0,380952.38095238095,145028.57802325767,0.0,495000.0,3771428.5714285714,1435782.922430251,0.0,1333333.3333333333,3.3273813092773117,25.35147664211285,9.651307596513078,0.0,8.962643257312623,0.0,0.0,0.9576719576719577,2
solar_69147,PV(50kW+),6.5,51.98096066288708,5077209.566674984,97674.40812805075,50000.0,380952.38095238095,145028.57802325767,0.0,325000.0,2476190.476190476,942685.7571511748,0.0,1333333.3333333333,3.3273813092773117,25.35147664211285,9.651307596513076,0.0,13.650795114983842,0.0,0.0,0.9576719576719577,2
solar_69148,PV(50kW+),4.8,56.815617266110536,4098041.9364163987,72128.79369456055,50000.0,380952.38095238095,145028.57802325767,0.0,240000.0,1828571.4285714284,696137.1745116367,0.0,1333333.3333333333,3.327381309277312,25.35147664211285,9.651307596513076,0.0,18.485451718207287,0.0,0.0,0.9576719576719577,2
solar_69149,PV(50kW+),1.7,90.52438216401794,2312500.963591919,25545.614433490195,50000.0,380952.38095238095,145028.57802325767,0.0,85000.0,647619.0476190476,246548.582639538,0.0,1333333.3333333333,3.3273813092773117,25.35147664211285,9.651307596513076,0.0,52.194216616114694,0.0,0.0,0.9576719576719577,2
solar_69150,PV(50kW+),12.0,45.72434623518615,8245104.841040996,180321.9842364014,50000.0,380952.38095238095,145028.57802325767,0.0,600000.0,4571428.571428571,1740342.936279092,0.0,1333333.3333333333,3.3273813092773117,25.351476642112846,9.651307596513076,0.0,7.3941806872829146,0.0,0.0,0.9576719576719577,2
solar_69151,PV(50kW+),4.8,56.815617266110536,4098041.9364163987,72128.79369456055,50000.0,380952.38095238095,145028.57802325767,0.0,240000.0,1828571.4285714284,696137.1745116367,0.0,1333333.3333333333,3.327381309277312,25.35147664211285,9.651307596513076,0.0,18.485451718207287,0.0,0.0,0.9576719576719577,2
solar_69152,PV(50kW+),7.0,51.00590386895966,5365200.046162804,105187.82413790081,50000.0,380952.38095238095,145028.57802325767,0.0,350000.0,2666666.6666666665,1015200.0461628037,0.0,1333333.3333333333,3.3273813092773117,25.35147664211285,9.651307596513076,0.0,12.675738321056425,0.0,0.0,0.9576719576719577,2
solar_69155,PV(50kW+),5.0,56.07619919738223,4213238.128211526,75134.16009850058,50000.0,380952.38095238095,145028.57802325767,0.0,250000.0,1904761.9047619049,725142.8901162883,0.0,1333333.3333333333,3.3273813092773117,25.35147664211285,9.651307596513076,0.0,17.746033649478996,0.0,0.0,0.9576719576719577,2
solar_69158,PV(50kW+),5.0,56.07619919738223,4213238.128211526,75134.16009850058,50000.0,380952.38095238095,145028.57802325767,0.0,250000.0,1904761.9047619049,725142.8901162883,0.0,1333333.3333333333,3.3273813092773117,25.35147664211285,9.651307596513076,0.0,17.746033649478996,0.0,0.0,0.9576719576719577,2
solar_69159,PV(50kW+),5.0,56.07619919738223,4213238.128211526,75134.16009850058,50000.0,380952.38095238095,145028.57802325767,0.0,250000.0,1904761.9047619049,725142.8901162883,0.0,1333333.3333333333,3.3273813092773117,25.35147664211285,9.651307596513076,0.0,17.746033649478996,0.0,0.0,0.9576719576719577,2
solar_69161,PV(50kW+),4.7,57.20892474947663,4040443.840518835,70626.11049259055,50000.0,380952.38095238095,145028.57802325767,0.0,235000.0,1790476.1904761905,681634.3167093111,0.0,1333333.3333333333,3.3273813092773112,25.351476642112846,9.651307596513076,0.0,18.878759201573395,0.0,0.0,0.9576719576719577,2
solar_69162,PV(50kW+),16.7,43.64334927529216,10952215.348226497,250948.0947289919,50000.0,380952.38095238095,145028.57802325767,0.0,835000.0,6361904.761904761,2421977.2529884027,0.0,1333333.3333333333,3.3273813092773117,25.35147664211285,9.651307596513076,0.0,5.313183727388921,0.0,0.0,0.9576719576719577,2
solar_69163,PV(50kW+),10.0,47.203182372642736,7093142.923089719,150268.32019700116,50000.0,380952.38095238095,145028.57802325767,0.0,500000.0,3809523.8095238097,1450285.7802325767,0.0,1333333.3333333333,3.3273813092773117,25.35147664211285,9.651307596513076,0.0,8.873016824739498,0.0,0.0,0.9576719576719577,2
solar_69164,PV(50kW+),1.0,127.0603337952982,1909314.2923089718,15026.832019700116,50000.0,380952.38095238095,145028.57802325767,0.0,50000.0,380952.38095238095,145028.57802325767,0.0,1333333.3333333333,3.3273813092773117,25.35147664211285,9.651307596513076,0.0,88.73016824739497,0.0,0.0,0.9576719576719577,2
solar_69165,PV(50kW+),5.0,56.07619919738223,4213238.128211526,75134.16009850058,50000.0,380952.38095238095,145028.57802325767,0.0,250000.0,1904761.9047619049,725142.8901162883,0.0,1333333.3333333333,3.3273813092773117,25.35147664211285,9.651307596513076,0.0,17.746033649478996,0.0,0.0,0.9576719576719577,2
solar_69167,PV(50kW+),12.0,45.72434623518615,8245104.841040996,180321.9842364014,50000.0,380952.38095238095,145028.57802325767,0.0,600000.0,4571428.571428571,1740342.936279092,0.0,1333333.3333333333,3.3273813092773117,25.351476642112846,9.651307596513076,0.0,7.3941806872829146,0.0,0.0,0.9576719576719577,2
solar_69169,PV(50kW+),4.9,56.43836314941242,4155640.0323139625,73631.47689653057,50000.0,380952.38095238095,145028.57802325767,0.0,245000.00000000003,1866666.6666666667,710640.0323139626,0.0,1333333.3333333333,3.3273813092773117,25.35147664211285,9.651307596513076,0.0,18.108197601509175,0.0,0.0,0.9576719576719577,2
solar_69170,PV(50kW+),3.8,61.68020982353349,3522060.9774407595,57101.96167486044,50000.0,380952.38095238095,145028.57802325767,0.0,190000.0,1447619.0476190476,551108.5964883791,0.0,1333333.3333333333,3.3273813092773117,25.35147664211285,9.651307596513076,0.0,23.350044275630257,0.0,0.0,0.9576719576719577,2
solar_69173,PV(50kW+),4.9,56.43836314941242,4155640.0323139625,73631.47689653057,50000.0,380952.38095238095,145028.57802325767,0.0,245000.00000000003,1866666.6666666667,710640.0323139626,0.0,1333333.3333333333,3.3273813092773117,25.35147664211285,9.651307596513076,0.0,18.108197601509175,0.0,0.0,0.9576719576719577,2
solar_69177,PV(50kW+),4.9,56.43836314941242,4155640.0323139625,73631.47689653057,50000.0,380952.38095238095,145028.57802325767,0.0,245000.00000000003,1866666.6666666667,710640.0323139626,0.0,1333333.3333333333,3.3273813092773117,25.35147664211285,9.651307596513076,0.0,18.108197601509175,0.0,0.0,0.9576719576719577,2
solar_69178,PV(50kW+),12.0,45.72434623518615,8245104.841040996,180321.9842364014,50000.0,380952.38095238095,145028.57802325767,0.0,600000.0,4571428.571428571,1740342.936279092,0.0,1333333.3333333333,3.3273813092773117,25.351476642112846,9.651307596513076,0.0,7.3941806872829146,0.0,0.0,0.9576719576719577,2
solar_69179,PV(50kW+),7.7,49.85356402159089,5768386.717445751,115706.6065516909,50000.0,380952.38095238095,145028.57802325767,0.0,385000.0,2933333.3333333335,1116720.050779084,0.0,1333333.3333333333,3.3273813092773112,25.35147664211285,9.651307596513076,0.0,11.523398473687658,0.0,0.0,0.9576719576719577,2
solar_69180,PV(50kW+),10.7,46.62270463644482,7496329.5943726655,160787.10261079122,50000.0,380952.38095238095,145028.57802325767,0.0,535000.0,4076190.4761904757,1551805.784848857,0.0,1333333.3333333333,3.327381309277312,25.35147664211285,9.651307596513078,0.0,8.292539088541588,0.0,0.0,0.9576719576719577,2
solar_69181,PV(50kW+),4.9,56.43836314941242,4155640.0323139625,73631.47689653057,50000.0,380952.38095238095,145028.57802325767,0.0,245000.00000000003,1866666.6666666667,710640.0323139626,0.0,1333333.3333333333,3.3273813092773117,25.35147664211285,9.651307596513076,0.0,18.108197601509175,0.0,0.0,0.9576719576719577,2
solar_69182,PV(50kW+),5.0,56.07619919738223,4213238.128211526,75134.16009850058,50000.0,380952.38095238095,145028.57802325767,0.0,250000.0,1904761.9047619049,725142.8901162883,0.0,1333333.3333333333,3.3273813092773117,25.35147664211285,9.651307596513076,0.0,17.746033649478996,0.0,0.0,0.9576719576719577,2
solar_69187,PV(50kW+),1.4,101.70885715318536,2139706.675899227,21037.56482758016,50000.0,380952.38095238095,145028.57802325767,0.0,70000.0,533333.3333333333,203040.00923256073,0.0,1333333.3333333333,3.3273813092773117,25.351476642112846,9.651307596513076,0.0,63.37869160528212,0.0,0.0,0.9576719576719577,2
solar_69189,PV(50kW+),4.8,56.815617266110536,4098041.9364163987,72128.79369456055,50000.0,380952.38095238095,145028.57802325767,0.0,240000.0,1828571.4285714284,696137.1745116367,0.0,1333333.3333333333,3.327381309277312,25.35147664211285,9.651307596513076,0.0,18.485451718207287,0.0,0.0,0.9576719576719577,2
solar_69193,PV(50kW+),5.0,56.07619919738223,4213238.128211526,75134.16009850058,50000.0,380952.38095238095,145028.57802325767,0.0,250000.0,1904761.9047619049,725142.8901162883,0.0,1333333.3333333333,3.3273813092773117,25.35147664211285,9.651307596513076,0.0,17.746033649478996,0.0,0.0,0.9576719576719577,2
solar_69194,PV(50kW+),7.0,51.00590386895966,5365200.046162804,105187.82413790081,50000.0,380952.38095238095,145028.57802325767,0.0,350000.0,2666666.6666666665,1015200.0461628037,0.0,1333333.3333333333,3.3273813092773117,25.35147664211285,9.651307596513076,0.0,12.675738321056425,0.0,0.0,0.9576719576719577,2
solar_69195,PV(50kW+),4.0,60.512707609751985,3637257.169235888,60107.32807880046,50000.0,380952.38095238095,145028.57802325767,0.0,200000.0,1523809.5238095238,580114.3120930307,0.0,1333333.3333333333,3.3273813092773117,25.35147664211285,9.651307596513076,0.0,22.182542061848743,0.0,0.0,0.9576719576719577,2
solar_69196,PV(50kW+),1.8,87.62470346312267,2370099.059489483,27048.29763546021,50000.0,380952.38095238095,145028.57802325767,0.0,90000.0,685714.2857142857,261051.44044186382,0.0,1333333.3333333333,3.3273813092773112,25.351476642112846,9.651307596513076,0.0,49.29453791521942,0.0,0.0,0.9576719576719577,2
solar_69197,PV(50kW+),1.8,87.62470346312267,2370099.059489483,27048.29763546021,50000.0,380952.38095238095,145028.57802325767,0.0,90000.0,685714.2857142857,261051.44044186382,0.0,1333333.3333333333,3.3273813092773112,25.351476642112846,9.651307596513076,0.0,49.29453791521942,0.0,0.0,0.9576719576719577,2
solar_69198,PV(50kW+),1.8,87.62470346312267,2370099.059489483,27048.29763546021,50000.0,380952.38095238095,145028.57802325767,0.0,90000.0,685714.2857142857,261051.44044186382,0.0,1333333.3333333333,3.3273813092773112,25.351476642112846,9.651307596513076,0.0,49.29453791521942,0.0,0.0,0.9576719576719577,2
solar_69199,PV(50kW+),4.1,59.971669998487386,3694855.2651334517,61610.01128077047,50000.0,380952.38095238095,145028.57802325767,0.0,204999.99999999997,1561904.7619047617,594617.1698953564,0.0,1333333.3333333333,3.3273813092773112,25.351476642112846,9.651307596513076,0.0,21.64150445058414,0.0,0.0,0.9576719576719577,2
solar_69200,PV(50kW+),5.0,56.07619919738223,4213238.128211526,75134.16009850058,50000.0,380952.38095238095,145028.57802325767,0.0,250000.0,1904761.9047619049,725142.8901162883,0.0,1333333.3333333333,3.3273813092773117,25.35147664211285,9.651307596513076,0.0,17.746033649478996,0.0,0.0,0.9576719576719577,2
solar_69202,PV(50kW+),5.3,55.071706726657006,4386032.415904217,79642.2097044106,50000.0,380952.38095238095,145028.57802325767,0.0,265000.0,2019047.619047619,768651.4635232656,0.0,1333333.3333333333,3.327381309277312,25.351476642112853,9.651307596513076,0.0,16.74154117875377,0.0,0.0,0.9576719576719577,2
solar_69204,PV(50kW+),10.2,47.02920165058902,7208339.114884847,153273.68660094118,50000.0,380952.38095238095,145028.57802325767,0.0,509999.99999999994,3885714.2857142854,1479291.4958372281,0.0,1333333.3333333333,3.3273813092773112,25.35147664211285,9.651307596513076,0.0,8.699036102685781,0.0,0.0,0.9576719576719577,2
solar_69206,PV(50kW+),18.0,43.25961933942518,11700990.594894828,270482.9763546021,50000.0,380952.38095238095,145028.57802325767,0.0,900000.0,6857142.857142857,2610514.404418638,0.0,1333333.3333333333,3.3273813092773117,25.35147664211285,9.651307596513076,0.0,4.929453791521943,0.0,0.0,0.9576719576719577,2
solar_69207,PV(50kW+),14.6,44.4075743319714,9742655.334377658,219391.74748762167,50000.0,380952.38095238095,145028.57802325767,0.0,730000.0,5561904.761904762,2117417.239139562,0.0,1333333.3333333333,3.3273813092773117,25.351476642112853,9.651307596513078,0.0,6.077408784068149,0.0,0.0,0.9576719576719577,2
solar_69209,PV(50kW+),2.1,80.58262661809131,2542893.347182174,31556.347241370244,50000.0,380952.38095238095,145028.57802325767,0.0,105000.0,800000.0,304560.01384884113,0.0,1333333.3333333333,3.3273813092773117,25.35147664211285,9.651307596513078,0.0,42.25246107018808,0.0,0.0,0.9576719576719577,2
solar_69210,PV(50kW+),13.0,45.15556310539516,8821085.800016636,195348.8162561015,50000.0,380952.38095238095,145028.57802325767,0.0,650000.0,4952380.952380952,1885371.5143023496,0.0,1333333.3333333333,3.3273813092773117,25.35147664211285,9.651307596513076,0.0,6.825397557491921,0.0,0.0,0.9576719576719577,2
solar_69212,PV(50kW+),3.3,65.21809531984111,3234070.497952941,49588.54566501038,50000.0,380952.38095238095,145028.57802325767,0.0,165000.0,1257142.857142857,478594.3074767503,0.0,1333333.3333333333,3.3273813092773117,25.35147664211285,9.651307596513076,0.0,26.88792977193787,0.0,0.0,0.9576719576719577,2
solar_69213,PV(50kW+),11.3,46.18239282643376,7841918.16975805,169803.20182261133,50000.0,380952.38095238095,145028.57802325767,0.0,565000.0,4304761.904761905,1638822.9316628117,0.0,1333333.3333333333,3.3273813092773112,25.351476642112846,9.651307596513076,0.0,7.852227278530528,0.0,0.0,0.9576719576719577,2
solar_69214,PV(50kW+),16.0,43.87580106336543,10549028.676943552,240429.31231520185,50000.0,380952.38095238095,145028.57802325767,0.0,800000.0,6095238.095238095,2320457.2483721226,0.0,1333333.3333333333,3.3273813092773117,25.35147664211285,9.651307596513076,0.0,5.545635515462186,0.0,0.0,0.9576719576719577,2
solar_69216,PV(50kW+),8.5,48.76900887112617,6229171.484626261,127728.07216745098,50000.0,380952.38095238095,145028.57802325767,0.0,425000.0,3238095.238095238,1232742.9131976902,0.0,1333333.3333333333,3.3273813092773117,25.35147664211285,9.651307596513076,0.0,10.438843323222939,0.0,0.0,0.9576719576719577,2
solar_69217,PV(50kW+),3.5,63.681642190016085,3349266.6897480683,52593.912068950405,50000.0,380952.38095238095,145028.57802325767,0.0,175000.0,1333333.3333333333,507600.0230814018,0.0,1333333.3333333333,3.3273813092773117,25.35147664211285,9.651307596513076,0.0,25.35147664211285,0.0,0.0,0.9576719576719577,2
solar_69218,PV(50kW+),1.5,97.48361104616654,2197304.771796791,22540.248029550174,50000.0,380952.38095238095,145028.57802325767,0.0,75000.0,571428.5714285714,217542.8670348865,0.0,1333333.3333333333,3.3273813092773117,25.351476642112846,9.651307596513076,0.0,59.153445498263316,0.0,0.0,0.9576719576719577,2
solar_69219,PV(50kW+),6.5,51.98096066288708,5077209.566674984,97674.40812805075,50000.0,380952.38095238095,145028.57802325767,0.0,325000.0,2476190.476190476,942685.7571511748,0.0,1333333.3333333333,3.3273813092773117,25.35147664211285,9.651307596513076,0.0,13.650795114983842,0.0,0.0,0.9576719576719577,2
solar_69220,PV(50kW+),5.0,56.07619919738223,4213238.128211526,75134.16009850058,50000.0,380952.38095238095,145028.57802325767,0.0,250000.0,1904761.9047619049,725142.8901162883,0.0,1333333.3333333333,3.3273813092773117,25.35147664211285,9.651307596513076,0.0,17.746033649478996,0.0,0.0,0.9576719576719577,2
solar_69222,PV(50kW+),7.7,49.85356402159089,5768386.717445751,115706.6065516909,50000.0,380952.38095238095,145028.57802325767,0.0,385000.0,2933333.3333333335,1116720.050779084,0.0,1333333.3333333333,3.3273813092773112,25.35147664211285,9.651307596513076,0.0,11.523398473687658,0.0,0.0,0.9576719576719577,2
solar_69225,PV(50kW+),7.0,51.00590386895966,5365200.046162804,105187.82413790081,50000.0,380952.38095238095,145028.57802325767,0.0,350000.0,2666666.6666666665,1015200.0461628037,0.0,1333333.3333333333,3.3273813092773117,25.35147664211285,9.651307596513076,0.0,12.675738321056425,0.0,0.0,0.9576719576719577,2
solar_69226,PV(50kW+),4.9,56.43836314941242,4155640.0323139625,73631.47689653057,50000.0,380952.38095238095,145028.57802325767,0.0,245000.00000000003,1866666.6666666667,710640.0323139626,0.0,1333333.3333333333,3.3273813092773117,25.35147664211285,9.651307596513076,0.0,18.108197601509175,0.0,0.0,0.9576719576719577,2
solar_69227,PV(50kW+),7.3,50.48498311603954,5537994.333855495,109695.87374381084,50000.0,380952.38095238095,145028.57802325767,0.0,365000.0,2780952.380952381,1058708.619569781,0.0,1333333.3333333333,3.3273813092773117,25.351476642112853,9.651307596513078,0.0,12.154817568136298,0.0,0.0,0.9576719576719577,2
solar_69228,PV(50kW+),2.4,75.30106898431782,2715687.634874866,36064.39684728027,50000.0,380952.38095238095,145028.57802325767,0.0,120000.0,914285.7142857142,348068.58725581836,0.0,1333333.3333333333,3.327381309277312,25.35147664211285,9.651307596513076,0.0,36.970903436414574,0.0,0.0,0.9576719576719577,2
solar_69230,PV(50kW+),5.0,56.07619919738223,4213238.128211526,75134.16009850058,50000.0,380952.38095238095,145028.57802325767,0.0,250000.0,1904761.9047619049,725142.8901162883,0.0,1333333.3333333333,3.3273813092773117,25.35147664211285,9.651307596513076,0.0,17.746033649478996,0.0,0.0,0.9576719576719577,2
solar_69231,PV(50kW+),1.6,93.7865207025251,2254902.867694355,24042.931231520186,50000.0,380952.38095238095,145028.57802325767,0.0,80000.0,609523.8095238096,232045.72483721227,0.0,1333333.3333333333,3.3273813092773117,25.351476642112853,9.651307596513076,0.0,55.45635515462185,0.0,0.0,0.9576719576719577,2
solar_69232,PV(50kW+),5.0,56.07619919738223,4213238.128211526,75134.16009850058,50000.0,380952.38095238095,145028.57802325767,0.0,250000.0,1904761.9047619049,725142.8901162883,0.0,1333333.3333333333,3.3273813092773117,25.35147664211285,9.651307596513076,0.0,17.746033649478996,0.0,0.0,0.9576719576719577,2
solar_69234,PV(50kW+),4.2,59.45639608299728,3752453.3610310154,63112.69448274049,50000.0,380952.38095238095,145028.57802325767,0.0,210000.0,1600000.0,609120.0276976823,0.0,1333333.3333333333,3.3273813092773117,25.35147664211285,9.651307596513078,0.0,21.12623053509404,0.0,0.0,0.9576719576719577,2
solar_69235,PV(50kW+),2.5,73.82223284686124,2773285.73077243,37567.08004925029,50000.0,380952.38095238095,145028.57802325767,0.0,125000.0,952380.9523809524,362571.44505814416,0.0,1333333.3333333333,3.3273813092773117,25.35147664211285,9.651307596513076,0.0,35.49206729895799,0.0,0.0,0.9576719576719577,2
solar_69236,PV(50kW+),5.0,56.07619919738223,4213238.128211526,75134.16009850058,50000.0,380952.38095238095,145028.57802325767,0.0,250000.0,1904761.9047619049,725142.8901162883,0.0,1333333.3333333333,3.3273813092773117,25.35147664211285,9.651307596513076,0.0,17.746033649478996,0.0,0.0,0.9576719576719577,2
solar_69237,PV(50kW+),5.0,56.07619919738223,4213238.128211526,75134.16009850058,50000.0,380952.38095238095,145028.57802325767,0.0,250000.0,1904761.9047619049,725142.8901162883,0.0,1333333.3333333333,3.3273813092773117,25.35147664211285,9.651307596513076,0.0,17.746033649478996,0.0,0.0,0.9576719576719577,2
solar_69239,PV(50kW+),5.0,56.07619919738223,4213238.128211526,75134.16009850058,50000.0,380952.38095238095,145028.57802325767,0.0,250000.0,1904761.9047619049,725142.8901162883,0.0,1333333.3333333333,3.3273813092773117,25.35147664211285,9.651307596513076,0.0,17.746033649478996,0.0,0.0,0.9576719576719577,2
solar_69240,PV(50kW+),4.4,58.496112876856635,3867649.552826143,66118.06088668051,50000.0,380952.38095238095,145028.57802325767,0.0,220000.00000000003,1676190.4761904762,638125.7433023338,0.0,1333333.3333333333,3.3273813092773117,25.35147664211285,9.651307596513076,0.0,20.1659473289534,0.0,0.0,0.9576719576719577,2
solar_69241,PV(50kW+),5.0,56.07619919738223,4213238.128211526,75134.16009850058,50000.0,380952.38095238095,145028.57802325767,0.0,250000.0,1904761.9047619049,725142.8901162883,0.0,1333333.3333333333,3.3273813092773117,25.35147664211285,9.651307596513076,0.0,17.746033649478996,0.0,0.0,0.9576719576719577,2
solar_69242,PV(50kW+),10.0,47.203182372642736,7093142.923089719,150268.32019700116,50000.0,380952.38095238095,145028.57802325767,0.0,500000.0,3809523.8095238097,1450285.7802325767,0.0,1333333.3333333333,3.3273813092773117,25.35147664211285,9.651307596513076,0.0,8.873016824739498,0.0,0.0,0.9576719576719577,2
solar_69243,PV(50kW+),3.5,63.681642190016085,3349266.6897480683,52593.912068950405,50000.0,380952.38095238095,145028.57802325767,0.0,175000.0,1333333.3333333333,507600.0230814018,0.0,1333333.3333333333,3.3273813092773117,25.35147664211285,9.651307596513076,0.0,25.35147664211285,0.0,0.0,0.9576719576719577,2
solar_69244,PV(50kW+),1.3,106.58414112282243,2082108.5800016634,19534.881625610153,50000.0,380952.38095238095,145028.57802325767,0.0,65000.0,495238.09523809527,188537.15143023498,0.0,1333333.3333333333,3.3273813092773112,25.35147664211285,9.651307596513076,0.0,68.2539755749192,0.0,0.0,0.9576719576719577,2
solar_69246,PV(50kW+),12.5,45.42857900769484,8533095.320528816,187835.40024625143,50000.0,380952.38095238095,145028.57802325767,0.0,625000.0,4761904.761904762,1812857.2252907208,0.0,1333333.3333333333,3.3273813092773117,25.351476642112853,9.651307596513078,0.0,7.098413459791598,0.0,0.0,0.9576719576719577,2
solar_69247,PV(50kW+),1.7,90.52438216401794,2312500.963591919,25545.614433490195,50000.0,380952.38095238095,145028.57802325767,0.0,85000.0,647619.0476190476,246548.582639538,0.0,1333333.3333333333,3.3273813092773117,25.35147664211285,9.651307596513076,0.0,52.194216616114694,0.0,0.0,0.9576719576719577,2
solar_69248,PV(50kW+),5.0,56.07619919738223,4213238.128211526,75134.16009850058,50000.0,380952.38095238095,145028.57802325767,0.0,250000.0,1904761.9047619049,725142.8901162883,0.0,1333333.3333333333,3.3273813092773117,25.35147664211285,9.651307596513076,0.0,17.746033649478996,0.0,0.0,0.9576719576719577,2
solar_69249,PV(50kW+),5.0,56.07619919738223,4213238.128211526,75134.16009850058,50000.0,380952.38095238095,145028.57802325767,0.0,250000.0,1904761.9047619049,725142.8901162883,0.0,1333333.3333333333,3.3273813092773117,25.35147664211285,9.651307596513076,0.0,17.746033649478996,0.0,0.0,0.9576719576719577,2
solar_69251,PV(50kW+),5.5,54.462923411065965,4501228.607699346,82647.57610835064,50000.0,380952.38095238095,145028.57802325767,0.0,275000.0,2095238.0952380951,797657.1791279172,0.0,1333333.3333333333,3.3273813092773117,25.35147664211285,9.651307596513076,0.0,16.132757863162723,0.0,0.0,0.9576719576719577,2
solar_69252,PV(50kW+),7.0,51.00590386895966,5365200.046162804,105187.82413790081,50000.0,380952.38095238095,145028.57802325767,0.0,350000.0,2666666.6666666665,1015200.0461628037,0.0,1333333.3333333333,3.3273813092773117,25.35147664211285,9.651307596513076,0.0,12.675738321056425,0.0,0.0,0.9576719576719577,2
solar_69254,PV(50kW+),5.1,55.7282377532748,4270836.22410909,76636.84330047059,50000.0,380952.38095238095,145028.57802325767,0.0,254999.99999999997,1942857.1428571427,739645.7479186141,0.0,1333333.3333333333,3.3273813092773112,25.35147664211285,9.651307596513076,0.0,17.398072205371562,0.0,0.0,0.9576719576719577,2
solar_69255,PV(50kW+),7.0,51.00590386895966,5365200.046162804,105187.82413790081,50000.0,380952.38095238095,145028.57802325767,0.0,350000.0,2666666.6666666665,1015200.0461628037,0.0,1333333.3333333333,3.3273813092773117,25.35147664211285,9.651307596513076,0.0,12.675738321056425,0.0,0.0,0.9576719576719577,2
solar_69257,PV(50kW+),1.5,97.48361104616654,2197304.771796791,22540.248029550174,50000.0,380952.38095238095,145028.57802325767,0.0,75000.0,571428.5714285714,217542.8670348865,0.0,1333333.3333333333,3.3273813092773117,25.351476642112846,9.651307596513076,0.0,59.153445498263316,0.0,0.0,0.9576719576719577,2
solar_69258,PV(50kW+),3.5,63.681642190016085,3349266.6897480683,52593.912068950405,50000.0,380952.38095238095,145028.57802325767,0.0,175000.0,1333333.3333333333,507600.0230814018,0.0,1333333.3333333333,3.3273813092773117,25.35147664211285,9.651307596513076,0.0,25.35147664211285,0.0,0.0,0.9576719576719577,2
solar_69259,PV(50kW+),1.4,101.70885715318536,2139706.675899227,21037.56482758016,50000.0,380952.38095238095,145028.57802325767,0.0,70000.0,533333.3333333333,203040.00923256073,0.0,1333333.3333333333,3.3273813092773117,25.351476642112846,9.651307596513076,0.0,63.37869160528212,0.0,0.0,0.9576719576719577,2
solar_69260,PV(50kW+),4.0,60.512707609751985,3637257.169235888,60107.32807880046,50000.0,380952.38095238095,145028.57802325767,0.0,200000.0,1523809.5238095238,580114.3120930307,0.0,1333333.3333333333,3.3273813092773117,25.35147664211285,9.651307596513076,0.0,22.182542061848743,0.0,0.0,0.9576719576719577,2
solar_69261,PV(50kW+),1.0,127.0603337952982,1909314.2923089718,15026.832019700116,50000.0,380952.38095238095,145028.57802325767,0.0,50000.0,380952.38095238095,145028.57802325767,0.0,1333333.3333333333,3.3273813092773117,25.35147664211285,9.651307596513076,0.0,88.73016824739497,0.0,0.0,0.9576719576719577,2
solar_69262,PV(50kW+),6.5,51.98096066288708,5077209.566674984,97674.40812805075,50000.0,380952.38095238095,145028.57802325767,0.0,325000.0,2476190.476190476,942685.7571511748,0.0,1333333.3333333333,3.3273813092773117,25.35147664211285,9.651307596513076,0.0,13.650795114983842,0.0,0.0,0.9576719576719577,2
solar_69266,PV(50kW+),3.5,63.681642190016085,3349266.6897480683,52593.912068950405,50000.0,380952.38095238095,145028.57802325767,0.0,175000.0,1333333.3333333333,507600.0230814018,0.0,1333333.3333333333,3.3273813092773117,25.35147664211285,9.651307596513076,0.0,25.35147664211285,0.0,0.0,0.9576719576719577,2
solar_69267,PV(50kW+),3.5,63.681642190016085,3349266.6897480683,52593.912068950405,50000.0,380952.38095238095,145028.57802325767,0.0,175000.0,1333333.3333333333,507600.0230814018,0.0,1333333.3333333333,3.3273813092773117,25.35147664211285,9.651307596513076,0.0,25.35147664211285,0.0,0.0,0.9576719576719577,2
solar_69268,PV(50kW+),1.0,127.0603337952982,1909314.2923089718,15026.832019700116,50000.0,380952.38095238095,145028.57802325767,0.0,50000.0,380952.38095238095,145028.57802325767,0.0,1333333.3333333333,3.3273813092773117,25.35147664211285,9.651307596513076,0.0,88.73016824739497,0.0,0.0,0.9576719576719577,2
solar_69269,PV(50kW+),6.0,53.11852692246906,4789219.087187164,90160.9921182007,50000.0,380952.38095238095,145028.57802325767,0.0,300000.0,2285714.2857142854,870171.468139546,0.0,1333333.3333333333,3.3273813092773117,25.351476642112846,9.651307596513076,0.0,14.788361374565829,0.0,0.0,0.9576719576719577,2
solar_69271,PV(50kW+),5.0,56.07619919738223,4213238.128211526,75134.16009850058,50000.0,380952.38095238095,145028.57802325767,0.0,250000.0,1904761.9047619049,725142.8901162883,0.0,1333333.3333333333,3.3273813092773117,25.35147664211285,9.651307596513076,0.0,17.746033649478996,0.0,0.0,0.9576719576719577,2
solar_69272,PV(50kW+),14.6,44.4075743319714,9742655.334377658,219391.74748762167,50000.0,380952.38095238095,145028.57802325767,0.0,730000.0,5561904.761904762,2117417.239139562,0.0,1333333.3333333333,3.3273813092773117,25.351476642112853,9.651307596513078,0.0,6.077408784068149,0.0,0.0,0.9576719576719577,2
solar_69273,PV(50kW+),2.8,70.0195113505443,2946080.0184651213,42075.12965516032,50000.0,380952.38095238095,145028.57802325767,0.0,140000.0,1066666.6666666665,406080.01846512145,0.0,1333333.3333333333,3.3273813092773117,25.351476642112846,9.651307596513076,0.0,31.68934580264106,0.0,0.0,0.9576719576719577,2
solar_69274,PV(50kW+),5.0,56.07619919738223,4213238.128211526,75134.16009850058,50000.0,380952.38095238095,145028.57802325767,0.0,250000.0,1904761.9047619049,725142.8901162883,0.0,1333333.3333333333,3.3273813092773117,25.35147664211285,9.651307596513076,0.0,17.746033649478996,0.0,0.0,0.9576719576719577,2
solar_69275,PV(50kW+),5.0,56.07619919738223,4213238.128211526,75134.16009850058,50000.0,380952.38095238095,145028.57802325767,0.0,250000.0,1904761.9047619049,725142.8901162883,0.0,1333333.3333333333,3.3273813092773117,25.35147664211285,9.651307596513076,0.0,17.746033649478996,0.0,0.0,0.9576719576719577,2
solar_69276,PV(50kW+),6.8,51.37871970193191,5250003.854367675,102182.45773396078,50000.0,380952.38095238095,145028.57802325767,0.0,340000.0,2590476.1904761903,986194.330558152,0.0,1333333.3333333333,3.3273813092773117,25.35147664211285,9.651307596513076,0.0,13.048554154028674,0.0,0.0,0.9576719576719577,2
solar_69277,PV(50kW+),4.1,59.971669998487386,3694855.2651334517,61610.01128077047,50000.0,380952.38095238095,145028.57802325767,0.0,204999.99999999997,1561904.7619047617,594617.1698953564,0.0,1333333.3333333333,3.3273813092773112,25.351476642112846,9.651307596513076,0.0,21.64150445058414,0.0,0.0,0.9576719576719577,2
solar_69278,PV(50kW+),7.0,51.00590386895966,5365200.046162804,105187.82413790081,50000.0,380952.38095238095,145028.57802325767,0.0,350000.0,2666666.6666666665,1015200.0461628037,0.0,1333333.3333333333,3.3273813092773117,25.35147664211285,9.651307596513076,0.0,12.675738321056425,0.0,0.0,0.9576719576719577,2
solar_69279,PV(50kW+),4.0,60.512707609751985,3637257.169235888,60107.32807880046,50000.0,380952.38095238095,145028.57802325767,0.0,200000.0,1523809.5238095238,580114.3120930307,0.0,1333333.3333333333,3.3273813092773117,25.35147664211285,9.651307596513076,0.0,22.182542061848743,0.0,0.0,0.9576719576719577,2
solar_69280,PV(50kW+),5.0,56.07619919738223,4213238.128211526,75134.16009850058,50000.0,380952.38095238095,145028.57802325767,0.0,250000.0,1904761.9047619049,725142.8901162883,0.0,1333333.3333333333,3.3273813092773117,25.35147664211285,9.651307596513076,0.0,17.746033649478996,0.0,0.0,0.9576719576719577,2
solar_69282,PV(50kW+),14.7,44.366231415072974,9800253.430275222,220894.43068959168,50000.0,380952.38095238095,145028.57802325767,0.0,735000.0,5600000.0,2131920.0969418874,0.0,1333333.3333333333,3.327381309277312,25.351476642112853,9.651307596513076,0.0,6.036065867169726,0.0,0.0,0.9576719576719577,2
solar_69284,PV(50kW+),6.2,52.64148300716049,4904415.278982293,93166.35852214073,50000.0,380952.38095238095,145028.57802325767,0.0,310000.0,2361904.761904762,899177.1837441976,0.0,1333333.3333333333,3.3273813092773112,25.35147664211285,9.651307596513076,0.0,14.311317459257252,0.0,0.0,0.9576719576719577,2
solar_69285,PV(50kW+),5.0,56.07619919738223,4213238.128211526,75134.16009850058,50000.0,380952.38095238095,145028.57802325767,0.0,250000.0,1904761.9047619049,725142.8901162883,0.0,1333333.3333333333,3.3273813092773117,25.35147664211285,9.651307596513076,0.0,17.746033649478996,0.0,0.0,0.9576719576719577,2
solar_69287,PV(50kW+),1.1,118.99395486371684,1966912.3882065357,16529.515221670128,50000.0,380952.38095238095,145028.57802325767,0.0,55000.00000000001,419047.61904761905,159531.43582558344,0.0,1333333.3333333333,3.3273813092773117,25.35147664211285,9.651307596513076,0.0,80.6637893158136,0.0,0.0,0.9576719576719577,2
solar_69288,PV(50kW+),6.4,52.1942543365587,5019611.47077742,96171.72492608074,50000.0,380952.38095238095,145028.57802325767,0.0,320000.0,2438095.2380952383,928182.8993488491,0.0,1333333.3333333333,3.3273813092773117,25.351476642112853,9.651307596513076,0.0,13.864088788655463,0.0,0.0,0.9576719576719577,2
solar_69289,PV(50kW+),3.2,66.05834312521417,3176472.402055377,48085.86246304037,50000.0,380952.38095238095,145028.57802325767,0.0,160000.0,1219047.6190476192,464091.44967442454,0.0,1333333.3333333333,3.3273813092773117,25.351476642112853,9.651307596513076,0.0,27.728177577310927,0.0,0.0,0.9576719576719577,2
solar_69290,PV(50kW+),7.0,51.00590386895966,5365200.046162804,105187.82413790081,50000.0,380952.38095238095,145028.57802325767,0.0,350000.0,2666666.6666666665,1015200.0461628037,0.0,1333333.3333333333,3.3273813092773117,25.35147664211285,9.651307596513076,0.0,12.675738321056425,0.0,0.0,0.9576719576719577,2
solar_69291,PV(50kW+),11.0,46.3965444794846,7669123.882065358,165295.15221670127,50000.0,380952.38095238095,145028.57802325767,0.0,550000.0,4190476.1904761903,1595314.3582558343,0.0,1333333.3333333333,3.3273813092773117,25.35147664211285,9.651307596513076,0.0,8.066378931581362,0.0,0.0,0.9576719576719577,2
solar_69292,PV(50kW+),9.5,47.67018325815533,6805152.4436019,142754.9041871511,50000.0,380952.38095238095,145028.57802325767,0.0,475000.0,3619047.619047619,1377771.4912209478,0.0,1333333.3333333333,3.3273813092773112,25.351476642112846,9.651307596513076,0.0,9.340017710252102,0.0,0.0,0.9576719576719577,2
solar_69294,PV(50kW+),5.0,56.07619919738223,4213238.128211526,75134.16009850058,50000.0,380952.38095238095,145028.57802325767,0.0,250000.0,1904761.9047619049,725142.8901162883,0.0,1333333.3333333333,3.3273813092773117,25.35147664211285,9.651307596513076,0.0,17.746033649478996,0.0,0.0,0.9576719576719577,2
solar_69296,PV(50kW+),3.8,61.68020982353349,3522060.9774407595,57101.96167486044,50000.0,380952.38095238095,145028.57802325767,0.0,190000.0,1447619.0476190476,551108.5964883791,0.0,1333333.3333333333,3.3273813092773117,25.35147664211285,9.651307596513076,0.0,23.350044275630257,0.0,0.0,0.9576719576719577,2
solar_69297,PV(50kW+),5.0,56.07619919738223,4213238.128211526,75134.16009850058,50000.0,380952.38095238095,145028.57802325767,0.0,250000.0,1904761.9047619049,725142.8901162883,0.0,1333333.3333333333,3.3273813092773117,25.35147664211285,9.651307596513076,0.0,17.746033649478996,0.0,0.0,0.9576719576719577,2
solar_69299,PV(50kW+),1.2,112.2719724207324,2024510.4841040997,18032.198423640137,50000.0,380952.38095238095,145028.57802325767,0.0,60000.0,457142.8571428571,174034.29362790918,0.0,1333333.3333333333,3.327381309277312,25.35147664211285,9.651307596513076,0.0,73.94180687282915,0.0,0.0,0.9576719576719577,2
solar_69301,PV(50kW+),3.5,63.681642190016085,3349266.6897480683,52593.912068950405,50000.0,380952.38095238095,145028.57802325767,0.0,175000.0,1333333.3333333333,507600.0230814018,0.0,1333333.3333333333,3.3273813092773117,25.35147664211285,9.651307596513076,0.0,25.35147664211285,0.0,0.0,0.9576719576719577,2
solar_69302,PV(50kW+),9.3,47.871043854074735,6689956.251806772,139749.5377832111,50000.0,380952.38095238095,145028.57802325767,0.0,465000.00000000006,3542857.142857143,1348765.7756162963,0.0,1333333.3333333333,3.3273813092773117,25.35147664211285,9.651307596513076,0.0,9.540878306171502,0.0,0.0,0.9576719576719577,2
solar_69304,PV(50kW+),5.0,56.07619919738223,4213238.128211526,75134.16009850058,50000.0,380952.38095238095,145028.57802325767,0.0,250000.0,1904761.9047619049,725142.8901162883,0.0,1333333.3333333333,3.3273813092773117,25.35147664211285,9.651307596513076,0.0,17.746033649478996,0.0,0.0,0.9576719576719577,2
solar_69306,PV(50kW+),18.7,43.07509433118639,12104177.266177775,281001.75876839214,50000.0,380952.38095238095,145028.57802325767,0.0,935000.0,7123809.523809523,2712034.409034918,0.0,1333333.3333333333,3.3273813092773117,25.35147664211285,9.651307596513076,0.0,4.744928783283154,0.0,0.0,0.9576719576719577,2
solar_69307,PV(50kW+),5.0,56.07619919738223,4213238.128211526,75134.16009850058,50000.0,380952.38095238095,145028.57802325767,0.0,250000.0,1904761.9047619049,725142.8901162883,0.0,1333333.3333333333,3.3273813092773117,25.35147664211285,9.651307596513076,0.0,17.746033649478996,0.0,0.0,0.9576719576719577,2
solar_69308,PV(50kW+),5.3,55.071706726657006,4386032.415904217,79642.2097044106,50000.0,380952.38095238095,145028.57802325767,0.0,265000.0,2019047.619047619,768651.4635232656,0.0,1333333.3333333333,3.327381309277312,25.351476642112853,9.651307596513076,0.0,16.74154117875377,0.0,0.0,0.9576719576719577,2
solar_69310,PV(50kW+),2.0,82.69524967160072,2485295.2512846105,30053.66403940023,50000.0,380952.38095238095,145028.57802325767,0.0,100000.0,761904.7619047619,290057.15604651533,0.0,1333333.3333333333,3.3273813092773117,25.35147664211285,9.651307596513076,0.0,44.365084123697486,0.0,0.0,0.9576719576719577,2
solar_69312,PV(50kW+),9.0,48.18907313094712,6517161.96411408,135241.48817730104,50000.0,380952.38095238095,145028.57802325767,0.0,450000.0,3428571.4285714286,1305257.202209319,0.0,1333333.3333333333,3.3273813092773117,25.35147664211285,9.651307596513076,0.0,9.858907583043885,0.0,0.0,0.9576719576719577,2
solar_69313,PV(50kW+),5.0,56.07619919738223,4213238.128211526,75134.16009850058,50000.0,380952.38095238095,145028.57802325767,0.0,250000.0,1904761.9047619049,725142.8901162883,0.0,1333333.3333333333,3.3273813092773117,25.35147664211285,9.651307596513076,0.0,17.746033649478996,0.0,0.0,0.9576719576719577,2
solar_69314,PV(50kW+),5.0,56.07619919738223,4213238.128211526,75134.16009850058,50000.0,380952.38095238095,145028.57802325767,0.0,250000.0,1904761.9047619049,725142.8901162883,0.0,1333333.3333333333,3.3273813092773117,25.35147664211285,9.651307596513076,0.0,17.746033649478996,0.0,0.0,0.9576719576719577,2
solar_69315,PV(50kW+),4.9,56.43836314941242,4155640.0323139625,73631.47689653057,50000.0,380952.38095238095,145028.57802325767,0.0,245000.00000000003,1866666.6666666667,710640.0323139626,0.0,1333333.3333333333,3.3273813092773117,25.35147664211285,9.651307596513076,0.0,18.108197601509175,0.0,0.0,0.9576719576719577,2
solar_69316,PV(50kW+),10.0,47.203182372642736,7093142.923089719,150268.32019700116,50000.0,380952.38095238095,145028.57802325767,0.0,500000.0,3809523.8095238097,1450285.7802325767,0.0,1333333.3333333333,3.3273813092773117,25.35147664211285,9.651307596513076,0.0,8.873016824739498,0.0,0.0,0.9576719576719577,2
solar_69317,PV(50kW+),3.8,61.68020982353349,3522060.9774407595,57101.96167486044,50000.0,380952.38095238095,145028.57802325767,0.0,190000.0,1447619.0476190476,551108.5964883791,0.0,1333333.3333333333,3.3273813092773117,25.35147664211285,9.651307596513076,0.0,23.350044275630257,0.0,0.0,0.9576719576719577,2
solar_69318,PV(50kW+),5.0,56.07619919738223,4213238.128211526,75134.16009850058,50000.0,380952.38095238095,145028.57802325767,0.0,250000.0,1904761.9047619049,725142.8901162883,0.0,1333333.3333333333,3.3273813092773117,25.35147664211285,9.651307596513076,0.0,17.746033649478996,0.0,0.0,0.9576719576719577,2
solar_69321,PV(50kW+),4.0,60.512707609751985,3637257.169235888,60107.32807880046,50000.0,380952.38095238095,145028.57802325767,0.0,200000.0,1523809.5238095238,580114.3120930307,0.0,1333333.3333333333,3.3273813092773117,25.35147664211285,9.651307596513076,0.0,22.182542061848743,0.0,0.0,0.9576719576719577,2
solar_69322,PV(50kW+),5.0,56.07619919738223,4213238.128211526,75134.16009850058,50000.0,380952.38095238095,145028.57802325767,0.0,250000.0,1904761.9047619049,725142.8901162883,0.0,1333333.3333333333,3.3273813092773117,25.35147664211285,9.651307596513076,0.0,17.746033649478996,0.0,0.0,0.9576719576719577,2
solar_69324,PV(50kW+),4.8,56.815617266110536,4098041.9364163987,72128.79369456055,50000.0,380952.38095238095,145028.57802325767,0.0,240000.0,1828571.4285714284,696137.1745116367,0.0,1333333.3333333333,3.327381309277312,25.35147664211285,9.651307596513076,0.0,18.485451718207287,0.0,0.0,0.9576719576719577,2
solar_69325,PV(50kW+),5.0,56.07619919738223,4213238.128211526,75134.16009850058,50000.0,380952.38095238095,145028.57802325767,0.0,250000.0,1904761.9047619049,725142.8901162883,0.0,1333333.3333333333,3.3273813092773117,25.35147664211285,9.651307596513076,0.0,17.746033649478996,0.0,0.0,0.9576719576719577,2
solar_69326,PV(50kW+),5.4,54.761678186309716,4443630.511801782,81144.89290638063,50000.0,380952.38095238095,145028.57802325767,0.0,270000.0,2057142.8571428573,783154.3213255914,0.0,1333333.3333333333,3.3273813092773117,25.35147664211285,9.651307596513076,0.0,16.431512638406474,0.0,0.0,0.9576719576719577,2
solar_69327,PV(50kW+),4.1,59.971669998487386,3694855.2651334517,61610.01128077047,50000.0,380952.38095238095,145028.57802325767,0.0,204999.99999999997,1561904.7619047617,594617.1698953564,0.0,1333333.3333333333,3.3273813092773112,25.351476642112846,9.651307596513076,0.0,21.64150445058414,0.0,0.0,0.9576719576719577,2
solar_69329,PV(50kW+),4.8,56.815617266110536,4098041.9364163987,72128.79369456055,50000.0,380952.38095238095,145028.57802325767,0.0,240000.0,1828571.4285714284,696137.1745116367,0.0,1333333.3333333333,3.327381309277312,25.35147664211285,9.651307596513076,0.0,18.485451718207287,0.0,0.0,0.9576719576719577,2
solar_69332,PV(50kW+),8.1,49.28450730684089,5998779.101036006,121717.33935957093,50000.0,380952.38095238095,145028.57802325767,0.0,405000.0,3085714.2857142854,1174731.481988387,0.0,1333333.3333333333,3.3273813092773117,25.35147664211285,9.651307596513076,0.0,10.954341758937652,0.0,0.0,0.9576719576719577,2
solar_69333,PV(50kW+),3.0,67.90688829703488,3061276.2102602487,45080.49605910035,50000.0,380952.38095238095,145028.57802325767,0.0,150000.0,1142857.1428571427,435085.734069773,0.0,1333333.3333333333,3.3273813092773117,25.351476642112846,9.651307596513076,0.0,29.576722749131658,0.0,0.0,0.9576719576719577,2
solar_69335,PV(50kW+),6.1,52.87609476878767,4846817.183084729,91663.6753201707,50000.0,380952.38095238095,145028.57802325767,0.0,305000.0,2323809.523809524,884674.3259418717,0.0,1333333.3333333333,3.3273813092773117,25.35147664211285,9.651307596513076,0.0,14.545929220884421,0.0,0.0,0.9576719576719577,2
solar_69336,PV(50kW+),5.0,56.07619919738223,4213238.128211526,75134.16009850058,50000.0,380952.38095238095,145028.57802325767,0.0,250000.0,1904761.9047619049,725142.8901162883,0.0,1333333.3333333333,3.3273813092773117,25.35147664211285,9.651307596513076,0.0,17.746033649478996,0.0,0.0,0.9576719576719577,2
CMSTW-1,onshore_wind,50.0,40.52375819874837,81360662.09205686,2007727.459359132,120674.91951025114,875913.7559321813,329179.5935930217,240927.29512309586,6033745.975512557,43795687.79660907,16458979.679651083,12046364.756154792,3025883.8841293533,3.0052614698204767,21.813562190651453,8.197815696013244,6.0,1.5071188422631911,0.0,0.0,0.8102346954816524,6
MDHLW-1,onshore_wind,75.9,40.00947126838451,121938077.2037633,3047730.2833071626,120674.91951025114,875913.7559321813,329179.5935930217,240927.29512309586,9159226.390828062,66481854.07525256,24984731.153710347,18286381.69984298,3025883.8841293533,3.0052614698204767,21.813562190651453,8.197815696013244,6.000000000000001,0.9928319118993354,0.0,0.0,0.8102346954816524,6
TMNCW-1,onshore_wind,39.0,40.94884300041234,64127010.8863128,1566027.418300123,120674.91951025114,875913.7559321813,329179.5935930217,240927.29512309586,4706321.860899795,34160636.48135507,12838004.150127845,9396164.509800738,3025883.8841293533,3.005261469820477,21.813562190651453,8.197815696013244,6.0,1.9322036439271681,0.0,0.0,0.8102346954816524,6
AIRSW-1,onshore_wind,25.5,41.97177434131496,42976620.77017237,1023941.0042731572,120674.91951025114,875913.7559321813,329179.5935930217,240927.29512309586,3077210.4475114043,22335800.77627062,8394079.636622053,6143646.0256389445,3025883.8841293533,3.0052614698204776,21.813562190651453,8.197815696013244,6.000000000000001,2.955134984829787,0.0,0.0,0.8102346954816524,6
ASLVW-1,onshore_wind,36.0,41.109859970739606,59426924.19383714,1445563.770738575,120674.91951025114,875913.7559321813,329179.5935930217,240927.29512309586,4344297.102369041,31532895.213558525,11850465.369348781,8673382.62443145,3025883.8841293533,3.005261469820477,21.813562190651453,8.197815696013246,6.0,2.0932206142544323,0.0,0.0,0.8102346954816524,6
CLFLW-1,onshore_wind,7.5,49.06409830490645,14776100.615318477,301159.11890386976,120674.91951025114,875913.7559321813,329179.5935930217,240927.29512309586,905061.8963268836,6569353.169491359,2468846.9519476625,1806954.713423219,3025883.8841293533,3.0052614698204776,21.813562190651453,8.197815696013244,6.000000000000002,10.047458948421276,0.0,0.0,0.8102346954816524,6
DALSW-1,onshore_wind,30.0,41.5285040935905,50026750.80888585,1204636.475615479,120674.91951025114,875913.7559321813,329179.5935930217,240927.29512309586,3620247.5853075343,26277412.677965436,9875387.80779065,7227818.853692876,3025883.8841293533,3.0052614698204776,21.813562190651453,8.197815696013244,6.000000000000002,2.511864737105319,0.0,0.0,0.8102346954816524,6
GDSTW-1,onshore_wind,6.25,51.0735900945907,12817731.16012029,250965.9324198915,120674.91951025114,875913.7559321813,329179.5935930217,240927.29512309586,754218.2469390696,5474460.974576133,2057372.4599563854,1505795.594519349,3025883.8841293533,3.0052614698204767,21.813562190651453,8.197815696013244,6.0,12.05695073810553,0.0,0.0,0.8102346954816524,6
GLCHW-1,onshore_wind,27.5,41.75685543332735,46110011.89848948,1104250.1026475225,120674.91951025114,875913.7559321813,329179.5935930217,240927.29512309586,3318560.2865319066,24087628.288134985,9052438.823808096,6625500.615885136,3025883.8841293533,3.0052614698204776,21.813562190651457,8.197815696013246,6.000000000000001,2.740216076842166,0.0,0.0,0.8102346954816524,6
GRGRW-1,onshore_wind,24.0,42.15647027786682,40626577.42393455,963709.1804923833,120674.91951025114,875913.7559321813,329179.5935930217,240927.29512309586,2896198.0682460275,21021930.14237235,7900310.246232521,5782255.082954301,3025883.8841293533,3.005261469820477,21.813562190651457,8.197815696013244,6.000000000000001,3.1398309213816487,0.0,0.0,0.8102346954816524,6
HBHDW-1,onshore_wind,19.2,42.94142800821223,33106438.715973508,770967.3443939066,120674.91951025114,875913.7559321813,329179.5935930217,240927.29512309586,2316958.4545968217,16817544.11389788,6320248.196986016,4625804.06636344,3025883.8841293533,3.0052614698204767,21.813562190651453,8.197815696013244,6.0,3.9247886517270607,0.0,0.0,0.8102346954816524,6
HLGLW-1,onshore_wind,27.6,41.746927114208354,46266681.45490534,1108265.557566241,120674.91951025114,875913.7559321813,329179.5935930217,240927.29512309586,3330627.7784829317,24175219.663728204,9085356.7831674,6649593.345397446,3025883.8841293533,3.005261469820477,21.813562190651453,8.197815696013244,6.000000000000001,2.7302877577231723,0.0,0.0,0.8102346954816524,6
HLTWW-1,onshore_wind,6.25,51.0735900945907,12817731.16012029,250965.9324198915,120674.91951025114,875913.7559321813,329179.5935930217,240927.29512309586,754218.2469390696,5474460.974576133,2057372.4599563854,1505795.594519349,3025883.8841293533,3.0052614698204767,21.813562190651453,8.197815696013244,6.0,12.05695073810553,0.0,0.0,0.8102346954816524,6
MOYEW-1,onshore_wind,66.0,40.15839605516941,106427791.11859365,2650200.246354054,120674.91951025114,875913.7559321813,329179.5935930217,240927.29512309586,7964544.687676575,57810307.891523965,21725853.17713943,15901201.478124326,3025883.8841293533,3.005261469820477,21.813562190651453,8.197815696013244,6.0,1.1417566986842358,0.0,0.0,0.8102346954816524,6
ACHRW-1,onshore_wind,108.8,39.70924911855466,173482361.26457956,4368814.951565471,120674.91951025114,875913.7559321813,329179.5935930217,240927.29512309586,13129431.242715323,95299416.64542131,35814739.782920755,26212889.709392827,3025883.8841293533,3.005261469820477,21.813562190651453,8.197815696013244,6.000000000000001,0.6926097620694813,0.0,0.0,0.8102346954816524,6
AFTOW-1,onshore_wind,50.0,40.52375819874837,81360662.09205686,2007727.459359132,120674.91951025114,875913.7559321813,329179.5935930217,240927.29512309586,6033745.975512557,43795687.79660907,16458979.679651083,12046364.756154792,3025883.8841293533,3.0052614698204767,21.813562190651453,8.197815696013244,6.0,1.5071188422631911,0.0,0.0,0.8102346954816524,6
ARCHW-1,onshore_wind,10.0,46.55223356780113,18692839.525714852,401545.49187182635,120674.91951025114,875913.7559321813,329179.5935930217,240927.29512309586,1206749.1951025114,8759137.559321813,3291795.9359302167,2409272.9512309586,3025883.8841293533,3.0052614698204776,21.813562190651457,8.197815696013244,6.000000000000001,7.535594211315957,0.0,0.0,0.8102346954816524,6
BHLAW-1,onshore_wind,52.9,40.44113731703639,85904079.22811665,2124175.6520019616,120674.91951025114,875913.7559321813,329179.5935930217,240927.29512309586,6383703.242092285,46335837.68881239,17413600.501070846,12745053.91201177,3025883.8841293533,3.005261469820477,21.813562190651453,8.197815696013244,6.0,1.4244979605512205,0.0,0.0,0.8102346954816524,6
CGTHW-1,onshore_wind,69.5,40.10089751638675,111911225.59314857,2790741.168509193,120674.91951025114,875913.7559321813,329179.5935930217,240927.29512309586,8386906.905962454,60876006.037286595,22877981.754715007,16744447.011055162,3025883.8841293533,3.005261469820477,21.813562190651453,8.197815696013244,6.000000000000001,1.0842581599015766,0.0,0.0,0.8102346954816524,6
COUWW-1,onshore_wind,20.5,42.69253897176126,35143142.94937963,823168.258337244,120674.91951025114,875913.7559321813,329179.5935930217,240927.29512309586,2473835.8499601483,17956231.996609718,6748181.668656944,4939009.550023465,3025883.8841293533,3.005261469820477,21.813562190651457,8.197815696013244,6.000000000000002,3.6758996152760766,0.0,0.0,0.8102346954816524,6
CREAW-1,onshore_wind,92.4,39.83217985554535,147788554.01237938,3710280.344895676,120674.91951025114,875913.7559321813,329179.5935930217,240927.29512309586,11150362.562747207,80934431.04813355,30416194.447995204,22261682.06937406,3025883.8841293533,3.0052614698204776,21.813562190651453,8.197815696013244,6.000000000000001,0.8155404990601685,0.0,0.0,0.8102346954816524,6
CRGHW-1,onshore_wind,7.5,49.06409830490645,14776100.615318477,301159.11890386976,120674.91951025114,875913.7559321813,329179.5935930217,240927.29512309586,905061.8963268836,6569353.169491359,2468846.9519476625,1806954.713423219,3025883.8841293533,3.0052614698204776,21.813562190651453,8.197815696013244,6.000000000000002,10.047458948421276,0.0,0.0,0.8102346954816524,6
CRMLW-1,onshore_wind,18.0,43.203080584994034,31226404.03898325,722781.8853692875,120674.91951025114,875913.7559321813,329179.5935930217,240927.29512309586,2172148.5511845206,15766447.606779262,5925232.684674391,4336691.312215725,3025883.8841293533,3.005261469820477,21.813562190651453,8.197815696013246,6.0,4.186441228508865,0.0,0.0,0.8102346954816524,6
DRSLW-1,onshore_wind,69.0,40.10875445957444,111127877.8110693,2770663.893915602,120674.91951025114,875913.7559321813,329179.5935930217,240927.29512309586,8326569.446207329,60438049.1593205,22713391.957918495,16623983.363493614,3025883.8841293533,3.005261469820477,21.813562190651453,8.197815696013244,6.000000000000001,1.092115103089269,0.0,0.0,0.8102346954816524,6
EWHLW-1,onshore_wind,48.0,40.586554817176,78227270.96373975,1927418.3609847666,120674.91951025114,875913.7559321813,329179.5935930217,240927.29512309586,5792396.136492055,42043860.2847447,15800620.492465042,11564510.165908601,3025883.8841293533,3.005261469820477,21.813562190651457,8.197815696013244,6.000000000000001,1.5699154606908243,0.0,0.0,0.8102346954816524,6
FAARW-1,onshore_wind,24.25,42.124100886924744,41018251.31497419,973747.8177891789,120674.91951025114,875913.7559321813,329179.5935930217,240927.29512309586,2926366.79812359,21240908.581355397,7982605.144630776,5842486.906735075,3025883.8841293533,3.005261469820477,21.813562190651457,8.197815696013244,6.000000000000001,3.10746153043957,0.0,0.0,0.8102346954816524,6
FAARW-2,onshore_wind,24.25,42.124100886924744,41018251.31497419,973747.8177891789,120674.91951025114,875913.7559321813,329179.5935930217,240927.29512309586,2926366.79812359,21240908.581355397,7982605.144630776,5842486.906735075,3025883.8841293533,3.005261469820477,21.813562190651457,8.197815696013244,6.000000000000001,3.10746153043957,0.0,0.0,0.8102346954816524,6
KILBW-1,onshore_wind,47.5,40.60308024307801,77443923.18166049,1907341.0863911754,120674.91951025114,875913.7559321813,329179.5935930217,240927.29512309586,5732058.676736929,41605903.40677861,15636030.69566853,11444046.518347053,3025883.8841293533,3.005261469820477,21.813562190651453,8.197815696013244,6.0,1.5864408865928328,0.0,0.0,0.8102346954816524,6
KTHLW-1,onshore_wind,17.2,43.39779878166887,29973047.587656412,690658.2460195414,120674.91951025114,875913.7559321813,329179.5935930217,240927.29512309586,2075608.6155763196,15065716.602033516,5661889.009799973,4143949.4761172486,3025883.8841293533,3.005261469820477,21.81356219065145,8.197815696013244,6.0,4.381159425183696,0.0,0.0,0.8102346954816524,6
MIDMW-1,onshore_wind,25.5,41.97177434131496,42976620.77017237,1023941.0042731572,120674.91951025114,875913.7559321813,329179.5935930217,240927.29512309586,3077210.4475114043,22335800.77627062,8394079.636622053,6143646.0256389445,3025883.8841293533,3.0052614698204776,21.813562190651453,8.197815696013244,6.000000000000001,2.955134984829787,0.0,0.0,0.8102346954816524,6
SAKNW-1,onshore_wind,25.3,41.99513509218318,42663281.65734067,1015910.0944357208,120674.91951025114,875913.7559321813,329179.5935930217,240927.29512309586,3053075.463609354,22160618.025084186,8328243.717903449,6095460.566614325,3025883.8841293533,3.005261469820477,21.813562190651453,8.197815696013244,6.0,2.978495735698006,0.0,0.0,0.8102346954816524,6
TRLGW-1,onshore_wind,10.0,46.55223356780113,18692839.525714852,401545.49187182635,120674.91951025114,875913.7559321813,329179.5935930217,240927.29512309586,1206749.1951025114,8759137.559321813,3291795.9359302167,2409272.9512309586,3025883.8841293533,3.0052614698204776,21.813562190651457,8.197815696013244,6.000000000000001,7.535594211315957,0.0,0.0,0.8102346954816524,6
WISTW-2,onshore_wind,25.0,42.03087704101156,42193272.9880931,1003863.729679566,120674.91951025114,875913.7559321813,329179.5935930217,240927.29512309586,3016872.9877562784,21897843.898304533,8229489.839825542,6023182.378077396,3025883.8841293533,3.0052614698204767,21.813562190651453,8.197815696013244,6.0,3.0142376845263823,0.0,0.0,0.8102346954816524,6
DUNGW-1,onshore_wind,94.0,39.818298315135806,150295266.91503304,3774527.623595168,120674.91951025114,875913.7559321813,329179.5935930217,240927.29512309586,11343442.433963608,82335893.05762504,30942881.79774404,22647165.74157101,3025883.8841293533,3.0052614698204776,21.813562190651457,8.197815696013244,6.000000000000001,0.8016589586506336,0.0,0.0,0.8102346954816524,6
FSDLW-1,onshore_wind,22.5,42.36579233929226,38276534.077696726,903477.3567116094,120674.91951025114,875913.7559321813,329179.5935930217,240927.29512309586,2715185.6889806506,19708059.508474078,7406540.855842988,5420864.140269657,3025883.8841293533,3.005261469820477,21.813562190651453,8.197815696013244,6.0,3.3491529828070914,0.0,0.0,0.8102346954816524,6
MYGPW-1,onshore_wind,55.0,40.38674739490627,89194139.91284962,2208500.205295045,120674.91951025114,875913.7559321813,329179.5935930217,240927.29512309586,6637120.573063813,48175256.57626997,18104877.647616193,13251001.231770271,3025883.8841293533,3.0052614698204776,21.813562190651457,8.197815696013246,6.000000000000001,1.370108038421083,0.0,0.0,0.8102346954816524,6
BABAW-1,onshore_wind,90.0,39.85392760218694,144028484.65839884,3613909.4268464376,120674.91951025114,875913.7559321813,329179.5935930217,240927.29512309586,10860742.755922602,78832238.03389631,29626163.423371952,21683456.561078627,3025883.8841293533,3.005261469820477,21.813562190651453,8.197815696013244,6.0,0.8372882457017728,0.0,0.0,0.8102346954816524,6
BRNLW-1,onshore_wind,90.0,39.85392760218694,144028484.65839884,3613909.4268464376,120674.91951025114,875913.7559321813,329179.5935930217,240927.29512309586,10860742.755922602,78832238.03389631,29626163.423371952,21683456.561078627,3025883.8841293533,3.005261469820477,21.813562190651453,8.197815696013244,6.0,0.8372882457017728,0.0,0.0,0.8102346954816524,6
BURBW-1,offshore_wind,129.0,49.4769335863262,314167877.44639075,6349784.731469625,115477.28554674426,1072410.1214649186,841937.75196605,49223.13745325291,14896569.83553001,138340905.6689745,108609970.00362045,6349784.731469625,45970647.20679618,2.345996040102335,21.786707978201996,17.104512136505647,1.0,7.239717431516219,0.0,0.0,0.7287652803752532,7
HYWDW-1,offshore_wind,30.0,73.36800111032973,108342096.09972516,1476694.1235975872,115477.28554674426,1072410.1214649186,841937.75196605,49223.13745325291,3464318.5664023277,32172303.643947557,25258132.5589815,1476694.1235975872,45970647.20679618,2.345996040102335,21.786707978201996,17.104512136505647,1.0,31.13078495551974,0.0,0.0,0.7287652803752532,7
KINCW-1,offshore_wind,49.5,61.104358552094666,148883537.88012898,2436545.303936019,115477.28554674426,1072410.1214649186,841937.75196605,49223.13745325291,5716125.634563841,53084301.01251347,41675918.72231948,2436545.303936019,45970647.20679618,2.3459960401023348,21.786707978201996,17.104512136505647,1.0,18.86714239728469,0.0,0.0,0.7287652803752532,7
BEATO-1,offshore_wind,147.0,48.5904375743038,351590746.7821481,7235801.205628177,115477.28554674426,1072410.1214649186,841937.75196605,49223.13745325291,16975160.975371405,157644287.85534304,123764849.53900935,7235801.205628177,45970647.20679618,2.345996040102335,21.786707978202,17.104512136505647,1.0,6.353221419493825,0.0,0.0,0.7287652803752532,7
BEATO-3,offshore_wind,147.0,48.5904375743038,351590746.7821481,7235801.205628177,115477.28554674426,1072410.1214649186,841937.75196605,49223.13745325291,16975160.975371405,157644287.85534304,123764849.53900935,7235801.205628177,45970647.20679618,2.345996040102335,21.786707978202,17.104512136505647,1.0,6.353221419493825,0.0,0.0,0.7287652803752532,7
BEATO-4,offshore_wind,147.0,48.5904375743038,351590746.7821481,7235801.205628177,115477.28554674426,1072410.1214649186,841937.75196605,49223.13745325291,16975160.975371405,157644287.85534304,123764849.53900935,7235801.205628177,45970647.20679618,2.345996040102335,21.786707978202,17.104512136505647,1.0,6.353221419493825,0.0,0.0,0.7287652803752532,7
BLLA-1,offshore_wind,49.95,60.93438429626327,149819109.61352292,2458695.715789983,115477.28554674426,1072410.1214649186,841937.75196605,49223.13745325291,5768090.413059876,53566885.567172684,42054790.7107042,2458695.715789983,45970647.20679618,2.345996040102335,21.786707978201992,17.104512136505644,1.0,18.697168141453297,0.0,0.0,0.7287652803752532,7
BLLA-2,offshore_wind,49.95,60.93438429626327,149819109.61352292,2458695.715789983,115477.28554674426,1072410.1214649186,841937.75196605,49223.13745325291,5768090.413059876,53566885.567172684,42054790.7107042,2458695.715789983,45970647.20679618,2.345996040102335,21.786707978201992,17.104512136505644,1.0,18.697168141453297,0.0,0.0,0.7287652803752532,7
BRBEO-1,offshore_wind,129.0,49.4769335863262,314167877.44639075,6349784.731469625,115477.28554674426,1072410.1214649186,841937.75196605,49223.13745325291,14896569.83553001,138340905.6689745,108609970.00362045,6349784.731469625,45970647.20679618,2.345996040102335,21.786707978201996,17.104512136505647,1.0,7.239717431516219,0.0,0.0,0.7287652803752532,7
GAOFO-1,offshore_wind,113.25,50.483781705941034,281422866.77760303,5574520.316580892,115477.28554674426,1072410.1214649186,841937.75196605,49223.13745325291,13077802.588168787,121450446.25590204,95349450.41015516,5574520.316580892,45970647.20679618,2.345996040102335,21.786707978202,17.104512136505647,1.0,8.246565551131058,0.0,0.0,0.7287652803752532,7
GAOFO-3,offshore_wind,113.25,50.483781705941034,281422866.77760303,5574520.316580892,115477.28554674426,1072410.1214649186,841937.75196605,49223.13745325291,13077802.588168787,121450446.25590204,95349450.41015516,5574520.316580892,45970647.20679618,2.345996040102335,21.786707978202,17.104512136505647,1.0,8.246565551131058,0.0,0.0,0.7287652803752532,7
GAOFO-2,offshore_wind,113.25,50.483781705941034,281422866.77760303,5574520.316580892,115477.28554674426,1072410.1214649186,841937.75196605,49223.13745325291,13077802.588168787,121450446.25590204,95349450.41015516,5574520.316580892,45970647.20679618,2.345996040102335,21.786707978202,17.104512136505647,1.0,8.246565551131058,0.0,0.0,0.7287652803752532,7
GAOFO-4,offshore_wind,113.25,50.483781705941034,281422866.77760303,5574520.316580892,115477.28554674426,1072410.1214649186,841937.75196605,49223.13745325291,13077802.588168787,121450446.25590204,95349450.41015516,5574520.316580892,45970647.20679618,2.345996040102335,21.786707978202,17.104512136505647,1.0,8.246565551131058,0.0,0.0,0.7287652803752532,7
GNFSW-1,offshore_wind,6.0,197.8911409324087,58444936.98538197,295338.82471951743,115477.28554674426,1072410.1214649186,841937.75196605,49223.13745325291,692863.7132804656,6434460.728789512,5051626.5117963,295338.82471951743,45970647.20679618,2.345996040102335,21.786707978202,17.104512136505647,1.0,155.65392477759872,0.0,0.0,0.7287652803752532,7
GNFSW-2,offshore_wind,6.0,197.8911409324087,58444936.98538197,295338.82471951743,115477.28554674426,1072410.1214649186,841937.75196605,49223.13745325291,692863.7132804656,6434460.728789512,5051626.5117963,295338.82471951743,45970647.20679618,2.345996040102335,21.786707978202,17.104512136505647,1.0,155.65392477759872,0.0,0.0,0.7287652803752532,7
GYMRO-15,offshore_wind,144.0,48.722796353876596,345353601.8928553,7088131.793268419,115477.28554674426,1072410.1214649186,841937.75196605,49223.13745325291,16628729.118731173,154427057.4909483,121239036.2831112,7088131.793268419,45970647.20679618,2.3459960401023348,21.786707978201996,17.104512136505647,1.0,6.485580199066613,0.0,0.0,0.7287652803752532,7
GYMRO-17,offshore_wind,144.0,48.722796353876596,345353601.8928553,7088131.793268419,115477.28554674426,1072410.1214649186,841937.75196605,49223.13745325291,16628729.118731173,154427057.4909483,121239036.2831112,7088131.793268419,45970647.20679618,2.3459960401023348,21.786707978201996,17.104512136505647,1.0,6.485580199066613,0.0,0.0,0.7287652803752532,7
GYMRO-26,offshore_wind,144.0,48.722796353876596,345353601.8928553,7088131.793268419,115477.28554674426,1072410.1214649186,841937.75196605,49223.13745325291,16628729.118731173,154427057.4909483,121239036.2831112,7088131.793268419,45970647.20679618,2.3459960401023348,21.786707978201996,17.104512136505647,1.0,6.485580199066613,0.0,0.0,0.7287652803752532,7
GYMRO-28,offshore_wind,144.0,48.722796353876596,345353601.8928553,7088131.793268419,115477.28554674426,1072410.1214649186,841937.75196605,49223.13745325291,16628729.118731173,154427057.4909483,121239036.2831112,7088131.793268419,45970647.20679618,2.3459960401023348,21.786707978201996,17.104512136505647,1.0,6.485580199066613,0.0,0.0,0.7287652803752532,7
HOWAO-1,offshore_wind,220.0,46.48232319419903,503361272.4216086,10829090.23971564,115477.28554674426,1072410.1214649186,841937.75196605,49223.13745325291,25405002.820283737,235930226.72228208,185226305.432531,10829090.23971564,45970647.20679618,2.345996040102335,21.786707978201996,17.104512136505647,1.0,4.2451070393890555,0.0,0.0,0.7287652803752532,7
HOWAO-2,offshore_wind,220.0,46.48232319419903,503361272.4216086,10829090.23971564,115477.28554674426,1072410.1214649186,841937.75196605,49223.13745325291,25405002.820283737,235930226.72228208,185226305.432531,10829090.23971564,45970647.20679618,2.345996040102335,21.786707978201996,17.104512136505647,1.0,4.2451070393890555,0.0,0.0,0.7287652803752532,7
HOWAO-3,offshore_wind,220.0,46.48232319419903,503361272.4216086,10829090.23971564,115477.28554674426,1072410.1214649186,841937.75196605,49223.13745325291,25405002.820283737,235930226.72228208,185226305.432531,10829090.23971564,45970647.20679618,2.345996040102335,21.786707978201996,17.104512136505647,1.0,4.2451070393890555,0.0,0.0,0.7287652803752532,7
HOWBO-1,offshore_wind,220.0,46.48232319419903,503361272.4216086,10829090.23971564,115477.28554674426,1072410.1214649186,841937.75196605,49223.13745325291,25405002.820283737,235930226.72228208,185226305.432531,10829090.23971564,45970647.20679618,2.345996040102335,21.786707978201996,17.104512136505647,1.0,4.2451070393890555,0.0,0.0,0.7287652803752532,7
HOWBO-2,offshore_wind,220.0,46.48232319419903,503361272.4216086,10829090.23971564,115477.28554674426,1072410.1214649186,841937.75196605,49223.13745325291,25405002.820283737,235930226.72228208,185226305.432531,10829090.23971564,45970647.20679618,2.345996040102335,21.786707978201996,17.104512136505647,1.0,4.2451070393890555,0.0,0.0,0.7287652803752532,7
HOWBO-3,offshore_wind,220.0,46.48232319419903,503361272.4216086,10829090.23971564,115477.28554674426,1072410.1214649186,841937.75196605,49223.13745325291,25405002.820283737,235930226.72228208,185226305.432531,10829090.23971564,45970647.20679618,2.345996040102335,21.786707978201996,17.104512136505647,1.0,4.2451070393890555,0.0,0.0,0.7287652803752532,7
LARYO-1,offshore_wind,157.5,48.16688947967088,373420753.8946733,7752644.148887333,115477.28554674426,1072410.1214649186,841937.75196605,49223.13745325291,18187672.47361222,168904594.13072467,132605195.93465288,7752644.148887333,45970647.20679618,2.3459960401023348,21.786707978201992,17.104512136505647,1.0,5.929673324860903,0.0,0.0,0.7287652803752532,7
LARYO-2,offshore_wind,157.5,48.16688947967088,373420753.8946733,7752644.148887333,115477.28554674426,1072410.1214649186,841937.75196605,49223.13745325291,18187672.47361222,168904594.13072467,132605195.93465288,7752644.148887333,45970647.20679618,2.3459960401023348,21.786707978201992,17.104512136505647,1.0,5.929673324860903,0.0,0.0,0.7287652803752532,7
LARYO-3,offshore_wind,157.5,48.16688947967088,373420753.8946733,7752644.148887333,115477.28554674426,1072410.1214649186,841937.75196605,49223.13745325291,18187672.47361222,168904594.13072467,132605195.93465288,7752644.148887333,45970647.20679618,2.3459960401023348,21.786707978201992,17.104512136505647,1.0,5.929673324860903,0.0,0.0,0.7287652803752532,7
LARYO-4,offshore_wind,157.5,48.16688947967088,373420753.8946733,7752644.148887333,115477.28554674426,1072410.1214649186,841937.75196605,49223.13745325291,18187672.47361222,168904594.13072467,132605195.93465288,7752644.148887333,45970647.20679618,2.3459960401023348,21.786707978201992,17.104512136505647,1.0,5.929673324860903,0.0,0.0,0.7287652803752532,7
LNCSO-1,offshore_wind,135.0,49.155168367147695,326642167.22497654,6645123.556189142,115477.28554674426,1072410.1214649186,841937.75196605,49223.13745325291,15589433.548810475,144775366.397764,113661596.51541676,6645123.556189142,45970647.20679618,2.345996040102335,21.786707978201996,17.104512136505647,1.0,6.91795221233772,0.0,0.0,0.7287652803752532,7
LNCSO-2,offshore_wind,135.0,49.155168367147695,326642167.22497654,6645123.556189142,115477.28554674426,1072410.1214649186,841937.75196605,49223.13745325291,15589433.548810475,144775366.397764,113661596.51541676,6645123.556189142,45970647.20679618,2.345996040102335,21.786707978201996,17.104512136505647,1.0,6.91795221233772,0.0,0.0,0.7287652803752532,7
RMPNO-1,offshore_wind,500.0,44.105063252141164,1085494795.4222791,24611568.726626456,115477.28554674426,1072410.1214649186,841937.75196605,49223.13745325291,57738642.77337213,536205060.7324593,420968875.983025,24611568.726626456,45970647.20679618,2.3459960401023348,21.786707978201996,17.104512136505647,1.0,1.8678470973311843,0.0,0.0,0.7287652803752532,7
RMPNO-2,offshore_wind,500.0,44.105063252141164,1085494795.4222791,24611568.726626456,115477.28554674426,1072410.1214649186,841937.75196605,49223.13745325291,57738642.77337213,536205060.7324593,420968875.983025,24611568.726626456,45970647.20679618,2.3459960401023348,21.786707978201996,17.104512136505647,1.0,1.8678470973311843,0.0,0.0,0.7287652803752532,7
RREW-1,offshore_wind,45.0,62.99107279182313,139527820.5461896,2215041.1853963807,115477.28554674426,1072410.1214649186,841937.75196605,49223.13745325291,5196477.849603492,48258455.465921335,37887198.83847225,2215041.1853963807,45970647.20679618,2.345996040102335,21.786707978201996,17.104512136505647,1.0,20.75385663701316,0.0,0.0,0.7287652803752532,7
RRWW-1,offshore_wind,45.0,62.99107279182313,139527820.5461896,2215041.1853963807,115477.28554674426,1072410.1214649186,841937.75196605,49223.13745325291,5196477.849603492,48258455.465921335,37887198.83847225,2215041.1853963807,45970647.20679618,2.345996040102335,21.786707978201996,17.104512136505647,1.0,20.75385663701316,0.0,0.0,0.7287652803752532,7
SHRSO-1,offshore_wind,158.5,48.129478291501414,375499802.1911043,7801867.286340586,115477.28554674426,1072410.1214649186,841937.75196605,49223.13745325291,18303149.759158965,169977004.2521896,133447133.68661892,7801867.286340586,45970647.20679618,2.345996040102335,21.786707978201996,17.104512136505647,1.0,5.892262136691434,0.0,0.0,0.7287652803752532,7
SHRSO-2,offshore_wind,158.5,48.129478291501414,375499802.1911043,7801867.286340586,115477.28554674426,1072410.1214649186,841937.75196605,49223.13745325291,18303149.759158965,169977004.2521896,133447133.68661892,7801867.286340586,45970647.20679618,2.345996040102335,21.786707978201996,17.104512136505647,1.0,5.892262136691434,0.0,0.0,0.7287652803752532,7
WHILW-1,onshore_wind,194.5,39.40407350616723,307748171.1129673,7810059.816907023,120674.91951025114,875913.7559321813,329179.5935930217,240927.29512309586,23471271.844743848,170365225.52880925,64025430.953842714,46860358.90144215,3025883.8841293533,3.005261469820477,21.813562190651453,8.197815696013244,6.000000000000001,0.3874341496820543,0.0,0.0,0.8102346954816524,6
WHILW-2,onshore_wind,194.5,39.40407350616723,307748171.1129673,7810059.816907023,120674.91951025114,875913.7559321813,329179.5935930217,240927.29512309586,23471271.844743848,170365225.52880925,64025430.953842714,46860358.90144215,3025883.8841293533,3.005261469820477,21.813562190651453,8.197815696013244,6.000000000000001,0.3874341496820543,0.0,0.0,0.8102346954816524,6
WLNYO-2,offshore_wind,45.9,62.584134426391515,141398964.0129775,2259342.009104308,115477.28554674426,1072410.1214649186,841937.75196605,49223.13745325291,5300407.406595562,49223624.57523976,38644942.815241694,2259342.009104308,45970647.20679618,2.345996040102335,21.786707978202,17.104512136505647,1.0,20.346918271581533,0.0,0.0,0.7287652803752532,7
WLNYO-3,offshore_wind,45.9,62.584134426391515,141398964.0129775,2259342.009104308,115477.28554674426,1072410.1214649186,841937.75196605,49223.13745325291,5300407.406595562,49223624.57523976,38644942.815241694,2259342.009104308,45970647.20679618,2.345996040102335,21.786707978202,17.104512136505647,1.0,20.346918271581533,0.0,0.0,0.7287652803752532,7
WLNYO-4,offshore_wind,45.9,62.584134426391515,141398964.0129775,2259342.009104308,115477.28554674426,1072410.1214649186,841937.75196605,49223.13745325291,5300407.406595562,49223624.57523976,38644942.815241694,2259342.009104308,45970647.20679618,2.345996040102335,21.786707978202,17.104512136505647,1.0,20.346918271581533,0.0,0.0,0.7287652803752532,7
WLNYW-1,offshore_wind,45.9,62.584134426391515,141398964.0129775,2259342.009104308,115477.28554674426,1072410.1214649186,841937.75196605,49223.13745325291,5300407.406595562,49223624.57523976,38644942.815241694,2259342.009104308,45970647.20679618,2.345996040102335,21.786707978202,17.104512136505647,1.0,20.346918271581533,0.0,0.0,0.7287652803752532,7
WTMSO-1,offshore_wind,219.0,46.501707244607196,501282224.1251776,10779867.102262387,115477.28554674426,1072410.1214649186,841937.75196605,49223.13745325291,25289525.53473699,234857816.60081717,184384367.68056494,10779867.102262387,45970647.20679618,2.3459960401023348,21.786707978201996,17.104512136505644,1.0,4.264491089797224,0.0,0.0,0.7287652803752532,7
BEATO-2,offshore_wind,147.0,48.5904375743038,351590746.7821481,7235801.205628177,115477.28554674426,1072410.1214649186,841937.75196605,49223.13745325291,16975160.975371405,157644287.85534304,123764849.53900935,7235801.205628177,45970647.20679618,2.345996040102335,21.786707978202,17.104512136505647,1.0,6.353221419493825,0.0,0.0,0.7287652803752532,7
ABRBO-1,offshore_wind,97.0,51.86529397610474,247638331.96059984,4774644.332965532,115477.28554674426,1072410.1214649186,841937.75196605,49223.13745325291,11201296.698034193,104023781.7820971,81667961.94070685,4774644.332965532,45970647.20679618,2.3459960401023348,21.786707978201996,17.104512136505644,1.0,9.628077821294765,0.0,0.0,0.7287652803752532,7
OMNDO-1,offshore_wind,150.0,48.46337314591392,357827891.671441,7383470.617987936,115477.28554674426,1072410.1214649186,841937.75196605,49223.13745325291,17321592.83201164,160861518.2197378,126290662.7949075,7383470.617987936,45970647.20679618,2.345996040102335,21.786707978201996,17.104512136505644,1.0,6.226156991103948,0.0,0.0,0.7287652803752532,7
onwind_26118,onshore_wind,48.3,40.57680378946985,78697279.63298732,1939464.7257409212,120674.91951025114,875913.7559321813,329179.5935930217,240927.29512309586,5828598.61234513,42306634.411524355,15899374.370542945,11636788.35444553,3025883.8841293533,3.0052614698204776,21.813562190651457,8.197815696013244,6.000000000000002,1.5601644329846702,0.0,0.0,0.8102346954816524,6
onwind_26119,onshore_wind,18.0,43.203080584994034,31226404.03898325,722781.8853692875,120674.91951025114,875913.7559321813,329179.5935930217,240927.29512309586,2172148.5511845206,15766447.606779262,5925232.684674391,4336691.312215725,3025883.8841293533,3.005261469820477,21.813562190651453,8.197815696013246,6.0,4.186441228508865,0.0,0.0,0.8102346954816524,6
onwind_26127,onshore_wind,38.0,40.99969046472622,62560315.32215426,1525872.8691129403,120674.91951025114,875913.7559321813,329179.5935930217,240927.29512309586,4585646.941389544,33284722.72542289,12508824.556534823,9155237.214677643,3025883.8841293533,3.0052614698204776,21.813562190651453,8.197815696013244,6.000000000000001,1.9830511082410411,0.0,0.0,0.8102346954816524,6
onwind_26130,onshore_wind,10.0,46.55223356780113,18692839.525714852,401545.49187182635,120674.91951025114,875913.7559321813,329179.5935930217,240927.29512309586,1206749.1951025114,8759137.559321813,3291795.9359302167,2409272.9512309586,3025883.8841293533,3.0052614698204776,21.813562190651457,8.197815696013244,6.000000000000001,7.535594211315957,0.0,0.0,0.8102346954816524,6
onwind_26137,onshore_wind,81.7,39.93898870915543,131024911.4758829,3280626.668592822,120674.91951025114,875913.7559321813,329179.5935930217,240927.29512309586,9859140.923987519,71562153.85965921,26893972.79654987,19683760.01155693,3025883.8841293533,3.005261469820477,21.813562190651453,8.197815696013244,6.0,0.9223493526702516,0.0,0.0,0.8102346954816524,6
onwind_26141,onshore_wind,35.0,41.169666274004015,57860228.62967859,1405409.2215513922,120674.91951025114,875913.7559321813,329179.5935930217,240927.29512309586,4223622.18285879,30656981.457626343,11521285.77575576,8432455.329308355,3025883.8841293533,3.0052614698204776,21.813562190651453,8.197815696013246,6.000000000000001,2.153026917518845,0.0,0.0,0.8102346954816524,6
onwind_26143,onshore_wind,10.8,45.994041403999944,19946195.97704169,433669.1312215725,120674.91951025114,875913.7559321813,329179.5935930217,240927.29512309586,1303289.1307107124,9459868.564067557,3555139.610804634,2602014.7873294353,3025883.8841293533,3.005261469820477,21.813562190651453,8.197815696013244,6.000000000000001,6.977402047514774,0.0,0.0,0.8102346954816524,6
onwind_26146,onshore_wind,23.0,42.29298466575298,39059881.859776,923554.6313052006,120674.91951025114,875913.7559321813,329179.5935930217,240927.29512309586,2775523.1487357765,20146016.38644017,7571130.652639499,5541327.787831205,3025883.8841293533,3.0052614698204776,21.813562190651457,8.197815696013246,6.000000000000001,3.2763453092678074,0.0,0.0,0.8102346954816524,6
onwind_26148,onshore_wind,26.0,41.91494482237592,43759968.552251644,1044018.2788667486,120674.91951025114,875913.7559321813,329179.5935930217,240927.29512309586,3137547.9072665297,22773757.65423671,8558669.433418564,6264109.673200492,3025883.8841293533,3.005261469820477,21.813562190651453,8.197815696013246,6.000000000000001,2.8983054658907528,0.0,0.0,0.8102346954816524,6
onwind_26149,onshore_wind,11.7,45.45731816957574,21356221.984784387,469808.2254900368,120674.91951025114,875913.7559321813,329179.5935930217,240927.29512309586,1411896.5582699382,10248190.94440652,3851401.2450383534,2818849.3529402213,3025883.8841293533,3.005261469820477,21.813562190651457,8.197815696013244,6.000000000000001,6.440678813090561,0.0,0.0,0.8102346954816524,6
onwind_26150,onshore_wind,17.9,43.22646852481811,31069734.482567392,718766.4304505691,120674.91951025114,875913.7559321813,329179.5935930217,240927.29512309586,2160081.0592334955,15678856.231186043,5892314.7253150875,4312598.582703415,3025883.8841293533,3.0052614698204776,21.813562190651457,8.197815696013244,6.000000000000001,4.209829168332937,0.0,0.0,0.8102346954816524,6
onwind_26153,onshore_wind,16.1,43.69713265543919,28249682.467082012,646488.2419136405,120674.91951025114,875913.7559321813,329179.5935930217,240927.29512309586,1942866.2041150436,14102211.47050812,5299791.456847649,3878929.451481844,3025883.8841293533,3.005261469820477,21.813562190651453,8.197815696013244,6.000000000000001,4.68049329895401,0.0,0.0,0.8102346954816524,6
onwind_26156,onshore_wind,19.3,42.92109231571624,33263108.272389367,774982.799312625,120674.91951025114,875913.7559321813,329179.5935930217,240927.29512309586,2329025.9465478472,16905135.489491098,6353166.156345319,4649896.7958757505,3025883.8841293533,3.005261469820477,21.813562190651453,8.197815696013244,6.000000000000001,3.9044529592310653,0.0,0.0,0.8102346954816524,6
onwind_26158,onshore_wind,36.0,41.109859970739606,59426924.19383714,1445563.770738575,120674.91951025114,875913.7559321813,329179.5935930217,240927.29512309586,4344297.102369041,31532895.213558525,11850465.369348781,8673382.62443145,3025883.8841293533,3.005261469820477,21.813562190651453,8.197815696013246,6.0,2.0932206142544323,0.0,0.0,0.8102346954816524,6
onwind_26164,onshore_wind,24.0,42.15647027786682,40626577.42393455,963709.1804923833,120674.91951025114,875913.7559321813,329179.5935930217,240927.29512309586,2896198.0682460275,21021930.14237235,7900310.246232521,5782255.082954301,3025883.8841293533,3.005261469820477,21.813562190651457,8.197815696013244,6.000000000000001,3.1398309213816487,0.0,0.0,0.8102346954816524,6
onwind_26166,onshore_wind,120.0,39.6446055407615,191029351.58315533,4818545.902461916,120674.91951025114,875913.7559321813,329179.5935930217,240927.29512309586,14480990.341230137,105109650.71186174,39501551.2311626,28911275.414771505,3025883.8841293533,3.0052614698204776,21.813562190651453,8.197815696013244,6.000000000000002,0.6279661842763298,0.0,0.0,0.8102346954816524,6
onwind_26170,onshore_wind,12.0,45.29630119924847,21826230.65403195,481854.59024619166,120674.91951025114,875913.7559321813,329179.5935930217,240927.29512309586,1448099.0341230137,10510965.071186176,3950155.1231162604,2891127.5414771503,3025883.8841293533,3.005261469820477,21.813562190651457,8.197815696013244,6.000000000000001,6.279661842763297,0.0,0.0,0.8102346954816524,6
onwind_26172,onshore_wind,19.5,42.88104664433951,33576447.38522108,783013.7091500615,120674.91951025114,875913.7559321813,329179.5935930217,240927.29512309586,2353160.9304498974,17080318.240677536,6419002.075063922,4698082.254900369,3025883.8841293533,3.005261469820477,21.813562190651453,8.197815696013244,6.0,3.8644072878543363,0.0,0.0,0.8102346954816524,6
onwind_26180,onshore_wind,25.0,42.03087704101156,42193272.9880931,1003863.729679566,120674.91951025114,875913.7559321813,329179.5935930217,240927.29512309586,3016872.9877562784,21897843.898304533,8229489.839825542,6023182.378077396,3025883.8841293533,3.0052614698204767,21.813562190651453,8.197815696013244,6.0,3.0142376845263823,0.0,0.0,0.8102346954816524,6
onwind_26187,onshore_wind,12.0,45.29630119924847,21826230.65403195,481854.59024619166,120674.91951025114,875913.7559321813,329179.5935930217,240927.29512309586,1448099.0341230137,10510965.071186176,3950155.1231162604,2891127.5414771503,3025883.8841293533,3.005261469820477,21.813562190651457,8.197815696013244,6.000000000000001,6.279661842763297,0.0,0.0,0.8102346954816524,6
onwind_26197,onshore_wind,26.7,41.838959285817,44856655.447162636,1072126.4632977764,120674.91951025114,875913.7559321813,329179.5935930217,240927.29512309586,3222020.3509237054,23386897.28338924,8789095.148933679,6432758.779786659,3025883.8841293533,3.005261469820477,21.813562190651457,8.197815696013244,6.000000000000001,2.822319929331819,0.0,0.0,0.8102346954816524,6
onwind_26199,onshore_wind,16.0,43.72638573855765,28093012.910666153,642472.7869949222,120674.91951025114,875913.7559321813,329179.5935930217,240927.29512309586,1930798.7121640183,14014620.0949149,5266873.497488347,3854836.7219695337,3025883.8841293533,3.005261469820477,21.813562190651453,8.197815696013244,6.000000000000001,4.709746382072473,0.0,0.0,0.8102346954816524,6
onwind_26202,onshore_wind,52.5,40.45199063483108,85277401.00245322,2108113.8323270883,120674.91951025114,875913.7559321813,329179.5935930217,240927.29512309586,6335433.274288185,45985472.186439514,17281928.663633637,12648682.993962532,3025883.8841293533,3.0052614698204776,21.813562190651453,8.197815696013244,6.000000000000001,1.4353512783458966,0.0,0.0,0.8102346954816524,6
onwind_26219,onshore_wind,14.3,44.286285658104724,25429630.451596618,574210.0533767118,120674.91951025114,875913.7559321813,329179.5935930217,240927.29512309586,1725651.3489965915,12525566.709830193,4707268.188380211,3445260.320260271,3025883.8841293533,3.005261469820477,21.813562190651453,8.197815696013244,6.0,5.26964630161955,0.0,0.0,0.8102346954816524,6
onwind_26222,onshore_wind,13.8,44.47721487193152,24646282.669517346,554132.7787831204,120674.91951025114,875913.7559321813,329179.5935930217,240927.29512309586,1665313.8892414658,12087609.831864102,4542678.3915837,3324796.672698723,3025883.8841293533,3.005261469820477,21.813562190651453,8.197815696013244,6.000000000000001,5.460575515446345,0.0,0.0,0.8102346954816524,6
onwind_26227,onshore_wind,18.0,43.203080584994034,31226404.03898325,722781.8853692875,120674.91951025114,875913.7559321813,329179.5935930217,240927.29512309586,2172148.5511845206,15766447.606779262,5925232.684674391,4336691.312215725,3025883.8841293533,3.005261469820477,21.813562190651453,8.197815696013246,6.0,4.186441228508865,0.0,0.0,0.8102346954816524,6
offwind_26228,offshore_wind,10.0,135.6295710213692,66761130.17110583,492231.3745325291,115477.28554674426,1072410.1214649186,841937.75196605,49223.13745325291,1154772.8554674427,10724101.214649186,8419377.5196605,492231.3745325291,45970647.20679618,2.345996040102335,21.786707978201996,17.104512136505647,1.0,93.39235486655922,0.0,0.0,0.7287652803752532,7
onwind_26232,onshore_wind,31.0,41.447476198845166,51593446.37304441,1244791.0248026617,120674.91951025114,875913.7559321813,329179.5935930217,240927.29512309586,3740922.5048177857,27153326.43389762,10204567.401383672,7468746.148815972,3025883.8841293533,3.0052614698204776,21.813562190651453,8.197815696013244,6.000000000000001,2.430836842359986,0.0,0.0,0.8102346954816524,6
onwind_26233,onshore_wind,29.7,41.55387646467237,49556742.13963829,1192590.1108593242,120674.91951025114,875913.7559321813,329179.5935930217,240927.29512309586,3584045.109454459,26014638.551185783,9776633.929712744,7155540.665155947,3025883.8841293533,3.0052614698204776,21.813562190651457,8.197815696013246,6.000000000000002,2.537237108187191,0.0,0.0,0.8102346954816524,6
onwind_26234,onshore_wind,43.7,40.741031624520865,71490480.037858,1754753.7994798813,120674.91951025114,875913.7559321813,329179.5935930217,240927.29512309586,5273493.982597975,38277431.13423632,14385148.240015049,10528522.79687929,3025883.8841293533,3.005261469820477,21.813562190651453,8.197815696013244,6.000000000000001,1.724392268035688,0.0,0.0,0.8102346954816524,6
onwind_26237,onshore_wind,29.8,41.54536224618852,49713411.696054146,1196605.5657780427,120674.91951025114,875913.7559321813,329179.5935930217,240927.29512309586,3596112.601405484,26102229.926779002,9809551.889072046,7179633.394668257,3025883.8841293533,3.005261469820477,21.813562190651453,8.197815696013244,6.000000000000001,2.528722889703341,0.0,0.0,0.8102346954816524,6
onwind_26238,onshore_wind,85.0,39.90317985193411,136195006.8376061,3413136.6809105244,120674.91951025114,875913.7559321813,329179.5935930217,240927.29512309586,10257368.158371348,74452669.2542354,27980265.455406845,20478820.085463148,3025883.8841293533,3.005261469820477,21.81356219065145,8.197815696013244,6.0,0.886540495448936,0.0,0.0,0.8102346954816524,6
onwind_26239,onshore_wind,23.8,42.18285541165994,40313238.31110284,955678.2706549468,120674.91951025114,875913.7559321813,329179.5935930217,240927.29512309586,2872063.0843439773,20846747.391185913,7834474.327513916,5734069.623929681,3025883.8841293533,3.005261469820477,21.813562190651453,8.197815696013244,6.000000000000001,3.166216055174772,0.0,0.0,0.8102346954816524,6
onwind_26245,onshore_wind,23.0,42.29298466575298,39059881.859776,923554.6313052006,120674.91951025114,875913.7559321813,329179.5935930217,240927.29512309586,2775523.1487357765,20146016.38644017,7571130.652639499,5541327.787831205,3025883.8841293533,3.0052614698204776,21.813562190651457,8.197815696013246,6.000000000000001,3.2763453092678074,0.0,0.0,0.8102346954816524,6
onwind_26256,onshore_wind,110.0,39.701693375695726,175362395.94156986,4417000.41059009,120674.91951025114,875913.7559321813,329179.5935930217,240927.29512309586,13274241.146127626,96350513.15253994,36209755.295232385,26502002.463540543,3025883.8841293533,3.0052614698204776,21.813562190651457,8.197815696013246,6.000000000000001,0.6850540192105415,0.0,0.0,0.8102346954816524,6
onwind_26258,onshore_wind,26.7,41.838959285817,44856655.447162636,1072126.4632977764,120674.91951025114,875913.7559321813,329179.5935930217,240927.29512309586,3222020.3509237054,23386897.28338924,8789095.148933679,6432758.779786659,3025883.8841293533,3.005261469820477,21.813562190651457,8.197815696013244,6.000000000000001,2.822319929331819,0.0,0.0,0.8102346954816524,6
onwind_26262,onshore_wind,20.0,42.784436462143155,34359795.16730035,803090.9837436527,120674.91951025114,875913.7559321813,329179.5935930217,240927.29512309586,2413498.390205023,17518275.118643627,6583591.871860433,4818545.902461917,3025883.8841293533,3.0052614698204776,21.813562190651457,8.197815696013244,6.000000000000001,3.7677971056579787,0.0,0.0,0.8102346954816524,6
onwind_26263,onshore_wind,10.0,46.55223356780113,18692839.525714852,401545.49187182635,120674.91951025114,875913.7559321813,329179.5935930217,240927.29512309586,1206749.1951025114,8759137.559321813,3291795.9359302167,2409272.9512309586,3025883.8841293533,3.0052614698204776,21.813562190651457,8.197815696013244,6.000000000000001,7.535594211315957,0.0,0.0,0.8102346954816524,6
onwind_26264,onshore_wind,10.0,46.55223356780113,18692839.525714852,401545.49187182635,120674.91951025114,875913.7559321813,329179.5935930217,240927.29512309586,1206749.1951025114,8759137.559321813,3291795.9359302167,2409272.9512309586,3025883.8841293533,3.0052614698204776,21.813562190651457,8.197815696013244,6.000000000000001,7.535594211315957,0.0,0.0,0.8102346954816524,6
onwind_26268,onshore_wind,16.4,43.61151387558027,28719691.136329573,658534.6066697952,120674.91951025114,875913.7559321813,329179.5935930217,240927.29512309586,1979068.6799681187,14364985.597287772,5398545.334925555,3951207.640018772,3025883.8841293533,3.005261469820477,21.813562190651453,8.197815696013244,6.000000000000001,4.594874519095096,0.0,0.0,0.8102346954816524,6
onwind_26270,onshore_wind,28.6,41.651462507294944,47833377.01906388,1148420.1067534236,120674.91951025114,875913.7559321813,329179.5935930217,240927.29512309586,3451302.697993183,25051133.419660386,9414536.376760421,6890520.640520542,3025883.8841293533,3.005261469820477,21.813562190651453,8.197815696013244,6.0,2.634823150809775,0.0,0.0,0.8102346954816524,6
onwind_26271,onshore_wind,124.0,39.62434856707518,197296133.83978957,4979164.099210647,120674.91951025114,875913.7559321813,329179.5935930217,240927.29512309586,14963690.019271143,108613305.73559047,40818269.60553469,29874984.595263887,3025883.8841293533,3.0052614698204776,21.813562190651453,8.197815696013244,6.000000000000001,0.6077092105899965,0.0,0.0,0.8102346954816524,6
onwind_26272,onshore_wind,48.4,40.57358030923641,78853949.18940318,1943480.1806596396,120674.91951025114,875913.7559321813,329179.5935930217,240927.29512309586,5840666.104296155,42394225.78711757,15932292.329902248,11660881.08395784,3025883.8841293533,3.005261469820477,21.813562190651453,8.197815696013244,6.000000000000001,1.5569409527512308,0.0,0.0,0.8102346954816524,6
onwind_26278,onshore_wind,23.0,42.29298466575298,39059881.859776,923554.6313052006,120674.91951025114,875913.7559321813,329179.5935930217,240927.29512309586,2775523.1487357765,20146016.38644017,7571130.652639499,5541327.787831205,3025883.8841293533,3.0052614698204776,21.813562190651457,8.197815696013246,6.000000000000001,3.2763453092678074,0.0,0.0,0.8102346954816524,6
onwind_26282,onshore_wind,12.0,45.29630119924847,21826230.65403195,481854.59024619166,120674.91951025114,875913.7559321813,329179.5935930217,240927.29512309586,1448099.0341230137,10510965.071186176,3950155.1231162604,2891127.5414771503,3025883.8841293533,3.005261469820477,21.813562190651457,8.197815696013244,6.000000000000001,6.279661842763297,0.0,0.0,0.8102346954816524,6
onwind_26288,onshore_wind,10.3,46.332750241257955,19162848.19496242,413591.8566279812,120674.91951025114,875913.7559321813,329179.5935930217,240927.29512309586,1242951.670955587,9021911.686101468,3390549.8140081237,2481551.1397678875,3025883.8841293533,3.0052614698204776,21.813562190651457,8.197815696013246,6.000000000000001,7.316110884772773,0.0,0.0,0.8102346954816524,6
onwind_26293,onshore_wind,13.0,44.81325028826667,23392926.2181905,522009.1394333743,120674.91951025114,875913.7559321813,329179.5935930217,240927.29512309586,1568773.9536332649,11386878.827118356,4279334.716709282,3132054.836600246,3025883.8841293533,3.005261469820477,21.813562190651453,8.197815696013246,6.000000000000001,5.7966109317815055,0.0,0.0,0.8102346954816524,6
onwind_26294,onshore_wind,31.2,41.431893911394134,51906785.48587611,1252821.9346400984,120674.91951025114,875913.7559321813,329179.5935930217,240927.29512309586,3765057.4887198354,27328509.185084056,10270403.320102276,7516931.60784059,3025883.8841293533,3.0052614698204767,21.813562190651453,8.197815696013244,6.0,2.41525455490896,0.0,0.0,0.8102346954816524,6
onwind_26297,onshore_wind,20.0,42.784436462143155,34359795.16730035,803090.9837436527,120674.91951025114,875913.7559321813,329179.5935930217,240927.29512309586,2413498.390205023,17518275.118643627,6583591.871860433,4818545.902461917,3025883.8841293533,3.0052614698204776,21.813562190651457,8.197815696013244,6.000000000000001,3.7677971056579787,0.0,0.0,0.8102346954816524,6
onwind_26299,onshore_wind,72.0,40.06324966361239,115827964.50354494,2891127.54147715,120674.91951025114,875913.7559321813,329179.5935930217,240927.29512309586,8688594.204738082,63065790.42711705,23700930.738697562,17346765.2488629,3025883.8841293533,3.005261469820477,21.813562190651453,8.197815696013246,6.0,1.0466103071272161,0.0,0.0,0.8102346954816524,6
onwind_26303,onshore_wind,57.4,40.3294606476552,92954209.26683013,2304871.1233442836,120674.91951025114,875913.7559321813,329179.5935930217,240927.29512309586,6926740.379888415,50277449.5905072,18894908.672239445,13829226.740065701,3025883.8841293533,3.0052614698204767,21.813562190651453,8.197815696013244,6.0,1.3128212911700272,0.0,0.0,0.8102346954816524,6
onwind_26304,onshore_wind,37.6,41.020786753111764,61933637.09649084,1509811.0494380672,120674.91951025114,875913.7559321813,329179.5935930217,240927.29512309586,4537376.973585444,32934357.223050017,12377152.719097616,9058866.296628404,3025883.8841293533,3.0052614698204776,21.813562190651453,8.197815696013244,6.000000000000001,2.004147396626584,0.0,0.0,0.8102346954816524,6
onwind_26310,onshore_wind,21.6,42.50534038024256,36866508.06995403,867338.262443145,120674.91951025114,875913.7559321813,329179.5935930217,240927.29512309586,2606578.261421425,18919737.128135115,7110279.221609268,5204029.574658871,3025883.8841293533,3.005261469820477,21.813562190651453,8.197815696013244,6.000000000000001,3.488701023757387,0.0,0.0,0.8102346954816524,6
onwind_26311,onshore_wind,90.0,39.85392760218694,144028484.65839884,3613909.4268464376,120674.91951025114,875913.7559321813,329179.5935930217,240927.29512309586,10860742.755922602,78832238.03389631,29626163.423371952,21683456.561078627,3025883.8841293533,3.005261469820477,21.813562190651453,8.197815696013244,6.0,0.8372882457017728,0.0,0.0,0.8102346954816524,6
onwind_26312,onshore_wind,37.5,41.02613114616943,61776967.540074974,1505795.5945193488,120674.91951025114,875913.7559321813,329179.5935930217,240927.29512309586,4525309.481634418,32846765.847456798,12344234.759738313,9034773.567116095,3025883.8841293533,3.005261469820477,21.813562190651457,8.197815696013244,6.000000000000001,2.009491789684255,0.0,0.0,0.8102346954816524,6
onwind_26313,onshore_wind,10.0,46.55223356780113,18692839.525714852,401545.49187182635,120674.91951025114,875913.7559321813,329179.5935930217,240927.29512309586,1206749.1951025114,8759137.559321813,3291795.9359302167,2409272.9512309586,3025883.8841293533,3.0052614698204776,21.813562190651457,8.197815696013244,6.000000000000001,7.535594211315957,0.0,0.0,0.8102346954816524,6
onwind_26315,onshore_wind,22.0,42.441909452537885,37493186.295617454,883400.0821180181,120674.91951025114,875913.7559321813,329179.5935930217,240927.29512309586,2654848.229225525,19270102.630507987,7241951.059046477,5300400.492708109,3025883.8841293533,3.005261469820477,21.813562190651453,8.197815696013244,6.000000000000001,3.4252700960527074,0.0,0.0,0.8102346954816524,6
onwind_26323,onshore_wind,13.8,44.47721487193152,24646282.669517346,554132.7787831204,120674.91951025114,875913.7559321813,329179.5935930217,240927.29512309586,1665313.8892414658,12087609.831864102,4542678.3915837,3324796.672698723,3025883.8841293533,3.005261469820477,21.813562190651453,8.197815696013244,6.000000000000001,5.460575515446345,0.0,0.0,0.8102346954816524,6
onwind_26324,onshore_wind,16.4,43.61151387558027,28719691.136329573,658534.6066697952,120674.91951025114,875913.7559321813,329179.5935930217,240927.29512309586,1979068.6799681187,14364985.597287772,5398545.334925555,3951207.640018772,3025883.8841293533,3.005261469820477,21.813562190651453,8.197815696013244,6.000000000000001,4.594874519095096,0.0,0.0,0.8102346954816524,6
onwind_26331,onshore_wind,10.8,45.994041403999944,19946195.97704169,433669.1312215725,120674.91951025114,875913.7559321813,329179.5935930217,240927.29512309586,1303289.1307107124,9459868.564067557,3555139.610804634,2602014.7873294353,3025883.8841293533,3.005261469820477,21.813562190651453,8.197815696013244,6.000000000000001,6.977402047514774,0.0,0.0,0.8102346954816524,6
onwind_26332,onshore_wind,26.0,41.91494482237592,43759968.552251644,1044018.2788667486,120674.91951025114,875913.7559321813,329179.5935930217,240927.29512309586,3137547.9072665297,22773757.65423671,8558669.433418564,6264109.673200492,3025883.8841293533,3.005261469820477,21.813562190651453,8.197815696013246,6.000000000000001,2.8983054658907528,0.0,0.0,0.8102346954816524,6
onwind_26334,onshore_wind,26.0,41.91494482237592,43759968.552251644,1044018.2788667486,120674.91951025114,875913.7559321813,329179.5935930217,240927.29512309586,3137547.9072665297,22773757.65423671,8558669.433418564,6264109.673200492,3025883.8841293533,3.005261469820477,21.813562190651453,8.197815696013246,6.000000000000001,2.8983054658907528,0.0,0.0,0.8102346954816524,6
onwind_26337,onshore_wind,10.2,46.404476818559644,19006178.63854656,409576.40170926286,120674.91951025114,875913.7559321813,329179.5935930217,240927.29512309586,1230884.1790045616,8934320.310508247,3357631.854648821,2457458.4102555774,3025883.8841293533,3.0052614698204776,21.813562190651453,8.197815696013246,6.000000000000001,7.387837462074468,0.0,0.0,0.8102346954816524,6
onwind_26338,onshore_wind,20.0,42.784436462143155,34359795.16730035,803090.9837436527,120674.91951025114,875913.7559321813,329179.5935930217,240927.29512309586,2413498.390205023,17518275.118643627,6583591.871860433,4818545.902461917,3025883.8841293533,3.0052614698204776,21.813562190651457,8.197815696013244,6.000000000000001,3.7677971056579787,0.0,0.0,0.8102346954816524,6
onwind_26340,onshore_wind,14.4,44.24969089212125,25586300.00801247,578225.50829543,120674.91951025114,875913.7559321813,329179.5935930217,240927.29512309586,1737718.8409476166,12613158.08542341,4740186.147739512,3469353.0497725806,3025883.8841293533,3.0052614698204776,21.813562190651453,8.197815696013244,6.000000000000001,5.233051535636081,0.0,0.0,0.8102346954816524,6
onwind_26341,onshore_wind,20.5,42.69253897176126,35143142.94937963,823168.258337244,120674.91951025114,875913.7559321813,329179.5935930217,240927.29512309586,2473835.8499601483,17956231.996609718,6748181.668656944,4939009.550023465,3025883.8841293533,3.005261469820477,21.813562190651457,8.197815696013244,6.000000000000002,3.6758996152760766,0.0,0.0,0.8102346954816524,6
onwind_26345,onshore_wind,10.0,46.55223356780113,18692839.525714852,401545.49187182635,120674.91951025114,875913.7559321813,329179.5935930217,240927.29512309586,1206749.1951025114,8759137.559321813,3291795.9359302167,2409272.9512309586,3025883.8841293533,3.0052614698204776,21.813562190651457,8.197815696013244,6.000000000000001,7.535594211315957,0.0,0.0,0.8102346954816524,6
onwind_26348,onshore_wind,28.0,41.707923003383726,46893359.68056875,1124327.377241114,120674.91951025114,875913.7559321813,329179.5935930217,240927.29512309586,3378897.746287032,24525585.166101076,9217028.620604606,6745964.263446684,3025883.8841293533,3.005261469820477,21.813562190651453,8.197815696013244,6.0,2.691283646898556,0.0,0.0,0.8102346954816524,6
onwind_26352,onshore_wind,22.8,42.32172453688691,38746542.74694429,915523.7214677641,120674.91951025114,875913.7559321813,329179.5935930217,240927.29512309586,2751388.1648337264,19970833.635253735,7505294.733920895,5493142.328806586,3025883.8841293533,3.0052614698204776,21.813562190651457,8.197815696013244,6.000000000000001,3.3050851804017354,0.0,0.0,0.8102346954816524,6
onwind_26354,onshore_wind,32.2,41.35688600596219,53473481.05003467,1292976.483827281,120674.91951025114,875913.7559321813,329179.5935930217,240927.29512309586,3885732.4082300873,28204422.94101624,10599582.913695298,7757858.902963688,3025883.8841293533,3.005261469820477,21.813562190651453,8.197815696013244,6.000000000000001,2.340246649477005,0.0,0.0,0.8102346954816524,6
onwind_26365,onshore_wind,20.0,42.784436462143155,34359795.16730035,803090.9837436527,120674.91951025114,875913.7559321813,329179.5935930217,240927.29512309586,2413498.390205023,17518275.118643627,6583591.871860433,4818545.902461917,3025883.8841293533,3.0052614698204776,21.813562190651457,8.197815696013244,6.000000000000001,3.7677971056579787,0.0,0.0,0.8102346954816524,6
onwind_26367,onshore_wind,13.8,44.47721487193152,24646282.669517346,554132.7787831204,120674.91951025114,875913.7559321813,329179.5935930217,240927.29512309586,1665313.8892414658,12087609.831864102,4542678.3915837,3324796.672698723,3025883.8841293533,3.005261469820477,21.813562190651453,8.197815696013244,6.000000000000001,5.460575515446345,0.0,0.0,0.8102346954816524,6
onwind_26368,onshore_wind,10.0,46.55223356780113,18692839.525714852,401545.49187182635,120674.91951025114,875913.7559321813,329179.5935930217,240927.29512309586,1206749.1951025114,8759137.559321813,3291795.9359302167,2409272.9512309586,3025883.8841293533,3.0052614698204776,21.813562190651457,8.197815696013244,6.000000000000001,7.535594211315957,0.0,0.0,0.8102346954816524,6
onwind_26374,onshore_wind,16.8,43.5021121013161,29346369.361992992,674596.4263446684,120674.91951025114,875913.7559321813,329179.5935930217,240927.29512309586,2027338.6477722193,14715351.099660646,5530217.172362764,4047578.5580680105,3025883.8841293533,3.005261469820477,21.813562190651453,8.197815696013244,6.0,4.485472744830926,0.0,0.0,0.8102346954816524,6
onwind_26375,onshore_wind,15.6,43.847148466303096,27466334.685002733,626410.9673200492,120674.91951025114,875913.7559321813,329179.5935930217,240927.29512309586,1882528.7443599177,13664254.592542028,5135201.660051138,3758465.803920295,3025883.8841293533,3.0052614698204767,21.813562190651453,8.197815696013244,6.0,4.83050910981792,0.0,0.0,0.8102346954816524,6
onwind_26376,onshore_wind,16.8,43.5021121013161,29346369.361992992,674596.4263446684,120674.91951025114,875913.7559321813,329179.5935930217,240927.29512309586,2027338.6477722193,14715351.099660646,5530217.172362764,4047578.5580680105,3025883.8841293533,3.005261469820477,21.813562190651453,8.197815696013244,6.0,4.485472744830926,0.0,0.0,0.8102346954816524,6
onwind_26378,onshore_wind,46.0,40.654812011119084,75093879.83542265,1847109.2626104013,120674.91951025114,875913.7559321813,329179.5935930217,240927.29512309586,5551046.297471553,40292032.77288034,15142261.305278998,11082655.57566241,3025883.8841293533,3.0052614698204776,21.813562190651457,8.197815696013246,6.000000000000001,1.6381726546339037,0.0,0.0,0.8102346954816524,6
onwind_26380,onshore_wind,21.0,42.60501755234992,35926490.7314589,843245.5329308354,120674.91951025114,875913.7559321813,329179.5935930217,240927.29512309586,2534173.309715274,18394188.874575805,6912771.465453455,5059473.197585013,3025883.8841293533,3.005261469820477,21.813562190651453,8.197815696013244,6.000000000000001,3.5883781958647414,0.0,0.0,0.8102346954816524,6
onwind_26382,onshore_wind,15.3,43.941864331201494,26996326.01575517,614364.6025638944,120674.91951025114,875913.7559321813,329179.5935930217,240927.29512309586,1846326.2685068427,13401480.465762373,5036447.781973232,3686187.6153833666,3025883.8841293533,3.0052614698204776,21.813562190651453,8.197815696013244,6.000000000000001,4.925224974716311,0.0,0.0,0.8102346954816524,6
onwind_26383,onshore_wind,25.0,42.03087704101156,42193272.9880931,1003863.729679566,120674.91951025114,875913.7559321813,329179.5935930217,240927.29512309586,3016872.9877562784,21897843.898304533,8229489.839825542,6023182.378077396,3025883.8841293533,3.0052614698204767,21.813562190651453,8.197815696013244,6.0,3.0142376845263823,0.0,0.0,0.8102346954816524,6
onwind_26386,onshore_wind,16.0,43.72638573855765,28093012.910666153,642472.7869949222,120674.91951025114,875913.7559321813,329179.5935930217,240927.29512309586,1930798.7121640183,14014620.0949149,5266873.497488347,3854836.7219695337,3025883.8841293533,3.005261469820477,21.813562190651453,8.197815696013244,6.000000000000001,4.709746382072473,0.0,0.0,0.8102346954816524,6
onwind_26387,onshore_wind,48.3,40.57680378946985,78697279.63298732,1939464.7257409212,120674.91951025114,875913.7559321813,329179.5935930217,240927.29512309586,5828598.61234513,42306634.411524355,15899374.370542945,11636788.35444553,3025883.8841293533,3.0052614698204776,21.813562190651457,8.197815696013244,6.000000000000002,1.5601644329846702,0.0,0.0,0.8102346954816524,6
onwind_26388,onshore_wind,58.5,40.3047751191033,94677574.38740455,2349041.1274501844,120674.91951025114,875913.7559321813,329179.5935930217,240927.29512309586,7059482.791349692,51240954.72203261,19257006.22519177,14094246.764701108,3025883.8841293533,3.005261469820477,21.813562190651453,8.197815696013244,6.0,1.2881357626181122,0.0,0.0,0.8102346954816524,6
onwind_26394,onshore_wind,15.3,43.941864331201494,26996326.01575517,614364.6025638944,120674.91951025114,875913.7559321813,329179.5935930217,240927.29512309586,1846326.2685068427,13401480.465762373,5036447.781973232,3686187.6153833666,3025883.8841293533,3.0052614698204776,21.813562190651453,8.197815696013244,6.000000000000001,4.925224974716311,0.0,0.0,0.8102346954816524,6
onwind_26401,onshore_wind,10.0,46.55223356780113,18692839.525714852,401545.49187182635,120674.91951025114,875913.7559321813,329179.5935930217,240927.29512309586,1206749.1951025114,8759137.559321813,3291795.9359302167,2409272.9512309586,3025883.8841293533,3.0052614698204776,21.813562190651457,8.197815696013244,6.000000000000001,7.535594211315957,0.0,0.0,0.8102346954816524,6
onwind_26402,onshore_wind,12.5,45.045114725537935,22609578.436111227,501931.864839783,120674.91951025114,875913.7559321813,329179.5935930217,240927.29512309586,1508436.4938781392,10948921.949152267,4114744.919912771,3011591.189038698,3025883.8841293533,3.0052614698204767,21.813562190651453,8.197815696013244,6.0,6.028475369052765,0.0,0.0,0.8102346954816524,6
onwind_26411,onshore_wind,37.0,41.053286440624625,60993619.7579957,1485718.3199257576,120674.91951025114,875913.7559321813,329179.5935930217,240927.29512309586,4464972.021879292,32408808.969490707,12179644.962941803,8914309.919554546,3025883.8841293533,3.005261469820477,21.813562190651453,8.197815696013246,6.000000000000001,2.0366470841394477,0.0,0.0,0.8102346954816524,6
onwind_26422,onshore_wind,96.0,39.80159708683058,153428658.04335013,3854836.7219695332,120674.91951025114,875913.7559321813,329179.5935930217,240927.29512309586,11584792.27298411,84087720.5694894,31601240.984930083,23129020.331817202,3025883.8841293533,3.005261469820477,21.813562190651457,8.197815696013244,6.000000000000001,0.7849577303454122,0.0,0.0,0.8102346954816524,6
onwind_26428,onshore_wind,12.0,45.29630119924847,21826230.65403195,481854.59024619166,120674.91951025114,875913.7559321813,329179.5935930217,240927.29512309586,1448099.0341230137,10510965.071186176,3950155.1231162604,2891127.5414771503,3025883.8841293533,3.005261469820477,21.813562190651457,8.197815696013244,6.000000000000001,6.279661842763297,0.0,0.0,0.8102346954816524,6
onwind_26432,onshore_wind,350.0,39.231942048237066,551369331.3396219,14054092.215513924,120674.91951025114,875913.7559321813,329179.5935930217,240927.29512309586,42236221.8285879,306569814.5762634,115212857.75755759,84324553.29308355,3025883.8841293533,3.0052614698204767,21.813562190651453,8.197815696013244,6.0,0.21530269175188446,0.0,0.0,0.8102346954816524,6
onwind_26433,onshore_wind,172.8,39.45272698445484,273750877.37072676,6938706.09954516,120674.91951025114,875913.7559321813,329179.5935930217,240927.29512309586,20852626.0913714,151357897.02508092,56882233.77287415,41632236.597270966,3025883.8841293533,3.005261469820477,21.813562190651453,8.197815696013244,6.000000000000001,0.4360876279696734,0.0,0.0,0.8102346954816524,6
onwind_26435,onshore_wind,15.0,44.04036883069581,26526317.3465076,602318.2378077395,120674.91951025114,875913.7559321813,329179.5935930217,240927.29512309586,1810123.7926537672,13138706.338982718,4937693.903895325,3613909.426846438,3025883.8841293533,3.0052614698204776,21.813562190651453,8.197815696013244,6.000000000000002,5.023729474210638,0.0,0.0,0.8102346954816524,6
onwind_26437,onshore_wind,16.0,43.72638573855765,28093012.910666153,642472.7869949222,120674.91951025114,875913.7559321813,329179.5935930217,240927.29512309586,1930798.7121640183,14014620.0949149,5266873.497488347,3854836.7219695337,3025883.8841293533,3.005261469820477,21.813562190651453,8.197815696013244,6.000000000000001,4.709746382072473,0.0,0.0,0.8102346954816524,6
onwind_26438,onshore_wind,29.9,41.53690497899887,49870081.25246999,1200621.0206967609,120674.91951025114,875913.7559321813,329179.5935930217,240927.29512309586,3608180.093356509,26189821.302372217,9842469.848431347,7203726.124180566,3025883.8841293533,3.005261469820477,21.813562190651453,8.197815696013244,6.0,2.5202656225136977,0.0,0.0,0.8102346954816524,6
onwind_26439,onshore_wind,14.0,44.39920665028228,24959621.78234905,562163.688620557,120674.91951025114,875913.7559321813,329179.5935930217,240927.29512309586,1689448.873143516,12262792.583050538,4608514.310302303,3372982.131723342,3025883.8841293533,3.005261469820477,21.813562190651453,8.197815696013244,6.0,5.382567293797112,0.0,0.0,0.8102346954816524,6
onwind_26440,onshore_wind,16.0,43.72638573855765,28093012.910666153,642472.7869949222,120674.91951025114,875913.7559321813,329179.5935930217,240927.29512309586,1930798.7121640183,14014620.0949149,5266873.497488347,3854836.7219695337,3025883.8841293533,3.005261469820477,21.813562190651453,8.197815696013244,6.000000000000001,4.709746382072473,0.0,0.0,0.8102346954816524,6
onwind_26441,onshore_wind,14.0,44.39920665028228,24959621.78234905,562163.688620557,120674.91951025114,875913.7559321813,329179.5935930217,240927.29512309586,1689448.873143516,12262792.583050538,4608514.310302303,3372982.131723342,3025883.8841293533,3.005261469820477,21.813562190651453,8.197815696013244,6.0,5.382567293797112,0.0,0.0,0.8102346954816524,6
onwind_26455,onshore_wind,54.4,40.40185888062414,88254122.57435447,2184407.4757827353,120674.91951025114,875913.7559321813,329179.5935930217,240927.29512309586,6564715.621357662,47649708.322710656,17907369.891460378,13106444.854696414,3025883.8841293533,3.005261469820477,21.813562190651453,8.197815696013244,6.000000000000001,1.3852195241389627,0.0,0.0,0.8102346954816524,6
onwind_26460,onshore_wind,20.0,42.784436462143155,34359795.16730035,803090.9837436527,120674.91951025114,875913.7559321813,329179.5935930217,240927.29512309586,2413498.390205023,17518275.118643627,6583591.871860433,4818545.902461917,3025883.8841293533,3.0052614698204776,21.813562190651457,8.197815696013244,6.000000000000001,3.7677971056579787,0.0,0.0,0.8102346954816524,6
onwind_26466,onshore_wind,10.0,46.55223356780113,18692839.525714852,401545.49187182635,120674.91951025114,875913.7559321813,329179.5935930217,240927.29512309586,1206749.1951025114,8759137.559321813,3291795.9359302167,2409272.9512309586,3025883.8841293533,3.0052614698204776,21.813562190651457,8.197815696013244,6.000000000000001,7.535594211315957,0.0,0.0,0.8102346954816524,6
onwind_26468,onshore_wind,20.0,42.784436462143155,34359795.16730035,803090.9837436527,120674.91951025114,875913.7559321813,329179.5935930217,240927.29512309586,2413498.390205023,17518275.118643627,6583591.871860433,4818545.902461917,3025883.8841293533,3.0052614698204776,21.813562190651457,8.197815696013244,6.000000000000001,3.7677971056579787,0.0,0.0,0.8102346954816524,6
onwind_26469,onshore_wind,23.5,42.22327519108771,39843229.64185528,943631.905898792,120674.91951025114,875913.7559321813,329179.5935930217,240927.29512309586,2835860.608490902,20583973.26440626,7735720.44943601,5661791.435392752,3025883.8841293533,3.0052614698204776,21.813562190651457,8.197815696013244,6.000000000000001,3.2066358346025345,0.0,0.0,0.8102346954816524,6
onwind_26478,onshore_wind,13.8,44.47721487193152,24646282.669517346,554132.7787831204,120674.91951025114,875913.7559321813,329179.5935930217,240927.29512309586,1665313.8892414658,12087609.831864102,4542678.3915837,3324796.672698723,3025883.8841293533,3.005261469820477,21.813562190651453,8.197815696013244,6.000000000000001,5.460575515446345,0.0,0.0,0.8102346954816524,6
onwind_26479,onshore_wind,32.2,41.35688600596219,53473481.05003467,1292976.483827281,120674.91951025114,875913.7559321813,329179.5935930217,240927.29512309586,3885732.4082300873,28204422.94101624,10599582.913695298,7757858.902963688,3025883.8841293533,3.005261469820477,21.813562190651453,8.197815696013244,6.000000000000001,2.340246649477005,0.0,0.0,0.8102346954816524,6
onwind_26482,onshore_wind,15.0,44.04036883069581,26526317.3465076,602318.2378077395,120674.91951025114,875913.7559321813,329179.5935930217,240927.29512309586,1810123.7926537672,13138706.338982718,4937693.903895325,3613909.426846438,3025883.8841293533,3.0052614698204776,21.813562190651453,8.197815696013244,6.000000000000002,5.023729474210638,0.0,0.0,0.8102346954816524,6
onwind_26483,onshore_wind,15.0,44.04036883069581,26526317.3465076,602318.2378077395,120674.91951025114,875913.7559321813,329179.5935930217,240927.29512309586,1810123.7926537672,13138706.338982718,4937693.903895325,3613909.426846438,3025883.8841293533,3.0052614698204776,21.813562190651453,8.197815696013244,6.000000000000002,5.023729474210638,0.0,0.0,0.8102346954816524,6
onwind_26484,onshore_wind,12.5,45.045114725537935,22609578.436111227,501931.864839783,120674.91951025114,875913.7559321813,329179.5935930217,240927.29512309586,1508436.4938781392,10948921.949152267,4114744.919912771,3011591.189038698,3025883.8841293533,3.0052614698204767,21.813562190651453,8.197815696013244,6.0,6.028475369052765,0.0,0.0,0.8102346954816524,6
onwind_26489,onshore_wind,13.6,44.55751745304103,24332943.55668563,546101.8689456838,120674.91951025114,875913.7559321813,329179.5935930217,240927.29512309586,1641178.9053394154,11912427.080677664,4476842.472865094,3276611.2136741034,3025883.8841293533,3.005261469820477,21.813562190651453,8.197815696013244,6.000000000000001,5.540878096555851,0.0,0.0,0.8102346954816524,6
onwind_26491,onshore_wind,23.8,42.18285541165994,40313238.31110284,955678.2706549468,120674.91951025114,875913.7559321813,329179.5935930217,240927.29512309586,2872063.0843439773,20846747.391185913,7834474.327513916,5734069.623929681,3025883.8841293533,3.005261469820477,21.813562190651453,8.197815696013244,6.000000000000001,3.166216055174772,0.0,0.0,0.8102346954816524,6
onwind_26498,onshore_wind,33.3,41.279580561084565,55196846.170609064,1337146.4879331817,120674.91951025114,875913.7559321813,329179.5935930217,240927.29512309586,4018474.819691363,29167928.07254163,10961680.466647621,8022878.927599091,3025883.8841293533,3.005261469820477,21.813562190651453,8.197815696013244,6.000000000000001,2.2629412045993864,0.0,0.0,0.8102346954816524,6
onwind_26499,onshore_wind,62.5,40.22233443029573,100944356.64403872,2509659.3241989147,120674.91951025114,875913.7559321813,329179.5935930217,240927.29512309586,7542182.469390697,54744609.74576133,20573724.599563856,15057955.945193492,3025883.8841293533,3.0052614698204776,21.813562190651457,8.197815696013246,6.000000000000002,1.2056950738105532,0.0,0.0,0.8102346954816524,6
onwind_26500,onshore_wind,20.7,42.657023033449406,35456482.062211335,831199.1681746806,120674.91951025114,875913.7559321813,329179.5935930217,240927.29512309586,2497970.8338621985,18131414.74779615,6814017.587375549,4987195.009048084,3025883.8841293533,3.005261469820477,21.813562190651457,8.197815696013244,6.000000000000001,3.6403836769642304,0.0,0.0,0.8102346954816524,6
onwind_26501,onshore_wind,13.8,44.47721487193152,24646282.669517346,554132.7787831204,120674.91951025114,875913.7559321813,329179.5935930217,240927.29512309586,1665313.8892414658,12087609.831864102,4542678.3915837,3324796.672698723,3025883.8841293533,3.005261469820477,21.813562190651453,8.197815696013244,6.000000000000001,5.460575515446345,0.0,0.0,0.8102346954816524,6
onwind_26503,onshore_wind,138.0,39.56269690802981,219229871.7380092,5541327.787831204,120674.91951025114,875913.7559321813,329179.5935930217,240927.29512309586,16653138.892414657,120876098.318641,45426783.91583699,33247966.726987228,3025883.8841293533,3.005261469820477,21.813562190651453,8.197815696013244,6.000000000000001,0.5460575515446345,0.0,0.0,0.8102346954816524,6
onwind_26508,onshore_wind,48.0,40.586554817176,78227270.96373975,1927418.3609847666,120674.91951025114,875913.7559321813,329179.5935930217,240927.29512309586,5792396.136492055,42043860.2847447,15800620.492465042,11564510.165908601,3025883.8841293533,3.005261469820477,21.813562190651457,8.197815696013244,6.000000000000001,1.5699154606908243,0.0,0.0,0.8102346954816524,6
onwind_26510,onshore_wind,30.0,41.5285040935905,50026750.80888585,1204636.475615479,120674.91951025114,875913.7559321813,329179.5935930217,240927.29512309586,3620247.5853075343,26277412.677965436,9875387.80779065,7227818.853692876,3025883.8841293533,3.0052614698204776,21.813562190651453,8.197815696013244,6.000000000000002,2.511864737105319,0.0,0.0,0.8102346954816524,6
onwind_26511,onshore_wind,15.0,44.04036883069581,26526317.3465076,602318.2378077395,120674.91951025114,875913.7559321813,329179.5935930217,240927.29512309586,1810123.7926537672,13138706.338982718,4937693.903895325,3613909.426846438,3025883.8841293533,3.0052614698204776,21.813562190651453,8.197815696013244,6.000000000000002,5.023729474210638,0.0,0.0,0.8102346954816524,6
onwind_26516,onshore_wind,18.0,43.203080584994034,31226404.03898325,722781.8853692875,120674.91951025114,875913.7559321813,329179.5935930217,240927.29512309586,2172148.5511845206,15766447.606779262,5925232.684674391,4336691.312215725,3025883.8841293533,3.005261469820477,21.813562190651453,8.197815696013246,6.0,4.186441228508865,0.0,0.0,0.8102346954816524,6
onwind_26526,onshore_wind,16.4,43.61151387558027,28719691.136329573,658534.6066697952,120674.91951025114,875913.7559321813,329179.5935930217,240927.29512309586,1979068.6799681187,14364985.597287772,5398545.334925555,3951207.640018772,3025883.8841293533,3.005261469820477,21.813562190651453,8.197815696013244,6.000000000000001,4.594874519095096,0.0,0.0,0.8102346954816524,6
onwind_26529,onshore_wind,18.0,43.203080584994034,31226404.03898325,722781.8853692875,120674.91951025114,875913.7559321813,329179.5935930217,240927.29512309586,2172148.5511845206,15766447.606779262,5925232.684674391,4336691.312215725,3025883.8841293533,3.005261469820477,21.813562190651453,8.197815696013246,6.0,4.186441228508865,0.0,0.0,0.8102346954816524,6
onwind_26532,onshore_wind,10.0,46.55223356780113,18692839.525714852,401545.49187182635,120674.91951025114,875913.7559321813,329179.5935930217,240927.29512309586,1206749.1951025114,8759137.559321813,3291795.9359302167,2409272.9512309586,3025883.8841293533,3.0052614698204776,21.813562190651457,8.197815696013244,6.000000000000001,7.535594211315957,0.0,0.0,0.8102346954816524,6
onwind_26535,onshore_wind,15.8,43.78600278136869,27779673.79783444,634441.8771574857,120674.91951025114,875913.7559321813,329179.5935930217,240927.29512309586,1906663.7282619681,13839437.343728464,5201037.5787697425,3806651.262944915,3025883.8841293533,3.005261469820477,21.813562190651453,8.197815696013244,6.000000000000001,4.769363424883517,0.0,0.0,0.8102346954816524,6
offwind_26542,offshore_wind,1200.0,43.015485778697965,2540828602.923955,59067764.94390349,115477.28554674426,1072410.1214649186,841937.75196605,49223.13745325291,138572742.65609312,1286892145.7579024,1010325302.35926,59067764.94390349,45970647.20679618,2.345996040102335,21.786707978201996,17.104512136505644,1.0,0.7782696238879935,0.0,0.0,0.7287652803752532,7
onwind_26548,onshore_wind,177.0,39.44237914243523,280330998.7401927,7107355.206131327,120674.91951025114,875913.7559321813,329179.5935930217,240927.29512309586,21359460.753314454,155036734.79999608,58264788.06596484,42644131.23678797,3025883.8841293533,3.0052614698204776,21.813562190651453,8.197815696013244,6.000000000000001,0.425739785950054,0.0,0.0,0.8102346954816524,6
onwind_26558,onshore_wind,28.6,41.651462507294944,47833377.01906388,1148420.1067534236,120674.91951025114,875913.7559321813,329179.5935930217,240927.29512309586,3451302.697993183,25051133.419660386,9414536.376760421,6890520.640520542,3025883.8841293533,3.005261469820477,21.813562190651453,8.197815696013244,6.0,2.634823150809775,0.0,0.0,0.8102346954816524,6
onwind_26567,onshore_wind,36.8,41.06435517477756,60680280.64516399,1477687.410088321,120674.91951025114,875913.7559321813,329179.5935930217,240927.29512309586,4440837.037977242,32233626.21830427,12113809.044223197,8866124.460529927,3025883.8841293533,3.005261469820477,21.813562190651453,8.197815696013244,6.000000000000001,2.04771581829238,0.0,0.0,0.8102346954816524,6
offwind_26568,offshore_wind,402.0,44.56040906193832,881748062.3720444,19787701.256207667,115477.28554674426,1072410.1214649186,841937.75196605,49223.13745325291,46421868.78979119,431108868.8288973,338458976.2903521,19787701.256207667,45970647.20679618,2.345996040102335,21.786707978202,17.104512136505647,1.0,2.323192907128339,0.0,0.0,0.7287652803752532,7
onwind_26572,onshore_wind,12.3,45.14313871527864,22296239.32327952,493900.9550023465,120674.91951025114,875913.7559321813,329179.5935930217,240927.29512309586,1484301.5099760892,10773739.19796583,4048909.001194167,2963405.7300140793,3025883.8841293533,3.005261469820477,21.813562190651453,8.197815696013244,6.000000000000001,6.12649935879346,0.0,0.0,0.8102346954816524,6
onwind_26574,onshore_wind,29.8,41.54536224618852,49713411.696054146,1196605.5657780427,120674.91951025114,875913.7559321813,329179.5935930217,240927.29512309586,3596112.601405484,26102229.926779002,9809551.889072046,7179633.394668257,3025883.8841293533,3.005261469820477,21.813562190651453,8.197815696013244,6.000000000000001,2.528722889703341,0.0,0.0,0.8102346954816524,6
onwind_26575,onshore_wind,69.0,40.10875445957444,111127877.8110693,2770663.893915602,120674.91951025114,875913.7559321813,329179.5935930217,240927.29512309586,8326569.446207329,60438049.1593205,22713391.957918495,16623983.363493614,3025883.8841293533,3.005261469820477,21.813562190651453,8.197815696013244,6.000000000000001,1.092115103089269,0.0,0.0,0.8102346954816524,6
onwind_26578,onshore_wind,42.0,40.810828454417546,68827097.57878844,1686491.0658616708,120674.91951025114,875913.7559321813,329179.5935930217,240927.29512309586,5068346.619430548,36788377.74915161,13825542.93090691,10118946.395170026,3025883.8841293533,3.005261469820477,21.813562190651453,8.197815696013244,6.000000000000001,1.7941890979323707,0.0,0.0,0.8102346954816524,6
onwind_26579,onshore_wind,29.9,41.53690497899887,49870081.25246999,1200621.0206967609,120674.91951025114,875913.7559321813,329179.5935930217,240927.29512309586,3608180.093356509,26189821.302372217,9842469.848431347,7203726.124180566,3025883.8841293533,3.005261469820477,21.813562190651453,8.197815696013244,6.0,2.5202656225136977,0.0,0.0,0.8102346954816524,6
onwind_26584,onshore_wind,21.0,42.60501755234992,35926490.7314589,843245.5329308354,120674.91951025114,875913.7559321813,329179.5935930217,240927.29512309586,2534173.309715274,18394188.874575805,6912771.465453455,5059473.197585013,3025883.8841293533,3.005261469820477,21.813562190651453,8.197815696013244,6.000000000000001,3.5883781958647414,0.0,0.0,0.8102346954816524,6
onwind_26593,onshore_wind,10.3,46.332750241257955,19162848.19496242,413591.8566279812,120674.91951025114,875913.7559321813,329179.5935930217,240927.29512309586,1242951.670955587,9021911.686101468,3390549.8140081237,2481551.1397678875,3025883.8841293533,3.0052614698204776,21.813562190651457,8.197815696013246,6.000000000000001,7.316110884772773,0.0,0.0,0.8102346954816524,6
onwind_26595,onshore_wind,22.5,42.36579233929226,38276534.077696726,903477.3567116094,120674.91951025114,875913.7559321813,329179.5935930217,240927.29512309586,2715185.6889806506,19708059.508474078,7406540.855842988,5420864.140269657,3025883.8841293533,3.005261469820477,21.813562190651453,8.197815696013244,6.0,3.3491529828070914,0.0,0.0,0.8102346954816524,6
onwind_26596,onshore_wind,37.5,41.02613114616943,61776967.540074974,1505795.5945193488,120674.91951025114,875913.7559321813,329179.5935930217,240927.29512309586,4525309.481634418,32846765.847456798,12344234.759738313,9034773.567116095,3025883.8841293533,3.005261469820477,21.813562190651457,8.197815696013244,6.000000000000001,2.009491789684255,0.0,0.0,0.8102346954816524,6
onwind_26597,onshore_wind,18.4,43.112070993069935,31853082.26464667,738843.7050441605,120674.91951025114,875913.7559321813,329179.5935930217,240927.29512309586,2220418.518988621,16116813.109152135,6056904.522111598,4433062.230264964,3025883.8841293533,3.005261469820477,21.813562190651453,8.197815696013244,6.000000000000001,4.09543163658476,0.0,0.0,0.8102346954816524,6
offwind_26604,offshore_wind,714.0,43.545232329411654,1530411130.8585057,35145320.14162257,115477.28554674426,1072410.1214649186,841937.75196605,49223.13745325291,82450781.8803754,765700826.7259519,601143554.9037597,35145320.14162257,45970647.20679618,2.345996040102335,21.786707978202,17.104512136505647,1.0,1.3080161746016699,0.0,0.0,0.7287652803752532,7
onwind_26610,onshore_wind,41.4,40.836831194967296,67887080.24029332,1662398.336349361,120674.91951025114,875913.7559321813,329179.5935930217,240927.29512309586,4995941.667724397,36262829.4955923,13628035.174751097,9974390.018096168,3025883.8841293533,3.005261469820477,21.813562190651457,8.197815696013244,6.000000000000001,1.8201918384821152,0.0,0.0,0.8102346954816524,6
onwind_26611,onshore_wind,18.0,43.203080584994034,31226404.03898325,722781.8853692875,120674.91951025114,875913.7559321813,329179.5935930217,240927.29512309586,2172148.5511845206,15766447.606779262,5925232.684674391,4336691.312215725,3025883.8841293533,3.005261469820477,21.813562190651453,8.197815696013246,6.0,4.186441228508865,0.0,0.0,0.8102346954816524,6
onwind_26612,onshore_wind,13.8,44.47721487193152,24646282.669517346,554132.7787831204,120674.91951025114,875913.7559321813,329179.5935930217,240927.29512309586,1665313.8892414658,12087609.831864102,4542678.3915837,3324796.672698723,3025883.8841293533,3.005261469820477,21.813562190651453,8.197815696013244,6.000000000000001,5.460575515446345,0.0,0.0,0.8102346954816524,6
onwind_26614,onshore_wind,22.0,42.441909452537885,37493186.295617454,883400.0821180181,120674.91951025114,875913.7559321813,329179.5935930217,240927.29512309586,2654848.229225525,19270102.630507987,7241951.059046477,5300400.492708109,3025883.8841293533,3.005261469820477,21.813562190651453,8.197815696013244,6.000000000000001,3.4252700960527074,0.0,0.0,0.8102346954816524,6
offwind_26626,offshore_wind,96.8,51.88518669887601,247222522.30131367,4764799.705474881,115477.28554674426,1072410.1214649186,841937.75196605,49223.13745325291,11178201.240924845,103809299.75780411,81499574.39031364,4764799.705474881,45970647.20679618,2.345996040102335,21.786707978201996,17.104512136505647,1.0,9.647970544066036,0.0,0.0,0.7287652803752532,7
onwind_26629,onshore_wind,13.8,44.47721487193152,24646282.669517346,554132.7787831204,120674.91951025114,875913.7559321813,329179.5935930217,240927.29512309586,1665313.8892414658,12087609.831864102,4542678.3915837,3324796.672698723,3025883.8841293533,3.005261469820477,21.813562190651453,8.197815696013244,6.000000000000001,5.460575515446345,0.0,0.0,0.8102346954816524,6
onwind_26630,onshore_wind,36.8,41.06435517477756,60680280.64516399,1477687.410088321,120674.91951025114,875913.7559321813,329179.5935930217,240927.29512309586,4440837.037977242,32233626.21830427,12113809.044223197,8866124.460529927,3025883.8841293533,3.005261469820477,21.813562190651453,8.197815696013244,6.000000000000001,2.04771581829238,0.0,0.0,0.8102346954816524,6
onwind_26631,onshore_wind,43.0,40.769103126558655,70393793.142947,1726645.6150488534,120674.91951025114,875913.7559321813,329179.5935930217,240927.29512309586,5189021.538940799,37664291.50508379,14154722.524499932,10359873.690293122,3025883.8841293533,3.005261469820477,21.813562190651453,8.197815696013244,6.000000000000001,1.7524637700734782,0.0,0.0,0.8102346954816524,6
onwind_26633,onshore_wind,144.0,39.53994451004878,228630045.1229605,5782255.0829543,120674.91951025114,875913.7559321813,329179.5935930217,240927.29512309586,17377188.409476165,126131580.8542341,47401861.477395125,34693530.4977258,3025883.8841293533,3.005261469820477,21.813562190651453,8.197815696013246,6.0,0.5233051535636081,0.0,0.0,0.8102346954816524,6
onwind_26636,onshore_wind,92.0,39.835725683802124,147161875.78671592,3694218.5252208025,120674.91951025114,875913.7559321813,329179.5935930217,240927.29512309586,11102092.594943106,80584065.54576068,30284522.610557996,22165311.15132482,3025883.8841293533,3.0052614698204776,21.813562190651457,8.197815696013246,6.000000000000001,0.8190863273169519,0.0,0.0,0.8102346954816524,6
onwind_26641,onshore_wind,16.0,43.72638573855765,28093012.910666153,642472.7869949222,120674.91951025114,875913.7559321813,329179.5935930217,240927.29512309586,1930798.7121640183,14014620.0949149,5266873.497488347,3854836.7219695337,3025883.8841293533,3.005261469820477,21.813562190651453,8.197815696013244,6.000000000000001,4.709746382072473,0.0,0.0,0.8102346954816524,6
onwind_26649,onshore_wind,10.0,46.55223356780113,18692839.525714852,401545.49187182635,120674.91951025114,875913.7559321813,329179.5935930217,240927.29512309586,1206749.1951025114,8759137.559321813,3291795.9359302167,2409272.9512309586,3025883.8841293533,3.0052614698204776,21.813562190651457,8.197815696013244,6.000000000000001,7.535594211315957,0.0,0.0,0.8102346954816524,6
onwind_26650,onshore_wind,17.5,43.32269319152286,30443056.256903972,702704.6107756961,120674.91951025114,875913.7559321813,329179.5935930217,240927.29512309586,2111811.091429395,15328490.728813171,5760642.88787788,4216227.664654178,3025883.8841293533,3.0052614698204776,21.813562190651453,8.197815696013246,6.000000000000001,4.30605383503769,0.0,0.0,0.8102346954816524,6
onwind_26651,onshore_wind,32.0,41.37151254752141,53160141.93720295,1284945.5739898444,120674.91951025114,875913.7559321813,329179.5935930217,240927.29512309586,3861597.4243280366,28029240.1898298,10533746.994976694,7709673.443939067,3025883.8841293533,3.005261469820477,21.813562190651453,8.197815696013244,6.000000000000001,2.3548731910362366,0.0,0.0,0.8102346954816524,6
onwind_26667,onshore_wind,29.7,41.55387646467237,49556742.13963829,1192590.1108593242,120674.91951025114,875913.7559321813,329179.5935930217,240927.29512309586,3584045.109454459,26014638.551185783,9776633.929712744,7155540.665155947,3025883.8841293533,3.0052614698204776,21.813562190651457,8.197815696013246,6.000000000000002,2.537237108187191,0.0,0.0,0.8102346954816524,6
onwind_26671,onshore_wind,50.4,40.511796938095486,81987340.31772028,2023789.279034005,120674.91951025114,875913.7559321813,329179.5935930217,240927.29512309586,6082015.943316657,44146053.298981935,16590651.517088292,12142735.674204031,3025883.8841293533,3.0052614698204767,21.813562190651453,8.197815696013244,6.000000000000001,1.4951575816103089,0.0,0.0,0.8102346954816524,6
onwind_26673,onshore_wind,66.0,40.15839605516941,106427791.11859365,2650200.246354054,120674.91951025114,875913.7559321813,329179.5935930217,240927.29512309586,7964544.687676575,57810307.891523965,21725853.17713943,15901201.478124326,3025883.8841293533,3.005261469820477,21.813562190651453,8.197815696013244,6.0,1.1417566986842358,0.0,0.0,0.8102346954816524,6
onwind_26674,onshore_wind,11.5,45.569329975020786,21042882.871952675,461777.3156526003,120674.91951025114,875913.7559321813,329179.5935930217,240927.29512309586,1387761.5743678883,10073008.193220085,3785565.3263197495,2770663.8939156025,3025883.8841293533,3.0052614698204776,21.813562190651457,8.197815696013246,6.000000000000001,6.552690618535615,0.0,0.0,0.8102346954816524,6
onwind_26675,onshore_wind,66.0,40.15839605516941,106427791.11859365,2650200.246354054,120674.91951025114,875913.7559321813,329179.5935930217,240927.29512309586,7964544.687676575,57810307.891523965,21725853.17713943,15901201.478124326,3025883.8841293533,3.005261469820477,21.813562190651453,8.197815696013244,6.0,1.1417566986842358,0.0,0.0,0.8102346954816524,6
onwind_26684,onshore_wind,34.0,41.232990595107516,56293533.065520056,1365254.6723642098,120674.91951025114,875913.7559321813,329179.5935930217,240927.29512309586,4102947.263348539,29781067.701694164,11192106.182162737,8191528.034185259,3025883.8841293533,3.005261469820477,21.813562190651453,8.197815696013244,6.0,2.21635123862234,0.0,0.0,0.8102346954816524,6
onwind_26688,onshore_wind,15.0,44.04036883069581,26526317.3465076,602318.2378077395,120674.91951025114,875913.7559321813,329179.5935930217,240927.29512309586,1810123.7926537672,13138706.338982718,4937693.903895325,3613909.426846438,3025883.8841293533,3.0052614698204776,21.813562190651453,8.197815696013244,6.000000000000002,5.023729474210638,0.0,0.0,0.8102346954816524,6
onwind_26692,onshore_wind,16.4,43.61151387558027,28719691.136329573,658534.6066697952,120674.91951025114,875913.7559321813,329179.5935930217,240927.29512309586,1979068.6799681187,14364985.597287772,5398545.334925555,3951207.640018772,3025883.8841293533,3.005261469820477,21.813562190651453,8.197815696013244,6.000000000000001,4.594874519095096,0.0,0.0,0.8102346954816524,6
onwind_26693,onshore_wind,12.0,45.29630119924847,21826230.65403195,481854.59024619166,120674.91951025114,875913.7559321813,329179.5935930217,240927.29512309586,1448099.0341230137,10510965.071186176,3950155.1231162604,2891127.5414771503,3025883.8841293533,3.005261469820477,21.813562190651457,8.197815696013244,6.000000000000001,6.279661842763297,0.0,0.0,0.8102346954816524,6
onwind_26699,onshore_wind,16.0,43.72638573855765,28093012.910666153,642472.7869949222,120674.91951025114,875913.7559321813,329179.5935930217,240927.29512309586,1930798.7121640183,14014620.0949149,5266873.497488347,3854836.7219695337,3025883.8841293533,3.005261469820477,21.813562190651453,8.197815696013244,6.000000000000001,4.709746382072473,0.0,0.0,0.8102346954816524,6
onwind_26700,onshore_wind,12.0,45.29630119924847,21826230.65403195,481854.59024619166,120674.91951025114,875913.7559321813,329179.5935930217,240927.29512309586,1448099.0341230137,10510965.071186176,3950155.1231162604,2891127.5414771503,3025883.8841293533,3.005261469820477,21.813562190651457,8.197815696013244,6.000000000000001,6.279661842763297,0.0,0.0,0.8102346954816524,6
onwind_26702,onshore_wind,22.0,42.441909452537885,37493186.295617454,883400.0821180181,120674.91951025114,875913.7559321813,329179.5935930217,240927.29512309586,2654848.229225525,19270102.630507987,7241951.059046477,5300400.492708109,3025883.8841293533,3.005261469820477,21.813562190651453,8.197815696013244,6.000000000000001,3.4252700960527074,0.0,0.0,0.8102346954816524,6
onwind_26710,onshore_wind,18.4,43.112070993069935,31853082.26464667,738843.7050441605,120674.91951025114,875913.7559321813,329179.5935930217,240927.29512309586,2220418.518988621,16116813.109152135,6056904.522111598,4433062.230264964,3025883.8841293533,3.005261469820477,21.813562190651453,8.197815696013244,6.000000000000001,4.09543163658476,0.0,0.0,0.8102346954816524,6
onwind_26711,onshore_wind,27.6,41.746927114208354,46266681.45490534,1108265.557566241,120674.91951025114,875913.7559321813,329179.5935930217,240927.29512309586,3330627.7784829317,24175219.663728204,9085356.7831674,6649593.345397446,3025883.8841293533,3.005261469820477,21.813562190651453,8.197815696013244,6.000000000000001,2.7302877577231723,0.0,0.0,0.8102346954816524,6
onwind_26721,onshore_wind,26.0,41.91494482237592,43759968.552251644,1044018.2788667486,120674.91951025114,875913.7559321813,329179.5935930217,240927.29512309586,3137547.9072665297,22773757.65423671,8558669.433418564,6264109.673200492,3025883.8841293533,3.005261469820477,21.813562190651453,8.197815696013246,6.000000000000001,2.8983054658907528,0.0,0.0,0.8102346954816524,6
onwind_26726,onshore_wind,10.0,46.55223356780113,18692839.525714852,401545.49187182635,120674.91951025114,875913.7559321813,329179.5935930217,240927.29512309586,1206749.1951025114,8759137.559321813,3291795.9359302167,2409272.9512309586,3025883.8841293533,3.0052614698204776,21.813562190651457,8.197815696013244,6.000000000000001,7.535594211315957,0.0,0.0,0.8102346954816524,6
onwind_26729,onshore_wind,32.8,41.31407661603273,54413498.38852979,1317069.2133395905,120674.91951025114,875913.7559321813,329179.5935930217,240927.29512309586,3958137.3599362373,28729971.194575544,10797090.66985111,7902415.280037544,3025883.8841293533,3.005261469820477,21.813562190651453,8.197815696013244,6.000000000000001,2.297437259547548,0.0,0.0,0.8102346954816524,6
onwind_26730,onshore_wind,34.9,41.17583540557284,57703559.07326274,1401393.766632674,120674.91951025114,875913.7559321813,329179.5935930217,240927.29512309586,4211554.690907765,30569390.082033124,11488367.816396456,8408362.599796046,3025883.8841293533,3.0052614698204776,21.813562190651453,8.197815696013244,6.000000000000001,2.1591960490876665,0.0,0.0,0.8102346954816524,6
onwind_26731,onshore_wind,12.0,45.29630119924847,21826230.65403195,481854.59024619166,120674.91951025114,875913.7559321813,329179.5935930217,240927.29512309586,1448099.0341230137,10510965.071186176,3950155.1231162604,2891127.5414771503,3025883.8841293533,3.005261469820477,21.813562190651457,8.197815696013244,6.000000000000001,6.279661842763297,0.0,0.0,0.8102346954816524,6
onwind_26732,onshore_wind,70.0,40.0931528152446,112694573.37522784,2810818.4431027845,120674.91951025114,875913.7559321813,329179.5935930217,240927.29512309586,8447244.36571758,61313962.915252686,23042571.55151152,16864910.65861671,3025883.8841293533,3.0052614698204776,21.813562190651453,8.197815696013246,6.000000000000001,1.0765134587594225,0.0,0.0,0.8102346954816524,6
onwind_26738,onshore_wind,15.0,44.04036883069581,26526317.3465076,602318.2378077395,120674.91951025114,875913.7559321813,329179.5935930217,240927.29512309586,1810123.7926537672,13138706.338982718,4937693.903895325,3613909.426846438,3025883.8841293533,3.0052614698204776,21.813562190651453,8.197815696013244,6.000000000000002,5.023729474210638,0.0,0.0,0.8102346954816524,6
onwind_26741,onshore_wind,12.3,45.14313871527864,22296239.32327952,493900.9550023465,120674.91951025114,875913.7559321813,329179.5935930217,240927.29512309586,1484301.5099760892,10773739.19796583,4048909.001194167,2963405.7300140793,3025883.8841293533,3.005261469820477,21.813562190651453,8.197815696013244,6.000000000000001,6.12649935879346,0.0,0.0,0.8102346954816524,6
onwind_26748,onshore_wind,27.0,41.80760017549109,45326664.1164102,1084172.8280539312,120674.91951025114,875913.7559321813,329179.5935930217,240927.29512309586,3258222.826776781,23649671.410168894,8887849.027011584,6505036.968323588,3025883.8841293533,3.0052614698204776,21.813562190651453,8.197815696013244,6.000000000000001,2.79096081900591,0.0,0.0,0.8102346954816524,6
onwind_26750,onshore_wind,36.0,41.109859970739606,59426924.19383714,1445563.770738575,120674.91951025114,875913.7559321813,329179.5935930217,240927.29512309586,4344297.102369041,31532895.213558525,11850465.369348781,8673382.62443145,3025883.8841293533,3.005261469820477,21.813562190651453,8.197815696013246,6.0,2.0932206142544323,0.0,0.0,0.8102346954816524,6
onwind_26758,onshore_wind,156.0,39.49969026746696,247430391.89286312,6264109.673200492,120674.91951025114,875913.7559321813,329179.5935930217,240927.29512309586,18825287.44359918,136642545.92542028,51352016.60051138,37584658.03920295,3025883.8841293533,3.005261469820477,21.813562190651453,8.197815696013244,6.0,0.48305091098179204,0.0,0.0,0.8102346954816524,6
onwind_26761,onshore_wind,25.0,42.03087704101156,42193272.9880931,1003863.729679566,120674.91951025114,875913.7559321813,329179.5935930217,240927.29512309586,3016872.9877562784,21897843.898304533,8229489.839825542,6023182.378077396,3025883.8841293533,3.0052614698204767,21.813562190651453,8.197815696013244,6.0,3.0142376845263823,0.0,0.0,0.8102346954816524,6
offwind_26763,offshore_wind,108.0,50.884656420232126,270507863.2213405,5316098.844951314,115477.28554674426,1072410.1214649186,841937.75196605,49223.13745325291,12471546.83904838,115820293.11821121,90929277.2123334,5316098.844951314,45970647.20679618,2.345996040102335,21.786707978201996,17.104512136505647,1.0,8.64744026542215,0.0,0.0,0.7287652803752532,7
offwind_26764,offshore_wind,64.8,56.64961659718022,180692976.81552273,3189659.306970788,115477.28554674426,1072410.1214649186,841937.75196605,49223.13745325291,7482928.103429028,69492175.87092672,54557566.327400036,3189659.306970788,45970647.20679618,2.345996040102335,21.786707978201996,17.104512136505647,1.0,14.41240044237025,0.0,0.0,0.7287652803752532,7
onwind_26768,onshore_wind,120.0,39.6446055407615,191029351.58315533,4818545.902461916,120674.91951025114,875913.7559321813,329179.5935930217,240927.29512309586,14480990.341230137,105109650.71186174,39501551.2311626,28911275.414771505,3025883.8841293533,3.0052614698204776,21.813562190651453,8.197815696013244,6.000000000000002,0.6279661842763298,0.0,0.0,0.8102346954816524,6
onwind_26772,onshore_wind,26.0,41.91494482237592,43759968.552251644,1044018.2788667486,120674.91951025114,875913.7559321813,329179.5935930217,240927.29512309586,3137547.9072665297,22773757.65423671,8558669.433418564,6264109.673200492,3025883.8841293533,3.005261469820477,21.813562190651453,8.197815696013246,6.000000000000001,2.8983054658907528,0.0,0.0,0.8102346954816524,6
onwind_26774,onshore_wind,24.6,42.079889035881905,41566594.762429684,987801.910004693,120674.91951025114,875913.7559321813,329179.5935930217,240927.29512309586,2968603.0199521785,21547478.39593166,8097818.002388334,5926811.4600281585,3025883.8841293533,3.005261469820477,21.813562190651453,8.197815696013244,6.000000000000001,3.06324967939673,0.0,0.0,0.8102346954816524,6
onwind_26775,onshore_wind,13.2,44.72542284990635,23706265.33102221,530040.0492708108,120674.91951025114,875913.7559321813,329179.5935930217,240927.29512309586,1592908.937535315,11562061.578304792,4345170.635427886,3180240.295624865,3025883.8841293533,3.005261469820477,21.813562190651453,8.197815696013244,6.000000000000001,5.70878349342118,0.0,0.0,0.8102346954816524,6
onwind_26776,onshore_wind,34.0,41.232990595107516,56293533.065520056,1365254.6723642098,120674.91951025114,875913.7559321813,329179.5935930217,240927.29512309586,4102947.263348539,29781067.701694164,11192106.182162737,8191528.034185259,3025883.8841293533,3.005261469820477,21.813562190651453,8.197815696013244,6.0,2.21635123862234,0.0,0.0,0.8102346954816524,6
onwind_26779,onshore_wind,51.7,40.474201099486336,84024044.5511264,2075990.1929773425,120674.91951025114,875913.7559321813,329179.5935930217,240927.29512309586,6238893.338679984,45284741.18169377,17018584.988759223,12455941.157864057,3025883.8841293533,3.005261469820477,21.813562190651453,8.197815696013246,6.000000000000001,1.457561743001152,0.0,0.0,0.8102346954816524,6
onwind_26781,onshore_wind,13.2,44.72542284990635,23706265.33102221,530040.0492708108,120674.91951025114,875913.7559321813,329179.5935930217,240927.29512309586,1592908.937535315,11562061.578304792,4345170.635427886,3180240.295624865,3025883.8841293533,3.005261469820477,21.813562190651453,8.197815696013244,6.000000000000001,5.70878349342118,0.0,0.0,0.8102346954816524,6
onwind_26782,onshore_wind,29.8,41.54536224618852,49713411.696054146,1196605.5657780427,120674.91951025114,875913.7559321813,329179.5935930217,240927.29512309586,3596112.601405484,26102229.926779002,9809551.889072046,7179633.394668257,3025883.8841293533,3.005261469820477,21.813562190651453,8.197815696013244,6.000000000000001,2.528722889703341,0.0,0.0,0.8102346954816524,6
onwind_26786,onshore_wind,136.0,39.57072716614076,216096480.60969216,5461018.689456839,120674.91951025114,875913.7559321813,329179.5935930217,240927.29512309586,16411789.053394156,119124270.80677666,44768424.72865095,32766112.136741035,3025883.8841293533,3.005261469820477,21.813562190651453,8.197815696013244,6.0,0.554087809655585,0.0,0.0,0.8102346954816524,6
onwind_26794,onshore_wind,10.0,46.55223356780113,18692839.525714852,401545.49187182635,120674.91951025114,875913.7559321813,329179.5935930217,240927.29512309586,1206749.1951025114,8759137.559321813,3291795.9359302167,2409272.9512309586,3025883.8841293533,3.0052614698204776,21.813562190651457,8.197815696013244,6.000000000000001,7.535594211315957,0.0,0.0,0.8102346954816524,6
onwind_26823,onshore_wind,48.0,40.586554817176,78227270.96373975,1927418.3609847666,120674.91951025114,875913.7559321813,329179.5935930217,240927.29512309586,5792396.136492055,42043860.2847447,15800620.492465042,11564510.165908601,3025883.8841293533,3.005261469820477,21.813562190651457,8.197815696013244,6.000000000000001,1.5699154606908243,0.0,0.0,0.8102346954816524,6
onwind_26834,onshore_wind,10.3,46.332750241257955,19162848.19496242,413591.8566279812,120674.91951025114,875913.7559321813,329179.5935930217,240927.29512309586,1242951.670955587,9021911.686101468,3390549.8140081237,2481551.1397678875,3025883.8841293533,3.0052614698204776,21.813562190651457,8.197815696013246,6.000000000000001,7.316110884772773,0.0,0.0,0.8102346954816524,6
offwind_26838,offshore_wind,1218.0,43.003984257162685,2578251472.2597127,59953781.41806204,115477.28554674426,1072410.1214649186,841937.75196605,49223.13745325291,140651333.7959345,1306195527.9442708,1025480181.8946489,59953781.41806204,45970647.20679618,2.345996040102335,21.786707978201996,17.104512136505647,1.0,0.766768102352703,0.0,0.0,0.7287652803752532,7
onwind_26845,onshore_wind,20.0,42.784436462143155,34359795.16730035,803090.9837436527,120674.91951025114,875913.7559321813,329179.5935930217,240927.29512309586,2413498.390205023,17518275.118643627,6583591.871860433,4818545.902461917,3025883.8841293533,3.0052614698204776,21.813562190651457,8.197815696013244,6.000000000000001,3.7677971056579787,0.0,0.0,0.8102346954816524,6
onwind_26847,onshore_wind,24.0,42.15647027786682,40626577.42393455,963709.1804923833,120674.91951025114,875913.7559321813,329179.5935930217,240927.29512309586,2896198.0682460275,21021930.14237235,7900310.246232521,5782255.082954301,3025883.8841293533,3.005261469820477,21.813562190651457,8.197815696013244,6.000000000000001,3.1398309213816487,0.0,0.0,0.8102346954816524,6
onwind_26851,onshore_wind,13.8,44.47721487193152,24646282.669517346,554132.7787831204,120674.91951025114,875913.7559321813,329179.5935930217,240927.29512309586,1665313.8892414658,12087609.831864102,4542678.3915837,3324796.672698723,3025883.8841293533,3.005261469820477,21.813562190651453,8.197815696013244,6.000000000000001,5.460575515446345,0.0,0.0,0.8102346954816524,6
offwind_26852,offshore_wind,97.2,51.845483116390135,248054141.61988604,4784488.960456183,115477.28554674426,1072410.1214649186,841937.75196605,49223.13745325291,11224392.155143542,104238263.80639009,81836349.49110006,4784488.960456183,45970647.20679618,2.3459960401023348,21.786707978201996,17.104512136505644,1.0,9.608266961580165,0.0,0.0,0.7287652803752532,7
onwind_26855,onshore_wind,24.0,42.15647027786682,40626577.42393455,963709.1804923833,120674.91951025114,875913.7559321813,329179.5935930217,240927.29512309586,2896198.0682460275,21021930.14237235,7900310.246232521,5782255.082954301,3025883.8841293533,3.005261469820477,21.813562190651457,8.197815696013244,6.000000000000001,3.1398309213816487,0.0,0.0,0.8102346954816524,6
onwind_26859,onshore_wind,13.8,44.47721487193152,24646282.669517346,554132.7787831204,120674.91951025114,875913.7559321813,329179.5935930217,240927.29512309586,1665313.8892414658,12087609.831864102,4542678.3915837,3324796.672698723,3025883.8841293533,3.005261469820477,21.813562190651453,8.197815696013244,6.000000000000001,5.460575515446345,0.0,0.0,0.8102346954816524,6
onwind_26860,onshore_wind,68.0,40.12481497579635,109561182.24691077,2730509.3447284196,120674.91951025114,875913.7559321813,329179.5935930217,240927.29512309586,8205894.526697078,59562135.40338833,22384212.364325475,16383056.068370517,3025883.8841293533,3.005261469820477,21.813562190651453,8.197815696013244,6.0,1.10817561931117,0.0,0.0,0.8102346954816524,6
onwind_26863,onshore_wind,28.0,41.707923003383726,46893359.68056875,1124327.377241114,120674.91951025114,875913.7559321813,329179.5935930217,240927.29512309586,3378897.746287032,24525585.166101076,9217028.620604606,6745964.263446684,3025883.8841293533,3.005261469820477,21.813562190651453,8.197815696013244,6.0,2.691283646898556,0.0,0.0,0.8102346954816524,6
onwind_26865,onshore_wind,12.5,45.045114725537935,22609578.436111227,501931.864839783,120674.91951025114,875913.7559321813,329179.5935930217,240927.29512309586,1508436.4938781392,10948921.949152267,4114744.919912771,3011591.189038698,3025883.8841293533,3.0052614698204767,21.813562190651453,8.197815696013244,6.0,6.028475369052765,0.0,0.0,0.8102346954816524,6
offwind_26873,offshore_wind,90.0,52.61414447331655,233084993.88558304,4430082.370792761,115477.28554674426,1072410.1214649186,841937.75196605,49223.13745325291,10392955.699206984,96516910.93184267,75774397.6769445,4430082.370792761,45970647.20679618,2.345996040102335,21.786707978201996,17.104512136505647,1.0,10.37692831850658,0.0,0.0,0.7287652803752532,7
offwind_26874,offshore_wind,49.5,61.104358552094666,148883537.88012898,2436545.303936019,115477.28554674426,1072410.1214649186,841937.75196605,49223.13745325291,5716125.634563841,53084301.01251347,41675918.72231948,2436545.303936019,45970647.20679618,2.3459960401023348,21.786707978201996,17.104512136505647,1.0,18.86714239728469,0.0,0.0,0.7287652803752532,7
onwind_26876,onshore_wind,20.0,42.784436462143155,34359795.16730035,803090.9837436527,120674.91951025114,875913.7559321813,329179.5935930217,240927.29512309586,2413498.390205023,17518275.118643627,6583591.871860433,4818545.902461917,3025883.8841293533,3.0052614698204776,21.813562190651457,8.197815696013244,6.000000000000001,3.7677971056579787,0.0,0.0,0.8102346954816524,6
onwind_26878,onshore_wind,18.4,43.112070993069935,31853082.26464667,738843.7050441605,120674.91951025114,875913.7559321813,329179.5935930217,240927.29512309586,2220418.518988621,16116813.109152135,6056904.522111598,4433062.230264964,3025883.8841293533,3.005261469820477,21.813562190651453,8.197815696013244,6.000000000000001,4.09543163658476,0.0,0.0,0.8102346954816524,6
onwind_26879,onshore_wind,239.0,39.33193618541053,377466123.71802276,9596937.25573665,120674.91951025114,875913.7559321813,329179.5935930217,240927.29512309586,28841305.76295002,209343387.6677913,78673922.86873218,57581623.53441991,3025883.8841293533,3.005261469820477,21.813562190651453,8.197815696013244,6.0,0.3152968289253538,0.0,0.0,0.8102346954816524,6
onwind_26883,onshore_wind,12.0,45.29630119924847,21826230.65403195,481854.59024619166,120674.91951025114,875913.7559321813,329179.5935930217,240927.29512309586,1448099.0341230137,10510965.071186176,3950155.1231162604,2891127.5414771503,3025883.8841293533,3.005261469820477,21.813562190651457,8.197815696013244,6.000000000000001,6.279661842763297,0.0,0.0,0.8102346954816524,6
onwind_26888,onshore_wind,22.0,42.441909452537885,37493186.295617454,883400.0821180181,120674.91951025114,875913.7559321813,329179.5935930217,240927.29512309586,2654848.229225525,19270102.630507987,7241951.059046477,5300400.492708109,3025883.8841293533,3.005261469820477,21.813562190651453,8.197815696013244,6.000000000000001,3.4252700960527074,0.0,0.0,0.8102346954816524,6
onwind_26889,onshore_wind,18.8,43.02493414973835,32479760.490310095,754905.5247190336,120674.91951025114,875913.7559321813,329179.5935930217,240927.29512309586,2268688.486792722,16467178.611525008,6188576.359548808,4529433.148314202,3025883.8841293533,3.0052614698204776,21.813562190651453,8.197815696013244,6.000000000000001,4.008294793253168,0.0,0.0,0.8102346954816524,6
onwind_26894,onshore_wind,16.0,43.72638573855765,28093012.910666153,642472.7869949222,120674.91951025114,875913.7559321813,329179.5935930217,240927.29512309586,1930798.7121640183,14014620.0949149,5266873.497488347,3854836.7219695337,3025883.8841293533,3.005261469820477,21.813562190651453,8.197815696013244,6.000000000000001,4.709746382072473,0.0,0.0,0.8102346954816524,6
onwind_26909,onshore_wind,10.0,46.55223356780113,18692839.525714852,401545.49187182635,120674.91951025114,875913.7559321813,329179.5935930217,240927.29512309586,1206749.1951025114,8759137.559321813,3291795.9359302167,2409272.9512309586,3025883.8841293533,3.0052614698204776,21.813562190651457,8.197815696013244,6.000000000000001,7.535594211315957,0.0,0.0,0.8102346954816524,6
onwind_26912,onshore_wind,20.0,42.784436462143155,34359795.16730035,803090.9837436527,120674.91951025114,875913.7559321813,329179.5935930217,240927.29512309586,2413498.390205023,17518275.118643627,6583591.871860433,4818545.902461917,3025883.8841293533,3.0052614698204776,21.813562190651457,8.197815696013244,6.000000000000001,3.7677971056579787,0.0,0.0,0.8102346954816524,6
onwind_26914,onshore_wind,16.0,43.72638573855765,28093012.910666153,642472.7869949222,120674.91951025114,875913.7559321813,329179.5935930217,240927.29512309586,1930798.7121640183,14014620.0949149,5266873.497488347,3854836.7219695337,3025883.8841293533,3.005261469820477,21.813562190651453,8.197815696013244,6.000000000000001,4.709746382072473,0.0,0.0,0.8102346954816524,6
onwind_26932,onshore_wind,10.0,46.55223356780113,18692839.525714852,401545.49187182635,120674.91951025114,875913.7559321813,329179.5935930217,240927.29512309586,1206749.1951025114,8759137.559321813,3291795.9359302167,2409272.9512309586,3025883.8841293533,3.0052614698204776,21.813562190651457,8.197815696013244,6.000000000000001,7.535594211315957,0.0,0.0,0.8102346954816524,6
onwind_26938,onshore_wind,15.0,44.04036883069581,26526317.3465076,602318.2378077395,120674.91951025114,875913.7559321813,329179.5935930217,240927.29512309586,1810123.7926537672,13138706.338982718,4937693.903895325,3613909.426846438,3025883.8841293533,3.0052614698204776,21.813562190651453,8.197815696013244,6.000000000000002,5.023729474210638,0.0,0.0,0.8102346954816524,6
onwind_26943,onshore_wind,30.0,41.5285040935905,50026750.80888585,1204636.475615479,120674.91951025114,875913.7559321813,329179.5935930217,240927.29512309586,3620247.5853075343,26277412.677965436,9875387.80779065,7227818.853692876,3025883.8841293533,3.0052614698204776,21.813562190651453,8.197815696013244,6.000000000000002,2.511864737105319,0.0,0.0,0.8102346954816524,6
onwind_26950,onshore_wind,25.0,42.03087704101156,42193272.9880931,1003863.729679566,120674.91951025114,875913.7559321813,329179.5935930217,240927.29512309586,3016872.9877562784,21897843.898304533,8229489.839825542,6023182.378077396,3025883.8841293533,3.0052614698204767,21.813562190651453,8.197815696013244,6.0,3.0142376845263823,0.0,0.0,0.8102346954816524,6
onwind_26952,onshore_wind,20.4,42.71055808752241,34986473.39296377,819152.8034185257,120674.91951025114,875913.7559321813,329179.5935930217,240927.29512309586,2461768.3580091232,17868640.621016495,6715263.709297642,4914916.820511155,3025883.8841293533,3.0052614698204776,21.813562190651453,8.197815696013246,6.000000000000001,3.693918731037234,0.0,0.0,0.8102346954816524,6
onwind_26955,onshore_wind,31.0,41.447476198845166,51593446.37304441,1244791.0248026617,120674.91951025114,875913.7559321813,329179.5935930217,240927.29512309586,3740922.5048177857,27153326.43389762,10204567.401383672,7468746.148815972,3025883.8841293533,3.0052614698204776,21.813562190651453,8.197815696013244,6.000000000000001,2.430836842359986,0.0,0.0,0.8102346954816524,6
onwind_26957,onshore_wind,20.0,42.784436462143155,34359795.16730035,803090.9837436527,120674.91951025114,875913.7559321813,329179.5935930217,240927.29512309586,2413498.390205023,17518275.118643627,6583591.871860433,4818545.902461917,3025883.8841293533,3.0052614698204776,21.813562190651457,8.197815696013244,6.000000000000001,3.7677971056579787,0.0,0.0,0.8102346954816524,6
onwind_26960,onshore_wind,24.0,42.15647027786682,40626577.42393455,963709.1804923833,120674.91951025114,875913.7559321813,329179.5935930217,240927.29512309586,2896198.0682460275,21021930.14237235,7900310.246232521,5782255.082954301,3025883.8841293533,3.005261469820477,21.813562190651457,8.197815696013244,6.000000000000001,3.1398309213816487,0.0,0.0,0.8102346954816524,6
onwind_26970,onshore_wind,10.0,46.55223356780113,18692839.525714852,401545.49187182635,120674.91951025114,875913.7559321813,329179.5935930217,240927.29512309586,1206749.1951025114,8759137.559321813,3291795.9359302167,2409272.9512309586,3025883.8841293533,3.0052614698204776,21.813562190651457,8.197815696013244,6.000000000000001,7.535594211315957,0.0,0.0,0.8102346954816524,6
onwind_26972,onshore_wind,51.0,40.49420684890007,82927357.6562154,2047882.0085463144,120674.91951025114,875913.7559321813,329179.5935930217,240927.29512309586,6154420.895022809,44671601.55254124,16788159.273244105,12287292.051277889,3025883.8841293533,3.0052614698204776,21.813562190651453,8.197815696013244,6.000000000000001,1.4775674924148936,0.0,0.0,0.8102346954816524,6
onwind_26980,onshore_wind,27.6,41.746927114208354,46266681.45490534,1108265.557566241,120674.91951025114,875913.7559321813,329179.5935930217,240927.29512309586,3330627.7784829317,24175219.663728204,9085356.7831674,6649593.345397446,3025883.8841293533,3.005261469820477,21.813562190651453,8.197815696013244,6.000000000000001,2.7302877577231723,0.0,0.0,0.8102346954816524,6
onwind_26985,onshore_wind,38.0,40.99969046472622,62560315.32215426,1525872.8691129403,120674.91951025114,875913.7559321813,329179.5935930217,240927.29512309586,4585646.941389544,33284722.72542289,12508824.556534823,9155237.214677643,3025883.8841293533,3.0052614698204776,21.813562190651453,8.197815696013244,6.000000000000001,1.9830511082410411,0.0,0.0,0.8102346954816524,6
onwind_26989,onshore_wind,10.5,46.193395748214655,19476187.307794128,421622.7664654177,120674.91951025114,875913.7559321813,329179.5935930217,240927.29512309586,1267086.654857637,9197094.437287902,3456385.7327267276,2529736.5987925064,3025883.8841293533,3.005261469820477,21.813562190651453,8.197815696013244,6.000000000000001,7.176756391729483,0.0,0.0,0.8102346954816524,6
onwind_26995,onshore_wind,26.0,41.91494482237592,43759968.552251644,1044018.2788667486,120674.91951025114,875913.7559321813,329179.5935930217,240927.29512309586,3137547.9072665297,22773757.65423671,8558669.433418564,6264109.673200492,3025883.8841293533,3.005261469820477,21.813562190651453,8.197815696013246,6.000000000000001,2.8983054658907528,0.0,0.0,0.8102346954816524,6
offwind_26996,offshore_wind,97.2,51.845483116390135,248054141.61988604,4784488.960456183,115477.28554674426,1072410.1214649186,841937.75196605,49223.13745325291,11224392.155143542,104238263.80639009,81836349.49110006,4784488.960456183,45970647.20679618,2.3459960401023348,21.786707978201996,17.104512136505644,1.0,9.608266961580165,0.0,0.0,0.7287652803752532,7
onwind_27000,onshore_wind,24.0,42.15647027786682,40626577.42393455,963709.1804923833,120674.91951025114,875913.7559321813,329179.5935930217,240927.29512309586,2896198.0682460275,21021930.14237235,7900310.246232521,5782255.082954301,3025883.8841293533,3.005261469820477,21.813562190651457,8.197815696013244,6.000000000000001,3.1398309213816487,0.0,0.0,0.8102346954816524,6
onwind_27001,onshore_wind,26.0,41.91494482237592,43759968.552251644,1044018.2788667486,120674.91951025114,875913.7559321813,329179.5935930217,240927.29512309586,3137547.9072665297,22773757.65423671,8558669.433418564,6264109.673200492,3025883.8841293533,3.005261469820477,21.813562190651453,8.197815696013246,6.000000000000001,2.8983054658907528,0.0,0.0,0.8102346954816524,6
onwind_27007,onshore_wind,56.0,40.36228117993445,90760835.47700815,2248654.754482228,120674.91951025114,875913.7559321813,329179.5935930217,240927.29512309586,6757795.492574064,49051170.33220215,18434057.241209213,13491928.526893368,3025883.8841293533,3.005261469820477,21.813562190651453,8.197815696013244,6.0,1.345641823449278,0.0,0.0,0.8102346954816524,6
onwind_27013,onshore_wind,17.0,43.449341833729854,29659708.474824704,682627.3361821049,120674.91951025114,875913.7559321813,329179.5935930217,240927.29512309586,2051473.6316742694,14890533.850847082,5596053.091081369,4095764.0170926293,3025883.8841293533,3.005261469820477,21.813562190651453,8.197815696013244,6.0,4.43270247724468,0.0,0.0,0.8102346954816524,6
onwind_27018,onshore_wind,10.0,46.55223356780113,18692839.525714852,401545.49187182635,120674.91951025114,875913.7559321813,329179.5935930217,240927.29512309586,1206749.1951025114,8759137.559321813,3291795.9359302167,2409272.9512309586,3025883.8841293533,3.0052614698204776,21.813562190651457,8.197815696013244,6.000000000000001,7.535594211315957,0.0,0.0,0.8102346954816524,6
onwind_27028,onshore_wind,12.0,45.29630119924847,21826230.65403195,481854.59024619166,120674.91951025114,875913.7559321813,329179.5935930217,240927.29512309586,1448099.0341230137,10510965.071186176,3950155.1231162604,2891127.5414771503,3025883.8841293533,3.005261469820477,21.813562190651457,8.197815696013244,6.000000000000001,6.279661842763297,0.0,0.0,0.8102346954816524,6
onwind_27033,onshore_wind,54.0,40.41211976598814,87627444.34869106,2168345.6561078625,120674.91951025114,875913.7559321813,329179.5935930217,240927.29512309586,6516445.653553562,47299342.82033779,17775698.05402317,13010073.936647177,3025883.8841293533,3.0052614698204776,21.813562190651453,8.197815696013244,6.000000000000001,1.395480409502955,0.0,0.0,0.8102346954816524,6
onwind_27034,onshore_wind,12.0,45.29630119924847,21826230.65403195,481854.59024619166,120674.91951025114,875913.7559321813,329179.5935930217,240927.29512309586,1448099.0341230137,10510965.071186176,3950155.1231162604,2891127.5414771503,3025883.8841293533,3.005261469820477,21.813562190651457,8.197815696013244,6.000000000000001,6.279661842763297,0.0,0.0,0.8102346954816524,6
onwind_27035,onshore_wind,20.7,42.657023033449406,35456482.062211335,831199.1681746806,120674.91951025114,875913.7559321813,329179.5935930217,240927.29512309586,2497970.8338621985,18131414.74779615,6814017.587375549,4987195.009048084,3025883.8841293533,3.005261469820477,21.813562190651457,8.197815696013244,6.000000000000001,3.6403836769642304,0.0,0.0,0.8102346954816524,6
onwind_27040,onshore_wind,40.0,40.90053790931417,65693706.45047135,1606181.9674873054,120674.91951025114,875913.7559321813,329179.5935930217,240927.29512309586,4826996.780410046,35036550.23728725,13167183.743720867,9637091.804923834,3025883.8841293533,3.0052614698204776,21.813562190651457,8.197815696013244,6.000000000000001,1.8838985528289893,0.0,0.0,0.8102346954816524,6
onwind_27041,onshore_wind,10.0,46.55223356780113,18692839.525714852,401545.49187182635,120674.91951025114,875913.7559321813,329179.5935930217,240927.29512309586,1206749.1951025114,8759137.559321813,3291795.9359302167,2409272.9512309586,3025883.8841293533,3.0052614698204776,21.813562190651457,8.197815696013244,6.000000000000001,7.535594211315957,0.0,0.0,0.8102346954816524,6
onwind_27042,onshore_wind,15.0,44.04036883069581,26526317.3465076,602318.2378077395,120674.91951025114,875913.7559321813,329179.5935930217,240927.29512309586,1810123.7926537672,13138706.338982718,4937693.903895325,3613909.426846438,3025883.8841293533,3.0052614698204776,21.813562190651453,8.197815696013244,6.000000000000002,5.023729474210638,0.0,0.0,0.8102346954816524,6
onwind_27045,onshore_wind,14.0,44.39920665028228,24959621.78234905,562163.688620557,120674.91951025114,875913.7559321813,329179.5935930217,240927.29512309586,1689448.873143516,12262792.583050538,4608514.310302303,3372982.131723342,3025883.8841293533,3.005261469820477,21.813562190651453,8.197815696013244,6.0,5.382567293797112,0.0,0.0,0.8102346954816524,6
onwind_27049,onshore_wind,36.8,41.06435517477756,60680280.64516399,1477687.410088321,120674.91951025114,875913.7559321813,329179.5935930217,240927.29512309586,4440837.037977242,32233626.21830427,12113809.044223197,8866124.460529927,3025883.8841293533,3.005261469820477,21.813562190651453,8.197815696013244,6.000000000000001,2.04771581829238,0.0,0.0,0.8102346954816524,6
onwind_27053,onshore_wind,11.7,45.45731816957574,21356221.984784387,469808.2254900368,120674.91951025114,875913.7559321813,329179.5935930217,240927.29512309586,1411896.5582699382,10248190.94440652,3851401.2450383534,2818849.3529402213,3025883.8841293533,3.005261469820477,21.813562190651457,8.197815696013244,6.000000000000001,6.440678813090561,0.0,0.0,0.8102346954816524,6
onwind_27055,onshore_wind,15.0,44.04036883069581,26526317.3465076,602318.2378077395,120674.91951025114,875913.7559321813,329179.5935930217,240927.29512309586,1810123.7926537672,13138706.338982718,4937693.903895325,3613909.426846438,3025883.8841293533,3.0052614698204776,21.813562190651453,8.197815696013244,6.000000000000002,5.023729474210638,0.0,0.0,0.8102346954816524,6
onwind_27061,onshore_wind,12.0,45.29630119924847,21826230.65403195,481854.59024619166,120674.91951025114,875913.7559321813,329179.5935930217,240927.29512309586,1448099.0341230137,10510965.071186176,3950155.1231162604,2891127.5414771503,3025883.8841293533,3.005261469820477,21.813562190651457,8.197815696013244,6.000000000000001,6.279661842763297,0.0,0.0,0.8102346954816524,6
onwind_27064,onshore_wind,12.0,45.29630119924847,21826230.65403195,481854.59024619166,120674.91951025114,875913.7559321813,329179.5935930217,240927.29512309586,1448099.0341230137,10510965.071186176,3950155.1231162604,2891127.5414771503,3025883.8841293533,3.005261469820477,21.813562190651457,8.197815696013244,6.000000000000001,6.279661842763297,0.0,0.0,0.8102346954816524,6
offwind_27071,offshore_wind,316.0,45.19267042273906,702949908.8789814,15554511.43522792,115477.28554674426,1072410.1214649186,841937.75196605,49223.13745325291,36490822.23277119,338881598.3829143,266052329.6212718,15554511.43522792,45970647.20679618,2.345996040102335,21.786707978201996,17.104512136505644,1.0,2.955454267929089,0.0,0.0,0.7287652803752532,7
offwind_27072,offshore_wind,316.0,45.19267042273906,702949908.8789814,15554511.43522792,115477.28554674426,1072410.1214649186,841937.75196605,49223.13745325291,36490822.23277119,338881598.3829143,266052329.6212718,15554511.43522792,45970647.20679618,2.345996040102335,21.786707978201996,17.104512136505644,1.0,2.955454267929089,0.0,0.0,0.7287652803752532,7
offwind_27073,offshore_wind,316.0,45.19267042273906,702949908.8789814,15554511.43522792,115477.28554674426,1072410.1214649186,841937.75196605,49223.13745325291,36490822.23277119,338881598.3829143,266052329.6212718,15554511.43522792,45970647.20679618,2.345996040102335,21.786707978201996,17.104512136505644,1.0,2.955454267929089,0.0,0.0,0.7287652803752532,7
onwind_27087,onshore_wind,12.3,45.14313871527864,22296239.32327952,493900.9550023465,120674.91951025114,875913.7559321813,329179.5935930217,240927.29512309586,1484301.5099760892,10773739.19796583,4048909.001194167,2963405.7300140793,3025883.8841293533,3.005261469820477,21.813562190651453,8.197815696013244,6.000000000000001,6.12649935879346,0.0,0.0,0.8102346954816524,6
onwind_27094,onshore_wind,22.5,42.36579233929226,38276534.077696726,903477.3567116094,120674.91951025114,875913.7559321813,329179.5935930217,240927.29512309586,2715185.6889806506,19708059.508474078,7406540.855842988,5420864.140269657,3025883.8841293533,3.005261469820477,21.813562190651453,8.197815696013244,6.0,3.3491529828070914,0.0,0.0,0.8102346954816524,6
onwind_27096,onshore_wind,14.5,44.21360088153066,25742969.564428326,582240.9632141483,120674.91951025114,875913.7559321813,329179.5935930217,240927.29512309586,1749786.3328986415,12700749.461016629,4773104.107098814,3493445.77928489,3025883.8841293533,3.0052614698204767,21.813562190651453,8.197815696013242,6.0,5.196961525045487,0.0,0.0,0.8102346954816524,6
onwind_27097,onshore_wind,10.2,46.404476818559644,19006178.63854656,409576.40170926286,120674.91951025114,875913.7559321813,329179.5935930217,240927.29512309586,1230884.1790045616,8934320.310508247,3357631.854648821,2457458.4102555774,3025883.8841293533,3.0052614698204776,21.813562190651453,8.197815696013246,6.000000000000001,7.387837462074468,0.0,0.0,0.8102346954816524,6
onwind_27103,onshore_wind,12.0,45.29630119924847,21826230.65403195,481854.59024619166,120674.91951025114,875913.7559321813,329179.5935930217,240927.29512309586,1448099.0341230137,10510965.071186176,3950155.1231162604,2891127.5414771503,3025883.8841293533,3.005261469820477,21.813562190651457,8.197815696013244,6.000000000000001,6.279661842763297,0.0,0.0,0.8102346954816524,6
onwind_27105,onshore_wind,34.5,41.20086956266371,57076880.84759932,1385331.946957801,120674.91951025114,875913.7559321813,329179.5935930217,240927.29512309586,4163284.7231036643,30219024.57966025,11356695.978959247,8311991.681746807,3025883.8841293533,3.005261469820477,21.813562190651453,8.197815696013244,6.000000000000001,2.184230206178538,0.0,0.0,0.8102346954816524,6
onwind_27107,onshore_wind,32.8,41.31407661603273,54413498.38852979,1317069.2133395905,120674.91951025114,875913.7559321813,329179.5935930217,240927.29512309586,3958137.3599362373,28729971.194575544,10797090.66985111,7902415.280037544,3025883.8841293533,3.005261469820477,21.813562190651453,8.197815696013244,6.000000000000001,2.297437259547548,0.0,0.0,0.8102346954816524,6
onwind_27120,onshore_wind,10.0,46.55223356780113,18692839.525714852,401545.49187182635,120674.91951025114,875913.7559321813,329179.5935930217,240927.29512309586,1206749.1951025114,8759137.559321813,3291795.9359302167,2409272.9512309586,3025883.8841293533,3.0052614698204776,21.813562190651457,8.197815696013244,6.000000000000001,7.535594211315957,0.0,0.0,0.8102346954816524,6
onwind_27125,onshore_wind,14.4,44.24969089212125,25586300.00801247,578225.50829543,120674.91951025114,875913.7559321813,329179.5935930217,240927.29512309586,1737718.8409476166,12613158.08542341,4740186.147739512,3469353.0497725806,3025883.8841293533,3.0052614698204776,21.813562190651453,8.197815696013244,6.000000000000001,5.233051535636081,0.0,0.0,0.8102346954816524,6
offwind_27139,offshore_wind,60.0,57.80260863256984,170713544.99265411,2953388.2471951745,115477.28554674426,1072410.1214649186,841937.75196605,49223.13745325291,6928637.1328046555,64344607.28789511,50516265.117963,2953388.2471951745,45970647.20679618,2.345996040102335,21.786707978201996,17.104512136505647,1.0,15.56539247775987,0.0,0.0,0.7287652803752532,7
onwind_27142,onshore_wind,14.4,44.24969089212125,25586300.00801247,578225.50829543,120674.91951025114,875913.7559321813,329179.5935930217,240927.29512309586,1737718.8409476166,12613158.08542341,4740186.147739512,3469353.0497725806,3025883.8841293533,3.0052614698204776,21.813562190651453,8.197815696013244,6.000000000000001,5.233051535636081,0.0,0.0,0.8102346954816524,6
onwind_27143,onshore_wind,22.0,42.441909452537885,37493186.295617454,883400.0821180181,120674.91951025114,875913.7559321813,329179.5935930217,240927.29512309586,2654848.229225525,19270102.630507987,7241951.059046477,5300400.492708109,3025883.8841293533,3.005261469820477,21.813562190651453,8.197815696013244,6.000000000000001,3.4252700960527074,0.0,0.0,0.8102346954816524,6
onwind_27144,onshore_wind,18.4,43.112070993069935,31853082.26464667,738843.7050441605,120674.91951025114,875913.7559321813,329179.5935930217,240927.29512309586,2220418.518988621,16116813.109152135,6056904.522111598,4433062.230264964,3025883.8841293533,3.005261469820477,21.813562190651453,8.197815696013244,6.000000000000001,4.09543163658476,0.0,0.0,0.8102346954816524,6
onwind_27148,onshore_wind,17.0,43.449341833729854,29659708.474824704,682627.3361821049,120674.91951025114,875913.7559321813,329179.5935930217,240927.29512309586,2051473.6316742694,14890533.850847082,5596053.091081369,4095764.0170926293,3025883.8841293533,3.005261469820477,21.813562190651453,8.197815696013244,6.0,4.43270247724468,0.0,0.0,0.8102346954816524,6
onwind_27149,onshore_wind,36.8,41.06435517477756,60680280.64516399,1477687.410088321,120674.91951025114,875913.7559321813,329179.5935930217,240927.29512309586,4440837.037977242,32233626.21830427,12113809.044223197,8866124.460529927,3025883.8841293533,3.005261469820477,21.813562190651453,8.197815696013244,6.000000000000001,2.04771581829238,0.0,0.0,0.8102346954816524,6
onwind_27152,onshore_wind,15.0,44.04036883069581,26526317.3465076,602318.2378077395,120674.91951025114,875913.7559321813,329179.5935930217,240927.29512309586,1810123.7926537672,13138706.338982718,4937693.903895325,3613909.426846438,3025883.8841293533,3.0052614698204776,21.813562190651453,8.197815696013244,6.000000000000002,5.023729474210638,0.0,0.0,0.8102346954816524,6
onwind_27159,onshore_wind,15.0,44.04036883069581,26526317.3465076,602318.2378077395,120674.91951025114,875913.7559321813,329179.5935930217,240927.29512309586,1810123.7926537672,13138706.338982718,4937693.903895325,3613909.426846438,3025883.8841293533,3.0052614698204776,21.813562190651453,8.197815696013244,6.000000000000002,5.023729474210638,0.0,0.0,0.8102346954816524,6
onwind_27171,onshore_wind,18.0,43.203080584994034,31226404.03898325,722781.8853692875,120674.91951025114,875913.7559321813,329179.5935930217,240927.29512309586,2172148.5511845206,15766447.606779262,5925232.684674391,4336691.312215725,3025883.8841293533,3.005261469820477,21.813562190651453,8.197815696013246,6.0,4.186441228508865,0.0,0.0,0.8102346954816524,6
onwind_27177,onshore_wind,25.0,42.03087704101156,42193272.9880931,1003863.729679566,120674.91951025114,875913.7559321813,329179.5935930217,240927.29512309586,3016872.9877562784,21897843.898304533,8229489.839825542,6023182.378077396,3025883.8841293533,3.0052614698204767,21.813562190651453,8.197815696013244,6.0,3.0142376845263823,0.0,0.0,0.8102346954816524,6
onwind_27178,onshore_wind,20.0,42.784436462143155,34359795.16730035,803090.9837436527,120674.91951025114,875913.7559321813,329179.5935930217,240927.29512309586,2413498.390205023,17518275.118643627,6583591.871860433,4818545.902461917,3025883.8841293533,3.0052614698204776,21.813562190651457,8.197815696013244,6.000000000000001,3.7677971056579787,0.0,0.0,0.8102346954816524,6
onwind_27182,onshore_wind,14.0,44.39920665028228,24959621.78234905,562163.688620557,120674.91951025114,875913.7559321813,329179.5935930217,240927.29512309586,1689448.873143516,12262792.583050538,4608514.310302303,3372982.131723342,3025883.8841293533,3.005261469820477,21.813562190651453,8.197815696013244,6.0,5.382567293797112,0.0,0.0,0.8102346954816524,6
onwind_27183,onshore_wind,65.0,40.175961542841485,104861095.5544351,2610045.6971668713,120674.91951025114,875913.7559321813,329179.5935930217,240927.29512309586,7843869.768166324,56934394.13559178,21396673.583546408,15660274.183001231,3025883.8841293533,3.005261469820477,21.813562190651457,8.197815696013244,6.000000000000002,1.159322186356301,0.0,0.0,0.8102346954816524,6
onwind_27189,onshore_wind,228.0,39.34714787452535,360232472.51227874,9155237.214677641,120674.91951025114,875913.7559321813,329179.5935930217,240927.29512309586,27513881.64833726,199708336.35253733,75052947.33920895,54931423.28806586,3025883.8841293533,3.005261469820477,21.813562190651457,8.197815696013244,6.000000000000001,0.33050851804017356,0.0,0.0,0.8102346954816524,6
onwind_27193,onshore_wind,28.7,41.64228193882523,47990046.57547974,1152435.5616721418,120674.91951025114,875913.7559321813,329179.5935930217,240927.29512309586,3463370.1899442077,25138724.7952536,9447454.336119723,6914613.370032851,3025883.8841293533,3.0052614698204767,21.813562190651453,8.197815696013244,6.0,2.6256425823400544,0.0,0.0,0.8102346954816524,6
onwind_27194,onshore_wind,19.8,42.82249501876596,34046456.05446865,795060.0739062163,120674.91951025114,875913.7559321813,329179.5935930217,240927.29512309586,2389363.4063029727,17343092.36745719,6517755.95314183,4770360.443437298,3025883.8841293533,3.005261469820477,21.813562190651453,8.197815696013244,6.0,3.805855662280786,0.0,0.0,0.8102346954816524,6
onwind_27203,onshore_wind,38.4,40.9790336823487,63186993.54781766,1541934.6887878133,120674.91951025114,875913.7559321813,329179.5935930217,240927.29512309586,4633916.909193643,33635088.22779576,12640496.393972032,9251608.13272688,3025883.8841293533,3.0052614698204767,21.813562190651453,8.197815696013244,6.0,1.9623943258635304,0.0,0.0,0.8102346954816524,6
onwind_27215,onshore_wind,29.9,41.53690497899887,49870081.25246999,1200621.0206967609,120674.91951025114,875913.7559321813,329179.5935930217,240927.29512309586,3608180.093356509,26189821.302372217,9842469.848431347,7203726.124180566,3025883.8841293533,3.005261469820477,21.813562190651453,8.197815696013244,6.0,2.5202656225136977,0.0,0.0,0.8102346954816524,6
offwind_27216,offshore_wind,289.8,45.45986470093003,648478843.51249,14264865.233952694,115477.28554674426,1072410.1214649186,841937.75196605,49223.13745325291,33465317.351446487,310784453.20053345,243993560.5197613,14264865.233952694,45970647.20679618,2.3459960401023348,21.786707978201996,17.104512136505644,1.0,3.222648546120056,0.0,0.0,0.7287652803752532,7
offwind_27217,offshore_wind,283.5,45.531479113066034,635380839.244975,13954759.467997199,115477.28554674426,1072410.1214649186,841937.75196605,49223.13745325291,32737810.452501997,304028269.4353044,238689352.6823752,13954759.467997199,45970647.20679618,2.345996040102335,21.786707978201996,17.104512136505647,1.0,3.2942629582560574,0.0,0.0,0.7287652803752532,7
onwind_27225,onshore_wind,21.0,42.60501755234992,35926490.7314589,843245.5329308354,120674.91951025114,875913.7559321813,329179.5935930217,240927.29512309586,2534173.309715274,18394188.874575805,6912771.465453455,5059473.197585013,3025883.8841293533,3.005261469820477,21.813562190651453,8.197815696013244,6.000000000000001,3.5883781958647414,0.0,0.0,0.8102346954816524,6
onwind_27227,onshore_wind,54.4,40.40185888062414,88254122.57435447,2184407.4757827353,120674.91951025114,875913.7559321813,329179.5935930217,240927.29512309586,6564715.621357662,47649708.322710656,17907369.891460378,13106444.854696414,3025883.8841293533,3.005261469820477,21.813562190651453,8.197815696013244,6.000000000000001,1.3852195241389627,0.0,0.0,0.8102346954816524,6
onwind_27230,onshore_wind,10.2,46.404476818559644,19006178.63854656,409576.40170926286,120674.91951025114,875913.7559321813,329179.5935930217,240927.29512309586,1230884.1790045616,8934320.310508247,3357631.854648821,2457458.4102555774,3025883.8841293533,3.0052614698204776,21.813562190651453,8.197815696013246,6.000000000000001,7.387837462074468,0.0,0.0,0.8102346954816524,6
onwind_27231,onshore_wind,12.5,45.045114725537935,22609578.436111227,501931.864839783,120674.91951025114,875913.7559321813,329179.5935930217,240927.29512309586,1508436.4938781392,10948921.949152267,4114744.919912771,3011591.189038698,3025883.8841293533,3.0052614698204767,21.813562190651453,8.197815696013244,6.0,6.028475369052765,0.0,0.0,0.8102346954816524,6
onwind_27232,onshore_wind,24.0,42.15647027786682,40626577.42393455,963709.1804923833,120674.91951025114,875913.7559321813,329179.5935930217,240927.29512309586,2896198.0682460275,21021930.14237235,7900310.246232521,5782255.082954301,3025883.8841293533,3.005261469820477,21.813562190651457,8.197815696013244,6.000000000000001,3.1398309213816487,0.0,0.0,0.8102346954816524,6
onwind_27233,onshore_wind,12.0,45.29630119924847,21826230.65403195,481854.59024619166,120674.91951025114,875913.7559321813,329179.5935930217,240927.29512309586,1448099.0341230137,10510965.071186176,3950155.1231162604,2891127.5414771503,3025883.8841293533,3.005261469820477,21.813562190651457,8.197815696013244,6.000000000000001,6.279661842763297,0.0,0.0,0.8102346954816524,6
onwind_27235,onshore_wind,12.0,45.29630119924847,21826230.65403195,481854.59024619166,120674.91951025114,875913.7559321813,329179.5935930217,240927.29512309586,1448099.0341230137,10510965.071186176,3950155.1231162604,2891127.5414771503,3025883.8841293533,3.005261469820477,21.813562190651457,8.197815696013244,6.000000000000001,6.279661842763297,0.0,0.0,0.8102346954816524,6
offwind_27238,offshore_wind,90.0,52.61414447331655,233084993.88558304,4430082.370792761,115477.28554674426,1072410.1214649186,841937.75196605,49223.13745325291,10392955.699206984,96516910.93184267,75774397.6769445,4430082.370792761,45970647.20679618,2.345996040102335,21.786707978201996,17.104512136505647,1.0,10.37692831850658,0.0,0.0,0.7287652803752532,7
offwind_27244,offshore_wind,84.0,53.35535363892417,220610704.1069973,4134743.5460732444,115477.28554674426,1072410.1214649186,841937.75196605,49223.13745325291,9700091.985926518,90082450.20305316,70722771.1651482,4134743.5460732444,45970647.20679618,2.345996040102335,21.786707978201996,17.104512136505644,1.0,11.118137484114193,0.0,0.0,0.7287652803752532,7
onwind_27247,onshore_wind,17.1,43.42341959702082,29816378.031240556,686642.7911008232,120674.91951025114,875913.7559321813,329179.5935930217,240927.29512309586,2063541.1236252948,14978125.226440301,5628971.050440671,4119856.7466049395,3025883.8841293533,3.005261469820477,21.813562190651453,8.197815696013244,6.0,4.406780240535647,0.0,0.0,0.8102346954816524,6
onwind_27248,onshore_wind,24.7,42.06748721531754,41723264.31884553,991817.3649234112,120674.91951025114,875913.7559321813,329179.5935930217,240927.29512309586,2980670.511903203,21635069.771524876,8130735.961747635,5950904.189540467,3025883.8841293533,3.005261469820477,21.813562190651453,8.197815696013244,6.0,3.050847858832371,0.0,0.0,0.8102346954816524,6
onwind_27252,onshore_wind,30.0,41.5285040935905,50026750.80888585,1204636.475615479,120674.91951025114,875913.7559321813,329179.5935930217,240927.29512309586,3620247.5853075343,26277412.677965436,9875387.80779065,7227818.853692876,3025883.8841293533,3.0052614698204776,21.813562190651453,8.197815696013244,6.000000000000002,2.511864737105319,0.0,0.0,0.8102346954816524,6
onwind_27257,onshore_wind,24.0,42.15647027786682,40626577.42393455,963709.1804923833,120674.91951025114,875913.7559321813,329179.5935930217,240927.29512309586,2896198.0682460275,21021930.14237235,7900310.246232521,5782255.082954301,3025883.8841293533,3.005261469820477,21.813562190651457,8.197815696013244,6.000000000000001,3.1398309213816487,0.0,0.0,0.8102346954816524,6
onwind_27264,onshore_wind,10.0,46.55223356780113,18692839.525714852,401545.49187182635,120674.91951025114,875913.7559321813,329179.5935930217,240927.29512309586,1206749.1951025114,8759137.559321813,3291795.9359302167,2409272.9512309586,3025883.8841293533,3.0052614698204776,21.813562190651457,8.197815696013244,6.000000000000001,7.535594211315957,0.0,0.0,0.8102346954816524,6
onwind_27265,onshore_wind,81.6,39.940119039244486,130868241.91946702,3276611.213674103,120674.91951025114,875913.7559321813,329179.5935930217,240927.29512309586,9847073.432036493,71474562.48406598,26861054.83719057,19659667.28204462,3025883.8841293533,3.0052614698204776,21.813562190651453,8.197815696013246,6.000000000000001,0.9234796827593085,0.0,0.0,0.8102346954816524,6
onwind_27267,onshore_wind,32.4,41.3424400389901,53786820.16286637,1301007.3936647174,120674.91951025114,875913.7559321813,329179.5935930217,240927.29512309586,3909867.392132137,28379605.692202672,10665418.832413903,7806044.361988305,3025883.8841293533,3.005261469820477,21.813562190651453,8.197815696013244,6.0,2.325800682504925,0.0,0.0,0.8102346954816524,6
onwind_27281,onshore_wind,65.0,40.175961542841485,104861095.5544351,2610045.6971668713,120674.91951025114,875913.7559321813,329179.5935930217,240927.29512309586,7843869.768166324,56934394.13559178,21396673.583546408,15660274.183001231,3025883.8841293533,3.005261469820477,21.813562190651457,8.197815696013244,6.000000000000002,1.159322186356301,0.0,0.0,0.8102346954816524,6
onwind_27283,onshore_wind,19.5,42.88104664433951,33576447.38522108,783013.7091500615,120674.91951025114,875913.7559321813,329179.5935930217,240927.29512309586,2353160.9304498974,17080318.240677536,6419002.075063922,4698082.254900369,3025883.8841293533,3.005261469820477,21.813562190651453,8.197815696013244,6.0,3.8644072878543363,0.0,0.0,0.8102346954816524,6
offwind_27284,offshore_wind,60.0,57.80260863256984,170713544.99265411,2953388.2471951745,115477.28554674426,1072410.1214649186,841937.75196605,49223.13745325291,6928637.1328046555,64344607.28789511,50516265.117963,2953388.2471951745,45970647.20679618,2.345996040102335,21.786707978201996,17.104512136505647,1.0,15.56539247775987,0.0,0.0,0.7287652803752532,7
onwind_27287,onshore_wind,10.0,46.55223356780113,18692839.525714852,401545.49187182635,120674.91951025114,875913.7559321813,329179.5935930217,240927.29512309586,1206749.1951025114,8759137.559321813,3291795.9359302167,2409272.9512309586,3025883.8841293533,3.0052614698204776,21.813562190651457,8.197815696013244,6.000000000000001,7.535594211315957,0.0,0.0,0.8102346954816524,6
onwind_27289,onshore_wind,13.8,44.47721487193152,24646282.669517346,554132.7787831204,120674.91951025114,875913.7559321813,329179.5935930217,240927.29512309586,1665313.8892414658,12087609.831864102,4542678.3915837,3324796.672698723,3025883.8841293533,3.005261469820477,21.813562190651453,8.197815696013244,6.000000000000001,5.460575515446345,0.0,0.0,0.8102346954816524,6
onwind_27292,onshore_wind,16.1,43.69713265543919,28249682.467082012,646488.2419136405,120674.91951025114,875913.7559321813,329179.5935930217,240927.29512309586,1942866.2041150436,14102211.47050812,5299791.456847649,3878929.451481844,3025883.8841293533,3.005261469820477,21.813562190651453,8.197815696013244,6.000000000000001,4.68049329895401,0.0,0.0,0.8102346954816524,6
onwind_27309,onshore_wind,33.0,41.300152753853645,54726837.5013615,1325100.123177027,120674.91951025114,875913.7559321813,329179.5935930217,240927.29512309586,3982272.3438382875,28905153.945761982,10862926.588569716,7950600.739062163,3025883.8841293533,3.005261469820477,21.813562190651453,8.197815696013244,6.0,2.2835133973684716,0.0,0.0,0.8102346954816524,6
onwind_27313,onshore_wind,30.0,41.5285040935905,50026750.80888585,1204636.475615479,120674.91951025114,875913.7559321813,329179.5935930217,240927.29512309586,3620247.5853075343,26277412.677965436,9875387.80779065,7227818.853692876,3025883.8841293533,3.0052614698204776,21.813562190651453,8.197815696013244,6.000000000000002,2.511864737105319,0.0,0.0,0.8102346954816524,6
onwind_27314,onshore_wind,18.8,43.02493414973835,32479760.490310095,754905.5247190336,120674.91951025114,875913.7559321813,329179.5935930217,240927.29512309586,2268688.486792722,16467178.611525008,6188576.359548808,4529433.148314202,3025883.8841293533,3.0052614698204776,21.813562190651453,8.197815696013244,6.000000000000001,4.008294793253168,0.0,0.0,0.8102346954816524,6
onwind_27315,onshore_wind,27.6,41.746927114208354,46266681.45490534,1108265.557566241,120674.91951025114,875913.7559321813,329179.5935930217,240927.29512309586,3330627.7784829317,24175219.663728204,9085356.7831674,6649593.345397446,3025883.8841293533,3.005261469820477,21.813562190651453,8.197815696013244,6.000000000000001,2.7302877577231723,0.0,0.0,0.8102346954816524,6
onwind_27317,onshore_wind,54.0,40.41211976598814,87627444.34869106,2168345.6561078625,120674.91951025114,875913.7559321813,329179.5935930217,240927.29512309586,6516445.653553562,47299342.82033779,17775698.05402317,13010073.936647177,3025883.8841293533,3.0052614698204776,21.813562190651453,8.197815696013244,6.000000000000001,1.395480409502955,0.0,0.0,0.8102346954816524,6
onwind_27324,onshore_wind,15.0,44.04036883069581,26526317.3465076,602318.2378077395,120674.91951025114,875913.7559321813,329179.5935930217,240927.29512309586,1810123.7926537672,13138706.338982718,4937693.903895325,3613909.426846438,3025883.8841293533,3.0052614698204776,21.813562190651453,8.197815696013244,6.000000000000002,5.023729474210638,0.0,0.0,0.8102346954816524,6
onwind_27327,onshore_wind,30.0,41.5285040935905,50026750.80888585,1204636.475615479,120674.91951025114,875913.7559321813,329179.5935930217,240927.29512309586,3620247.5853075343,26277412.677965436,9875387.80779065,7227818.853692876,3025883.8841293533,3.0052614698204776,21.813562190651453,8.197815696013244,6.000000000000002,2.511864737105319,0.0,0.0,0.8102346954816524,6
onwind_27332,onshore_wind,12.5,45.045114725537935,22609578.436111227,501931.864839783,120674.91951025114,875913.7559321813,329179.5935930217,240927.29512309586,1508436.4938781392,10948921.949152267,4114744.919912771,3011591.189038698,3025883.8841293533,3.0052614698204767,21.813562190651453,8.197815696013244,6.0,6.028475369052765,0.0,0.0,0.8102346954816524,6
offwind_27334,offshore_wind,62.0,57.300499197803404,174871641.58551607,3051834.5221016803,115477.28554674426,1072410.1214649186,841937.75196605,49223.13745325291,7159591.703898144,66489427.53082495,52200140.6218951,3051834.5221016803,45970647.20679618,2.345996040102335,21.786707978201996,17.104512136505644,1.0,15.063283042993422,0.0,0.0,0.7287652803752532,7
onwind_27341,onshore_wind,10.0,46.55223356780113,18692839.525714852,401545.49187182635,120674.91951025114,875913.7559321813,329179.5935930217,240927.29512309586,1206749.1951025114,8759137.559321813,3291795.9359302167,2409272.9512309586,3025883.8841293533,3.0052614698204776,21.813562190651457,8.197815696013244,6.000000000000001,7.535594211315957,0.0,0.0,0.8102346954816524,6
onwind_27342,onshore_wind,10.0,46.55223356780113,18692839.525714852,401545.49187182635,120674.91951025114,875913.7559321813,329179.5935930217,240927.29512309586,1206749.1951025114,8759137.559321813,3291795.9359302167,2409272.9512309586,3025883.8841293533,3.0052614698204776,21.813562190651457,8.197815696013244,6.000000000000001,7.535594211315957,0.0,0.0,0.8102346954816524,6
onwind_27344,onshore_wind,18.0,43.203080584994034,31226404.03898325,722781.8853692875,120674.91951025114,875913.7559321813,329179.5935930217,240927.29512309586,2172148.5511845206,15766447.606779262,5925232.684674391,4336691.312215725,3025883.8841293533,3.005261469820477,21.813562190651453,8.197815696013246,6.0,4.186441228508865,0.0,0.0,0.8102346954816524,6
onwind_27354,onshore_wind,10.3,46.332750241257955,19162848.19496242,413591.8566279812,120674.91951025114,875913.7559321813,329179.5935930217,240927.29512309586,1242951.670955587,9021911.686101468,3390549.8140081237,2481551.1397678875,3025883.8841293533,3.0052614698204776,21.813562190651457,8.197815696013246,6.000000000000001,7.316110884772773,0.0,0.0,0.8102346954816524,6
onwind_27366,onshore_wind,67.7,40.12972565062343,109091173.5776632,2718462.9799722647,120674.91951025114,875913.7559321813,329179.5935930217,240927.29512309586,8169692.0508440025,59299361.276608676,22285458.48624757,16310777.87983359,3025883.8841293533,3.005261469820477,21.813562190651453,8.197815696013244,6.000000000000001,1.1130862941382504,0.0,0.0,0.8102346954816524,6
onwind_27372,onshore_wind,227.7,39.347583327118286,359762463.8430311,9143190.849921485,120674.91951025114,875913.7559321813,329179.5935930217,240927.29512309586,27477679.172484186,199445562.22575766,74954193.46113104,54859145.09952892,3025883.8841293533,3.0052614698204776,21.813562190651457,8.197815696013246,6.000000000000001,0.3309439706331119,0.0,0.0,0.8102346954816524,6
onwind_27373,onshore_wind,29.9,41.53690497899887,49870081.25246999,1200621.0206967609,120674.91951025114,875913.7559321813,329179.5935930217,240927.29512309586,3608180.093356509,26189821.302372217,9842469.848431347,7203726.124180566,3025883.8841293533,3.005261469820477,21.813562190651453,8.197815696013244,6.0,2.5202656225136977,0.0,0.0,0.8102346954816524,6
onwind_27374,onshore_wind,17.0,43.449341833729854,29659708.474824704,682627.3361821049,120674.91951025114,875913.7559321813,329179.5935930217,240927.29512309586,2051473.6316742694,14890533.850847082,5596053.091081369,4095764.0170926293,3025883.8841293533,3.005261469820477,21.813562190651453,8.197815696013244,6.0,4.43270247724468,0.0,0.0,0.8102346954816524,6
onwind_27376,onshore_wind,22.0,42.441909452537885,37493186.295617454,883400.0821180181,120674.91951025114,875913.7559321813,329179.5935930217,240927.29512309586,2654848.229225525,19270102.630507987,7241951.059046477,5300400.492708109,3025883.8841293533,3.005261469820477,21.813562190651453,8.197815696013244,6.000000000000001,3.4252700960527074,0.0,0.0,0.8102346954816524,6
onwind_27378,onshore_wind,12.0,45.29630119924847,21826230.65403195,481854.59024619166,120674.91951025114,875913.7559321813,329179.5935930217,240927.29512309586,1448099.0341230137,10510965.071186176,3950155.1231162604,2891127.5414771503,3025883.8841293533,3.005261469820477,21.813562190651457,8.197815696013244,6.000000000000001,6.279661842763297,0.0,0.0,0.8102346954816524,6
onwind_27379,onshore_wind,12.8,44.90382233407577,23079587.105358794,513978.22959593777,120674.91951025114,875913.7559321813,329179.5935930217,240927.29512309586,1544638.9697312147,11211696.075931922,4213498.797990678,3083869.377575627,3025883.8841293533,3.005261469820477,21.813562190651457,8.197815696013246,6.000000000000001,5.887182977590591,0.0,0.0,0.8102346954816524,6
onwind_27382,onshore_wind,19.5,42.88104664433951,33576447.38522108,783013.7091500615,120674.91951025114,875913.7559321813,329179.5935930217,240927.29512309586,2353160.9304498974,17080318.240677536,6419002.075063922,4698082.254900369,3025883.8841293533,3.005261469820477,21.813562190651453,8.197815696013244,6.0,3.8644072878543363,0.0,0.0,0.8102346954816524,6
offwind_27384,offshore_wind,62.0,57.300499197803404,174871641.58551607,3051834.5221016803,115477.28554674426,1072410.1214649186,841937.75196605,49223.13745325291,7159591.703898144,66489427.53082495,52200140.6218951,3051834.5221016803,45970647.20679618,2.345996040102335,21.786707978201996,17.104512136505644,1.0,15.063283042993422,0.0,0.0,0.7287652803752532,7
onwind_27385,onshore_wind,11.0,45.86717954859059,20259535.089873403,441700.04105900903,120674.91951025114,875913.7559321813,329179.5935930217,240927.29512309586,1327424.1146127626,9635051.315253993,3620975.5295232385,2650200.2463540547,3025883.8841293533,3.005261469820477,21.813562190651453,8.197815696013244,6.000000000000001,6.850540192105415,0.0,0.0,0.8102346954816524,6
offwind_27389,offshore_wind,300.0,45.350294650361946,669685136.1360859,14766941.235975873,115477.28554674426,1072410.1214649186,841937.75196605,49223.13745325291,34643185.66402328,321723036.4394756,252581325.589815,14766941.235975873,45970647.20679618,2.345996040102335,21.786707978201996,17.104512136505644,1.0,3.113078495551974,0.0,0.0,0.7287652803752532,7
onwind_27392,onshore_wind,14.0,44.39920665028228,24959621.78234905,562163.688620557,120674.91951025114,875913.7559321813,329179.5935930217,240927.29512309586,1689448.873143516,12262792.583050538,4608514.310302303,3372982.131723342,3025883.8841293533,3.005261469820477,21.813562190651453,8.197815696013244,6.0,5.382567293797112,0.0,0.0,0.8102346954816524,6
onwind_27395,onshore_wind,20.0,42.784436462143155,34359795.16730035,803090.9837436527,120674.91951025114,875913.7559321813,329179.5935930217,240927.29512309586,2413498.390205023,17518275.118643627,6583591.871860433,4818545.902461917,3025883.8841293533,3.0052614698204776,21.813562190651457,8.197815696013244,6.000000000000001,3.7677971056579787,0.0,0.0,0.8102346954816524,6
onwind_27399,onshore_wind,34.5,41.20086956266371,57076880.84759932,1385331.946957801,120674.91951025114,875913.7559321813,329179.5935930217,240927.29512309586,4163284.7231036643,30219024.57966025,11356695.978959247,8311991.681746807,3025883.8841293533,3.005261469820477,21.813562190651453,8.197815696013244,6.000000000000001,2.184230206178538,0.0,0.0,0.8102346954816524,6
onwind_27400,onshore_wind,12.0,45.29630119924847,21826230.65403195,481854.59024619166,120674.91951025114,875913.7559321813,329179.5935930217,240927.29512309586,1448099.0341230137,10510965.071186176,3950155.1231162604,2891127.5414771503,3025883.8841293533,3.005261469820477,21.813562190651457,8.197815696013244,6.000000000000001,6.279661842763297,0.0,0.0,0.8102346954816524,6
onwind_27401,onshore_wind,21.3,42.55447701437999,36396499.40070647,855291.8976869902,120674.91951025114,875913.7559321813,329179.5935930217,240927.29512309586,2570375.7855683495,18656963.00135546,7011525.343531362,5131751.386121942,3025883.8841293533,3.005261469820477,21.813562190651453,8.197815696013244,6.000000000000001,3.537837657894815,0.0,0.0,0.8102346954816524,6
onwind_27402,onshore_wind,24.6,42.079889035881905,41566594.762429684,987801.910004693,120674.91951025114,875913.7559321813,329179.5935930217,240927.29512309586,2968603.0199521785,21547478.39593166,8097818.002388334,5926811.4600281585,3025883.8841293533,3.005261469820477,21.813562190651453,8.197815696013244,6.000000000000001,3.06324967939673,0.0,0.0,0.8102346954816524,6
onwind_27403,onshore_wind,12.0,45.29630119924847,21826230.65403195,481854.59024619166,120674.91951025114,875913.7559321813,329179.5935930217,240927.29512309586,1448099.0341230137,10510965.071186176,3950155.1231162604,2891127.5414771503,3025883.8841293533,3.005261469820477,21.813562190651457,8.197815696013244,6.000000000000001,6.279661842763297,0.0,0.0,0.8102346954816524,6
onwind_27405,onshore_wind,27.6,41.746927114208354,46266681.45490534,1108265.557566241,120674.91951025114,875913.7559321813,329179.5935930217,240927.29512309586,3330627.7784829317,24175219.663728204,9085356.7831674,6649593.345397446,3025883.8841293533,3.005261469820477,21.813562190651453,8.197815696013244,6.000000000000001,2.7302877577231723,0.0,0.0,0.8102346954816524,6
onwind_27406,onshore_wind,12.3,45.14313871527864,22296239.32327952,493900.9550023465,120674.91951025114,875913.7559321813,329179.5935930217,240927.29512309586,1484301.5099760892,10773739.19796583,4048909.001194167,2963405.7300140793,3025883.8841293533,3.005261469820477,21.813562190651453,8.197815696013244,6.000000000000001,6.12649935879346,0.0,0.0,0.8102346954816524,6
onwind_27415,onshore_wind,30.8,41.46326085366567,51280107.26021269,1236760.1149652253,120674.91951025114,875913.7559321813,329179.5935930217,240927.29512309586,3716787.5209157355,26978143.682711184,10138731.482665068,7420560.6897913525,3025883.8841293533,3.005261469820477,21.813562190651453,8.197815696013244,6.0,2.446621497180505,0.0,0.0,0.8102346954816524,6
onwind_27418,onshore_wind,20.7,42.657023033449406,35456482.062211335,831199.1681746806,120674.91951025114,875913.7559321813,329179.5935930217,240927.29512309586,2497970.8338621985,18131414.74779615,6814017.587375549,4987195.009048084,3025883.8841293533,3.005261469820477,21.813562190651457,8.197815696013244,6.000000000000001,3.6403836769642304,0.0,0.0,0.8102346954816524,6
onwind_27427,onshore_wind,10.0,46.55223356780113,18692839.525714852,401545.49187182635,120674.91951025114,875913.7559321813,329179.5935930217,240927.29512309586,1206749.1951025114,8759137.559321813,3291795.9359302167,2409272.9512309586,3025883.8841293533,3.0052614698204776,21.813562190651457,8.197815696013244,6.000000000000001,7.535594211315957,0.0,0.0,0.8102346954816524,6
onwind_27428,onshore_wind,17.5,43.32269319152286,30443056.256903972,702704.6107756961,120674.91951025114,875913.7559321813,329179.5935930217,240927.29512309586,2111811.091429395,15328490.728813171,5760642.88787788,4216227.664654178,3025883.8841293533,3.0052614698204776,21.813562190651453,8.197815696013246,6.000000000000001,4.30605383503769,0.0,0.0,0.8102346954816524,6
onwind_27429,onshore_wind,14.4,44.24969089212125,25586300.00801247,578225.50829543,120674.91951025114,875913.7559321813,329179.5935930217,240927.29512309586,1737718.8409476166,12613158.08542341,4740186.147739512,3469353.0497725806,3025883.8841293533,3.0052614698204776,21.813562190651453,8.197815696013244,6.000000000000001,5.233051535636081,0.0,0.0,0.8102346954816524,6
onwind_27431,onshore_wind,17.5,43.32269319152286,30443056.256903972,702704.6107756961,120674.91951025114,875913.7559321813,329179.5935930217,240927.29512309586,2111811.091429395,15328490.728813171,5760642.88787788,4216227.664654178,3025883.8841293533,3.0052614698204776,21.813562190651453,8.197815696013246,6.000000000000001,4.30605383503769,0.0,0.0,0.8102346954816524,6
onwind_27432,onshore_wind,44.0,40.729274404511536,71960488.70710556,1766800.1642360361,120674.91951025114,875913.7559321813,329179.5935930217,240927.29512309586,5309696.45845105,38540205.261015974,14483902.118092954,10600800.985416219,3025883.8841293533,3.005261469820477,21.813562190651453,8.197815696013244,6.000000000000001,1.7126350480263537,0.0,0.0,0.8102346954816524,6
onwind_27435,onshore_wind,28.7,41.64228193882523,47990046.57547974,1152435.5616721418,120674.91951025114,875913.7559321813,329179.5935930217,240927.29512309586,3463370.1899442077,25138724.7952536,9447454.336119723,6914613.370032851,3025883.8841293533,3.0052614698204767,21.813562190651453,8.197815696013244,6.0,2.6256425823400544,0.0,0.0,0.8102346954816524,6
onwind_27444,onshore_wind,11.5,45.569329975020786,21042882.871952675,461777.3156526003,120674.91951025114,875913.7559321813,329179.5935930217,240927.29512309586,1387761.5743678883,10073008.193220085,3785565.3263197495,2770663.8939156025,3025883.8841293533,3.0052614698204776,21.813562190651457,8.197815696013246,6.000000000000001,6.552690618535615,0.0,0.0,0.8102346954816524,6
onwind_27451,onshore_wind,443.0,39.18674306328689,697072018.806367,17788465.28992191,120674.91951025114,875913.7559321813,329179.5935930217,240927.29512309586,53458989.343041256,388029793.8779563,145826559.9617086,106730791.73953146,3025883.8841293533,3.005261469820477,21.81356219065145,8.197815696013244,6.0,0.17010370680171458,0.0,0.0,0.8102346954816524,6
onwind_27452,onshore_wind,26.0,41.91494482237592,43759968.552251644,1044018.2788667486,120674.91951025114,875913.7559321813,329179.5935930217,240927.29512309586,3137547.9072665297,22773757.65423671,8558669.433418564,6264109.673200492,3025883.8841293533,3.005261469820477,21.813562190651453,8.197815696013246,6.000000000000001,2.8983054658907528,0.0,0.0,0.8102346954816524,6
onwind_27454,onshore_wind,14.0,44.39920665028228,24959621.78234905,562163.688620557,120674.91951025114,875913.7559321813,329179.5935930217,240927.29512309586,1689448.873143516,12262792.583050538,4608514.310302303,3372982.131723342,3025883.8841293533,3.005261469820477,21.813562190651453,8.197815696013244,6.0,5.382567293797112,0.0,0.0,0.8102346954816524,6
offwind_27456,offshore_wind,183.6,47.32394572270536,427683914.4315215,9037368.036417233,115477.28554674426,1072410.1214649186,841937.75196605,49223.13745325291,21201629.626382247,196894498.30095905,154579771.26096678,9037368.036417233,45970647.20679618,2.345996040102335,21.786707978202,17.104512136505647,1.0,5.086729567895383,0.0,0.0,0.7287652803752532,7
offwind_27457,offshore_wind,659.0,43.65439908146489,1416063474.5548024,32438047.581693668,115477.28554674426,1072410.1214649186,841937.75196605,49223.13745325291,76099531.17530447,706718270.0453813,554836978.545627,32438047.581693668,45970647.20679618,2.345996040102335,21.786707978201992,17.104512136505647,1.0,1.4171829266549199,0.0,0.0,0.7287652803752532,7
onwind_27458,onshore_wind,20.5,42.69253897176126,35143142.94937963,823168.258337244,120674.91951025114,875913.7559321813,329179.5935930217,240927.29512309586,2473835.8499601483,17956231.996609718,6748181.668656944,4939009.550023465,3025883.8841293533,3.005261469820477,21.813562190651457,8.197815696013244,6.000000000000002,3.6758996152760766,0.0,0.0,0.8102346954816524,6
onwind_27459,onshore_wind,18.0,43.203080584994034,31226404.03898325,722781.8853692875,120674.91951025114,875913.7559321813,329179.5935930217,240927.29512309586,2172148.5511845206,15766447.606779262,5925232.684674391,4336691.312215725,3025883.8841293533,3.005261469820477,21.813562190651453,8.197815696013246,6.0,4.186441228508865,0.0,0.0,0.8102346954816524,6
onwind_27462,onshore_wind,10.0,46.55223356780113,18692839.525714852,401545.49187182635,120674.91951025114,875913.7559321813,329179.5935930217,240927.29512309586,1206749.1951025114,8759137.559321813,3291795.9359302167,2409272.9512309586,3025883.8841293533,3.0052614698204776,21.813562190651457,8.197815696013244,6.000000000000001,7.535594211315957,0.0,0.0,0.8102346954816524,6
onwind_27463,onshore_wind,18.5,43.08993352476407,32009751.821062528,742859.1599628788,120674.91951025114,875913.7559321813,329179.5935930217,240927.29512309586,2232486.010939646,16204404.484745353,6089822.4814709015,4457154.959777273,3025883.8841293533,3.005261469820477,21.813562190651453,8.197815696013246,6.000000000000001,4.0732941682788955,0.0,0.0,0.8102346954816524,6
onwind_27470,onshore_wind,27.2,41.7870784047631,45640003.22924191,1092203.7378913676,120674.91951025114,875913.7559321813,329179.5935930217,240927.29512309586,3282357.810678831,23824854.161355328,8953684.945730189,6553222.427348207,3025883.8841293533,3.005261469820477,21.813562190651453,8.197815696013244,6.000000000000001,2.7704390482779253,0.0,0.0,0.8102346954816524,6
onwind_27471,onshore_wind,30.0,41.5285040935905,50026750.80888585,1204636.475615479,120674.91951025114,875913.7559321813,329179.5935930217,240927.29512309586,3620247.5853075343,26277412.677965436,9875387.80779065,7227818.853692876,3025883.8841293533,3.0052614698204776,21.813562190651453,8.197815696013244,6.000000000000002,2.511864737105319,0.0,0.0,0.8102346954816524,6
onwind_27473,onshore_wind,24.0,42.15647027786682,40626577.42393455,963709.1804923833,120674.91951025114,875913.7559321813,329179.5935930217,240927.29512309586,2896198.0682460275,21021930.14237235,7900310.246232521,5782255.082954301,3025883.8841293533,3.005261469820477,21.813562190651457,8.197815696013244,6.000000000000001,3.1398309213816487,0.0,0.0,0.8102346954816524,6
offwind_27480,offshore_wind,210.0,46.68447114845565,482570789.457299,10336858.865183111,115477.28554674426,1072410.1214649186,841937.75196605,49223.13745325291,24250229.964816295,225206125.5076329,176806927.9128705,10336858.865183111,45970647.20679618,2.3459960401023348,21.786707978201996,17.104512136505644,1.0,4.447254993645677,0.0,0.0,0.7287652803752532,7
onwind_27481,onshore_wind,12.5,45.045114725537935,22609578.436111227,501931.864839783,120674.91951025114,875913.7559321813,329179.5935930217,240927.29512309586,1508436.4938781392,10948921.949152267,4114744.919912771,3011591.189038698,3025883.8841293533,3.0052614698204767,21.813562190651453,8.197815696013244,6.0,6.028475369052765,0.0,0.0,0.8102346954816524,6
onwind_27482,onshore_wind,18.2,43.157075736329105,31539743.15181496,730812.795206724,120674.91951025114,875913.7559321813,329179.5935930217,240927.29512309586,2196283.535086571,15941630.357965698,5991068.603392994,4384876.771240344,3025883.8841293533,3.005261469820477,21.813562190651453,8.197815696013244,6.000000000000001,4.1404363798439325,0.0,0.0,0.8102346954816524,6
onwind_27484,onshore_wind,10.4,46.26240302121205,19319517.75137827,417607.31154669943,120674.91951025114,875913.7559321813,329179.5935930217,240927.29512309586,1255019.162906612,9109503.061694685,3423467.7733674254,2505643.869280197,3025883.8841293533,3.0052614698204776,21.813562190651453,8.197815696013244,6.000000000000002,7.245763664726881,0.0,0.0,0.8102346954816524,6
onwind_27489,onshore_wind,322.0,39.250664021432875,507501855.54318243,12929764.83827281,120674.91951025114,875913.7559321813,329179.5935930217,240927.29512309586,38857324.08230087,282044229.4101624,105995829.13695298,77578589.02963686,3025883.8841293533,3.005261469820477,21.813562190651453,8.197815696013244,6.0,0.2340246649477005,0.0,0.0,0.8102346954816524,6
onwind_27490,onshore_wind,108.0,39.714379561236655,172229004.81325275,4336691.312215725,120674.91951025114,875913.7559321813,329179.5935930217,240927.29512309586,13032891.307107124,94598685.64067557,35551396.10804634,26020147.873294353,3025883.8841293533,3.0052614698204776,21.813562190651453,8.197815696013244,6.000000000000001,0.6977402047514775,0.0,0.0,0.8102346954816524,6
onwind_27491,onshore_wind,109.0,39.707978274954534,173795700.3774113,4376845.861402907,120674.91951025114,875913.7559321813,329179.5935930217,240927.29512309586,13153566.226617375,95474599.39660776,35880575.70163936,26261075.16841745,3025883.8841293533,3.0052614698204776,21.813562190651453,8.197815696013244,6.000000000000001,0.6913389184693538,0.0,0.0,0.8102346954816524,6
onwind_27493,onshore_wind,14.0,44.39920665028228,24959621.78234905,562163.688620557,120674.91951025114,875913.7559321813,329179.5935930217,240927.29512309586,1689448.873143516,12262792.583050538,4608514.310302303,3372982.131723342,3025883.8841293533,3.005261469820477,21.813562190651453,8.197815696013244,6.0,5.382567293797112,0.0,0.0,0.8102346954816524,6
onwind_27502,onshore_wind,43.0,40.769103126558655,70393793.142947,1726645.6150488534,120674.91951025114,875913.7559321813,329179.5935930217,240927.29512309586,5189021.538940799,37664291.50508379,14154722.524499932,10359873.690293122,3025883.8841293533,3.005261469820477,21.813562190651453,8.197815696013244,6.000000000000001,1.7524637700734782,0.0,0.0,0.8102346954816524,6
onwind_27504,onshore_wind,42.0,40.810828454417546,68827097.57878844,1686491.0658616708,120674.91951025114,875913.7559321813,329179.5935930217,240927.29512309586,5068346.619430548,36788377.74915161,13825542.93090691,10118946.395170026,3025883.8841293533,3.005261469820477,21.813562190651453,8.197815696013244,6.000000000000001,1.7941890979323707,0.0,0.0,0.8102346954816524,6
onwind_27505,onshore_wind,15.0,44.04036883069581,26526317.3465076,602318.2378077395,120674.91951025114,875913.7559321813,329179.5935930217,240927.29512309586,1810123.7926537672,13138706.338982718,4937693.903895325,3613909.426846438,3025883.8841293533,3.0052614698204776,21.813562190651453,8.197815696013244,6.000000000000002,5.023729474210638,0.0,0.0,0.8102346954816524,6
onwind_27507,onshore_wind,12.3,45.14313871527864,22296239.32327952,493900.9550023465,120674.91951025114,875913.7559321813,329179.5935930217,240927.29512309586,1484301.5099760892,10773739.19796583,4048909.001194167,2963405.7300140793,3025883.8841293533,3.005261469820477,21.813562190651453,8.197815696013244,6.000000000000001,6.12649935879346,0.0,0.0,0.8102346954816524,6
onwind_27508,onshore_wind,18.0,43.203080584994034,31226404.03898325,722781.8853692875,120674.91951025114,875913.7559321813,329179.5935930217,240927.29512309586,2172148.5511845206,15766447.606779262,5925232.684674391,4336691.312215725,3025883.8841293533,3.005261469820477,21.813562190651453,8.197815696013246,6.0,4.186441228508865,0.0,0.0,0.8102346954816524,6
onwind_27511,onshore_wind,10.0,46.55223356780113,18692839.525714852,401545.49187182635,120674.91951025114,875913.7559321813,329179.5935930217,240927.29512309586,1206749.1951025114,8759137.559321813,3291795.9359302167,2409272.9512309586,3025883.8841293533,3.0052614698204776,21.813562190651457,8.197815696013244,6.000000000000001,7.535594211315957,0.0,0.0,0.8102346954816524,6
onwind_27517,onshore_wind,26.0,41.91494482237592,43759968.552251644,1044018.2788667486,120674.91951025114,875913.7559321813,329179.5935930217,240927.29512309586,3137547.9072665297,22773757.65423671,8558669.433418564,6264109.673200492,3025883.8841293533,3.005261469820477,21.813562190651453,8.197815696013246,6.000000000000001,2.8983054658907528,0.0,0.0,0.8102346954816524,6
onwind_27523,onshore_wind,16.0,43.72638573855765,28093012.910666153,642472.7869949222,120674.91951025114,875913.7559321813,329179.5935930217,240927.29512309586,1930798.7121640183,14014620.0949149,5266873.497488347,3854836.7219695337,3025883.8841293533,3.005261469820477,21.813562190651453,8.197815696013244,6.000000000000001,4.709746382072473,0.0,0.0,0.8102346954816524,6
KNLCV-1,hydro,45.0,75.78638708295112,208861892.35384178,2755928.873152831,0.0,3605218.216318785,607457.122387258,428700.04693488486,0.0,162234819.73434535,27335570.50742661,19291502.11206982,0.0,0.0,58.867564150429565,9.918822932521563,7.000000000000001,0.0,0.0,0.0,0.9588346319996769,2
CLAC-1,hydro,30.6,75.78638708295112,142026086.8006124,1874031.633743925,0.0,3605218.216318785,607457.122387258,428700.04693488486,0.0,110319677.41935483,18588187.945050094,13118221.436207477,0.0,0.0,58.867564150429565,9.918822932521563,7.000000000000001,0.0,0.0,0.0,0.9588346319996769,2
FASN3,hydro,14.8,75.78638708295112,68692355.70748574,906394.3849480422,0.0,3605218.216318785,607457.122387258,428700.04693488486,0.0,53357229.60151802,8990365.411331419,6344760.6946362965,0.0,0.0,58.86756415042956,9.918822932521563,7.000000000000001,0.0,0.0,0.0,0.9588346319996769,2
FASN-4,hydro,14.8,75.78638708295112,68692355.70748574,906394.3849480422,0.0,3605218.216318785,607457.122387258,428700.04693488486,0.0,53357229.60151802,8990365.411331419,6344760.6946362965,0.0,0.0,58.86756415042956,9.918822932521563,7.000000000000001,0.0,0.0,0.0,0.9588346319996769,2
RHEI-4,hydro,56.0,75.78638708295112,259917021.59589195,3429600.3754790784,0.0,3605218.216318785,607457.122387258,428700.04693488486,0.0,201892220.11385196,34017598.853686444,24007202.62835355,0.0,0.0,58.867564150429565,9.918822932521563,7.000000000000001,0.0,0.0,0.0,0.9588346319996769,2
SLOY-1,hydro,30.6,75.78638708295112,142026086.8006124,1874031.633743925,0.0,3605218.216318785,607457.122387258,428700.04693488486,0.0,110319677.41935483,18588187.945050094,13118221.436207477,0.0,0.0,58.867564150429565,9.918822932521563,7.000000000000001,0.0,0.0,0.0,0.9588346319996769,2
SLOY-4,hydro,30.6,75.78638708295112,142026086.8006124,1874031.633743925,0.0,3605218.216318785,607457.122387258,428700.04693488486,0.0,110319677.41935483,18588187.945050094,13118221.436207477,0.0,0.0,58.867564150429565,9.918822932521563,7.000000000000001,0.0,0.0,0.0,0.9588346319996769,2
ERRO-1,hydro,12.2,75.78638708295114,56624779.70481932,747162.9389436563,0.0,3605218.216318785,607457.122387258,428700.04693488486,0.0,43983662.239089176,7410976.893124547,5230140.572605595,0.0,0.0,58.867564150429565,9.918822932521564,7.000000000000002,0.0,0.0,0.0,0.9588346319996769,2
ERRO-2,hydro,12.2,75.78638708295114,56624779.70481932,747162.9389436563,0.0,3605218.216318785,607457.122387258,428700.04693488486,0.0,43983662.239089176,7410976.893124547,5230140.572605595,0.0,0.0,58.867564150429565,9.918822932521564,7.000000000000002,0.0,0.0,0.0,0.9588346319996769,2
ERRO-3,hydro,12.2,75.78638708295114,56624779.70481932,747162.9389436563,0.0,3605218.216318785,607457.122387258,428700.04693488486,0.0,43983662.239089176,7410976.893124547,5230140.572605595,0.0,0.0,58.867564150429565,9.918822932521564,7.000000000000002,0.0,0.0,0.0,0.9588346319996769,2
FASN-1,hydro,14.8,75.78638708295112,68692355.70748574,906394.3849480422,0.0,3605218.216318785,607457.122387258,428700.04693488486,0.0,53357229.60151802,8990365.411331419,6344760.6946362965,0.0,0.0,58.86756415042956,9.918822932521563,7.000000000000001,0.0,0.0,0.0,0.9588346319996769,2
FASN2,hydro,14.8,75.78638708295112,68692355.70748574,906394.3849480422,0.0,3605218.216318785,607457.122387258,428700.04693488486,0.0,53357229.60151802,8990365.411331419,6344760.6946362965,0.0,0.0,58.86756415042956,9.918822932521563,7.000000000000001,0.0,0.0,0.0,0.9588346319996769,2
FINL-1,hydro,12.2,75.78638708295114,56624779.70481932,747162.9389436563,0.0,3605218.216318785,607457.122387258,428700.04693488486,0.0,43983662.239089176,7410976.893124547,5230140.572605595,0.0,0.0,58.867564150429565,9.918822932521564,7.000000000000002,0.0,0.0,0.0,0.9588346319996769,2
NANT-1,hydro,440.0,75.78638708295112,2042205169.6820083,26946860.093049902,0.0,3605218.216318785,607457.122387258,428700.04693488486,0.0,1586296015.1802654,267281133.8503935,188628020.65134934,0.0,0.0,58.86756415042956,9.918822932521563,7.000000000000001,0.0,0.0,0.0,0.9588346319996769,2
SLOY-2,hydro,30.6,75.78638708295112,142026086.8006124,1874031.633743925,0.0,3605218.216318785,607457.122387258,428700.04693488486,0.0,110319677.41935483,18588187.945050094,13118221.436207477,0.0,0.0,58.867564150429565,9.918822932521563,7.000000000000001,0.0,0.0,0.0,0.9588346319996769,2
SLOY-3,hydro,30.6,75.78638708295112,142026086.8006124,1874031.633743925,0.0,3605218.216318785,607457.122387258,428700.04693488486,0.0,110319677.41935483,18588187.945050094,13118221.436207477,0.0,0.0,58.867564150429565,9.918822932521563,7.000000000000001,0.0,0.0,0.0,0.9588346319996769,2
hydro_4896,hydro,2016.0,75.78638708295112,9357012777.45211,123465613.51724683,0.0,3605218.216318785,607457.122387258,428700.04693488486,0.0,7268119924.098671,1224633558.732712,864259294.6207279,0.0,0.0,58.867564150429565,9.918822932521563,7.000000000000001,0.0,0.0,0.0,0.9588346319996769,2
hydro_4899,hydro,75.0,75.78638708295114,348103153.92306966,4593214.788588052,0.0,3605218.216318785,607457.122387258,428700.04693488486,0.0,270391366.2239089,45559284.17904435,32152503.520116363,0.0,0.0,58.867564150429565,9.918822932521563,7.0,0.0,0.0,0.0,0.9588346319996769,2
hydro_4901,hydro,384.0,75.78638708295112,1782288148.086116,23517259.717570823,0.0,3605218.216318785,607457.122387258,428700.04693488486,0.0,1384403795.0664134,233263534.99670708,164620818.02299577,0.0,0.0,58.86756415042956,9.918822932521564,7.000000000000001,0.0,0.0,0.0,0.9588346319996769,2
hydro_4903,hydro,320.0,75.78638708295114,1485240123.405097,19597716.43130902,0.0,3605218.216318785,607457.122387258,428700.04693488486,0.0,1153669829.2220113,194386279.16392255,137184015.01916316,0.0,0.0,58.86756415042957,9.918822932521564,7.000000000000002,0.0,0.0,0.0,0.9588346319996769,2
hydro_4904,hydro,100.0,75.78638708295112,464137538.56409276,6124286.384784069,0.0,3605218.216318785,607457.122387258,428700.04693488486,0.0,360521821.6318785,60745712.2387258,42870004.693488486,0.0,0.0,58.86756415042956,9.918822932521563,7.000000000000001,0.0,0.0,0.0,0.9588346319996769,2
hydro_4910,hydro,46.0,75.78638708295112,213503267.7394827,2817171.7370006717,0.0,3605218.216318785,607457.122387258,428700.04693488486,0.0,165840037.95066413,27943027.62981387,19720202.159004703,0.0,0.0,58.867564150429565,9.918822932521563,7.000000000000001,0.0,0.0,0.0,0.9588346319996769,2
AG-NHAV02,ccgt,22.5,92.88893829645983,142120133.45945865,1530000.6229576543,9602.325581395347,490726.4271889473,168606.14711021978,136000.05537401373,216052.32558139533,11041344.611751314,3793638.309979945,3060001.2459153086,14149278.650614645,0.14121061281906092,7.216562167410898,2.4795011538272695,2.0,9.247890777496927,43.14508339236268,28.65869019254298,0.8202110701153158,5
ABERU-1,ccgt,4.571428571428571,129.15800993945555,40149706.29431628,310857.26942631707,9602.325581395347,490726.4271889473,168606.14711021978,136000.05537401373,43896.34551495016,2243320.810006616,770770.9582181475,621714.5388526341,14149278.650614645,0.14121061281906092,7.216562167410898,2.4795011538272695,2.0,45.51696242049269,43.14508339236267,28.658690192542977,0.8202110701153158,5
BRIDU-1,ccgt,300.0,84.33463932727516,1720427342.7685347,20400008.30610206,9602.325581395347,490726.4271889473,168606.14711021978,136000.05537401373,2880697.674418604,147217928.1566842,50581844.13306593,40800016.61220412,14149278.650614645,0.1412106128190609,7.216562167410897,2.479501153827269,2.0,0.6935918083122695,43.145083392362665,28.658690192542977,0.8202110701153158,5
COWE1,ccgt,70.0,86.61358384030116,412280826.94479585,4760001.938090481,9602.325581395347,490726.4271889473,168606.14711021978,136000.05537401373,672162.7906976743,34350849.90322631,11802430.297715385,9520003.876180962,14149278.650614645,0.1412106128190609,7.216562167410896,2.479501153827269,2.0,2.9725363213382976,43.145083392362665,28.658690192542977,0.8202110701153158,5
COWE2,ccgt,70.0,86.61358384030116,412280826.94479585,4760001.938090481,9602.325581395347,490726.4271889473,168606.14711021978,136000.05537401373,672162.7906976743,34350849.90322631,11802430.297715385,9520003.876180962,14149278.650614645,0.1412106128190609,7.216562167410896,2.479501153827269,2.0,2.9725363213382976,43.145083392362665,28.658690192542977,0.8202110701153158,5
CROYD-2,ccgt,50.0,87.8025983688365,298528956.00360125,3400001.384350343,9602.325581395347,490726.4271889473,168606.14711021978,136000.05537401373,480116.2790697674,24536321.359447364,8430307.35551099,6800002.768700686,14149278.650614645,0.14121061281906092,7.216562167410897,2.4795011538272695,2.0,4.161550849873617,43.14508339236267,28.65869019254298,0.8202110701153158,5
DBFRM-1,ccgt,21.0,93.54950192342386,133588743.13886902,1428000.5814271441,9602.325581395347,490726.4271889473,168606.14711021978,136000.05537401373,201648.8372093023,10305254.970967893,3540729.0893146154,2856001.1628542882,14149278.650614645,0.1412106128190609,7.216562167410897,2.4795011538272695,2.0,9.908454404460993,43.14508339236267,28.65869019254298,0.8202110701153158,5
DIDC01G,ccgt,265.0,84.42624579252393,1521361568.6214437,18020007.33705682,9602.325581395347,490726.4271889473,168606.14711021978,136000.05537401373,2544616.279069767,130042503.20507103,44680628.98420824,36040014.67411364,14149278.650614645,0.1412106128190609,7.216562167410897,2.479501153827269,2.0,0.7851982735610598,43.14508339236267,28.658690192542977,0.8202110701153158,5
DIDC02G,ccgt,265.0,84.42624579252393,1521361568.6214437,18020007.33705682,9602.325581395347,490726.4271889473,168606.14711021978,136000.05537401373,2544616.279069767,130042503.20507103,44680628.98420824,36040014.67411364,14149278.650614645,0.1412106128190609,7.216562167410897,2.479501153827269,2.0,0.7851982735610598,43.14508339236267,28.658690192542977,0.8202110701153158,5
DIDC03G,ccgt,265.0,84.42624579252393,1521361568.6214437,18020007.33705682,9602.325581395347,490726.4271889473,168606.14711021978,136000.05537401373,2544616.279069767,130042503.20507103,44680628.98420824,36040014.67411364,14149278.650614645,0.1412106128190609,7.216562167410897,2.479501153827269,2.0,0.7851982735610598,43.14508339236267,28.658690192542977,0.8202110701153158,5
DIDC04G,ccgt,265.0,84.42624579252393,1521361568.6214437,18020007.33705682,9602.325581395347,490726.4271889473,168606.14711021978,136000.05537401373,2544616.279069767,130042503.20507103,44680628.98420824,36040014.67411364,14149278.650614645,0.1412106128190609,7.216562167410897,2.479501153827269,2.0,0.7851982735610598,43.14508339236267,28.658690192542977,0.8202110701153158,5
FAWN-1,ccgt,62.5,86.97028819886177,369623875.3418479,4250001.730437929,9602.325581395347,490726.4271889473,168606.14711021978,136000.05537401373,600145.3488372092,30670401.699309204,10537884.194388736,8500003.460875858,14149278.650614645,0.1412106128190609,7.216562167410897,2.4795011538272695,2.0,3.3292406798988936,43.14508339236267,28.65869019254298,0.8202110701153158,5
FELL-1,ccgt,62.5,86.97028819886177,369623875.3418479,4250001.730437929,9602.325581395347,490726.4271889473,168606.14711021978,136000.05537401373,600145.3488372092,30670401.699309204,10537884.194388736,8500003.460875858,14149278.650614645,0.1412106128190609,7.216562167410897,2.4795011538272695,2.0,3.3292406798988936,43.14508339236267,28.65869019254298,0.8202110701153158,5
GYAR-1,ccgt,398.0,84.16385541467565,2277811510.3803883,27064011.01942873,9602.325581395347,490726.4271889473,168606.14711021978,136000.05537401373,3821725.581395348,195309118.021201,67105246.54986747,54128022.03885746,14149278.650614645,0.1412106128190609,7.216562167410897,2.4795011538272695,2.0,0.522807895712766,43.14508339236267,28.65869019254298,0.8202110701153158,5
KLYN-A-1,ccgt,395.0,84.16782610755449,2260748729.739209,26860010.93636771,9602.325581395347,490726.4271889473,168606.14711021978,136000.05537401373,3792918.6046511624,193836938.7396342,66599428.10853682,53720021.87273542,14149278.650614645,0.14121061281906092,7.216562167410898,2.4795011538272695,2.0,0.5267785885915971,43.14508339236267,28.65869019254298,0.8202110701153158,5
PETEM1,ccgt,147.0,85.05654100531444,850225530.0683953,9996004.06999001,9602.325581395347,490726.4271889473,168606.14711021978,136000.05537401373,1411541.860465116,72136784.79677525,24785103.62520231,19992008.13998002,14149278.650614645,0.1412106128190609,7.216562167410897,2.4795011538272695,2.0,1.4154934863515705,43.14508339236267,28.658690192542977,0.8202110701153158,5
PETDG-1,ccgt,147.0,85.05654100531444,850225530.0683953,9996004.06999001,9602.325581395347,490726.4271889473,168606.14711021978,136000.05537401373,1411541.860465116,72136784.79677525,24785103.62520231,19992008.13998002,14149278.650614645,0.1412106128190609,7.216562167410897,2.4795011538272695,2.0,1.4154934863515705,43.14508339236267,28.658690192542977,0.8202110701153158,5
SEVIU-1,ccgt,283.3333333333333,84.37543884541115,1625634116.9842052,19266674.51131861,9602.325581395347,490726.4271889473,168606.14711021978,136000.05537401373,2720658.9147286816,139039154.3702017,47771741.681228936,38533349.02263722,14149278.650614645,0.14121061281906092,7.216562167410897,2.4795011538272695,2.0,0.7343913264482854,43.14508339236267,28.65869019254298,0.8202110701153158,5
SHOS-1,ccgt,420.0,84.13647023918594,2402938568.4157023,28560011.62854288,9602.325581395347,490726.4271889473,168606.14711021978,136000.05537401373,4032976.744186046,206105099.41935787,70814581.78629231,57120023.25708576,14149278.650614645,0.14121061281906092,7.216562167410898,2.4795011538272695,2.0,0.4954227202230497,43.14508339236267,28.65869019254298,0.8202110701153158,5
SOLUU-1,ccgt,140.0,85.127315679632,810412375.2389771,9520003.876180962,9602.325581395347,490726.4271889473,168606.14711021978,136000.05537401373,1344325.5813953485,68701699.80645262,23604860.59543077,19040007.752361923,14149278.650614645,0.1412106128190609,7.216562167410896,2.479501153827269,2.0,1.4862681606691488,43.145083392362665,28.658690192542977,0.8202110701153158,5
TAYL2G,ccgt,48.0,87.97599632091455,287153768.90948176,3264001.3289763294,9602.325581395347,490726.4271889473,168606.14711021978,136000.05537401373,460911.6279069767,23554868.50506947,8093095.061290549,6528002.657952659,14149278.650614645,0.1412106128190609,7.216562167410897,2.479501153827269,2.0,4.334948801951684,43.145083392362665,28.65869019254298,0.8202110701153158,5
TAYL3G,ccgt,48.0,87.97599632091455,287153768.90948176,3264001.3289763294,9602.325581395347,490726.4271889473,168606.14711021978,136000.05537401373,460911.6279069767,23554868.50506947,8093095.061290549,6528002.657952659,14149278.650614645,0.1412106128190609,7.216562167410897,2.479501153827269,2.0,4.334948801951684,43.145083392362665,28.65869019254298,0.8202110701153158,5
THRNL-1,ccgt,50.0,87.8025983688365,298528956.00360125,3400001.384350343,9602.325581395347,490726.4271889473,168606.14711021978,136000.05537401373,480116.2790697674,24536321.359447364,8430307.35551099,6800002.768700686,14149278.650614645,0.14121061281906092,7.216562167410897,2.4795011538272695,2.0,4.161550849873617,43.14508339236267,28.65869019254298,0.8202110701153158,5
VKING-2,ccgt,50.0,87.8025983688365,298528956.00360125,3400001.384350343,9602.325581395347,490726.4271889473,168606.14711021978,136000.05537401373,480116.2790697674,24536321.359447364,8430307.35551099,6800002.768700686,14149278.650614645,0.14121061281906092,7.216562167410897,2.4795011538272695,2.0,4.161550849873617,43.14508339236267,28.65869019254298,0.8202110701153158,5
CARR-1,ccgt,67.5,86.72367777812853,398061843.0771466,4590001.868872963,9602.325581395347,490726.4271889473,168606.14711021978,136000.05537401373,648156.9767441859,33124033.835253943,11380914.929939836,9180003.737745926,14149278.650614645,0.1412106128190609,7.216562167410898,2.47950115382727,2.0,3.0826302591656427,43.14508339236267,28.658690192542984,0.8202110701153158,5
CARR-2,ccgt,67.5,86.72367777812853,398061843.0771466,4590001.868872963,9602.325581395347,490726.4271889473,168606.14711021978,136000.05537401373,648156.9767441859,33124033.835253943,11380914.929939836,9180003.737745926,14149278.650614645,0.1412106128190609,7.216562167410898,2.47950115382727,2.0,3.0826302591656427,43.14508339236267,28.658690192542984,0.8202110701153158,5
CDCL-1,ccgt,445.0,84.10863750209477,2545128407.092196,30260012.320718054,9602.325581395347,490726.4271889473,168606.14711021978,136000.05537401373,4273034.88372093,218373260.09908155,75029735.4640478,60520024.64143611,14149278.650614645,0.14121061281906092,7.216562167410897,2.4795011538272695,2.0,0.4675899831318671,43.14508339236268,28.65869019254298,0.8202110701153158,5
DAMC-1,ccgt,1302.5,83.80079995081982,7422239873.695916,88570036.06232645,9602.325581395347,490726.4271889473,168606.14711021978,136000.05537401373,12507029.06976744,639171171.4136038,219609506.61106128,177140072.1246529,14149278.650614645,0.1412106128190609,7.216562167410896,2.479501153827269,2.0,0.15975243185695265,43.145083392362665,28.65869019254298,0.8202110701153158,5
DIDCB5,ccgt,265.0,84.42624579252393,1521361568.6214437,18020007.33705682,9602.325581395347,490726.4271889473,168606.14711021978,136000.05537401373,2544616.279069767,130042503.20507103,44680628.98420824,36040014.67411364,14149278.650614645,0.1412106128190609,7.216562167410897,2.479501153827269,2.0,0.7851982735610598,43.14508339236267,28.658690192542977,0.8202110701153158,5
DIDCB6,ccgt,265.0,84.42624579252393,1521361568.6214437,18020007.33705682,9602.325581395347,490726.4271889473,168606.14711021978,136000.05537401373,2544616.279069767,130042503.20507103,44680628.98420824,36040014.67411364,14149278.650614645,0.1412106128190609,7.216562167410897,2.479501153827269,2.0,0.7851982735610598,43.14508339236267,28.658690192542977,0.8202110701153158,5
EECL-1,ccgt,408.0,84.15104149566308,2334687445.8509855,27744011.296298802,9602.325581395347,490726.4271889473,168606.14711021978,136000.05537401373,3917748.8372093015,200216382.2930905,68791308.02096967,55488022.592597604,14149278.650614645,0.1412106128190609,7.216562167410897,2.4795011538272695,2.0,0.5099939767001982,43.145083392362665,28.658690192542977,0.8202110701153158,5
GRAI1G,ccgt,235.83333333333337,84.5233551196428,1355473423.4988685,16036673.196185788,9602.325581395347,490726.4271889473,168606.14711021978,136000.05537401373,2264548.4496124033,115729649.07872675,39762949.69349351,32073346.392371576,14149278.650614645,0.14121061281906092,7.216562167410897,2.4795011538272695,2.0,0.8823076006799186,43.14508339236267,28.658690192542977,0.8202110701153158,5
GRAI4G,ccgt,235.83333333333337,84.5233551196428,1355473423.4988685,16036673.196185788,9602.325581395347,490726.4271889473,168606.14711021978,136000.05537401373,2264548.4496124033,115729649.07872675,39762949.69349351,32073346.392371576,14149278.650614645,0.14121061281906092,7.216562167410897,2.4795011538272695,2.0,0.8823076006799186,43.14508339236267,28.658690192542977,0.8202110701153158,5
GRMO-1,ccgt,20.7,93.69310271189433,131882465.07475111,1407600.573121042,9602.325581395347,490726.4271889473,168606.14711021978,136000.05537401373,198768.1395348837,10158037.042811207,3490147.2451815493,2815201.146242084,14149278.650614645,0.14121061281906092,7.216562167410897,2.4795011538272695,2.0,10.052055192931443,43.14508339236267,28.65869019254298,0.8202110701153158,5
INDQ-1,ccgt,1302.5,83.80079995081982,7422239873.695916,88570036.06232645,9602.325581395347,490726.4271889473,168606.14711021978,136000.05537401373,12507029.06976744,639171171.4136038,219609506.61106128,177140072.1246529,14149278.650614645,0.1412106128190609,7.216562167410896,2.479501153827269,2.0,0.15975243185695265,43.145083392362665,28.65869019254298,0.8202110701153158,5
LAGA-1,ccgt,905.0,83.87096745541999,5161421438.739673,61540025.05674121,9602.325581395347,490726.4271889473,168606.14711021978,136000.05537401373,8690104.65116279,444107416.60599726,152588563.1347489,123080050.11348242,14149278.650614645,0.14121061281906092,7.216562167410897,2.4795011538272695,2.0,0.22991993645710593,43.14508339236267,28.65869019254298,0.8202110701153158,5
LBAR-1,ccgt,367.5,84.20724491350352,2104339907.1950665,24990010.174975023,9602.325581395347,490726.4271889473,168606.14711021978,136000.05537401373,3528854.65116279,180341961.9919381,61962759.06300577,49980020.349950045,14149278.650614645,0.1412106128190609,7.216562167410896,2.479501153827269,2.0,0.5661973945406281,43.14508339236267,28.65869019254298,0.8202110701153158,5
LBAR-1G,ccgt,367.5,84.20724491350352,2104339907.1950665,24990010.174975023,9602.325581395347,490726.4271889473,168606.14711021978,136000.05537401373,3528854.65116279,180341961.9919381,61962759.06300577,49980020.349950045,14149278.650614645,0.1412106128190609,7.216562167410896,2.479501153827269,2.0,0.5661973945406281,43.14508339236267,28.65869019254298,0.8202110701153158,5
MRWD-1,ccgt,20.0,94.04492464364692,127901149.5918093,1360000.5537401373,9602.325581395347,490726.4271889473,168606.14711021978,136000.05537401373,192046.51162790693,9814528.543778945,3372122.942204396,2720001.1074802745,14149278.650614645,0.1412106128190609,7.216562167410896,2.4795011538272695,2.0,10.403877124684042,43.14508339236267,28.658690192542977,0.8202110701153158,5
PEHE-1,ccgt,913.3333333333334,83.86886964578078,5208818051.631837,62106691.95413294,9602.325581395347,490726.4271889473,168606.14711021978,136000.05537401373,8770124.031007752,448196803.49923855,153993614.3606674,124213383.90826587,14149278.650614645,0.14121061281906092,7.216562167410898,2.4795011538272695,2.0,0.22782212681789873,43.14508339236267,28.658690192542977,0.8202110701153158,5
PEHE-2,ccgt,913.3333333333334,83.86886964578078,5208818051.631837,62106691.95413294,9602.325581395347,490726.4271889473,168606.14711021978,136000.05537401373,8770124.031007752,448196803.49923855,153993614.3606674,124213383.90826587,14149278.650614645,0.14121061281906092,7.216562167410898,2.4795011538272695,2.0,0.22782212681789873,43.14508339236267,28.658690192542977,0.8202110701153158,5
PEHED-1,ccgt,913.3333333333334,83.86886964578078,5208818051.631837,62106691.95413294,9602.325581395347,490726.4271889473,168606.14711021978,136000.05537401373,8770124.031007752,448196803.49923855,153993614.3606674,124213383.90826587,14149278.650614645,0.14121061281906092,7.216562167410898,2.4795011538272695,2.0,0.22782212681789873,43.14508339236267,28.658690192542977,0.8202110701153158,5
PEMB-11,ccgt,461.0,84.09240878250667,2636129903.8451514,31348012.763710164,9602.325581395347,490726.4271889473,168606.14711021978,136000.05537401373,4426672.0930232555,226224882.93410468,77727433.81781133,62696025.52742033,14149278.650614645,0.14121061281906092,7.216562167410897,2.4795011538272695,2.0,0.45136126354377626,43.14508339236267,28.65869019254298,0.8202110701153158,5
PEMB-21,ccgt,461.0,84.09240878250667,2636129903.8451514,31348012.763710164,9602.325581395347,490726.4271889473,168606.14711021978,136000.05537401373,4426672.0930232555,226224882.93410468,77727433.81781133,62696025.52742033,14149278.650614645,0.14121061281906092,7.216562167410897,2.4795011538272695,2.0,0.45136126354377626,43.14508339236267,28.65869019254298,0.8202110701153158,5
PEMB-31,ccgt,461.0,84.09240878250667,2636129903.8451514,31348012.763710164,9602.325581395347,490726.4271889473,168606.14711021978,136000.05537401373,4426672.0930232555,226224882.93410468,77727433.81781133,62696025.52742033,14149278.650614645,0.14121061281906092,7.216562167410897,2.4795011538272695,2.0,0.45136126354377626,43.14508339236267,28.65869019254298,0.8202110701153158,5
PEMB-41,ccgt,461.0,84.09240878250667,2636129903.8451514,31348012.763710164,9602.325581395347,490726.4271889473,168606.14711021978,136000.05537401373,4426672.0930232555,226224882.93410468,77727433.81781133,62696025.52742033,14149278.650614645,0.14121061281906092,7.216562167410897,2.4795011538272695,2.0,0.45136126354377626,43.14508339236267,28.65869019254298,0.8202110701153158,5
PEMB-51,ccgt,461.0,84.09240878250667,2636129903.8451514,31348012.763710164,9602.325581395347,490726.4271889473,168606.14711021978,136000.05537401373,4426672.0930232555,226224882.93410468,77727433.81781133,62696025.52742033,14149278.650614645,0.14121061281906092,7.216562167410897,2.4795011538272695,2.0,0.45136126354377626,43.14508339236267,28.65869019254298,0.8202110701153158,5
RATS-1,ccgt,4.571428571428571,129.15800993945555,40149706.29431628,310857.26942631707,9602.325581395347,490726.4271889473,168606.14711021978,136000.05537401373,43896.34551495016,2243320.810006616,770770.9582181475,621714.5388526341,14149278.650614645,0.14121061281906092,7.216562167410898,2.4795011538272695,2.0,45.51696242049269,43.14508339236267,28.658690192542977,0.8202110701153158,5
RATS-2,ccgt,4.571428571428571,129.15800993945555,40149706.29431628,310857.26942631707,9602.325581395347,490726.4271889473,168606.14711021978,136000.05537401373,43896.34551495016,2243320.810006616,770770.9582181475,621714.5388526341,14149278.650614645,0.14121061281906092,7.216562167410898,2.4795011538272695,2.0,45.51696242049269,43.14508339236267,28.658690192542977,0.8202110701153158,5
RATS-3,ccgt,4.571428571428571,129.15800993945555,40149706.29431628,310857.26942631707,9602.325581395347,490726.4271889473,168606.14711021978,136000.05537401373,43896.34551495016,2243320.810006616,770770.9582181475,621714.5388526341,14149278.650614645,0.14121061281906092,7.216562167410898,2.4795011538272695,2.0,45.51696242049269,43.14508339236267,28.658690192542977,0.8202110701153158,5
RATS-4,ccgt,4.571428571428571,129.15800993945555,40149706.29431628,310857.26942631707,9602.325581395347,490726.4271889473,168606.14711021978,136000.05537401373,43896.34551495016,2243320.810006616,770770.9582181475,621714.5388526341,14149278.650614645,0.14121061281906092,7.216562167410898,2.4795011538272695,2.0,45.51696242049269,43.14508339236267,28.658690192542977,0.8202110701153158,5
RATSGT-2,ccgt,4.571428571428571,129.15800993945555,40149706.29431628,310857.26942631707,9602.325581395347,490726.4271889473,168606.14711021978,136000.05537401373,43896.34551495016,2243320.810006616,770770.9582181475,621714.5388526341,14149278.650614645,0.14121061281906092,7.216562167410898,2.4795011538272695,2.0,45.51696242049269,43.14508339236267,28.658690192542977,0.8202110701153158,5
RATSGT-4,ccgt,4.571428571428571,129.15800993945555,40149706.29431628,310857.26942631707,9602.325581395347,490726.4271889473,168606.14711021978,136000.05537401373,43896.34551495016,2243320.810006616,770770.9582181475,621714.5388526341,14149278.650614645,0.14121061281906092,7.216562167410898,2.4795011538272695,2.0,45.51696242049269,43.14508339236267,28.658690192542977,0.8202110701153158,5
ROCK-1,ccgt,94.0,85.85463839655522,548783072.0742295,6392002.602578646,9602.325581395347,490726.4271889473,168606.14711021978,136000.05537401373,902618.6046511626,46128284.15576104,15848977.82836066,12784005.205157291,14149278.650614645,0.1412106128190609,7.216562167410896,2.479501153827269,2.0,2.2135908775923494,43.145083392362665,28.65869019254298,0.8202110701153158,5
RYHPS-1,ccgt,48.0,87.97599632091455,287153768.90948176,3264001.3289763294,9602.325581395347,490726.4271889473,168606.14711021978,136000.05537401373,460911.6279069767,23554868.50506947,8093095.061290549,6528002.657952659,14149278.650614645,0.1412106128190609,7.216562167410897,2.479501153827269,2.0,4.334948801951684,43.145083392362665,28.65869019254298,0.8202110701153158,5
SCCL-1,ccgt,300.0,84.33463932727516,1720427342.7685347,20400008.30610206,9602.325581395347,490726.4271889473,168606.14711021978,136000.05537401373,2880697.674418604,147217928.1566842,50581844.13306593,40800016.61220412,14149278.650614645,0.1412106128190609,7.216562167410897,2.479501153827269,2.0,0.6935918083122695,43.145083392362665,28.658690192542977,0.8202110701153158,5
SCCL-2,ccgt,300.0,84.33463932727516,1720427342.7685347,20400008.30610206,9602.325581395347,490726.4271889473,168606.14711021978,136000.05537401373,2880697.674418604,147217928.1566842,50581844.13306593,40800016.61220412,14149278.650614645,0.1412106128190609,7.216562167410897,2.479501153827269,2.0,0.6935918083122695,43.145083392362665,28.658690192542977,0.8202110701153158,5
SCCL-3,ccgt,300.0,84.33463932727516,1720427342.7685347,20400008.30610206,9602.325581395347,490726.4271889473,168606.14711021978,136000.05537401373,2880697.674418604,147217928.1566842,50581844.13306593,40800016.61220412,14149278.650614645,0.1412106128190609,7.216562167410897,2.479501153827269,2.0,0.6935918083122695,43.145083392362665,28.658690192542977,0.8202110701153158,5
SEEL-1,ccgt,475.0,84.07910550316011,2715756213.503988,32300013.15132826,9602.325581395347,490726.4271889473,168606.14711021978,136000.05537401373,4561104.65116279,233095052.91474995,80087919.8773544,64600026.30265652,14149278.650614645,0.14121061281906092,7.216562167410897,2.4795011538272695,2.0,0.43805798419722286,43.14508339236268,28.65869019254298,0.8202110701153158,5
SPLN-1,ccgt,475.0,84.07910550316011,2715756213.503988,32300013.15132826,9602.325581395347,490726.4271889473,168606.14711021978,136000.05537401373,4561104.65116279,233095052.91474995,80087919.8773544,64600026.30265652,14149278.650614645,0.14121061281906092,7.216562167410897,2.4795011538272695,2.0,0.43805798419722286,43.14508339236268,28.65869019254298,0.8202110701153158,5
STAY-1,ccgt,443.0,84.11074851781996,2533753219.9980764,30124012.26534404,9602.325581395347,490726.4271889473,168606.14711021978,136000.05537401373,4253830.232558139,217391807.24470365,74692523.16982736,60248024.53068808,14149278.650614645,0.1412106128190609,7.216562167410898,2.4795011538272695,2.0,0.4697009988570674,43.14508339236268,28.65869019254298,0.8202110701153158,5
STAY-2,ccgt,443.0,84.11074851781996,2533753219.9980764,30124012.26534404,9602.325581395347,490726.4271889473,168606.14711021978,136000.05537401373,4253830.232558139,217391807.24470365,74692523.16982736,60248024.53068808,14149278.650614645,0.1412106128190609,7.216562167410898,2.4795011538272695,2.0,0.4697009988570674,43.14508339236268,28.65869019254298,0.8202110701153158,5
STAY-3,ccgt,443.0,84.11074851781996,2533753219.9980764,30124012.26534404,9602.325581395347,490726.4271889473,168606.14711021978,136000.05537401373,4253830.232558139,217391807.24470365,74692523.16982736,60248024.53068808,14149278.650614645,0.1412106128190609,7.216562167410898,2.4795011538272695,2.0,0.4697009988570674,43.14508339236268,28.65869019254298,0.8202110701153158,5
STAY-4,ccgt,443.0,84.11074851781996,2533753219.9980764,30124012.26534404,9602.325581395347,490726.4271889473,168606.14711021978,136000.05537401373,4253830.232558139,217391807.24470365,74692523.16982736,60248024.53068808,14149278.650614645,0.1412106128190609,7.216562167410898,2.4795011538272695,2.0,0.4697009988570674,43.14508339236268,28.65869019254298,0.8202110701153158,5
SUTB-1,ccgt,819.0,83.8951104524106,4672288393.692536,55692022.67565862,9602.325581395347,490726.4271889473,168606.14711021978,136000.05537401373,7864304.651162789,401904943.86774784,138088434.48327,111384045.35131724,14149278.650614645,0.1412106128190609,7.216562167410898,2.479501153827269,2.0,0.2540629334477178,43.14508339236268,28.658690192542977,0.8202110701153158,5
SVRP-10,ccgt,283.3333333333333,84.37543884541115,1625634116.9842052,19266674.51131861,9602.325581395347,490726.4271889473,168606.14711021978,136000.05537401373,2720658.9147286816,139039154.3702017,47771741.681228936,38533349.02263722,14149278.650614645,0.14121061281906092,7.216562167410897,2.4795011538272695,2.0,0.7343913264482854,43.14508339236267,28.65869019254298,0.8202110701153158,5
SVRP-20,ccgt,283.3333333333333,84.37543884541115,1625634116.9842052,19266674.51131861,9602.325581395347,490726.4271889473,168606.14711021978,136000.05537401373,2720658.9147286816,139039154.3702017,47771741.681228936,38533349.02263722,14149278.650614645,0.14121061281906092,7.216562167410897,2.4795011538272695,2.0,0.7343913264482854,43.14508339236267,28.65869019254298,0.8202110701153158,5
TSREP-1,ccgt,60.0,87.10900656052422,355404891.4741986,4080001.661220412,9602.325581395347,490726.4271889473,168606.14711021978,136000.05537401373,576139.5348837208,29443585.631336838,10116368.826613188,8160003.322440824,14149278.650614645,0.1412106128190609,7.216562167410897,2.4795011538272695,2.0,3.4679590415613477,43.14508339236267,28.65869019254298,0.8202110701153158,5
WILCT-1,ccgt,60.0,87.10900656052422,355404891.4741986,4080001.661220412,9602.325581395347,490726.4271889473,168606.14711021978,136000.05537401373,576139.5348837208,29443585.631336838,10116368.826613188,8160003.322440824,14149278.650614645,0.1412106128190609,7.216562167410897,2.4795011538272695,2.0,3.4679590415613477,43.14508339236267,28.65869019254298,0.8202110701153158,5
COSO-1,ccgt,235.83333333333337,84.5233551196428,1355473423.4988685,16036673.196185788,9602.325581395347,490726.4271889473,168606.14711021978,136000.05537401373,2264548.4496124033,115729649.07872675,39762949.69349351,32073346.392371576,14149278.650614645,0.14121061281906092,7.216562167410897,2.4795011538272695,2.0,0.8823076006799186,43.14508339236267,28.658690192542977,0.8202110701153158,5
GRAI-6,ccgt,235.83333333333337,84.5233551196428,1355473423.4988685,16036673.196185788,9602.325581395347,490726.4271889473,168606.14711021978,136000.05537401373,2264548.4496124033,115729649.07872675,39762949.69349351,32073346.392371576,14149278.650614645,0.14121061281906092,7.216562167410897,2.4795011538272695,2.0,0.8823076006799186,43.14508339236267,28.658690192542977,0.8202110701153158,5
GRAI-7,ccgt,235.83333333333337,84.5233551196428,1355473423.4988685,16036673.196185788,9602.325581395347,490726.4271889473,168606.14711021978,136000.05537401373,2264548.4496124033,115729649.07872675,39762949.69349351,32073346.392371576,14149278.650614645,0.14121061281906092,7.216562167410897,2.4795011538272695,2.0,0.8823076006799186,43.14508339236267,28.658690192542977,0.8202110701153158,5
GRAI-8,ccgt,235.83333333333337,84.5233551196428,1355473423.4988685,16036673.196185788,9602.325581395347,490726.4271889473,168606.14711021978,136000.05537401373,2264548.4496124033,115729649.07872675,39762949.69349351,32073346.392371576,14149278.650614645,0.14121061281906092,7.216562167410897,2.4795011538272695,2.0,0.8823076006799186,43.14508339236267,28.658690192542977,0.8202110701153158,5
SHBA-1,ccgt,695.0,83.94043966643581,3967026793.857129,47260019.24246977,9602.325581395347,490726.4271889473,168606.14711021978,136000.05537401373,6673616.279069766,341054866.8963184,117181272.24160275,94520038.48493955,14149278.650614645,0.1412106128190609,7.216562167410897,2.479501153827269,2.0,0.2993921474729221,43.14508339236267,28.658690192542977,0.8202110701153158,5
SHBA-2,ccgt,695.0,83.94043966643581,3967026793.857129,47260019.24246977,9602.325581395347,490726.4271889473,168606.14711021978,136000.05537401373,6673616.279069766,341054866.8963184,117181272.24160275,94520038.48493955,14149278.650614645,0.1412106128190609,7.216562167410897,2.479501153827269,2.0,0.2993921474729221,43.14508339236267,28.658690192542977,0.8202110701153158,5
gas_9251,ccgt,20.0,94.04492464364692,127901149.5918093,1360000.5537401373,9602.325581395347,490726.4271889473,168606.14711021978,136000.05537401373,192046.51162790693,9814528.543778945,3372122.942204396,2720001.1074802745,14149278.650614645,0.1412106128190609,7.216562167410896,2.4795011538272695,2.0,10.403877124684042,43.14508339236267,28.658690192542977,0.8202110701153158,5
gas_9255,ccgt,60.0,87.10900656052422,355404891.4741986,4080001.661220412,9602.325581395347,490726.4271889473,168606.14711021978,136000.05537401373,576139.5348837208,29443585.631336838,10116368.826613188,8160003.322440824,14149278.650614645,0.1412106128190609,7.216562167410897,2.4795011538272695,2.0,3.4679590415613477,43.14508339236267,28.65869019254298,0.8202110701153158,5
gas_9256,ccgt,60.0,87.10900656052422,355404891.4741986,4080001.661220412,9602.325581395347,490726.4271889473,168606.14711021978,136000.05537401373,576139.5348837208,29443585.631336838,10116368.826613188,8160003.322440824,14149278.650614645,0.1412106128190609,7.216562167410897,2.4795011538272695,2.0,3.4679590415613477,43.14508339236267,28.65869019254298,0.8202110701153158,5
gas_9257,ccgt,300.0,84.33463932727516,1720427342.7685347,20400008.30610206,9602.325581395347,490726.4271889473,168606.14711021978,136000.05537401373,2880697.674418604,147217928.1566842,50581844.13306593,40800016.61220412,14149278.650614645,0.1412106128190609,7.216562167410897,2.479501153827269,2.0,0.6935918083122695,43.145083392362665,28.658690192542977,0.8202110701153158,5
gas_9258,ccgt,300.0,84.33463932727516,1720427342.7685347,20400008.30610206,9602.325581395347,490726.4271889473,168606.14711021978,136000.05537401373,2880697.674418604,147217928.1566842,50581844.13306593,40800016.61220412,14149278.650614645,0.1412106128190609,7.216562167410897,2.479501153827269,2.0,0.6935918083122695,43.145083392362665,28.658690192542977,0.8202110701153158,5
gas_9259,ccgt,20.0,94.04492464364692,127901149.5918093,1360000.5537401373,9602.325581395347,490726.4271889473,168606.14711021978,136000.05537401373,192046.51162790693,9814528.543778945,3372122.942204396,2720001.1074802745,14149278.650614645,0.1412106128190609,7.216562167410896,2.4795011538272695,2.0,10.403877124684042,43.14508339236267,28.658690192542977,0.8202110701153158,5
gas_9260,ccgt,20.0,94.04492464364692,127901149.5918093,1360000.5537401373,9602.325581395347,490726.4271889473,168606.14711021978,136000.05537401373,192046.51162790693,9814528.543778945,3372122.942204396,2720001.1074802745,14149278.650614645,0.1412106128190609,7.216562167410896,2.4795011538272695,2.0,10.403877124684042,43.14508339236267,28.658690192542977,0.8202110701153158,5
gas_9262,ccgt,60.0,87.10900656052422,355404891.4741986,4080001.661220412,9602.325581395347,490726.4271889473,168606.14711021978,136000.05537401373,576139.5348837208,29443585.631336838,10116368.826613188,8160003.322440824,14149278.650614645,0.1412106128190609,7.216562167410897,2.4795011538272695,2.0,3.4679590415613477,43.14508339236267,28.65869019254298,0.8202110701153158,5
gas_9263,ccgt,21.0,93.54950192342386,133588743.13886902,1428000.5814271441,9602.325581395347,490726.4271889473,168606.14711021978,136000.05537401373,201648.8372093023,10305254.970967893,3540729.0893146154,2856001.1628542882,14149278.650614645,0.1412106128190609,7.216562167410897,2.4795011538272695,2.0,9.908454404460993,43.14508339236267,28.65869019254298,0.8202110701153158,5
gas_9264,ccgt,50.0,87.8025983688365,298528956.00360125,3400001.384350343,9602.325581395347,490726.4271889473,168606.14711021978,136000.05537401373,480116.2790697674,24536321.359447364,8430307.35551099,6800002.768700686,14149278.650614645,0.14121061281906092,7.216562167410897,2.4795011538272695,2.0,4.161550849873617,43.14508339236267,28.65869019254298,0.8202110701153158,5
gas_9265,ccgt,77.0,86.34335326563406,452093981.774214,5236002.131899528,9602.325581395347,490726.4271889473,168606.14711021978,136000.05537401373,739379.0697674417,37785934.89354894,12982673.327486923,10472004.263799056,14149278.650614645,0.1412106128190609,7.216562167410898,2.4795011538272695,2.0,2.70230574667118,43.14508339236267,28.658690192542984,0.8202110701153158,5
gas_9267,ccgt,455.0,84.09836079916879,2602004342.5627933,30940012.597588122,9602.325581395347,490726.4271889473,168606.14711021978,136000.05537401373,4369058.139534883,223280524.37097102,76715796.93515,61880025.195176244,14149278.650614645,0.14121061281906092,7.216562167410898,2.4795011538272695,2.0,0.457313280205892,43.14508339236268,28.65869019254298,0.8202110701153158,5
gas_9268,ccgt,455.0,84.09836079916879,2602004342.5627933,30940012.597588122,9602.325581395347,490726.4271889473,168606.14711021978,136000.05537401373,4369058.139534883,223280524.37097102,76715796.93515,61880025.195176244,14149278.650614645,0.14121061281906092,7.216562167410898,2.4795011538272695,2.0,0.457313280205892,43.14508339236268,28.65869019254298,0.8202110701153158,5
gas_9269,ccgt,40.5,88.77876461757229,244496817.30653384,2754001.121323778,9602.325581395347,490726.4271889473,168606.14711021978,136000.05537401373,388894.1860465116,19874420.301152363,6828548.957963902,5508002.242647556,14149278.650614645,0.14121061281906092,7.216562167410897,2.4795011538272695,2.0,5.1377170986094045,43.14508339236267,28.65869019254298,0.8202110701153158,5
gas_9271,ccgt,20.0,94.04492464364692,127901149.5918093,1360000.5537401373,9602.325581395347,490726.4271889473,168606.14711021978,136000.05537401373,192046.51162790693,9814528.543778945,3372122.942204396,2720001.1074802745,14149278.650614645,0.1412106128190609,7.216562167410896,2.4795011538272695,2.0,10.403877124684042,43.14508339236267,28.658690192542977,0.8202110701153158,5
gas_9272,ccgt,20.0,94.04492464364692,127901149.5918093,1360000.5537401373,9602.325581395347,490726.4271889473,168606.14711021978,136000.05537401373,192046.51162790693,9814528.543778945,3372122.942204396,2720001.1074802745,14149278.650614645,0.1412106128190609,7.216562167410896,2.4795011538272695,2.0,10.403877124684042,43.14508339236267,28.658690192542977,0.8202110701153158,5
gas_9273,ccgt,40.0,88.8429860813049,241653020.53300396,2720001.1074802745,9602.325581395347,490726.4271889473,168606.14711021978,136000.05537401373,384093.02325581387,19629057.08755789,6744245.884408792,5440002.214960549,14149278.650614645,0.1412106128190609,7.216562167410896,2.4795011538272695,2.0,5.201938562342021,43.14508339236267,28.658690192542977,0.8202110701153158,5
gas_9275,ccgt,45.0,88.26499290771136,270090988.2683026,3060001.2459153086,9602.325581395347,490726.4271889473,168606.14711021978,136000.05537401373,432104.65116279066,22082689.22350263,7587276.61995989,6120002.491830617,14149278.650614645,0.14121061281906092,7.216562167410898,2.4795011538272695,2.0,4.623945388748464,43.14508339236268,28.65869019254298,0.8202110701153158,5
gas_9282,ccgt,413.0,84.14486723444395,2363125413.586284,28084011.434733834,9602.325581395347,490726.4271889473,168606.14711021978,136000.05537401373,3965760.4651162783,202670014.42903522,69634338.75652076,56168022.86946767,14149278.650614645,0.1412106128190609,7.216562167410897,2.479501153827269,2.0,0.5038197154810674,43.14508339236267,28.658690192542977,0.8202110701153158,5
oil_9283,oil,60.0,507.4573402634596,105226819.86992702,207360.91789567136,9668.534080298787,261542.52550693482,-158597.96231746554,0.0,580112.0448179272,15692551.53041609,-9515877.739047933,0.0,2179521.0458911234,2.797595857044752,75.67747910101082,-45.89041095890411,0.0,10.510760986251501,399.5181690423611,64.84374623569565,0.8748743857652697,3
gas_9286,ccgt,800.0,83.90114444707999,4564224116.298401,54400022.14960549,9602.325581395347,490726.4271889473,168606.14711021978,136000.05537401373,7681860.465116278,392581141.7511578,134884917.68817583,108800044.29921098,14149278.650614645,0.14121061281906092,7.216562167410897,2.4795011538272695,2.0,0.26009692811710106,43.14508339236267,28.65869019254298,0.8202110701153158,5
gas_9290,ccgt,49.5,87.84463423600693,295685159.23007137,3366001.37050684,9602.325581395347,490726.4271889473,168606.14711021978,136000.05537401373,475315.1162790697,24290958.14585289,8346004.281955879,6732002.74101368,14149278.650614645,0.1412106128190609,7.216562167410897,2.479501153827269,2.0,4.2035867170440575,43.145083392362665,28.658690192542977,0.8202110701153158,5
gas_9296,ccgt,58.0,87.22859135506081,344029704.3800791,3944001.605846398,9602.325581395347,490726.4271889473,168606.14711021978,136000.05537401373,556934.8837209302,28462132.776958942,9779156.532392748,7888003.211692796,14149278.650614645,0.14121061281906092,7.216562167410897,2.4795011538272695,2.0,3.5875438360979457,43.14508339236267,28.65869019254298,0.8202110701153158,5
gas_9305,ccgt,32.0,90.14347072189041,196152272.1565261,2176000.8859842196,9602.325581395347,490726.4271889473,168606.14711021978,136000.05537401373,307274.4186046511,15703245.670046313,5395396.707527033,4352001.771968439,14149278.650614645,0.1412106128190609,7.216562167410897,2.4795011538272695,2.0,6.502423202927527,43.14508339236267,28.65869019254298,0.8202110701153158,5
gas_9306,ccgt,32.0,90.14347072189041,196152272.1565261,2176000.8859842196,9602.325581395347,490726.4271889473,168606.14711021978,136000.05537401373,307274.4186046511,15703245.670046313,5395396.707527033,4352001.771968439,14149278.650614645,0.1412106128190609,7.216562167410897,2.4795011538272695,2.0,6.502423202927527,43.14508339236267,28.65869019254298,0.8202110701153158,5
gas_9309,ccgt,32.0,90.14347072189041,196152272.1565261,2176000.8859842196,9602.325581395347,490726.4271889473,168606.14711021978,136000.05537401373,307274.4186046511,15703245.670046313,5395396.707527033,4352001.771968439,14149278.650614645,0.1412106128190609,7.216562167410897,2.4795011538272695,2.0,6.502423202927527,43.14508339236267,28.65869019254298,0.8202110701153158,5
gas_9315,ccgt,20.7,93.69310271189433,131882465.07475111,1407600.573121042,9602.325581395347,490726.4271889473,168606.14711021978,136000.05537401373,198768.1395348837,10158037.042811207,3490147.2451815493,2815201.146242084,14149278.650614645,0.14121061281906092,7.216562167410897,2.4795011538272695,2.0,10.052055192931443,43.14508339236267,28.65869019254298,0.8202110701153158,5
gas_9316,ccgt,20.0,94.04492464364692,127901149.5918093,1360000.5537401373,9602.325581395347,490726.4271889473,168606.14711021978,136000.05537401373,192046.51162790693,9814528.543778945,3372122.942204396,2720001.1074802745,14149278.650614645,0.1412106128190609,7.216562167410896,2.4795011538272695,2.0,10.403877124684042,43.14508339236267,28.658690192542977,0.8202110701153158,5
gas_9317,ccgt,50.0,87.8025983688365,298528956.00360125,3400001.384350343,9602.325581395347,490726.4271889473,168606.14711021978,136000.05537401373,480116.2790697674,24536321.359447364,8430307.35551099,6800002.768700686,14149278.650614645,0.14121061281906092,7.216562167410897,2.4795011538272695,2.0,4.161550849873617,43.14508339236267,28.65869019254298,0.8202110701153158,5
gas_9320,ccgt,155.0,84.98348327698662,895726278.4448731,10540004.291486064,9602.325581395347,490726.4271889473,168606.14711021978,136000.05537401373,1488360.4651162787,76062596.21428683,26133952.802084066,21080008.582972128,14149278.650614645,0.1412106128190609,7.216562167410898,2.4795011538272695,2.0,1.3424357580237474,43.14508339236267,28.65869019254298,0.8202110701153158,5
gas_9327,ccgt,43.2,88.45765729890918,259853319.88359508,2937601.1960786968,9602.325581395347,490726.4271889473,168606.14711021978,136000.05537401373,414820.465116279,21199381.65456252,7283785.555161495,5875202.3921573935,14149278.650614645,0.1412106128190609,7.216562167410896,2.479501153827269,2.0,4.816609779946316,43.14508339236267,28.658690192542977,0.8202110701153158,5
gas_9338,ccgt,145.0,85.07606505340206,838850342.974276,9860004.014615996,9602.325581395347,490726.4271889473,168606.14711021978,136000.05537401373,1392337.2093023253,71155331.94239736,24447891.33098187,19720008.02923199,14149278.650614645,0.1412106128190609,7.216562167410897,2.479501153827269,2.0,1.4350175344391782,43.145083392362665,28.65869019254298,0.8202110701153158,5
gas_9340,ccgt,20.0,94.04492464364692,127901149.5918093,1360000.5537401373,9602.325581395347,490726.4271889473,168606.14711021978,136000.05537401373,192046.51162790693,9814528.543778945,3372122.942204396,2720001.1074802745,14149278.650614645,0.1412106128190609,7.216562167410896,2.4795011538272695,2.0,10.403877124684042,43.14508339236267,28.658690192542977,0.8202110701153158,5
gas_9342,ccgt,20.0,94.04492464364692,127901149.5918093,1360000.5537401373,9602.325581395347,490726.4271889473,168606.14711021978,136000.05537401373,192046.51162790693,9814528.543778945,3372122.942204396,2720001.1074802745,14149278.650614645,0.1412106128190609,7.216562167410896,2.4795011538272695,2.0,10.403877124684042,43.14508339236267,28.658690192542977,0.8202110701153158,5
gas_9343,ccgt,50.0,87.8025983688365,298528956.00360125,3400001.384350343,9602.325581395347,490726.4271889473,168606.14711021978,136000.05537401373,480116.2790697674,24536321.359447364,8430307.35551099,6800002.768700686,14149278.650614645,0.14121061281906092,7.216562167410897,2.4795011538272695,2.0,4.161550849873617,43.14508339236267,28.65869019254298,0.8202110701153158,5
gas_9344,ccgt,21.0,93.54950192342386,133588743.13886902,1428000.5814271441,9602.325581395347,490726.4271889473,168606.14711021978,136000.05537401373,201648.8372093023,10305254.970967893,3540729.0893146154,2856001.1628542882,14149278.650614645,0.1412106128190609,7.216562167410897,2.4795011538272695,2.0,9.908454404460993,43.14508339236267,28.65869019254298,0.8202110701153158,5
gas_9345,ccgt,50.0,87.8025983688365,298528956.00360125,3400001.384350343,9602.325581395347,490726.4271889473,168606.14711021978,136000.05537401373,480116.2790697674,24536321.359447364,8430307.35551099,6800002.768700686,14149278.650614645,0.14121061281906092,7.216562167410897,2.4795011538272695,2.0,4.161550849873617,43.14508339236267,28.65869019254298,0.8202110701153158,5
gas_9346,ccgt,50.0,87.8025983688365,298528956.00360125,3400001.384350343,9602.325581395347,490726.4271889473,168606.14711021978,136000.05537401373,480116.2790697674,24536321.359447364,8430307.35551099,6800002.768700686,14149278.650614645,0.14121061281906092,7.216562167410897,2.4795011538272695,2.0,4.161550849873617,43.14508339236267,28.65869019254298,0.8202110701153158,5
gas_9348,ccgt,20.0,94.04492464364692,127901149.5918093,1360000.5537401373,9602.325581395347,490726.4271889473,168606.14711021978,136000.05537401373,192046.51162790693,9814528.543778945,3372122.942204396,2720001.1074802745,14149278.650614645,0.1412106128190609,7.216562167410896,2.4795011538272695,2.0,10.403877124684042,43.14508339236267,28.658690192542977,0.8202110701153158,5
gas_9350,ccgt,53.0,87.56703888676819,315591736.64478046,3604001.4674113635,9602.325581395347,490726.4271889473,168606.14711021978,136000.05537401373,508923.2558139534,26008500.641014207,8936125.79684165,7208002.934822727,14149278.650614645,0.14121061281906092,7.216562167410898,2.47950115382727,2.0,3.9259913678052993,43.14508339236268,28.658690192542984,0.8202110701153158,5
gas_9351,ccgt,375.0,84.1959209656127,2146996858.7980144,25500010.382627573,9602.325581395347,490726.4271889473,168606.14711021978,136000.05537401373,3600872.0930232555,184022410.19585523,63227305.166332416,51000020.765255146,14149278.650614645,0.14121061281906092,7.216562167410897,2.4795011538272695,2.0,0.5548734466498156,43.14508339236267,28.65869019254298,0.8202110701153158,5
gas_9352,ccgt,375.0,84.1959209656127,2146996858.7980144,25500010.382627573,9602.325581395347,490726.4271889473,168606.14711021978,136000.05537401373,3600872.0930232555,184022410.19585523,63227305.166332416,51000020.765255146,14149278.650614645,0.14121061281906092,7.216562167410897,2.4795011538272695,2.0,0.5548734466498156,43.14508339236267,28.65869019254298,0.8202110701153158,5
gas_9353,ccgt,530.0,84.0336466557434,3028573858.5922728,36040014.67411364,9602.325581395347,490726.4271889473,168606.14711021978,136000.05537401373,5089232.558139534,260085006.41014206,89361257.96841648,72080029.34822728,14149278.650614645,0.1412106128190609,7.216562167410897,2.479501153827269,2.0,0.3925991367805299,43.14508339236267,28.658690192542977,0.8202110701153158,5
gas_9363,ccgt,311.0,84.31010714112907,1782990871.7861915,21148008.610659134,9602.325581395347,490726.4271889473,168606.14711021978,136000.05537401373,2986323.255813953,152615918.8557626,52436511.751278356,42296017.22131827,14149278.650614645,0.14121061281906092,7.216562167410897,2.4795011538272695,2.0,0.6690596221661764,43.14508339236267,28.658690192542984,0.8202110701153158,5
gas_9364,ccgt,311.0,84.31010714112907,1782990871.7861915,21148008.610659134,9602.325581395347,490726.4271889473,168606.14711021978,136000.05537401373,2986323.255813953,152615918.8557626,52436511.751278356,42296017.22131827,14149278.650614645,0.14121061281906092,7.216562167410897,2.4795011538272695,2.0,0.6690596221661764,43.14508339236267,28.658690192542984,0.8202110701153158,5
gas_9365,ccgt,30.0,90.57696560208558,184777085.06240663,2040000.830610206,9602.325581395347,490726.4271889473,168606.14711021978,136000.05537401373,288069.7674418604,14721792.815668419,5058184.413306594,4080001.661220412,14149278.650614645,0.1412106128190609,7.216562167410897,2.4795011538272695,2.0,6.935918083122695,43.14508339236267,28.65869019254298,0.8202110701153158,5
gas_9366,ccgt,30.0,90.57696560208558,184777085.06240663,2040000.830610206,9602.325581395347,490726.4271889473,168606.14711021978,136000.05537401373,288069.7674418604,14721792.815668419,5058184.413306594,4080001.661220412,14149278.650614645,0.1412106128190609,7.216562167410897,2.4795011538272695,2.0,6.935918083122695,43.14508339236267,28.65869019254298,0.8202110701153158,5
gas_9367,ccgt,42.0,88.59527472119336,253028207.6271234,2856001.1628542882,9602.325581395347,490726.4271889473,168606.14711021978,136000.05537401373,403297.6744186046,20610509.941935785,7081458.178629231,5712002.3257085765,14149278.650614645,0.1412106128190609,7.216562167410897,2.4795011538272695,2.0,4.954227202230497,43.14508339236267,28.65869019254298,0.8202110701153158,5
gas_9368,ccgt,42.0,88.59527472119336,253028207.6271234,2856001.1628542882,9602.325581395347,490726.4271889473,168606.14711021978,136000.05537401373,403297.6744186046,20610509.941935785,7081458.178629231,5712002.3257085765,14149278.650614645,0.1412106128190609,7.216562167410897,2.4795011538272695,2.0,4.954227202230497,43.14508339236267,28.65869019254298,0.8202110701153158,5
gas_9369,ccgt,340.0,84.25304029100313,1947931084.650924,23120009.413582332,9602.325581395347,490726.4271889473,168606.14711021978,136000.05537401373,3264790.6976744183,166846985.24424207,57326090.017474726,46240018.827164665,14149278.650614645,0.14121061281906092,7.216562167410897,2.4795011538272695,2.0,0.6119927720402378,43.14508339236268,28.65869019254298,0.8202110701153158,5
oil_9380,oil,72.8,505.6092943757671,127210243.61905468,251597.91371341457,9668.534080298787,261542.52550693482,-158597.96231746554,0.0,703869.2810457516,19040295.856904853,-11545931.65671149,0.0,2179521.0458911234,2.7975958570447523,75.67747910101082,-45.89041095890411,0.0,8.66271509855893,399.5181690423611,64.84374623569565,0.8748743857652697,3
gas_9382,ccgt,38.0,89.11677232142817,230277833.4388845,2584001.052106261,9602.325581395347,490726.4271889473,168606.14711021978,136000.05537401373,364888.3720930232,18647604.233179998,6407033.590188351,5168002.104212522,14149278.650614645,0.14121061281906092,7.216562167410898,2.479501153827269,2.0,5.475724802465286,43.14508339236267,28.65869019254298,0.8202110701153158,5
gas_9384,ccgt,20.0,94.04492464364692,127901149.5918093,1360000.5537401373,9602.325581395347,490726.4271889473,168606.14711021978,136000.05537401373,192046.51162790693,9814528.543778945,3372122.942204396,2720001.1074802745,14149278.650614645,0.1412106128190609,7.216562167410896,2.4795011538272695,2.0,10.403877124684042,43.14508339236267,28.658690192542977,0.8202110701153158,5
oil_9385,oil,23.0,524.3659557630816,41680985.59510488,79488.35186000736,9668.534080298787,261542.52550693482,-158597.96231746554,0.0,222376.2838468721,6015478.086659501,-3647753.1333017075,0.0,2179521.0458911234,2.7975958570447523,75.67747910101082,-45.890410958904106,0.0,27.41937648587348,399.518169042361,64.84374623569565,0.8748743857652697,3
gas_9387,ccgt,920.0,83.86721876080382,5246735341.945568,62560025.472046316,9602.325581395347,490726.4271889473,168606.14711021978,136000.05537401373,8834139.534883719,451468313.0138315,155117655.3414022,125120050.94409263,14149278.650614645,0.1412106128190609,7.216562167410897,2.4795011538272695,2.0,0.22617124184095744,43.14508339236267,28.658690192542977,0.8202110701153158,5
gas_9390,ccgt,755.0,83.91664691299424,4308282406.680713,51340020.90369018,9602.325581395347,490726.4271889473,168606.14711021978,136000.05537401373,7249755.813953487,370498452.5276552,127297641.06821594,102680041.80738036,14149278.650614645,0.1412106128190609,7.216562167410897,2.4795011538272695,2.0,0.27559939403136535,43.14508339236267,28.658690192542977,0.8202110701153158,5
gas_9400,ccgt,45.0,88.26499290771136,270090988.2683026,3060001.2459153086,9602.325581395347,490726.4271889473,168606.14711021978,136000.05537401373,432104.65116279066,22082689.22350263,7587276.61995989,6120002.491830617,14149278.650614645,0.14121061281906092,7.216562167410898,2.4795011538272695,2.0,4.623945388748464,43.14508339236268,28.65869019254298,0.8202110701153158,5
gas_9407,ccgt,20.0,94.04492464364692,127901149.5918093,1360000.5537401373,9602.325581395347,490726.4271889473,168606.14711021978,136000.05537401373,192046.51162790693,9814528.543778945,3372122.942204396,2720001.1074802745,14149278.650614645,0.1412106128190609,7.216562167410896,2.4795011538272695,2.0,10.403877124684042,43.14508339236267,28.658690192542977,0.8202110701153158,5
gas_9413,ccgt,20.5,93.79117154304488,130744946.36533916,1394000.5675836406,9602.325581395347,490726.4271889473,168606.14711021978,136000.05537401373,196847.6744186046,10059891.757373419,3456426.0157595053,2788001.135167281,14149278.650614645,0.14121061281906092,7.216562167410897,2.4795011538272695,2.0,10.150124024081993,43.14508339236268,28.658690192542984,0.8202110701153158,5
gas_9414,ccgt,30.0,90.57696560208558,184777085.06240663,2040000.830610206,9602.325581395347,490726.4271889473,168606.14711021978,136000.05537401373,288069.7674418604,14721792.815668419,5058184.413306594,4080001.661220412,14149278.650614645,0.1412106128190609,7.216562167410897,2.4795011538272695,2.0,6.935918083122695,43.14508339236267,28.65869019254298,0.8202110701153158,5
gas_9415,ccgt,30.0,90.57696560208558,184777085.06240663,2040000.830610206,9602.325581395347,490726.4271889473,168606.14711021978,136000.05537401373,288069.7674418604,14721792.815668419,5058184.413306594,4080001.661220412,14149278.650614645,0.1412106128190609,7.216562167410897,2.4795011538272695,2.0,6.935918083122695,43.14508339236267,28.65869019254298,0.8202110701153158,5
gas_9418,ccgt,40.5,88.77876461757229,244496817.30653384,2754001.121323778,9602.325581395347,490726.4271889473,168606.14711021978,136000.05537401373,388894.1860465116,19874420.301152363,6828548.957963902,5508002.242647556,14149278.650614645,0.14121061281906092,7.216562167410897,2.4795011538272695,2.0,5.1377170986094045,43.14508339236267,28.65869019254298,0.8202110701153158,5
gas_9419,ccgt,20.0,94.04492464364692,127901149.5918093,1360000.5537401373,9602.325581395347,490726.4271889473,168606.14711021978,136000.05537401373,192046.51162790693,9814528.543778945,3372122.942204396,2720001.1074802745,14149278.650614645,0.1412106128190609,7.216562167410896,2.4795011538272695,2.0,10.403877124684042,43.14508339236267,28.658690192542977,0.8202110701153158,5
gas_9420,ccgt,810.0,83.89793337389335,4621100051.768998,55080022.42647556,9602.325581395347,490726.4271889473,168606.14711021978,136000.05537401373,7777883.720930232,397488406.02304727,136570979.15927804,110160044.85295112,14149278.650614645,0.1412106128190609,7.216562167410896,2.4795011538272695,2.0,0.25688585493047017,43.145083392362665,28.658690192542977,0.8202110701153158,5
gas_9422,ccgt,715.0,83.93206506091208,4080778664.7983236,48620019.79620991,9602.325581395347,490726.4271889473,168606.14711021978,136000.05537401373,6865662.790697673,350869395.4400973,120553395.18380715,97240039.59241982,14149278.650614645,0.1412106128190609,7.216562167410896,2.4795011538272695,2.0,0.291017541949204,43.14508339236267,28.658690192542977,0.8202110701153158,5
gas_9427,ccgt,50.4,87.76957018748828,300803993.42242515,3427201.395425146,9602.325581395347,490726.4271889473,168606.14711021978,136000.05537401373,483957.2093023255,24732611.93032294,8497749.814355077,6854402.790850292,14149278.650614645,0.1412106128190609,7.216562167410896,2.4795011538272695,2.0,4.128522668525414,43.145083392362665,28.658690192542977,0.8202110701153158,5
gas_9428,ccgt,50.4,87.76957018748828,300803993.42242515,3427201.395425146,9602.325581395347,490726.4271889473,168606.14711021978,136000.05537401373,483957.2093023255,24732611.93032294,8497749.814355077,6854402.790850292,14149278.650614645,0.1412106128190609,7.216562167410896,2.4795011538272695,2.0,4.128522668525414,43.145083392362665,28.658690192542977,0.8202110701153158,5
gas_9430,ccgt,836.0,83.88994410089312,4768977483.992551,56848023.14633774,9602.325581395347,490726.4271889473,168606.14711021978,136000.05537401373,8027544.18604651,410247293.12995994,140954738.98414373,113696046.29267548,14149278.650614645,0.1412106128190609,7.216562167410897,2.479501153827269,2.0,0.24889658193024025,43.14508339236267,28.65869019254298,0.8202110701153158,5
gas_9431,ccgt,422.0,84.13412226420857,2414313755.509822,28696011.683916897,9602.325581395347,490726.4271889473,168606.14711021978,136000.05537401373,4052181.3953488367,207086552.27373576,71151794.08051275,57392023.36783379,14149278.650614645,0.1412106128190609,7.216562167410897,2.4795011538272695,2.0,0.4930747452456892,43.14508339236267,28.658690192542977,0.8202110701153158,5
gas_9432,ccgt,55.0,87.42427556430252,326966923.7388999,3740001.5227853777,9602.325581395347,490726.4271889473,168606.14711021978,136000.05537401373,528127.9069767441,26989953.4953921,9273338.091062088,7480003.045570755,14149278.650614645,0.1412106128190609,7.216562167410896,2.479501153827269,2.0,3.783228045339652,43.14508339236267,28.658690192542977,0.8202110701153158,5
gas_9438,ccgt,115.0,85.45041745369052,668222536.5624838,7820003.184005789,9602.325581395347,490726.4271889473,168606.14711021978,136000.05537401373,1104267.4418604649,56433539.12672894,19389706.917675275,15640006.368011579,14149278.650614645,0.1412106128190609,7.216562167410897,2.4795011538272695,2.0,1.8093699347276595,43.14508339236267,28.658690192542977,0.8202110701153158,5
oil_9452,oil,25.0,522.1724056442117,45115895.55590608,86400.38245652974,9668.534080298787,261542.52550693482,-158597.96231746554,0.0,241713.35200746966,6538563.137673371,-3964949.0579366386,0.0,2179521.0458911234,2.797595857044752,75.67747910101082,-45.890410958904106,0.0,25.225826367003602,399.518169042361,64.84374623569565,0.8748743857652697,3
oil_9453,oil,25.0,522.1724056442117,45115895.55590608,86400.38245652974,9668.534080298787,261542.52550693482,-158597.96231746554,0.0,241713.35200746966,6538563.137673371,-3964949.0579366386,0.0,2179521.0458911234,2.797595857044752,75.67747910101082,-45.890410958904106,0.0,25.225826367003602,399.518169042361,64.84374623569565,0.8748743857652697,3
oil_9454,oil,25.0,522.1724056442117,45115895.55590608,86400.38245652974,9668.534080298787,261542.52550693482,-158597.96231746554,0.0,241713.35200746966,6538563.137673371,-3964949.0579366386,0.0,2179521.0458911234,2.797595857044752,75.67747910101082,-45.890410958904106,0.0,25.225826367003602,399.518169042361,64.84374623569565,0.8748743857652697,3
oil_9455,oil,25.0,522.1724056442117,45115895.55590608,86400.38245652974,9668.534080298787,261542.52550693482,-158597.96231746554,0.0,241713.35200746966,6538563.137673371,-3964949.0579366386,0.0,2179521.0458911234,2.797595857044752,75.67747910101082,-45.890410958904106,0.0,25.225826367003602,399.518169042361,64.84374623569565,0.8748743857652697,3
gas_9457,ccgt,40.0,88.8429860813049,241653020.53300396,2720001.1074802745,9602.325581395347,490726.4271889473,168606.14711021978,136000.05537401373,384093.02325581387,19629057.08755789,6744245.884408792,5440002.214960549,14149278.650614645,0.1412106128190609,7.216562167410896,2.4795011538272695,2.0,5.201938562342021,43.14508339236267,28.658690192542977,0.8202110701153158,5
gas_9469,ccgt,45.0,88.26499290771136,270090988.2683026,3060001.2459153086,9602.325581395347,490726.4271889473,168606.14711021978,136000.05537401373,432104.65116279066,22082689.22350263,7587276.61995989,6120002.491830617,14149278.650614645,0.14121061281906092,7.216562167410898,2.4795011538272695,2.0,4.623945388748464,43.14508339236268,28.65869019254298,0.8202110701153158,5
gas_9472,ccgt,21.0,93.54950192342386,133588743.13886902,1428000.5814271441,9602.325581395347,490726.4271889473,168606.14711021978,136000.05537401373,201648.8372093023,10305254.970967893,3540729.0893146154,2856001.1628542882,14149278.650614645,0.1412106128190609,7.216562167410897,2.4795011538272695,2.0,9.908454404460993,43.14508339236267,28.65869019254298,0.8202110701153158,5
gas_9473,ccgt,450.0,84.10344205783773,2573566374.827494,30600012.45915309,9602.325581395347,490726.4271889473,168606.14711021978,136000.05537401373,4321046.511627906,220826892.23502627,75872766.19959891,61200024.91830618,14149278.650614645,0.1412106128190609,7.216562167410897,2.4795011538272695,2.0,0.46239453887484633,43.14508339236267,28.65869019254298,0.8202110701153158,5
gas_9474,ccgt,460.0,84.09339000264478,2630442310.2980914,31280012.736023158,9602.325581395347,490726.4271889473,168606.14711021978,136000.05537401373,4417069.7674418595,225734156.50691575,77558827.6707011,62560025.472046316,14149278.650614645,0.1412106128190609,7.216562167410897,2.4795011538272695,2.0,0.4523424836819149,43.14508339236267,28.658690192542977,0.8202110701153158,5
gas_9475,ccgt,450.0,84.10344205783773,2573566374.827494,30600012.45915309,9602.325581395347,490726.4271889473,168606.14711021978,136000.05537401373,4321046.511627906,220826892.23502627,75872766.19959891,61200024.91830618,14149278.650614645,0.1412106128190609,7.216562167410897,2.4795011538272695,2.0,0.46239453887484633,43.14508339236267,28.65869019254298,0.8202110701153158,5
gas_9480,ccgt,93.0,85.87844044900245,543095478.5271697,6324002.574891638,9602.325581395347,490726.4271889473,168606.14711021978,136000.05537401373,893016.2790697673,45637557.72857209,15680371.68125044,12648005.149783276,14149278.650614645,0.14121061281906092,7.216562167410897,2.4795011538272695,2.0,2.2373929300395794,43.14508339236268,28.65869019254298,0.8202110701153158,5
