id,bus_id,mc_a,mc_b,mc_c,d_max,d_min,LoadID,Bus name,load_weight
1.0,1.0,0.0,0.0,0.0,0.0,0.0,1,1,0.0
2.0,2.0,0.0,0.0,0.0,500.0,300.0,2,2,0.3333333333333333
3.0,3.0,0.0,0.0,0.0,600.0,300.0,3,3,0.4
4.0,4.0,0.0,0.0,0.0,400.0,400.0,4,4,0.26666666666666666
5.0,5.0,0.0,0.0,0.0,0.0,0.0,5,5,0.0
