Project Name,Type Name,Status Detail Name,Status Name,Project Date,Company,Country Name,Location,Other,Plant,Project Link,,Technology Name,Unit Base Name 1,Latitude,Longitude,Major Injection Amount
Northern Michigan Basin Carbonsafe Integrated Pre-Feasibility Project,Storage,Planning,Potential,1/1/2017,Battelle Memorial Institute,United States,northern Michigan Basin,Battelle will carry out studies to establish the feasibility of developing an integrated commercial-scale carbon capture and storage (CCS) site that will utilize deep geologic strata in the Northern Michigan Basin.,,https://www.netl.doe.gov/research/coal/project-information/proj?k=FE0029276,,,,44.7241,-85.522351,
North Dakota Integrated Carbon Storage Complex Feasibility Study,Storage,Planning,Potential,6/1/2017,Energy & Environmental Research Center - University of North Dakota,United States,Broom Creek Formation,Determine the feasibility of developing a commercial-scale CO2 geologic storage complex in the Broom Creek Formation in central North Dakota.,,https://www.netl.doe.gov/research/coal/project-information/proj?k=FE0029488,,,,47.197797,-101.6796,
Nebraska Integrated Carbon Capture and Storage Pre-Feasibility Study,Storage,Planning,Potential,1/1/2017,Energy & Environmental Research Center - University of North Dakota,United States,western Nebraska,Explore the viability of a commercial-scale carbon capture storage (CCS) project in western Nebraska.,,https://www.netl.doe.gov/research/coal/project-information/proj?k=FE0029186,,,,41.158381,-101.127248,
"Integrated Pre-Feasibility Study of a Commercial-Scale Commercial Carbon Capture Project in Formations of the Rock Springs Uplift, Wyoming",Storage,Planning,Potential,3/1/2017,University of Wyoming,United States,Rock Springs Uplift,"Perform a phase I pre-feasibility assessment for secure, commercial-scale CO2 capture and storage at the Rock Springs Uplift (RSU), Wyoming.",,https://www.netl.doe.gov/research/coal/project-information/proj?k=FE0029302,,,,41.577869,-109.207281,
Integrated Mid-Continent Stacked Carbon Storage Hub,Storage,Planning,Potential,2/1/2017,Battelle Memorial Institute,United States,,"This project is to study the pre-feasibility of an integrated CO2 storage hub in the mid-continent region of the United States, with the ultimate objective of storing anthropogenic CO2.",,https://www.netl.doe.gov/research/coal/project-information/proj?k=FE0029264,,,,40.341002,-97.793843,
"Integrated Commercial Carbon Capture and Storage PreFeasibility Study at Dry Fork Station, Wyoming",Storage,Planning,Potential,3/1/2017,University of Wyoming,United States,Dry Fork Station,Identify saline storage opportunities proximal to the Dry Fork Station (DFS) power plant in the Powder River Basin.,Dry Fork Station,https://www.netl.doe.gov/research/coal/project-information/proj?k=FE0029375,,,,44.388915,-105.461027,
Integrated CCS Pre-Feasibility in the Northwest Gulf of Mexico,Storage,Planning,Potential,2/1/2017,University of Texas at Austin,United States,Gulf of Mexico,"Demonstrate that saline and depleted hydrocarbon storage reservoirs within a storage complex can store industrial CO2 emissions safely, permanently, and economically.",,https://www.netl.doe.gov/research/coal/project-information/proj?k=FE0029487,,,,29.17706,-94.707493,
Integrated Carbon Capture and Storage in the Louisiana Chemical Corridor,Storage,Planning,Potential,2/1/2017,Louisiana State University,United States,Chemical Corridor,Conduct a detailed sub-basinal evaluation of the potential for CO2 storage in both depleted oil and gas fields and saline reservoirs in South Louisiana.,,https://www.netl.doe.gov/research/coal/project-information/proj?k=FE0029274,,,,30.075864,-91.161065,
Integrated Carbon Capture and Storage in Kansas,Storage,Planning,Potential,3/1/2017,University of Kansas Center for Research,United States,Kansas,"Conduct a feasibility study of three of Kansas largest CO2 point sources, nearby storage sites (with greater than 50 million metric tons capacity), and potential CO2 transportation networks.",,https://www.netl.doe.gov/research/coal/project-information/proj?k=FE0029474,,,,37.258813,-97.4817,
Hassi Touareg Project,Storage,Site Characterization,Potential,,Schlumberger,Algeria,Hassi Touareg,,Commercial Source,http://globalenergyobservatory.org/geoid/40145,,,,30.565029,6.433333,
"Establishing An Early Carbon Dioxide Storage (ECO2S) Complex in Kemper County, Mississippi: Project ECO2S",Storage,Planning,Potential,3/1/2017,Southern States Energy Board,United States,Kemper County,"Demonstrate that the subsurface adjacent to the Kemper County energy facility has the potential to store commercial volumes of CO2 safely, permanently, and economically within a regionally significant saline reservoir system.",,https://www.netl.doe.gov/research/coal/project-information/proj?k=FE0029465,,,,32.746504,-88.647387,
CarbonSAFE Illinois Macon County,Storage,Planning,Potential,4/1/2017,Illinois State Geological Survey,United States,Christian County,"The project willl work to establish the feasibility of a commercial-scale CO2 geologic storage complex within the Mt. Simon sandstone formation located in Macon County, Illinois.",,https://www.netl.doe.gov/research/coal/project-information/proj?k=FE0029381,,,,39.845347,-88.953416,
CarbonSAFE Illinois East Sub-Basin,Storage,Planning,Potential,3/1/2017,Illinois State Geological Survey,United States,east sub-basin of the Illinois Basin,Conduct a pre-feasibility assessment for commercial-scale CO2 geological storage complexes in the East sub-basin of the Illinois Basin.,,https://www.netl.doe.gov/research/coal/project-information/proj?k=FE0029445,,,,39.800683,-87.975712,
California CO2 Storage Assurance Facility Enterprise (C2SAFE),Storage,Planning,Potential,2/1/2017,EPRI - Electric Power Research Institute,United States,southern San Joaquin Valley,"Conduct an initial assessment of the southern San Joaquin Valley (SSJV) in California, specifically, of the technical, economic, social, and regulatory challenges and solutions related to the development of a commercial-scale, integrated CCS facility.",,https://www.netl.doe.gov/research/coal/project-information/proj?k=FE0029489,,,,35.385317,-119.297308,
ZENG Worsham-Steed,Capture & Storage,Plant Design,Potential,1/1/2007,CO2 Global,United States,Worsham-Steed," Technology development, process design and engineering began in 2007.  May lead to development of a larger 200+ MW plant if successful.",ZENG Worsham-Steed,https://sequestration.mit.edu/tools/projects/worsham_steed.html,,,Tonnes per Day,32.461351,-97.890919,870
Yulin Coal to Chemicals CCS,Capture & Storage,Planning,Potential,1/1/2017,Shenhua Group,China,Yulin City,Shenhua and Dow would likely form a 50:50 joint-venture company to build and operate the project which is planned to produce a large number of different chemicals. This project is still in the early stages of development.,New coal to chemical plant,https://sequestration.mit.edu/tools/projects/Yulin.html,,Solvents,Tonnes per Day,38.237528,109.717015,"5,480"
White Rose CCS Project,Capture & Storage,Permitting,Potential,9/1/2014,Capture Power Limited,United Kingdom,"Drax, Selby","On November 25, 2015, the UK announced that it was cancelling the UK £1bn CCS Competition. To date there has been no announcement of the project's current status.",Drax Power Station,https://sequestration.mit.edu/tools/projects/white_rose.html,,Oxy-fuel Combustion,,53.744732,-0.998704,
Riley Ridge Gas Plant,Capture & Storage,Planning,Potential,1/1/2020,"Denbury Onshore, LLC",United States,Big Piney,Initial development plans for CO2 capture from the Riley Ridge Gas plant envisaged a 2015-17 start-up date. Denbury has indicated that the new plan is for a 2020 development time-line,Riley Ridge Gas Plant,http://www.zeroco2.no/projects/riley-ridge-gas-plant-eor,,Amines,,42.4756,-110.489,
Poza Rica EOR Project,Capture & Storage,Planning,Potential,1/1/2009,Comisión Federal de Electricidad (CFE),Mexico,Tuxpan,"Inititial proposal was to run the demonstration project in the Tuxpan Power Plant that would be refitted to use coal as primary source. Due to CFE strategic decisions, it was decided to have the CCS project in the NGCC Power Plant located at Poza Rica",Poza Rica Power Plant,http://eventos.iingen.unam.mx/CCSworkshops/ponenciasMEXICO2012/LACYPresentacionMONITORINGPOZARICA.pdf,,Amines,Tonnes per Day,20.526377,-97.491807,8
Petrom Zero Emissions Plant (ZEP),Capture & Storage,Engineering design,Potential,1/1/2009,Petrom E&P,Romania,Brazi,Performing a feasibility study to design a zero emission plant. The plant will be supplied with CO2 rich gas from one of Petroms fields.  CO2 from plant will be reinjected into an oil field for EOR.,Petrom Zero Emissions Plant,http://petrom.webstyler.ro/pdffiles/Climate-change-52-EN.pdf,,Oxy-fuel Combustion,,45.929741,22.848412,
North Bohemia Clean Coal Project,Capture & Storage,Plant Design,Potential,1/1/2015,CEZ Group,Czech Republic,North Bohemia,CEZ Group is planning to join a planned construction of demonstration low-emission units within the EU.,[new plant],http://www.cez.hu/en/news/764.html,,,% Reduction,50.086012,14.43126,15
Masdar CCS Project,Capture & Storage,Developing Infrastructure,Potential,1/1/2015,Abu Dhabi Future Energy Company,United Arab Emirates,"Emirates Steel, Mussafah;  UAE (United Arab Emirates) Khalifa Port; Industrial Zone (KPIZ) Taweelah","Capture 5 million t/y of CO2 gas from 3 sources: a gas-fired power plant, an aluminum smelter both located at Taweelah and a steel mill located at Mussafah.  Captured CO2 to be sold, piped, and used for EOR.  Phase 1 is capture from steel mill.","Emirates Steel's Mussafah rolling mill, a gas fired power plant, aluminum smelter,EMAL Powerplant",http://www.zeroco2.no/projects/masdar-initiative-ccs-projects,,Amines,Tonnes per Day,24.22123,54.466994,"11,782"
Ledvice CEZ Capture and Storage Project,Capture & Storage,Plant in Operation,Potential,1/1/2013,CEZ Group,Czech Republic,Ledvice,CEZ Group is proposing that the Czech Republic utilize part of its emission credits (Kyoto Protocol) to design CCS technologies for the Ledvice power plant.,Ledvice Power Plant,http://globalenergyobservatory.org/geoid/40321,,,,50.575824,13.77955,
Jamestown BPU,Capture & Storage,Permitting,Potential,1/1/2013,Jamestown BPU,United States,Jamestown,"Proposal is to add-on to long-planned Circulating Fluidized Bed (CFB) combustion unit added to existing plant, replacing two older coal-fired boilers.",Samuel J. Carlson Generating Station,No specific project link identified.,,,% Reduction,42.09919739,-79.23827362,98
ICO2N Network,Capture & Storage,Developing Infrastructure,Potential,1/1/2007,ICO2N,Canada,Alberta,The proposed Integrated CO2 Network targets large sources of industrial CO2 emissions in Alberta including coal-fired electrical generation and energy production. The CO2 will be captured and transported to geological sites for sequestration or EOR.,Commercial Source,http://www.zeroco2.no/projects/developers/ico2n,,,,51.113532,-114.112924,
Galilee Power Project,Capture & Storage,Developing Infrastructure,Potential,9/1/2009,Waratah Coal,Australia,Galilee Basin,Project will construct a 900 MW coal fired power plant that incorporates carbon capture and storage.,Galilee Power Station,https://www.statedevelopment.qld.gov.au/assessments-and-approvals/galilee-basin-power-station.html,,,,-23.473166,146.551237,
Dongguan Taiyangzhou IGCC,Capture & Storage,Planning,Potential,1/1/2016,Dongguan Taiyangzhou Power Corporation,China,Dongguan,"Proposed Construction of a 750 MW IGCC powerplant with pre-combustion CO2 capture, 150 KM transport to EOR field in Shangdong Province.",Dongguan Taiyangzhou Plant,https://sequestration.mit.edu/tools/projects/dongguan.html,,Cryogenic,Tonnes per Day,23.002269,113.750935,"2,740"
Don Valley CCS Power Project,Capture & Storage,Planning,Potential,2/1/2009,Sargas,United Kingdom,Yorkshire,The project has completed a FEED study and received planning approval. Bought by SARGAS in July 2014.  SARGAS plans to switch to natural gas fuel.,Don Valley Power Plant,https://sequestration.mit.edu/tools/projects/don_valley.html,,Cold Methanol (Rectisol),Tonnes per Day,53.591456,-1.020039,"13,700"
Dagang Huashi Power CCS + EOR,Capture & Storage,Planning,Potential,1/1/2012,Tianjin DaGang Huashi,China,Tianjin,Dagang will use one of its two 330MW power units to demonstrate the capture of CO2 and then transport the CO2 for sequestration and EOR.,DaGang Huashi Power Plant,http://www.spacedaily.com/reports/EESTech_And_Dagang_Power_Sign_MOU_For_Carbon_Capture_Project_999.html,,,Tonnes per Day,39.051371,117.412391,"6,165"
ConocoPhillips - Immingham pre-combustion Project,Capture & Storage,Developing Infrastructure,Potential,7/1/2009,ConocoPhillips,United Kingdom,South Killingholme,"A feasability study is looking at coal to hydrogen expansion at the Immingham CHP.  CO2 will be captured, transported, and stored below the North Sea.",Immingham Combined Heat and Power Plant,No specific project link identified.,,,Tonnes per Day,53.633126,-0.24317,"20,550"
China Resources Power (Haifeng) Integrated Carbon Capture and Sequestration Demonstration Project,Capture & Storage,Planning,Potential,1/1/2019,China Resources Power (CRP),China,Shanwei,Injects in a CO2 storage site in a deep saline formation in the South China Sea for permanent storage or for EOR.,China Resources Power (CRP) & China National Offshore Oil Corporation (CNOOC),https://www.globalccsinstitute.com/projects/china-resources-power-haifeng-integrated-carbon-capture-and-sequestration-demonstration-project,,Amines,Tonnes per Day,22.7724,115.352,"2,740"
Carbonsafe Rocky Mountain Phase I: Ensuring Safe Subsurface Storage of Carbon Dioxide in the Intermountain West,Capture & Storage,Planning,Potential,3/1/2017,University of Utah,United States,Castle Dale,Identify the conditions and attributes that will facilitate feasible and practical commercial-scale carbon capture and storage.,,https://www.netl.doe.gov/research/coal/project-information/proj?k=FE0029280,,,,39.107347,-110.867393,
CAB-CS: Central Appalachian Basin CarbonSAFE Integrated Pre-Feasibility Project,Capture & Storage,Planning,Potential,2/1/2017,Battelle Memorial Institute,United States,central Appalachian Basin,This project will will perform pre-feasibility studies for an integrated commercial-scale carbon capture and storage (CCS) site that will utilize deep geologic strata in the Central Appalachian Basin.,,https://www.netl.doe.gov/research/coal/project-information/proj?k=FE0029466,,,,40.271999,-81.859679,
Shenhua Ningxia CTL Project,Capture,Planning,Potential,1/1/2020,Shenhua Group Corporation,China,Yinchuan,Coal gasification (using Seimen's IGCC to syngas process) to produce hydrocabon liquids/gases and to capture 2 million tonnes per annum (Mtpa) CO2 using physical solvent-based absorption process. CO2 capture date to start 2020.,Shenhua Ningxia Coal to Liquids,https://www.netl.doe.gov/publications/proceedings/08/CO2E/PDF/session%201/2008.5.Hangzhou%20CO2%20forum-EN.pdf,,Solvents,,38.5318,106.249,
Shanxi International Energy Oxyfuel Project,Capture,Planning,Potential,1/1/2020,"Shanxi International Energy Group Company, Ltd (SIEG)",China,Taiyuan,Air Products perfromed the feasibility and cost study in 2014. No further info regarding the project.,SIEG Power Plant in Taiyuan,http://www.globalccsinstitute.com/project/shanxi-international-energy-group-ccus-project,,Oxy-fuel Combustion,Tonnes per Day,37.778832,112.474995,"6,850"
Hodonin CO2 Separation Project,Capture,Planning,Potential,1/15/2015,CEZ Group,Czech Republic,Hodonin,"CEZ is considering two localities for modern low-emission lignite-biomass technologies, Hodonin and North Bohemia.",Hodonin Power Plant,http://www.cez.hu/en/news/764.html,,,,48.848936,17.132222,
HARP-Heartland Area Redwater Project,Storage,Site Characterization,Hold,1/1/2008,ARC Resources,Canada,between Fort McMurray and Edmonton,"The Heartland Area Redwater Project, located in the Heartland Region of Alberta (Canada), aims to demonstrate the feasibility of CO2 storage in onshore carbonate rocks in North America (the Redwater Leduc Reef). Effort on hold pending CO2 legislation.",Multiple source possibilities,http://www.zeroco2.no/projects/heartland-area-redwater-storage-project-harp,,,Tonnes Total,53.945484,-113.067108,"100,000"
Altmark Sequestration,Storage,Developing Infrastructure,Hold,1/1/2015,Vattenfall,Germany,Salzwedel,"The project is an EGR project to be performed in Europe's second-largest natural gas field - the Altmark gas field. The program plans to control old wells, along with advancement of monitoring techniques, process modelling, and risk assessment.",Vattenfall's CO2 Test Facility,https://publications.lbl.gov/islandora/object/ir%3A127000,,,Tonnes Total,52.83368,11.154315,"100,000"
ULCOS Florange,Capture & Storage,Developing Infrastructure,Hold,1/1/2004,ArcelorMittal,France,Florange,"Project was to store over 700,000 tonnes/year and is considered cancelled. The overall effort was to reduce current CO2 emissions from steel making by 50%.",Steel Plant,https://sequestration.mit.edu/tools/projects/ulcos.html,,Solid sorbent,Tonnes per Day,49.323907,6.091537,"1,370"
Sinopec Qilu Petrochemical CCS Project,Capture & Storage,Engineering design,Hold,12/1/2017,Qilu Petrochemical Company (subsidiary of Sinopec),China,Zibo,"Three GE gasifiers supply syngas to fertilzer mfg. The next project would capture and compress CO2 for EOR use, after transportation of 47 miles.",Sinopec Qilu Petrochemical CCS Project,http://www.globalccsinstitute.com/projects/sinopec-qilu-petrochemical-ccs-project,,Cold Methanol (Rectisol),Tonnes per Day,37.4142,118.607,"1,370"
Sargas Husnes Norwegian Clean Coal Plant Project,Capture & Storage,Planning,Hold,1/1/2011,Sargas,Norway,Husnes, The plant has been on hold since 2008. Was to capture about 2.6 million tonnes of CO2/yr for EOR in North Sea oil fields.,400-MW coal-fired Power Plant,https://sequestration.mit.edu/tools/projects/sargas_husnes.html,,,Tonnes per Day,59.85858,5.740327,"7,124"
RWE IGCC Plant with CO2 Storage,Capture & Storage,Permitting,Hold,1/1/2014,RWE Power,Germany,Hürth (Huerth),"The project will be a large scale coal fired power plant that combines coal gasification (IGCC), CO2 separation, and CO2 storage in a saline aquifer. CO2 will be delivered to the storage site through a 540 km pipeline.",RWE Power IGCC Plant,http://www.rwe.com/web/cms/en/2688/rwe/innovations/power-generation/clean-coal/igcc-ccs-power-plant/,,,Tonnes per Day,50.863656,6.838015,"7,124"
Porto Tolle,Capture & Storage,Permitting,Hold,12/31/2012,Enel,Italy,Rovigo,"Due to permitting and legislation issues, the final investment decision has been delayed until 2016.",Coal/Biomass Power Plant,https://sequestration.mit.edu/tools/projects/enel_porto_tolle.html,,Solvents,Tonnes per Day,44.955975,12.488261,"2,740"
PCOR Development Phase - Ft. Nelson Project,Capture & Storage,Planning,Hold,1/1/2007,Energy & Environmental Research Center - University of North Dakota,Canada,Ft. Nelson,The Fort Nelson project will utilize more than one million tons of CO2 per year captured from one of the largest gas processing plants in North America.  The CO2 will be compressed and transported in pipeline to the injeciton site.,Ft. Nelson Plant,https://www.undeerc.org/pcor/co2sequestrationprojects/FortNelson.aspx,,Amines,Tonnes per Day,58.653455,-122.689083,"5,480"
Nuon Magnum IGCC Plant with Capture Option,Capture & Storage,Developing Infrastructure,Hold,1/1/2012,Nuon,Netherlands,Esemshaven," In 2011 Nuon said it was postponing coal gasification technology, to at least 2020.",Nuon Magnum,http://cleancoal.polsl.pl/pdf/Berkhout.pdf,,Solvents,,53.447939,6.853228,
Moomba Cooper Basin Carbon Storage Project,Capture & Storage,Site Characterization,Hold,1/1/2010,Santos,Australia,Cooper Basin,Moomba Carbon Storage (MCS) project is planning to store CO2 (20 million tonnes per year for over fifty years) in the Cooper Basin in central Australia that includes EOR.,Santos Moomba Facility,https://www.santos.com/media-centre/announcements/moomba-carbon-storage-demonstration-project/,,,Tonnes per Day,-28.113216,140.206906,"54,800"
Mesaba Energy Project,Capture & Storage,Permitting,Hold,1/1/2012,Excelsior Energy Inc.,United States,Taconite,The plant will use ConocoPhillips E-Gas technology for gasification of coal.  Primary and backup sites have been selected.,Mesaba Coal IGCC,http://www.startribune.com/excelsior-energy-buys-land-for-power-plant-near-taconite-minn/184157431/,,ConocoPhillips E-Gas Gasification,Tonnes per Day,47.30176,-93.371553,"12,330"
Lima Polygen,Capture & Storage,Permitting,Hold,1/1/2013,Global Energy,United States,Lima,"Primary production of the Lima Energy IGCC project will be 540 megawatts (MW) of electrical power, 26 BCF/year of synthetic natural gas and 6 million SCF/day of hydrogen. The CO2 will be used for sequestration or EOR.",Lima IGCC,http://www.limaohio.com/news/149379/lima-energy-applied-for-certificate-with-plans-to-transfer-it,,,Tonnes per Day,40.717629,-84.111123,"7,672"
Karsto NGCC Capture Project,Capture & Storage,Plant Design,Hold,1/1/2009,Norwegian Government,Norway,Karsto,The Karsto NGCC Power plant will have a CO2 capture pilot plant connected to the facility to demonstrate CO2 capture and seabed or EOR storage. Delayed in 2009 with no update on when it will start.,Karsto NGCC Pilot Plant,http://sequestration.mit.edu/tools/projects/naturkraft_karsto.html,,Aker Kvaerner's Just Catch technology,Tonnes per Day,59.280426,5.523822,274
Japan-China EOR Project,Capture & Storage,Planning,Hold,1/1/2009,Chinese Government,China,Hearbin,CO2 captured from a PC plant in Harbin to be transported 100 km west to heavy-oil field in Daqing. The field produces more than 40 million tonnes (> 316 million barrels/yr); the CO2-enabled EOR is expected to boost output by 1.5 to 2 million tonnes/yr.,Harbin Thermal Power Plant,https://ge.lokaler.de/Carbon-Cioxide-Removal/harbin-thermal-power-plant-japan-china-eor-project/,,,Tonnes per Day,45.96659088,126.6637726,"2,740"
In Salah Gas Storage Project,Capture & Storage,Injection Ongoing,Hold,8/1/2004,"In Salah Gas JV (Sonotrack, BP, Statoil)",Algeria,In Salah Gas Fields,"The In Salah Gas Project is a Joint Venture targeted to produce natural gas located in the Ahnet - Timmimoun Basin, in Central Algeria. Natural gas will be processed and the CO2 is compressed and injected into wells 1,800 meters deep.",In Salah Gas Processing Plant,https://sequestration.mit.edu/tools/projects/in_salah.html,,Ethanol-amino solvent,Tonnes per Day,27.185919,2.497676,"3,288"
Hydrogen Power Abu Dhabi Project,Capture & Storage,Plant Design,Hold,1/1/2015,Hydrogen Power Abu Dhabi (Masdar/BP joint venture),United Arab Emirates,,"Commercial-scale 400 MWe hydrogen-fired power plant with CCS technology will be built in Abu Dhabi, UAE. Natural gas feedstock.  The capture capacity will in the order of 1.7 million tonnes of CO2/yr for EOR. Curently in FEED.",Hydrogen-fired power generation plant,https://sequestration.mit.edu/tools/projects/hydrogen_power_abu_dhabi.html,,Not currently specified,Tonnes per Day,24.47527313,54.36998749,"4,658"
Getica CCS Demonstration Project,Capture & Storage,Planning,Hold,,Getica CCS Project Company,Romania,Turceni,,Turceni Power Station (now part of Oltenia Energy complex),http://www.minind.ro/anunturi/Getica_CCS_en_March2011_31032011.pdf,,,,44.669722,23.407778,
FuturGas Project,Capture & Storage,Plant Design,Hold,1/1/2016,Strike Oil Limited,Australia,Kingston,FutureGas is a CTL plant that will produce synthetic liquid fuels and power generation with CCS. The captured CO2 will be stored in the Otway basin.,FuturGas Facility,http://www.capstonemedia.com.au/hybrid_en/futurgas.htm,,,Tonnes per Day,-36.66844559,139.9955444,"2,055"
Duke Energy - Edwardsport Plant,Capture & Storage,Plant in Operation,Hold,1/10/2012,Duke Energy,United States,Edwardsport,"The project was to build a 618-megawatt IGCC, plant with CCS, in Knox County, Indiana. The CCS capability was  not installed, and the plant was completed.",Edwardsport IGCC,https://www.eenews.net/stories/1060057629,,,% Reduction,38.80667877,-87.24694824,70
Duke Energy - Cliffside Plant,Capture & Storage,Plant in Operation,Hold,1/1/2012,Duke Energy,United States,Rutherford County,"The project built one 800 MW supercritical unit, originally to have carbon mitigation.",Cliffside Power Plant,http://www.powermag.com/cliffside-steam-station-unit-6-cliffside-north-carolina/?pagenum=1,,,% Reduction,35.219122,-81.761418,90
Datang Daqing CCS Project,Capture & Storage,Planning,Hold,1/1/2020,Datang Corporation,China,Daqing,Alstom signed an agreement in November 2011 stating that it will carry out the study for the 350 MW oxy-combustion CCS demonstration project located in Daqing.,New build plant with oxy-firing technology,http://www.alstom.com/press-centre/2011/9/Alstom-Datang-agree-to-jointly-develop-carbon-capture-demonstration-projects-in-China/,,,Tonnes per Day,46.576277,125.228479,"2,740"
Coastal Energy IGCC Project (Teesside),Capture & Storage,Plant Design,Hold,1/1/2009,Progressive Energy,United Kingdom,Middlesbrough,Build facility to convert coal into syngas and CO2 using chemical processes. Around 2.3mte CO2/yr would be separated/piped to EOR and saline storage in the North Sea. Syngas to go to adjacent power plant to be built. Currently being re-evaled. Not funded.,Coastal Energy IGCC Plant,http://sequestration.mit.edu/tools/projects/teeside.html,,,Tonnes per Day,54.575354,-1.127528,"6,302"
Cash Creek IGCC,Capture & Storage,Developing Infrastructure,Hold,1/1/2012,ERORA Group,United States,Henderson County,The proposed project was to build a 770 megawatt (MW) Integrated Gasification Combined Cycle (IGCC) coal plant  to gasify 2.8 million tons of coal per year to produce electricity and deliver CO2 to an interstate pipeline.,Cash Creek Generation,https://www.reuters.com/article/utilities-coal-kentucky/kentucky-advanced-coal-project-obtains-air-permit-idUSN3033537620071130,,,,37.843695,-87.590435,
Captain Clean Energy Project,Capture & Storage,Planning,Hold,1/1/2017,Summit Power Group,Scotland,Grangemouth,The proposed IGCC plant (with carbon capture technology) would use Siemens gasifiers to convert the coal feedstock into a hydrogen-rich synthetic gas (syngas) and CO2.,Summit Power Caledonia IGCC Plant,http://www.zeroco2.no/projects/caledonia-clean-energy-project,,,Tonnes per Day,56.014195,-3.692054,"10,412"
Bow City Power Project,Capture & Storage,Planning,Hold,1/1/2011,"Bow City Power, Ltd.",Canada,Bow City,Supercritical PC plant in which removed CO2 will be used for EOR in near-by oil fields.,Bow City Power Plant,https://open.alberta.ca/publications/environmental-assessment-bow-city-power-ltd-bow-city-power-project,,Amines,Tonnes per Day,50.426664,-112.218873,"2,740"
Bintulu CCS Project,Capture & Storage,Planning,Hold,1/1/2011,Mitsubishi Heavy Industries,Malaysia,Bintulu,"The proposed methodology is not yet approved by UNFCCC as eligible CDM. The proposed project involves capture of CO2 from LNG plant in Bintulu, Malaysia.  CO2 will be transported 120 km by pipeline and injected into a sub-sea saline formation.",LNG Bintulu Plant,https://www.geos.ed.ac.uk/~carbcap/cgi-bin/query.pl?ID=1642&number224656819313,,,Tonnes per Day,3.25,113.12,"8,220"
Bent County IGCC Plant,Capture & Storage,Planning,Hold,1/1/2016,Xcel Energy Inc.,United States,Bent County,"Xcel suspended consideration in November 2007, too expensive for perceived demand.  Promised to reconsider this concept in a few years.",Xcel Energy IGCC plant,https://www.bizjournals.com/denver/stories/2007/10/29/daily26.html,,,Tonnes Total,37.8567,-103.1112,"4,200,000"
Belle Plaine Polygen Capture (for EOR),Capture & Storage,Plant Design,Hold,1/1/2013,TransCanada,Canada,Belle Plaine,"The plant will use petroleum coke and gasification technology to produce electricity, as well as hydrogen, nitrogen, steam and carbon dioxide for industrial use. The CO2 may be used for EOR at the Weyburn Test stie.  Up to 90% capture expected.",Belle Plaine Polygeneration Facility,http://www.zeroco2.no/projects/belle-plaine-integrated-polygeneration-ccs-project,,,Tonnes per Day,50.395646,-105.153207,"2,740"
Aalborg - Northern Jutland Power Station Project,Capture & Storage,Plant in Operation,Hold,12/31/2013,Vattenfall,Denmark,Aalborg,Vattenfall is planning to have a full-scale CCS demonstration project in operation in Aalborg in Northern Denmark by 2013. A series of geological surveys has been undertaken to identify suitable storage in the plant's vicinity. The project is on hold.,Northern Jutland Power Station,http://www.zeroco2.no/projects/nordjylland-power-station,,Amines,Tonnes per Day,57.073957,10.040272,"4,932"
Sargas Natural Gas CCS,Capture,Planning,Hold,6/17/2016,Sargas,Norway, Fraena,"The project's patented designs capture 90% of the CO2 and virtually eliminates NOx, SOx and Hg emissions, whether applied to greenfield or retro-fitted plants. Sargas and Shell have announced plans to construct a plant with CO2 capture.",Sargas Natural Gas CCS,https://www.timesofmalta.com/articles/view/20120619/local/ge-sargas-announce-collaboration.425067,,Sargas Natural Gas CCS,,62.980253,6.964092,
RWE CCS Eemshaven,Capture,Plant Design,Hold,1/1/2016,RWE,Netherlands,Eemshaven,"RWE is planning a 1600 MW coal- and biomass-fired power plant in Eemshaven together with a 200,000 ton per year (equivalent to 35 MW) post-combustion CO2 capture R&D unit.",Eemshaven Power Plant,http://www.zeroco2.no/projects/eemshaven,,Amines,Tonnes per Day,53.442813,6.850781,"3,288"
DKRW Energy LLC,Capture,Permitting,Hold,1/1/2014,DKRW Energy LLC,United States,Carbon County,"Plan was to produce 20,000 - 22,000 barrels per day from coal.",Medicine Bow CTL,http://www.zeroco2.no/projects/medicine-bow-ctl,,Chilled Ammonia,,41.896108,-106.20491,
Bulgarian TETs Maritsa East 2,Capture,Plant Design,Hold,12/31/2010,TETs Maritsa Iztok 2 EAD,Bulgaria,Kovachevo,The effort was to add a post-conbustion capture (120 MW) to the coal generating plant and capture and pipe the CO2 to inject for offshore saline storage.,Bulgarian Thermal Power Plant Maritza East 2,http://www.zeroco2.no/projects/maritsa-tpp,,,Tonnes Total,42.255494,26.131763,"3,600,000"
American Electric Power - Northeastern Station,Capture,Plant in Operation,Hold,1/1/2011,American Electric Power,United States,Oologah,Full-scale (1.5 million metric tons) test of Alstom's ammonia-based carbon capture technology. 90% of the CO2 produced will be captured. Has contract to sell CO2 to SemGreen LLP for EOR.,Northeastern Station,https://www.prnewswire.com/news-releases/aep-to-install-carbon-capture-on-two-existing-power-plants-company-will-be-first-to-move-technology-to-commercial-scale-52165432.html,,Alstom Chilled Ammonia Process,Tonnes per Day,36.430797,-95.700805,"4,110"
American Electric Power - Great Bend IGCC,Capture,Plant Design,Hold,1/1/2009,American Electric Power,United States,Meigs County,"The project was to build a new American Electric Power clean-coal power plant in Meigs County, Ohio but the project is on hold.",Great Bend IGCC,http://gallipolis.uber.matchbin.net/printer_friendly/1913848,,,,38.927706,-81.768613,
Alberta Saline Aquifer Project & Genesee Demonstration Project,Capture,Planning,Hold,,EPCOR,Canada,west of Edmonton,"The Alberta Saline Aquifer Project will identify deep saline aquifers in Alberta for use in a carbon sequestration pilot project. Ph II will construct/operate a demo pilot (3,300 metric tons/day) plant at Genesee power plant. CO2 to be stored in saline.",Proposed New Facility,http://www.zeroco2.no/projects/alberta-saline-aquifer-project-asap-genesee-post-combustion-demonstration-plant,,Amines,Tonnes per Day,53.343584,-114.303553,"2,740"
ZeroGen Project,Capture & Storage,Developing Infrastructure,Terminated,1/1/2006,State of Queensland,Australia,Rockhampton,"Stage 1 of the project was planned to be 80MW and capture 420,000 tonnes of CO2 per year and stage 2 was planned to be 300 MW. The first stage was scheduled to operate in 2012 and the scaled up version in late 2015.",ZeroGen IGCC Plant,http://sequestration.mit.edu/tools/projects/zerogen.html,,,Tonnes per Day,-23.510207,150.319062,"1,151"
Wallula IGCC Plant,Capture & Storage,Permitting,Terminated,5/1/2014,"Wallula Resource Recovery, LLC",United States,Wallula,"The project was cancelled in 2008 with the reason given as ""trouble obtaining drilling equipment.""",Wallula Energy Resource Center,http://sequestration.mit.edu/tools/projects/wallula_energy_resource_center.html,,,% Reduction,46.102622,-118.918573,65
Vattenfall Janschwalde,Capture & Storage,Permitting,Terminated,1/1/2015,Vattenfall,Germany,Janschwalde,The feasibility studies for the Demonstration plant in Jänschwalde will begin in mid 2008. From early 2009 the planning and applications for permits will be the centre of activities. CO2 will be used for  EGR in Altmark.,Janschwalde,http://www.zeroco2.no/projects/vattenfall-oxyfuel-and-post-combustion-demonstration-plant-in-jaenschwalde,,Oxy-fuel Combustion,Tonnes per Day,51.8334245,14.4720226,"4,658"
Vales Point Power Station CCS Demonstration,Capture & Storage,Developing Infrastructure,Terminated,1/1/2012,Delta Electricity,Australia,Mannering Park,"Pilot capture plant will be moved from Munmorah to Vales power station between 2013 and 2015. It will demonstrate capture and storage of up to 3,000 tonnes per year.",Vales Point Power Station,http://www.abc.net.au/news/2015-08-11/power-station-carbon-capture-and-storage-project-terminated/6685304,,Ammonia Absorption Technology,,-33.161057,151.542996,
Trailblazer Energy Center,Capture & Storage,Permitting,Terminated,1/1/2015,Tenaska Inc.,United States,Sweetwater,In 2013 Tenaska cancelled the Trailblazer Energy Center project.,Tenaska Trailblazer Energy Center,https://sequestration.mit.edu/tools/projects/tenaska.html,,Fluor Corporations advanced Econamine FG Plussm Technology,Tonnes per Day,32.525131,-100.262633,"15,755"
Swan Hills in-situ Coal Gasification/Sagitawah Power Project,Capture & Storage,Developing Infrastructure,Terminated,6/1/2009,Swan Hills Synfuels,Canada,Swan Hills,"The project will use in situ coal gasification to tap deep, unmineable coal to produce syngas that will be processed in a conventional gas plant to remove CO2 as a byproduct stream. Project on hold due to low natural gas prices.",Swan Hills Synfuels,http://swanhills-synfuels.com/iscg/overview/,,,Tonnes per Day,54.565619,-115.731991,"3,562"
Surat Basin CCS Project,Capture & Storage,Planning,Terminated,12/1/2015,General Electric,Australia,Wandoan,"Located near Wandoan in Queenslands Surat Basin, the project is a proposed 400 MW power station using IGCC with carbon capture and storage technologies.  They also will examine promising potential CO2 sinks.",TBD,http://www.zeroco2.no/projects/wandoan-power-igcc,,Amines,Tonnes per Day,-25.067967,148.595423,"6,850"
Summit Energy - Texas Clean Energy Project (TCEP),Capture & Storage,Engineering design,Terminated,1/1/2010,"Summit Clean Energy Texas, LLC",United States,Penwell,"Summit's Texas Clean Energy Project (TCEP), dubbed a ""NowGen"" plant by national environmental group the Clean Air Task Force, will be a new 400 mw coal gasification plant. The project was discontinued in 2015.",Penwell IGCC Plant,https://www.netl.doe.gov/File%20Library/Research/Coal/major%20demonstrations/ccpi/FE0002650.pdf,,Rectisol,Tonnes per Day,31.74604,-102.608324,"6,302"
Scottish Power - Longannet CCS,Capture & Storage,Planning,Terminated,,Scottish Power,Scotland,Kincardine,Project was to convert the plant to a supercritical coal plant and capture CO2 and sequester it in a depleted oil field in the North Sea.,Longannet Coal-Fired Plant,http://www.rsc.org/chemistryworld/News/2011/October/24101102.asp,,Amines,,56.04833,-3.68249,
Scottish Power - Longannet Biomass Power,Capture & Storage,,Terminated,,Scottish Power,Scotland,Kincardine,A decision has been made not to proceed with Longannet but to pursue other projects with the £1bn funding made available by the government.,Longannet Power Plant,http://coalpowerplants.blogspot.com/2011/01/longannet-coal-power-plant.html,,,,56.04833,-3.68249,
Schwarze Pumpe (Vattenfall CO2-Free Oxyfuel Plant),Capture & Storage,Plant in Operation,Terminated,5/1/2008,Vattenfall,Germany,Schwarze Pumpe,"The plant will use oxyfuel technology to separate out CO2, and the captured CO2, will be transported by truck, is to be stored in a gas field in Altmark.",Vattenfall Pilot Plant,http://www.globalccsinstitute.com/sites/www.globalccsinstitute.com/files/content/page/122975/files/Schwarze%20Pumpe%20Oxyfuel%20Pilot%20Plant.pdf,,,Tonnes per Day,51.531127,14.351916,216
SaskPower Oxyfuel,Capture & Storage,,Terminated,1/1/2012,SaskPower,Canada,Estevan,"SaskPower had planned to implement a 300-megawatt clean coal plant that would capture about 8,000 tonnes of CO2 a day for EOR and/or sequestration. Project rejected due to capital cost and uncertainty of the economic value of CO2 reduction.",Shand Power Station,http://www.ieaghg.org/docs/CCS%20financing%20pdfs/J%20-%20Stobbs%20-%20Saskpower%20oxyfuel%20project.pdf,,,Tonnes per Day,49.088206,-102.864847,"8,000"
Saline Joniche SEI,Capture & Storage,Permitting,Terminated,1/1/2013,SEI,Italy,Saline Joniche,SEI S.p.A. (Milan) was planning the construction of a modern coal-fired power plant with an installed capacity of 1320 MW on an unused industrial area in Saline Joniche.,Saline Joniche Power Plant,http://globalenergyobservatory.org/geoid/40325,,,Tonnes per Day,37.93491,15.725314,0
RWE nPower - Tilbury Project in UK,Capture & Storage,Plant Design,Terminated,1/1/2013,RWE Power,United Kingdom,Tilbury,Plant could reduce emissions by 90%. A key of the study is to look at the transportation options and storage in geological formations for possible EOR or EGR.,Tilbury Clean Coal Plant,http://sequestration.mit.edu/tools/projects/rwe_npower_tilbury.html,,,% Reduction,51.456074,0.38857,90
PureGen project,Capture & Storage,Planning,Terminated,1/1/2014,SCS Energy,United States,Linden,"Build a coal-fired electric plant in Linden, New Jersey that would capture its emissions of carbon dioxide and pump the pollutant 70 miles offshore for sequestration in a sandstone approximately 1 mile beneath ocean floor.",Coal-fired power plant,No specific project link identified.,,,% Reduction,40.608355,-74.219695,90
Pioneer Project,Capture & Storage,,Terminated,1/1/2008,TransAlta,Canada,Wabamun,"The project had been terminated. The study suggested that although the technology works and capital costs were in-line with expectations, the market for carbon sales and the price of emissions reductions were insufficient to allow the project to proceed.",Keephills 3 Coal-fired Power Plant,https://www.transalta.com/sites/default/files/Project%20Pioneer_Final%20Report_Executive%20Summary_2013.pdf,,Chilled Ammonia,Tonnes per Day,53.447382,-114.449536,"2,740"
Pernis Refinery Project,Capture & Storage,Plant in Operation,Terminated,,Shell,Netherlands,Pernis (Rotterdam),"Intend to build the first of a new generation of CO2 storage facilities in two depleted natural-gas fields in Barendrecht. Build a gasification hydrogen plant at Pernis Refinery, use excess gas at a 177 MWe IGCC plant, and use the CO2 in gas fields.",Pernis refinery - Gasification Hydrogen Plant,https://sequestration.mit.edu/tools/projects/barendrecht.html,,,Tonnes per Day,51.881705,4.359552,"1,096"
NRG Energy Inc. (Huntley IGCC Project),Capture & Storage,Permitting,Terminated,1/1/2013,NRG Energy Inc.,United States,Tonawanda,NRG Energy planned to construct an IGCC plant in New York. The project was canceled in 2008.,Huntley IGCC,http://media.corporate-ir.net/media_files/irol/12/121544/releases/071608.pdf,,Mitsubishi HI Gasification (KS-1),% Reduction,43.017819,-78.88077,65
Monash Energy C to L CO2 Capture and Storage Project,Capture & Storage,Planning,Terminated,1/1/2006,Monash Energy,Australia,Latrobe Valley,The project planned to build a coal-to-liquids plant with CCS demonstration plant using brown coal as the feedstock.,Monash Energy Latrobe Valley CTL Plant,http://globalenergyobservatory.org/geoid/40157,,,Tonnes per Day,-38.235301,146.57174,"35,620"
Leucadia Energy Capture Project - Louisiana,Capture & Storage,,Terminated,11/16/2009,Leucadia Energy LLC,United States,Lake Charles,Proposed SNG plant to use petroleum coke to produce methane and make synthetic natural gas. The CO2 can be pumped into oil fields to extract crude oil more efficiently. The plant would demonstrate large-scale recovery of 4 million tons per year of CO2.,Lake Charles Co-Generation Plant,http://www.netl.doe.gov/File%20Library/Research/Coal/major%20demonstrations/iccus/FE0002314.pdf,,Cold Methanol (Rectisol),Tonnes per Day,30.189176,-93.306548,"12,330"
Kwinana Project,Capture & Storage,Plant Design,Terminated,1/1/2014,Hydrogen Energy International LLC,Australia,Kwinana,"The Kwinana project will create hydrogen from coal gasification to produce 500 MW of electricity. The captured CO2 is transported offshore to be sequestered in the Perth Basin. The geological rock formation in the basin contained ""gas chimneys"".",Industrial-scale coal-based hydrogen generating facility,http://sequestration.mit.edu/tools/projects/bp_rio_tinto_kwinana.html,,,Tonnes per Day,-32.215362,115.776058,"10,960"
Kentucky NewGas project,Capture & Storage,Permitting,Terminated,1/1/2017,Kentucky NewGas,United States,Muhlenberg County,"Filed for air permit in December 2008.  Build with CCS capability.  Funding CCS research in western Kentucky through Kentucky Geological Survey. The CO2 test well will monitor 1,500 tons of CO2.",Kentucky NewGas plant,http://www.zeroco2.no/projects/kentucky-newgas,,ConocoPhillips E-Gas Gasification,Tonnes per Day,37.293611,-87.118872,"13,700"
Kemper County IGCC Project,Capture & Storage,Plant in Operation,Terminated,11/17/2008,Southern Company,United States,Kemper County,Combined Cycle portion of the plant operating on natural gas only without capture,Kemper County IGCC Plant,http://www.netl.doe.gov/research/coal/project-information/fc26-06nt42391?k=NT42391,,Transport Integrated Gasification (TRIG),Tonnes per Day,32.649461,-88.757013,"8,220"
Kedzierzyn,Capture & Storage,Developing Infrastructure,Terminated,2/1/2009,Zaklady Azotowe Kedzierzyn S.A.,Poland,Kedzierzyn-Kozle,"The first Zero-Emiissiion Energy-Carbochemical Complex in the world. Also, they are planning the construction of a CO2 pipeline to a suitable storage area.  Plant will burn up to 10% biomass fuel.",Kedzierzyn Zero-Emission Plant,http://www.energieregion.nrw.de/_database/_data/datainfopool/100628_08-2_Lampert_Kedzierzyn_Project.pdf,,Gas Separation,Tonnes per Day,50.316361,18.251953,"6,850"
Hydrogen Energy California Project,Capture & Storage,Engineering design,Terminated,12/1/2019,Hydrogen Energy International LLC,United States,Tupman,The IGCC plant was to produce hydrogen from coal and petcoke mixes to combust in combustion turbines and the CO2 will be used for EOR in the Elk Hills Oil Field.,HECA IGCC Plant,http://www.netl.doe.gov/research/coal/project-information/FE0000663,,Rectisol,Tonnes per Day,35.332443,-119.383456,"7,124"
Hunton Energy Freeport Plant,Capture & Storage,Permitting,Terminated,,Hunton Energy,United States,Freeport,The CO2 was to be captured and pumped under pressure into pipelines for use in enhanced oil recovery in the Texas oilfields.,Hunton Energy Freeport Plant,https://www.compelo.com/energy/news/newshunton_energy_to_build_texas_plant_for_dow_chemical/,,,Tonnes per Day,28.9773217,-95.3509855,"21,920"
Hunterston Station CCS,Capture & Storage,Planning,Terminated,,Ayrshire Power,Scotland,Hunterston,The project included two 926MW power plants and a carbon capture demonstration.,Hunterston Power Station,http://www.zeroco2.no/projects/hunterston,,Ammonia Absorption Technology,,55.720961,-4.895658,
Hazelwood Post-Combustion 2030 Project,Capture & Storage,Plant Closed,Terminated,12/1/2008,International Power Australia,Australia,Morewell,The project develops an innovative retrofit low emission technology project at its 1600 MW brown coal-fired Hazelwood power station in the Latrobe Valley.  The project includes a coal drying demonstration phase and a CO2 capture part. Plant closed 2017.,Hazelwood Power Station,http://www.coalresearchforum.org/20070620_sinclair.pdf,,Amines,Tonnes per Day,-38.27297592,146.3917847,50
Halten CO2 Project (Draugen-Heidrun),Capture & Storage,Plant Design,Terminated,1/1/2012,Statoil,Norway,Tjeldbergodden,The project was cancelled due to poor financials.,Statoil Hydro Natural Gas Processing Facility,http://sequestration.mit.edu/tools/projects/statoil_shell_halten_draugen.html,,Amines,Tonnes per Day,63.41136551,8.729652405,"6,850"
FutureGen - Tuscola,Capture & Storage,,Terminated,1/1/2015,FutureGen Industrial Alliance Inc.,United States,Tuscola,"Tuscola, Illinois was one of four sites that was considered for the FutureGen Alliance project. The  site was not chosen fromthe site finalists.",FutureGen - Tuscola,No specific project link identified.,,,,39.801556,-88.325743,
FutureGen - Odessa,Capture & Storage,,Terminated,1/1/2015,FutureGen Industrial Alliance Inc.,United States,Odessa,"Odessa, Texas was one of four sites that was considered for the FutureGen Alliance project. The  site was not chosen fromthe site finalists.",FutureGen - Odessa,No specific project link identified.,,,,31.85984802,-102.3777237,
FutureGen - Mattoon,Capture & Storage,,Terminated,1/1/2015,FutureGen Industrial Alliance Inc.,United States,Mattoon,FutureGen project intended to create a zero-emissions fossil fuel plant that would produce hydrogen and byproducts for use by other industries.,FutureGen - Mattoon,https://www.reuters.com/article/coal-futuregen-illinois-idUKN1848671120071218,,,,39.496862,-88.440473,
FutureGen - Jewett,Capture & Storage,,Terminated,1/1/2015,FutureGen Industrial Alliance Inc.,United States,Jewett,"Jewett, Texas was one of four sites that was considered for the FutureGen Alliance project. The 400-acre site was not chosen out of the site finalists.",FutureGen - Jewett,No specific project link identified.,,,,31.36325836,-96.14356995,
FutureGen 2.0,Capture & Storage,,Terminated,1/1/2010,FutureGen Industrial Alliance Inc.,United States,Morgan County,"FutureGen intended to create a zero-emissions fossil fuel plant that produces hydrogen and byproducts for use by other industries. Morgan County, IL was chosen as the site of the FutureGen project. The project was discontinued in 2015.",Ameren's 200 MW Unit 4,https://www.netl.doe.gov/File%20Library/Research/Coal/major%20demonstrations/futureGen/FE0001882-FE0005054.pdf,,Oxy-fuel Combustion,Tonnes per Day,39.773533,-90.097383,"2,740"
First Energy Bay Shore Plant,Capture & Storage,Plant in Operation,Terminated,1/1/2009,First Energy,United States,Oregon,Only uses one coal-fired unit and one oil-fired unit currently. Other units were shut down.,Bay Shore Plant,https://www.firstenergycorp.com/content/dam/corporate/generationmap/files/Bay%20Shore%20Plant%20Facts.pdf,,Amines,Tonnes per Day,41.689842,-83.437491,438
Fairview ZeroCarbon Project,Capture & Storage,Plant Design,Terminated,1/1/2009,Australian Government,Australia,Injune,Fairview ZeroCarbon project (ZCP) will receive A$ 75 million from the Australian Government for enhanced coal bed methane (ECBM) production and carbon dioxide sequestration.  The project will operate 100 MW plant and sequester the CO2 to a depth of 700m.,Injune Power Plant,http://globalenergyobservatory.org/geoid/40151,,Amines,Tonnes per Day,-25.843656,148.565414,274
E.ON Ruhrgas Killingholme IGCC,Capture & Storage,Plant Design,Terminated,1/1/2019,E.ON,United Kingdom,North Killingholme,"Large-scale IGCC Plant with CCS. Capture up to 2.5 Mt/yr of  CO2, compress and transport to gas fields under the North Sea. In March 2015 E.ON announced the cancellation of the project.",Killingholme Station,http://sequestration.mit.edu/tools/projects/killingholme.html,,Solvents,Tonnes per Day,53.65401077,-0.258845001,"6,850"
DONG Energy - High-Efficiency PC Plant in Greifswalde,Capture & Storage,Plant Design,Terminated,,DONG Energy,Germany,Greifswalde,"The 1,600 MW proposed power plant plan was withdrawn due to a lack of political backing.",Griefswalde PC Plant,http://globalenergyobservatory.org/geoid/40324,,Chilled Ammonia,% Reduction,54.081028,13.488122,90
CATO1 - Rotterdam ROAD project,Capture & Storage,Planning,Terminated,1/1/2015,E.ON Benelux,Netherlands,Rotterdam,"Project plan is to capture 1.1 million tonnes of CO2 per year from a new power plant at the Maasvlakte and will store the captured CO2 in a depleted gas reservoir under the North Sea via 25 km pipeline (5 km onshore, 20 km offshore in depleted gas field).",Maasvlakte,https://www.portofrotterdam.com/en/news-and-press-releases/road-project-to-be-cancelled-ccs-to-continue,,Cryogenic,Tonnes per Day,51.958989,4.026485,"3,014"
Browse LNG,Capture & Storage,Planning,Terminated,9/1/2010,Woodside,Australia,Browse Basin,The project was to develop three gas fields with plans to study the potential to transport and store CO2 removed from feed gas.,Proposed LNG Facility,http://www.zeroco2.no/projects/browse-lng,,Amines,,-14.43468022,120.6738281,
BP-Peterhead Hydrogen Power Plant/Miller Field Project,Capture & Storage,Engineering design,Terminated,1/1/2011,Shell,Scotland,Peterhead,"BPs initial hydrogen power project at Peterhead, Scotland was terminated. In 2011, Shell re-proposed to capture post-combustion CO2 from an existing plant and pipe it to Goldeneye Gas field (North Sea) for EOR. A full design study began in 2012.",Scottish & Southern Energys Peterhead power station,http://ieahydrogen.org/pdfs/Case-Studies/PeterheadCase_Study1-2.aspx,,Amines,Tonnes per Day,57.477624,-1.788701,"2,740"
Belchatow CCS Project,Capture & Storage,Plant Design,Terminated,1/1/2010,Alstom Power,Poland,Belchatow,"Project to capture approximately 100,000 tonnes per year of CO2 using Alstoms amines technology. Second phase of project was to build a larger CCS plant at the Belchatow 2 Power Station. In May 2012, PGE announced it was suspending project due to costs.",Belchatow Power Station,http://sequestration.mit.edu/tools/projects/belchatow.html,,Amines,Tonnes per Day,51.266389,19.330556,"4,932"
Baard Energy - Ohio River Clean Fuels,Capture & Storage,,Terminated,1/1/2012,Baard Energy,United States,Wellsville,"This project involves the development of a carbon management plan for a proposed coal and biomass to liquids (CBTL) plant. The plant is now being operated by natural gas, not liquified coal, in order to facilitate project completion.",Ohio River Clean Fuels,http://www.netl.doe.gov/File%20Library/Research/Coal/carbon-storage/Proj606.pdf,,Solvents,% Reduction,40.602446,-80.650773,85
Aviva Corp Coolimba Oxyfuel Project,Capture & Storage,Planning,Terminated,1/1/2010,Coolimba Power,Australia,Eneabba,Aviva Corporation and AES were planning to build a new 2x200-MW oxyfuel-ready power station with the potential to capture and store up to 90% of its CO2 emissions.,Coolimba Power,http://www.zeroco2.no/projects/coolimba,,,Tonnes per Day,-29.81,115.24,"7,946"
American Electric Power - Mountaineer,Capture & Storage,,Terminated,1/1/2009,American Electric Power,United States,New Haven,Phase I: Start 2009 - Scheduled to operate for 18 months (up to 5 years). Phase II: 2015 - Phase II has been cancelled due to unknown climate policy.,Mountaineer,https://sequestration.mit.edu/tools/projects/aep_alstom_mountaineer.html,,Alstom Chilled Ammonia Process,Tonnes Total,38.97882462,-81.938797,"15,000"
Taylorville Energy Center,Capture,Permitting,Terminated,1/1/2014,Tenaska Inc.,United States,Taylorville,Tenaska announced that it was cancelling both of its CCS projects on June 2013. Taylorville and Trailblazer were both cut from Tenaska's portfolio in favor of renewable and gas-fired power generation.,Taylorville Energy Center IGCC,https://sequestration.mit.edu/tools/projects/taylorville.html,,,% Reduction,39.589044,-89.188766,55
Sweeny Polygeneration with CO2 Capture,Capture,Planning,Terminated,1/1/2016,ConocoPhillips,United States,Sweeny,"ConocoPhillips is no longer pursuing the IGCC plant, and formally withdrew the air permit application for the project on April 13, 2012.",Commercial Source,http://sequestration.mit.edu/tools/projects/sweeny.html,,ConocoPhillips E-Gas Gasification,Tonnes per Day,29.07198,-95.749718,"13,700"
Seminole Electric Cooperative,Capture,Permitting,Terminated,1/1/2006,Seminole Electric Cooperative,United States,Palatka,This project would make SGS Unit 3 (750 MW)  the first electric generating unit in Florida to propose installing a carbon dioxide capture demonstration project.,Seminole Generating Station,http://www.powermag.com/seminole-scraps-plans-for-1-4-billion-coal-fired-unit-in-florida/,,,Tonnes per Day,29.7329,-81.6332,"13,801"
Scottish Power - Cockenzie Project,Capture,Plant Closed,Terminated,1/1/2012,Scottish Power,United Kingdom,Cockenzie,Scottish Power plans to convert the plant from coal to to combined cycle gas turbine reducing carbon emissions. The plant will be carbon capture ready and required to fit full carbon capture and storage technology once it is commercially available.,Cockenzie Power Plants,http://www.gov.scot/News/Releases/2011/10/05131125,,,% Reduction,55.967693,-2.9709975,5
RWE nPower - Blyth Post-Combustion Project,Capture,Planning,Terminated,1/1/2014,RWE nPower,United Kingdom,Cambois,"It may eventually install CCS equipment once the technology is ""proven."" Capture technology was able to capture 90% CO2. Project stopped due to uncertain economic climate in 2009.",Blyth Power Station,http://www.zeroco2.no/projects/rwe-npower-2013-blyth-post-combustion-project,,,Tonnes per Day,55.143175,-1.527295,"8,220"
Nuon Power Buggenum,Capture,Capture Ongoing,Terminated,2/1/2011,Nuon,Netherlands,Buggenum,"With the pilot in Buggenum, Nuon intends to make CO2 capture technology suitable for the energy sector. The knowledge and experience can then be applied in the new power plant Nuon Magnum in the Eemshaven in Groningen.",Willem-Alexander Power Plant,http://www.netl.doe.gov/research/coal/energy-systems/gasification/gasifipedia/nuon,,,Tonnes per Day,51.22278,5.9733,822
NRG Energy Inc. (Somerset Plant),Capture,Permitting,Terminated,1/1/2010,NRG Energy Inc.,United States,Bristol County,"NRG Corp of Canada planned to install their plasma gasification technology at Somerset and build a 120 MW coal and biomass unit.  Received regulatory approval form Mass. DEP Jan. 25, 2009.  Permit application withdrawn on 2-3-2011.",Somerset Plant,http://www.clf.org/wp-content/uploads/2011/02/20110218.DEP-ltr-to-NRG.Termination-Withdrawals.pdf,,,,41.73715,-71.146057,
Lianyungang IGCC with CO2 Capture,Capture,Plant Design,Terminated,,Chinese Government,China,Lianyungang,Will utilize power and chemical coproduction plants to capture up to 1 million tonnes CO2 and transport via pipeline to use in EOR. Also constructing a 1300 MW ultra pulverized coal power plant.,Lianyungang R&D IGCC Facility,http://www.zeroco2.no/projects/lianyungang-igcc,,Gas Separation,Tonnes per Day,34.596891,119.220804,"2,740"
FINNCAP - Meri Pori CCS Project,Capture,Developing Infrastructure,Terminated,1/1/2015,Fortum,Finland,Pori,CO2 capture for beneficial re-use (EOR).,Meri-Pori coal-fired power plant,http://www.zeroco2.no/projects/meri-pori,,Siemens Energy Technology,Tonnes per Day,61.631878,21.40684,"3,288"
E.ON Kingsnorth Ruhrgas UK Post-Combustion Project,Capture,Plant Design,Terminated,1/1/2012,E.ON,United Kingdom,Kingsnorth (Medway), Project was cancelled in March 2012 due to economic hurdles to construction.,Kingsnorth Power Station,http://www.zeroco2.no/projects/e.on-2013-kingsnorth-post-combustion-project,,Amines,% Reduction,51.418737,0.601415,20
American Electric Power - Tanners Creek Plant,Capture,Plant Design,Terminated,12/31/2014,American Electric Power,United States,Dearborn County,"After reviewing results of the retrofit feasibility study, Tanners Creek #4 unit will be retired by mid-2015. Units #1 through #3 will also be taken offline by mid-2015.",Tanners Creek Plant,https://www.aep.com/newSroom/newSreleaSeS/Default.aspx?id=1834,,,Megawatt,39.082102,-84.859778,500
American Electric Power - Red Rock Facility,Capture,Permitting,Terminated,1/1/2011,American Electric Power,United States,Noble County,Pre-approval for permit denied; OCC didnt look at alternative energy sources. No mention of CCS with this project.,Red Rock Generating Facility,http://www.aep.com/newsroom/newsreleases/?id=1396,,,Megawatt,36.476601,-97.177595,950
AES Shady Point,Capture,Plant in Operation,Terminated,1/1/1991,AES Corporation,United States,Panama,The CO2 is scrubbed from the flue gas stream via an ABB Lummus scrubber system that uses monoethanolamine (MEA) as its solvent. Produces 200 tons/day CO2 that is used for food-grade applications.,Shady Point Power Plant,https://www.globalccsinstitute.com/projects/aes-shady-point-warrior-run-co2-recovery-plants,,Ethanol-amino solvent,Tonnes per Day,35.191944,-94.6425,200
Western Kentucky CO2 Test,Storage,Well Drilling,Completed,7/1/2009,Kentucky Geological Survey,United States,Hancock County,Drilled through the Knox and Mount Simon formations and tested their potential to permanently store CO2. The well penetrated the Precambrian basement rocks. 323 tons of carbon dioxide were successfully injected into deep formations.,Commercial Source,http://www.uky.edu/KGS/kyccs/ppt/Bowersox030411.pdf,,,Tonnes Total,37.792519,-86.69423,690
WESTCARB Validation Phase - Arizona Utilities CO2 Storage Pilot,Storage,,Completed,1/1/2008,Arizona Public Service,United States,Holbrook,"This project involved drilling a well approximately 3,800 feet deep to evaluate saline formation CO2 storage in Arizonas Colorado Plateau region.  Potential storage targets are the Naco and Martin formations.  Insufficent permeability detected.",Commercial Source,http://www.westcarb.org/AZ_pilot_cholla.html,,,Tonnes Total,34.928611,-110.258611,0
Virginia Tech - Small-scale Injection Project,Storage,Injection Complete,Completed,10/1/2011,Virginia Polytechnical Institute (Virginia Tech),United States,Russell and Buchanan Counties,"This project will evaluate unconventional carbon storage reservoirs (shales, coal seams) in Central Appalachia.  The project proposes to inject 20,000 tonnes of supercritical CO2 into unmineable coal seams (Oakwood or Sourwood).",CO2 injection into the Oakwood or Sourwood coal seams in Central Appalachia.,http://www.netl.doe.gov/publications/factsheets/project/DE-FE0006827.pdf,,,Tonnes Total,37.036435,-82.144217,"20,300"
University of Kansas - Small-scale Injection Project,Storage,Injection Complete,Completed,10/1/2011,Kansas Geological Survey,United States,Wellington,"This project will inject 40,000 tonnes of supercritical CO2 into the Arbuckle saline aquifer, and 30,000 tonnes of supercritical CO2 into the oil-bearing dolomite within the Wellington Field. DOE project completed 9/30/2017.",Carbon storage operations within the Arbuckle saline reservoir and the Wellington Field for EOR.,http://www.netl.doe.gov/publications/factsheets/project/de-fe0006821.pdf,,,Tonnes Total,37.319659,-97.433597,"40,000"
SWP Validation Phase - SACROC CO2 Injection Project,Storage,,Completed,9/1/2008,New Mexico Institute of Mining and Technology,United States,Snyder,"This test included a post-audit modeling analysis of injected CO2 for EOR over the last 30 years at the SACROC Unit in the Permian Basin of Texas, in addition to intense MVA analyses of ongoing CO2 injection at SACROC.",Commercial Source,https://www.netl.doe.gov/publications/proceedings/08/rcsp/factsheets/10-SWP_SACROC%20EOR%20Sequestration_Oil.pdf,,,Tonnes Total,32.809575,-100.9307056,"157,000"
SWP Validation Phase - Pump Canyon CO2-ECBM Sequestration Demonstration,Storage,,Completed,7/1/2008,New Mexico Institute of Mining and Technology,United States,Navajo City,The San Juan Basin pilot test examined ECBM efficacy and degree of CO2 sequestration by injecting CO2 sourced from the McElmo Dome into the coals of the Upper Cretaceous Fruitland formation in the San Juan Basin.,McElmo Dome,https://www.adv-res.com/pdf/RECS_ARI.pdf,,,Tonnes Total,36.85479722,-107.6983472,"16,700"
SWP Validation Phase - Aneth EOR Sequestration Project,Storage,,Completed,8/1/2007,New Mexico Institute of Mining and Technology,United States,San Juan County,"Starting in August 2007, the SWP has tested EOR combined with sequestration by injecting CO2 into the Desert Creek and Ismay producing zone, approximately 5,800 feet deep, in the Aneth Oil Field in San Juan County.",McElmo Dome,https://www.netl.doe.gov/publications/proceedings/08/rcsp/factsheets/6-SWP_Aneth%20EOR%20and%20Sequestration%20Test_%20Oil.pdf,,,Tonnes Total,37.30745,-109.3378278,"292,000"
Site Characterization of the Highest-Priority Geologic Formations for CO2 Storage in Wyoming,Storage,,Completed,12/8/2009,University of Wyoming,United States,Laramie,Characterization of the Rock Springs Uplift (RSU) and Moxa Arch deep saline reservoirs in southwestern Wyoming to pave the way for commercial scale CO2 sequestration projects.,,https://www.netl.doe.gov/File%20Library/Events/2012/Carbon%20Storage%20RD%20Project%20Review%20Meeting/Surdam.pdf,,,,41.712614,-108.79482,
Site Characterization for CO2 Storage from Coal-fired Power Facilities in the Black Warrior Basin of Alabama,Storage,,Completed,12/8/2009,University of Alabama,United States,Parrish,This project assessed CO2 storage capacity in the Black Warrior Basin. Test well drilled at the Alabama Power Goras Plant.,,https://www.netl.doe.gov/research/coal/project-information/proj?k=FE0001910,,,,33.647396,-87.195723,
SECARB Validation Phase - Stacked Storage Test,Storage,,Completed,7/15/2008,Southern States Energy Board,United States,Cranfield Oilfield,"Initiated injection of CO2 for the storage/EOR activity on July 15, 2008. As of March 2009, approximately 627,744  metric tons of CO2 have been injected.",Jackson Dome,http://www.secarbon.org/?page_id=8,,,Tonnes Total,31.578581,-91.172386,"627,744"
SECARB Validation Phase - Plant Daniel Project,Storage,,Completed,4/1/2006,Southern States Energy Board,United States,Escatawpa,The primary objective of this project was to locate and evaluate suitable saline formations for storage of CO2 in close proximity to large coal-fired power plants along the Mississippi Gulf Coast.,Commercial Source,http://www.secarbon.org/files/mississippi-test-site.pdf,,,Tonnes Total,30.53,-88.556111,"2,740"
SECARB Validation Phase - Central Appalachian Basin Coal Test,Storage,,Completed,1/15/2009,Southern States Energy Board,United States,Russell County,"The project evaluated the injection of more than 900 metric tons of CO2 into multiple coal seams of the Pocahontas Formation and Lee Formation at depths ranging between 1,400 and 2,200 feet.",Commercial Source,http://www.secarbon.org/files/central-appalachian-basin.pdf,,,Tonnes Total,37.08158333,-81.9609,907
SECARB Validation Phase - Black Warrior Basin Project,Storage,Injection Complete,Completed,10/1/2009,Southern States Energy Board,United States,Tuscaloosa County,"As in the Central Appalachian Basin, the objectives of the Black Warrior Basin test were to determine if sequestration of CO2 in mature CBM reservoirs is a safe and effective method to mitigate GHG emissions and to determine if injectivity exists.",Jackson Dome,http://www.secarbon.org/files/black-warrior-basin.pdf,,,Tonnes Total,33.347691,-87.49419,252
SECARB Development Phase -Cranfield Project,Storage,,Completed,4/1/2009,Southern States Energy Board,United States,Adams County,The project injected CO2 (through 23 injection wells) into the stacked storage regime within the Tuscaloosa formation at the Cranfield Site.,Jackson Dome,http://www.netl.doe.gov/publications/factsheets/project/NT42590.pdf,,,Tonnes Total,31.589822,-91.154311,"4,743,898"
RECOPOL Project,Storage,Injection Complete,Completed,10/1/2001,European Commission,Poland,Kaniow,"The project conducted research and pilot field tests storing CO2 in coal seams in the Silesian coal basin of Poland. Over a time period from August 2004 to June 2005, a total of 760 tonnes CO2 was injected into the well.",Commercial Source,http://www.cgseurope.net/Sections.aspx?section=491.492.511,,,Tonnes per Day,49.9476,19.0632,2
Qinshui ECBM Project,Storage,Injection Complete,Completed,3/1/2002,Canadian International Development Agency,China,south Qinshui Basin,"This is a Chinese-Canadian collaborating project. Starting in April 2004, a total of 192 tonnes CO2 was injected into the coalbed.",Commercial Source,https://gcep.stanford.edu/pdfs/wR5MezrJ2SJ6NfFl5sb5Jg/15_china_gunter.pdf,,,Tonnes Total,35.69060135,112.1750412,192
PICOREF Project,Storage,Injection Complete,Completed,1/1/2005,Gaz de France Production,France,SE Paris Basin,Project focused on identifying sites in France as potential geologic storage sites and optimize site evaluation processes for a CO2 project. The project was completed in 2006. PICOREF will continue in 2006-2007 within the French National Research Agency.,Commercial Source,http://members.igu.org/html/wgc2006/pdf/paper/add11170.pdf,,,,47.83117,1.938112,
Pembina Cardium CO2 EOR Pilot,Storage,,Completed,11/1/2005,PennWest Exploration (formerly Penn West Energy Trust),Canada,Edmonton (125 km SW),"Penn West initiated a CO2 pilot project in 2005 and the first phase of the Pembina Enhanced Recovery Project will include construction of a CO2 supply pipeline, infill drilling, well recompletions, and field facility upgrades.",Commercial Source,http://www.zeroco2.no/projects/pembina-enhanced-oil-recovery-project,,,Tonnes per Day,52.66256,-114.667908,79
PCOR Validation Phase - Northwest McGregor EOR Huff n' Puff Project,Storage,,Completed,3/1/2009,Energy & Environmental Research Center - University of North Dakota,United States,Williams County,"Eagle Operating and the EERC conducted a CO2 Huff n Puff in the Northwest McGregor Oil Field on the Nesson Anticline in Williston County, North Dakota. A total of 400 tonnes of CO2  was injected into the Madison formation over two days in June 2009.",Commercial Source,https://www.undeerc.org/pcor/newsandpubs/pdf/FS12A-CO2-Huff-n-Puff-Validation-Test-NW-McGregor.pdf,,,Tonnes Total,48.575622,-102.942431,400
PCOR Validation Phase - Lignite Test,Storage,,Completed,10/1/2005,Energy & Environmental Research Center - University of North Dakota,United States,Burke County,"Approximately 82 metric tons (90 tons) of CO2 was injected over a roughly 2-week period in March 2009 into a 10- to 12-foot-thick coal seam at a depth of approximately 1,100 feet. Test affirmed CO2 can be safely stored in coal.",Commercial Source,https://www.undeerc.org/pcor/newsandpubs/pdf/FS10-Lignite-CO2-Sequestration-Test-Unminable-Coal-Seam-North-Dakota.pdf,,,Tonnes Total,48.549909,-102.239482,80
PCOR Development Phase - Bell Creek Project,Storage,Injection Complete,Completed,10/1/2007,Energy & Environmental Research Center - University of North Dakota,United States,Powder River County,"CO2 from Lost Cabin gas plant WY through 226-mile pipeline, from Shute Creek plant in WY through intersecting pipeline. CO2-EOR.  Injection began 2013. Over 20-25 years, 900,000 metric tons CO2/year will recover an incremental 35 million bbl.",ConocoPhillips Lost Cabin/Madden Gas Plant,http://www.netl.doe.gov/publications/factsheets/project/NT42592.pdf,,Gas Separation,Tonnes per Day,45.097,-105.109,"2,740"
Newark Basin Characterization of New York and New Jersey,Storage,,Completed,12/8/2009,"Sandia Technologies, LLC",United States,,Goal is to characterize and assess the potential for storing large amounts of CO2 within the saline formations of the Newark Rift Basin.,,http://www.netl.doe.gov/File%20Library/Events/2014/carbon_storage/7--Philip-Papadeas.pdf,,,Tonnes Total,41.002159,-73.908508,0
Nagaoka Storage Project,Storage,Injection Complete,Completed,1/1/2003,Japanese Government,Japan,Nagaoka-city,"Project is a small scale field test of CO2 injection into an onshore saline formation 1100 meters deep. The site was a horizontal homogeneous, high porosity and permeability Pleistocene sandstone formation. Total of 10,405 tonnes of CO2 injected.",Teikoku Oil Co. Ltd. Natural Gas Field,https://www.rite.or.jp/English/lab/geological/project_overview.html,,,Tonnes per Day,37.449965,138.850413,40
MRCSP Validation Phase - Cincinnati Arch Geologic Test,Storage,,Completed,1/1/2009,Battelle Memorial Institute,United States,Rabbit Hash,"This saline formation project aims to demonstrate carbon sequestration in the Mt. Simon sandstone formation, a major CO2 sequestration target in the MRCSP region.  Site is at Duke Energy's East Bend Generating Station.",Commercial Source,http://www.mrcsp.org/east-bend-site---validation-phase,,,Tonnes Total,38.908484,-84.853985,910
MRCSP Validation Phase - Appalachian Basin Test,Storage,,Completed,1/1/2009,Battelle Memorial Institute,United States,Shadyside,"This project provided an opportunity to evaluate the feasibility of injecting CO2 into three different deep rock formations at depths between 5,900 and 8,300 feet.  These formations, the Oriskany, Salina, and Clinton/Medina.",Commercial Source,http://www.mrcsp.org/r-e-burger-site---validation-phase,,,Tonnes Total,39.912682,-80.76458,50
MOVECBM Project,Storage,Post-Injection Monitoring,Completed,11/1/2006,European Union,Poland,Kaniow,MOVECBM is studying optimum CO2 storage and enhanced coal bed methane production (ECBM) in coal seams. The project lasted for two years ending in 2008.,Commercial Sources,http://cordis.europa.eu/result/rcn/47563_en.html,,,Tonnes per Day,49.9476,19.0632,15
"Modeling CO2 Sequestration in a Saline Reservoir and Depleted Oil Reservoir to Evaluate The Regional CO2 Sequestration Potential of The Ozark Plateau Aquifer System, South-Central Kansas",Storage,,Completed,12/8/2009,University of Kansas,United States,southern,This project studied potential CO2 storage sites within saline aquifer and depleted oil reservoirs within the Ozark Plateau Aquifer System (OPAS) in south-central Kansas.,,http://www.netl.doe.gov/File%20Library/Events/2014/carbon_storage/11--L--Watney_J--Rush_J--Raney.pdf,,,,37.165836,-101.251679,
MGSC Validation Phase - Tanquary Site,Storage,,Completed,1/1/2008,Illinois State Geological Survey,United States,Wabash County,The purpose of this project was to determine the CO2 injection and storage capability and the enhanced coalbed methane recovery potential of Illinois Basin coal seams.  The target formation was the Pennsylvanian Carbondale formation.,Commercial Source,http://www.sequestration.org/resources/publish/TanquaryReportFinal.pdf,,,Tonnes Total,38.40745,-87.95868,91
MGSC Validation Phase - Sugar Creek Field,Storage,,Completed,4/1/2009,Illinois State Geological Survey,United States,Hopkins County,"In early Summer 2009, CO2 injection started at the EOR III site in the Sugar Creek field in Hopkins County, Kentucky. The reservoir is located at a depth of 1,850 feet and consists of fine-grained sandstone packages interbedded with shales.",Commercial Source,https://www.osti.gov/servlets/purl/1063888,,,Tonnes Total,37.26265,-87.578917,"6,560"
MGSC Validation Phase - Mumford Hills Field,Storage,,Completed,9/1/2009,Illinois State Geological Survey,United States,Posey County,"Carbon dioxide injection started in Fall 2009 at the EOR II site in the Mumford Hills field in Posey County, Indiana.  The reservoir is located at an average depth of 1,900 feet deep and consists of thick wedges of fine-grained sandstone.",Commercial Source,http://sequestration.org/mgscprojects/mumfordhills.html,,,Tonnes Total,38.187413,-87.879005,"6,300"
MGSC Validation Phase - Loudon Field,Storage,Injection Complete,Completed,1/1/2007,Illinois State Geological Survey,United States,Fayette County,"This mature oil field enhanced oil recovery (EOR) test, also known as a Huff n Puff, evaluated the potential for geological sequestration of CO2 in mature Illinois Basin oil reservoirs as part of an EOR program.",Commercial Source,http://sequestration.org/resources/publish/MGSC_HuffnPuff_Loudon.pdf,,,Tonnes Total,39.041661,-88.893386,39
Liaohe EOR Project,Storage,Injection Complete,Completed,1/1/1998,Chinese Government,China,Panjin,The project injected flue gas into a depleting oil field for EOR. It started in 1998 and the EOR proved effective with injecting flue gas. Phase II will look at separating CO2 via membrane and recirculating the CO2 to increase CO2 concentration.,Jingzhou Oil Extraction Plant,http://www.netl.doe.gov/publications/proceedings/01/carbon_seq/p3.pdf,,,Tonnes Total,41.137084,122.137069,"2,300"
JCOP Yubari/Ishikari ECBM Project,Storage,Injection Complete,Completed,1/1/2002,General Environment Technos Co. Ltd.,Japan,Yubari,The Yubari project is a research and development project on CO2 sequestration in unminable coal seams with the production of coal bed methane.,Commercial Source,http://www.adv-res.com/Coal-Seq_Consortium/ECBM_Sequestration_Knowledge_Base/Coal-Seq%20VI%20Forum%202008/Fujioka_JCOAL_Yubari.pdf,,,Tonnes Total,43.006987,142.08831,415
Gulf of Mexico Miocene Mega Transect Site Characterization,Storage,,Completed,12/8/2009,University of Texas at Austin,United States,coastline,Objective is to identify at least one specific site within Texas offshore state lands capable of storing at least 30 million tons of CO2.,,http://www.netl.doe.gov/File%20Library/Events/2014/carbon_storage/9---Tip-Meckel.pdf,,,,28.394151,-96.186152,
Geologic Characterization of the South Georgia Rift Basin for Source Proximal CO2 Storage,Storage,,Completed,12/8/2009,South Carolina Research Foundation,United States,,Evaluate the feasibility of storing CO2 in the Jurassic and Triassic strata of the buried South Georgia Rift Basin.,,http://www.netl.doe.gov/File%20Library/Events/2014/carbon_storage/6--Michael-Waddell.pdf,,,,33.113913,-80.533211,
Frio Brine Pilot,Storage,,Completed,10/4/2004,Bureau of Economic Geology,United States,Dayton,"From October 414, 2004 the Frio Brine Pilot team injected 1,600 tons of CO2 1,500m below surface into a high permeability brine-bearing sandstone of the Frio Formation.",Commercial Source,http://www.beg.utexas.edu/gccc/forum/codexdownloadpdf.php?ID=26,,,Tonnes Total,30.030999,-94.86129,"1,455"
Fenn Big Valley Project,Storage,,Completed,1/1/1997,Alberta Science and Research Authority,Canada,Pembina oil field,"Fenn Big Valley project was a comprehensive project studying CO2 sequestration in deep coal mines while enhancing coal bed methane production (ECBM).  In October 1999, Alberta Research Council drilled a well at Fenn Big Valley.",Commercial Source,http://www.researchgate.net/publication/228933838_CO2_storage_and_enhanced_methane_production_field_testing_at_Fenn-Big_Valley_Alberta_Canada_with_application,,,Tonnes Total,52.050455,-112.734195,200
CO2SINK Project (Ketzin),Storage,Injection Complete,Completed,6/30/2008,European Commission,Germany,Ketzin," Located at Ketzin, Germany, the project injected 67,271 tonnes of CO2. Injection ended 8/29/2013.",Leuna Refinery,http://sequestration.mit.edu/tools/projects/ketzin.html,,,Tonnes Total,51.191544,12.356714,"67,271"
Characterization of the Most Promising Sequestration Formations in the Rocky Mountain Region,Storage,,Completed,12/8/2009,University of Utah,United States,Craig,Project seeks to characterize and analyze the geologic storage formations near the Craig Power Station in Colorado and apply the results to regional geologic storage formations in the Central and Southwestern Rockies.,,https://www.netl.doe.gov/File%20Library/events/2013/carbon%20storage/3-30-McPherson_RMCCS_FY13_Carbon_Storage-Review_Final.pdf,,,,40.435449,-107.593316,
"Characterization of the Miocene and Pliocene Formations in the Wilmington Graben, Offshore Los Angeles, for Large Scale Geologic Storage of CO2",Storage,,Completed,12/8/2009,GeoMechanics Technologies,United States,offshore Los Angeles,"Geologic storage potential study in the Wilmington Graben, offshore LA Basin.",,http://www.netl.doe.gov/File%20Library/Events/2014/carbon_storage/10--Michael-Bruno.pdf,,,,33.592869,-118.174017,
Blackhorse Energy LLC - Small-scale Injection Project,Storage,Planning,Completed,10/1/2011,Black Horse Energy LLC,United States,Livingston Parish,"This project will utilize CO2 for EOR operations in the First Wilcox sand unit.  The project will inject 52,000 tonnes of CO2 and CO2 foam for EOR operations.",EOR operations in the Livingston Reservoir (First Wilcox sand),https://www.osti.gov/servlets/purl/1332270,,,Tonnes Total,30.4658,-90.767859,"52,000"
Big Sky Validation Phase - Basalt Injection,Storage,,Completed,1/1/2010,Montana State University,United States,Wallula,"Injection was initiated on July 17, 2013. Injection completed August 11, 2013.",Commercial,http://www.bigskyco2.org/research/geologic/basaltproject,,,Tonnes Total,46.106511,-118.915757,977
An Evaluation of the Carbon Sequestration Potential of the Cambro Ordovician Strata of the Illinois and Michigan Basins,Storage,,Completed,12/7/2009,Illinois State Geological Survey,United States,,"Goal is to evaluate carbon storage potential of Cambrian-Ordovician strata in Illinois and Michigan basins by evaluating reservoir and seal capacity, mapping the basins with 2D & 3D seismic data sets, and developing a BMP for site characterization.",,http://www.netl.doe.gov/File%20Library/Events/2014/carbon_storage/8--Hannes-Leetaru.pdf,,,,40.10099,-88.229099,
Allison Unit CO2-ECBM Pilot,Storage,Injection Complete,Completed,10/1/2000,Burlington Resources,United States,San Juan County,This project involves CO2 injection into the Allison Unit of the San Juan Basin. CO2 was used to enhance coalbed methane recovery.,Natural Source from Cortez Area of New Mexico,https://www.adv-res.com/pdf/The%20Allison%20Unit%20CO2-ECBM%20Pilot%20-%20A%20Reservoir%20and%20Economic%20Analysis%20-%20Paper%200522.pdf,,,Tonnes per Day,39.979384,-107.510387,400
Weyburn-Midale Project,Capture & Storage,Injection Complete,Completed,10/1/2000,Cenovus Energy,Canada,Weyburn and Midale Oil Fields,"A large operational EOR with CO2 Storage project in Weyburn and adjacent Midale fields. The projected production with EOR is 67 million barrels. CO2 is supplied by a 205-mile pipeline from the Great Plains Synfuel Plant in North Dakota, USA.",Great Plains Synfuels Plant (US),https://www.undeerc.org/pcor/co2sequestrationprojects/Weyburn.aspx,,Cold Methanol (Rectisol),Tonnes Total,49.414461,-103.438402,"40,000,000"
Touchstone Bioconversion Pilot Plant,Capture & Storage,Plant in Operation,Completed,7/25/2012,Touchstone Research Laboratory,United States,Cedar Lane Farms,The project is pumping CO2 from greenhouse furnances into algae ponds to take advantages of CCUS opportunities with biomass to energy (biodiesel) production.,Biomass production ponds,http://www.algaebiomass.org/wp-content/gallery/2012-algae-biomass-summit/2010/06/Joseph_Brian1.pdf,,Not currently specified,Liter of Algae per Minute,40.824822,-81.865536,0
Total Lacq Project,Capture & Storage,Capture Complete,Completed,1/1/2009,Total,France,Lacq,"Total has initiated a pilot CO2 capture and sequestration project in the Lacq basin. The project will inject up to 150,000 metric tons of CO2 into a depleted natural gas field in Rousse over a period of two years from 2010 to 2012. The project is ongoing.",Lacq Gas Processing Plant,http://hub.globalccsinstitute.com/sites/default/files/publications/194253/carbon-capture-storage-lacq-pilot.pdf,,,Tonnes Total,43.409338,-0.634186,"51,000"
SEQ Zero Emission Power Plant (ZEPP),Capture & Storage,Developing Infrastructure,Completed,1/1/2009,SEQ Nederland B.V.,Netherlands,Drachten,"SEQ Nederland B.V. and ONS Energy are planning to build Zero Emission Power Plant (ZEPP) in Drachten, Netherlands producing 50 MW  using a novel oxy-fuel technology. 250,000 tonnes annually CO2 will be captured and used for EGR in nearby gas fields.",Zero Emission Power Plant (ZEPP),https://www.co2-cato.org/news/news/publication-of-zero-emmission-power-plant-seq-documents,,,Tonnes per Day,53.107152,6.050072,685
SECARB Development Phase - Citronelle Project,Capture & Storage,Completed,Completed,9/22/2007,Southern States Energy Board,United States,Bucks,"Injection operations were initiated in September 2012 and ended September 2014 with 114,104 metric tons injected.",Plant Barry,https://www.netl.doe.gov/File%20Library/Research/Carbon-Storage/Citronelle-SECARB-Project.PDF,,Amines,Tonnes Total,31.005154,-88.008941,"114,104"
PCOR Validation Phase - Zama Field Test,Capture & Storage,,Completed,10/1/2005,Energy & Environmental Research Center - University of North Dakota,Canada,Zama City,"The field validation test conducted at Apache Canadas Zama oil field in Alberta, Canada is evaluating the potential for geologic sequestration of CO2 in an acid gas stream that also includes high concentrations of hydrogen sulfide (H2S).",Apache Zama Gas Plant,https://www.undeerc.org/pcor/newsandpubs/pdf/RTIP-Zama-Acid-Gas-EOR-CO2-Sequestration-and-Monitoring-Project.pdf,,Gas Separation,Tonnes Total,59.064553,-118.880284,"84,986"
MRCSP Validation Phase - Michigan Basin Geologic Test,Capture & Storage,,Completed,2/1/2008,Battelle Memorial Institute,United States,Otsego County,"This project involves total injection of approximately 60,000 metric tons of CO2 into a saline formation between depths of 3,400 to 3,500 feet.  The test location is the Charlton 30/31 field in Otsego County, Michigan, site of an enhanced oil recovery.",Turtle Lake Natural Gas Processing Plant,http://www.mrcsp.org/michigan-basin-site---validation-phas,,Gas Separation,Tonnes Total,45.044878,-84.487203,"60,000"
Mitchell Energy Bridgeport Plant,Capture & Storage,Capture Complete,Completed,1/1/1991,Mitchell Energy,United States,Bridgeport,"The Mitchell Energy Bridgeport, Texas USA plant recovered~ 500 ton/day CO2 for EOR.",Bridgeport,http://www.osti.gov/scitech/biblio/6286644,,Aqueous amino acid salt-based solvent,Tonnes per Day,33.205873,-97.729303,500
MGSC Development Phase - Illinois Basin Decatur Project,Capture & Storage,Post-Injection Monitoring,Completed,1/1/2010,Illinois State Geological Survey,United States,Decatur,"MGSC has partnered with the Archer Daniels Midland (ADM) Company, an agricultural product processing company, to conduct a large-volume, saline sequestration test at ADMs ethanol by fermentation facility located in Decatur, Illinois.",ADM Ethanol Facility,http://www.netl.doe.gov/publications/factsheets/project/NT42588.pdf,,Not currently specified,Tonnes Total,39.876963,-88.89341,"999,215"
Joffre Viking EOR Project,Capture & Storage,,Completed,8/1/2003,Penn West Energy Corporation,Canada,Joffre,"First EOR in Canada in the Joffre Viking field east of Red Deer, Alberta. Penn West Petroleum operates the project using CO2 from two of the Nova Chemical Corp Ethylene plants. Project End Date  2011-12-31",NOVA Chemicals Ethylene Plant,http://www.csaregistries.ca/files/projects/prj_5957_1079.pdf,,Not currently specified,Tonnes Total,52.309312,-113.549264,"39,566"
CS Energy Callide Oxyfuels Project,Capture & Storage,Injection Complete,Completed,3/1/2006,CS Energy,Australia,town of Biloela in the Banana Shire,"The project  retrofitted a 30MW unit at CS Energy's Callide A with oxyfuel process and captured CO2 from the waste gases. The project has capture rates of more than 85%  and has operated more than 2,500 hrs.",Callide A Power Station,http://callideoxyfuel.com/,,Oxy-fuel Combustion,Tonnes per Day,-24.34121895,150.6085205,82
CONSOL Energy - Sequestration of CO2 in Unmineable Coal Seams,Capture & Storage,Post-Injection Monitoring,Completed,9/21/2001,Consol Energy Inc,United States,Marshall County,"CONSOL demonstrated a novel drilling and production process that reduces potential methane emissions from coal mining, produces usable methane (natural gas), and creates a sequestration sink for carbon dioxide (CO2) in unmineable coal seams.",On-site amine plan,https://www.netl.doe.gov/File%20Library/Events/2015/carbon%20storage/proceedings/08-20_08_CO2-Sequestration-in-Unmineable-Coal-with-ECBM-2015.pdf,,Amines,Tonnes Total,39.748189,-80.541217,"4,516"
Carbon Dioxide Technology Corp - Lubbock Plant,Capture & Storage,Injection Complete,Completed,1/1/1982,Carbon Dioxide Technology Corporation,United States,Lubbock,"Product CO[2] was pipelined from the recovery plant in a supercritical state at about 2,000 psig to the Post oil field in Garza County, Texas, about 35 miles away for use in an EOR project.",Cooke Power Station,http://www.nist.gov/pml/high_megawatt/upload/2_3-Kubek-Approved.pdf,,Amines,Tonnes per Day,33.45438,-101.862836,"1,200"
ARI Eastern Shale CO2 Injection Test,Capture & Storage,Site Characterization,Completed,10/1/2010,Advanced Resources International (ARI),United States,Pike County,"ARI is conducting a small-scale CO2 injection in eastern shales. CO2 is planned to come from the AES Warrior Run plant, but it is not a full capture project. The test will assess the feasibility of injecting and storing CO2 in shale formations.",,http://www.netl.doe.gov/publications/factsheets/project/FE0004633.pdf,,,Tonnes Total,37.290102,-82.615054,300
Air Products and Chemicals Inc. CCS Project,Capture & Storage,Capture Ongoing,Completed,11/16/2009,Air Products and Chemicals,United States,Port Arthur,"DOE project was completed on September 30, 2017, and operations continue.",Valero Port Arthur Refinery's Methane Steam Reformer Waste Streams,http://www.netl.doe.gov/research/coal/project-information/FE0002381,,Vacuum swing absorption,Tonnes per Day,29.865913,-93.967359,"2,740"
We Energies Pleasant Prairie Field Pilot,Capture,Capture Complete,Completed,7/1/2008,We Energies,United States,Pleasant Prairie,"The Chilled Ammonia CO2 capture pilot at the We Energies power plant in Pleasant Prairie, Wisconsin, USA went into operation in June 2008. Demonstrated more than 90% capture of CO2 from flue gas.",Pleasant Prairie,http://mydocs.epri.com/docs/CorporateDocuments/SectorPages/GEN/CarbonCaptureProject/doc/cc_report.pdf,,Alstom Chilled Ammonia Process,Tonnes per Day,42.53944,-87.90444,81
TEPCO Yokosuka,Capture,Capture Complete,Completed,1/1/1997,Tokyo Electric Power Company,Japan,Kurihama (Yokosuka),Tested 5 solvent systems for their CO2 capture capability.  Selected best solvent (H3) and it consistently achieved 80 to 90 % recovery rates.,Yokosuka Thermal Power Station,http://www.psa.mhps.com/supportingdocs/forbus/hpsa/technical_papers/Advanced%20Amine-based%20CO2%20Capture%20for%20Coal-fired%20Power%20Plants.pdf,,Solvents,% Reduction,35.215,139.72028,90
Slipstream Testing of a Membrane CO2 Capture Process for Existing Coal-Fired Power Plants,Capture,,Completed,10/1/2010,"Membrane Technology and Research, Inc (MTR)",United States,Wilsonville,"1 ton per day capture field test site Cholla Power Plant (AZ), with scale up to 20 tons/day at NCCC site.",National Carbon Capture Center,http://www.netl.doe.gov/File%20Library/Research/Coal/ewr/co2/FE0005795.pdf,,MTR Membrane System,Tonnes per Day,33.243601,-86.469014,20
Slipstream Development and Testing of Siemens POSTCAP Capture and Separation Technology,Capture,,Completed,10/1/2010,"Siemens Energy, Inc.",United States,Tampa,"Design, install, and operate a pilot plant treating 2.5 MWe slipstream of flue gas.",Tampa Electric Company's Big Bend Station,http://www.netl.doe.gov/research/coal/carbon-capture/post-combustion/siemens-postcap,,Aqueous amino acid salt-based solvent,Tonnes per Day,27.794879,-82.40066,50
Sargas Vartan,Capture,Capture Complete,Completed,1/1/2007,Sargas,Sweden,Stockholm,"SARGAS currently has a breakthrough, proprietary technology for CO2 capture, which can be used at coal at a very affordable price. The challenge lies in how the large amounts of CO2 to be stored, and who takes the bill for disposal.",Vartan Power Plant,http://translate.google.com/translate?hl=en&sl=no&u=http://www.ukeavisenledelse.no/norsk-sm%25C3%25A5bedrift-vil-vokse-p%25C3%25A5-co2-fri-kullkraft&prev=/search%3Fq%3DSargas%2BVartan%26start%3D10%26safe%3Doff%26sa%3DN%26es_sm%3D122%26biw%3D1264%26bih%3D9,,Solvents,,59.34833,18.07028,
RWE/BASF/Linde CO2 Capture Project Niederaussem,Capture,Capture Complete,Completed,8/18/2009,RWE Power,Germany,"Niederaussem, Bergheim",The pilot plant is capturing 300 kg CO2/hr from a bypass flue gas stream from the plant.,RWE Power AG Lignite Plant,http://www.zeroco2.no/projects/rwe2019s-scrubbing-pilot-plant-in-cooperation-with-basf-and-linde,,Amines,Tonnes Total,50.994088,6.667984,"2,000"
Nippon Steel CO2 Capture Project,Capture,Capture Complete,Completed,1/1/2004,Nippon Steel,Japan,Kimitsu, Project started in 2004 and plans to end in 2008.  April 2010 will start a 30 tonnes/day capture test plant using amine solvent.,Nippon Steel Facilities in Kimitsu Works,http://globalenergyobservatory.org/geoid/40207,,Amines,Tonnes per Day,35.35792923,139.8679047,170
Mulgrave Capture Project - CO2CRC,Capture,Capture Complete,Completed,1/1/2009,CO2CRC - Cooperative Research Centre for Greenhouse Gas Technologies,Australia,"Mulgrave, Melbourne","Pre-combustion CO2 capture from a brown coal burning IGCC plant.  They are piloting three capture technologies: solvent, membrane, and pressure swing.  CO2 captured (Tonnes Total): 741 tonnes/year.",Coal Gasifier at HRL Facility,https://www.researchgate.net/publication/251711740_Novel_Pre-Combustion_Capture_Technologies_in_Action_-_Results_of_the_CO2CRCHRL_Mulgrave_Capture_Project,,Amine Ammonia Membrane,Tonnes Total,-37.913772,145.15598,741
Matsushima Coal Plant Capture Project,Capture,Capture Complete,Completed,7/1/2006,Japanese Government,Japan,Matsushima,CO2 capture facility (10 tons per day) installed to understand long-term effects of impurities on amine scrubber process. Test occurred from July 2006 through 2008.,Matsushima Coal Power Plant,No specific project link identified.,,Amines,Tonnes per Day,32.939747,129.59783,10
H3 Capture Project-CO2CRC,Capture,Capture Complete,Completed,7/9/2009,CO2CRC - Cooperative Research Centre for Greenhouse Gas Technologies,Australia,Morwell,Based at Hazelwood power station and run in parallel with the Hazelwood Post-Combustion 2030 Project.  Effort has tested a range of solvents and different process configurations using the solvent post-combustion capture plant.,Hazelwood power station,http://ieaghg.org/docs/General_Docs/12%20cap/3-9%20sec.pdf,,Solvents,Tonnes per Day,-38.272924,146.391758,0
Evaluation of Solid Sorbents as a Retrofit Technology for CO2 Capture,Capture,,Completed,10/1/2010,"ADA-ES, Inc.",United States,West Jefferson,"Design, construct, and operate pilot plant on 1 MWe slipstream of flue gas at Southern Company's Plant Miller.",Southern Company - Plant Miller,https://www.netl.doe.gov/File%20Library/Research/Coal/carbon%20capture/FE0004343.pdf,,Solid sorbent,Tonnes per Day,33.632011,-87.060964,25
"E.ON Coal Plant in Wilhelmshaven, Germany",Capture,Capture Complete,Completed,1/1/2010,E.ON,Germany,Wilhelmshaven,The pilot plant will be small in scale at 5.5 MW and will capture approximately 70 tonnes per day of CO2. Completed in late 2015.,Wilhelmshaven power plant,http://www.fluor.com/projects/carbon-capture-plant-design-build,,Fluor Econamine,Tonnes per Day,53.565104,8.145691,70
CSIRO Transportable Capture Unit Tarong (Queensland),Capture,Plant in Operation,Completed,6/1/2009,CSIRO - Australian Commonwealth Scientific and Industrial Research Organization,Australia,Nanango,"Amine-based post combustion capture pilot plant will capture 1,000 tpa of CO2 over a two year period.  The plant became operational in December 2010.",Tarong Power Station,http://www.carboncapturejournal.com/news/tarong-post-combustion-pilot-plant/3375.aspx?Category=featured,,Amines,Tonnes per Day,-26.783583,151.91512,4
CSIRO Transportable Capture Unit Munmorah (New South Wales),Capture,Plant Design,Completed,4/1/2008,CSIRO - Australian Commonwealth Scientific and Industrial Research Organization,Australia,Lake Munmorah,"CSIRO performed a post-combustion capture (and release)  project at Munmorah Power station using a post combustion ammonia absorption technology. Up to 3,000 tonnes of CO2 were captured during the tests. Pilot plant was relocated to Vales Point in 2012.",Munmorah Power Station,http://www.uwyo.edu/ser/_files/docs/conferences/2013/china/paul%20feron.pdf,,Ammonia Absorption Technology,Tonnes per Day,-33.211619,151.542258,10
CASTOR CO2 from Capture to Storage,Capture,Plant in Operation,Completed,2/1/2008,ELSAM - Elsam Power,Denmark,Esbjerg Power Station," Tested in a pilot unit capable of treating 0.9 tonnes of CO2/hr.Capture: Esbjerg Power Station; Storage: four sites (Spain-Mediterranean, Austria-Atzbach, Netherlands-North Sea, Norway-Snohvit)",Esbjerg Power Station,https://cordis.europa.eu/result/rcn/47842_en.html,,Amines,Tonnes per Day,55.45437622,8.453642845,22
Yates Oil Field EOR Operations,Storage,Injection Ongoing,Active,1/1/2006,Kinder Morgan,United States,Pecos County west of Iraan,"Kinder Morgan delivers approximately 1.3 billion cubic feet per day of CO2 through about 1,300 miles of pipelines.",Kinder Morgan,http://www.kindermorgan.com/business/co2/yates.cfm,,,Barrels per Day,30.920613,-101.935292,"20,800"
West Texas and Llano Pipelines Power CCS,Storage,Developing Infrastructure,Active,1/1/2010,Trinity CO2 LLC,United States,Permian Basin Region,"Trinity CO2 controls the CO2 pipelines for West Texas and Llano Pipelines. Their main CCS activities include pipeline developer, CO2 marketer, and CO2 aggregator.  The CO2 is used primarily for EOR.",Anthropogenic Sources,http://globalenergyobservatory.org/geoid/40300,,,Tonnes per Day,31.927655,-102.212316,"1,000"
ULYSSES Sequestration,Storage,Site Characterization,Active,8/1/2008,Providence Resources,Ireland,Kish Bank Basin,Conceptual study has been completed and the project is feasible. Project would store CO2 in Kish Bank Basin.,Commercial Source,https://www.offshoreenergytoday.com/ulysses-gas-storage-offshore-ireland-economically-and-technically-feasible/,,,,53.321801,-5.809636,
Turnu EOR,Storage,Injection Ongoing,Active,12/1/2008,OMV - Austrian Mineral Oil Authority,Romania,Pecica,"The project is separating CO2 from CH4 on surface, and reinject back into deeper reservoirs for EOR. The project is currently conducting a feasability study. Up to 150,000 cubic meters per day injected.",Gas Separation Process,http://www.co2club.ro/docs/2008.Spencer.Florian.COCA.pdf,,,cubic meter per day,45.871514,22.053591,"150,000"
SWP Development Phase - Farnsworth Unit Ochiltree Project,Storage,Injection Ongoing,Active,10/1/2007,New Mexico Institute of Mining and Technology,United States,Ochiltree County,This project seeks to injection approximately 1 million tonnes of CO2 into the Morrow Sandstone (part of the Farnsworth Unit of the Anadarko Basin in northern Texas) for the purpose of EOR activities.,Arkalon Ethanol Plant and Agrium Fertilizer Plant,http://www.netl.doe.gov/File%20Library/factsheets/project/NT42591.pdf,,Not currently specified,Tonnes Total,36.260007,-101.009301,"1,000,000"
Sunrise LNG Sequestration,Storage,Planning,Active,1/1/2014,Woodside,Australia,offshore Timor-Leste/Australia,The Timor field holds about 5.4 trillion cubic feet of gas. The project will take natural gas and convert it into LNG.  Currently considering if they will convert to LNG on a floating platform or ship natural gas via pipeline to a land-based plant.,Sunrise LNG Plant,https://thewest.com.au/business/oil-gas/woodsides-sunrise-lng-project-could-be-left-behind-as-east-timor-looks-elsewhere-ng-b88780136z,,,,-8.945793,126.429718,
"Salt Creek, Monell, Sussex Unit EOR",Storage,Injection Ongoing,Active,1/1/2004,Anadarko Petroleum Corporation,United States,Sweetwater County,CO2 is piped 125 miles to the site and is sequestered about 579 meters into sandstone reservoir for EOR in Salt Creek and Monel reservoirs.,Commercial Source,http://www.uwyo.edu/eori/_files/co2conference08/jason%20gaines_anadarko_eori_co2%20casper%20may%2029%202008.pdf,,,Tonnes per Day,41.514815,-108.615272,"5,480"
Rangely-Webber EOR,Storage,Injection Ongoing,Active,1/1/1986,Chevron,United States,"Rangely, Rio Blanco County","Continued carbon dioxide flooding and drilling of more wells helps maintain production at 14,000 barrels a day. Cumulative production of 860 million barrels makes the field the most prolific in the Rocky Mountains in 2005.",LaBarge natural gas processing facility,http://www.uwyo.edu/eori/_files/co2conference12/rory_rangelycasehistory.pdf,,,Tonnes per Day,40.14480209,-108.9541397,"3,562"
LINC Energy - Wyoming EOR,Storage,Injection Ongoing,Active,11/23/2011,LINC Energy,United States,Glenrock,"Linc Energy has commenced the injection of CO2 into its first well in its Glenrock, Wyoming, oil fields. Linc Energy expects to recover more than 80 million barrels of oil. CO2 will be delivered at a rate of 1 to 3 bpm.",,http://abnnewswire.net/press/en/70683/Linc-Energy-Limited-(ASX-LNC)-Commences-Enhanced-Oil-Recovery-with-Injection-of-CO2-in-Wyoming-70683.html,,,Tonnes Total,42.847634,-105.973604,500
Judy Creek EOR,Storage,Post-Injection Monitoring,Active,4/1/2007,Pengrowth,Canada,Edmonton,CO2 injections will continue until second quarter of 2009 and monitoring of operations will be from 2009-2010.,Judy Creek Gas Conservation Plant,http://www.canadiancleanpowercoalition.com/files/2912/7360/8189/ST3%20-%20enhanced.pdf,,,Tonnes per Day,54.570961,-115.520025,164
Japan CCS-Tomakomai,Storage,Injection Ongoing,Active,1/1/2009,Japan CCS Co. Ltd.,Japan,Tomakomai,Plans to develop a carbon-capture business and seeks to lead a project to trap and store pollution from coal-fired power plants in oil wells in northeastern China.,[commercial source],http://www.japex.co.jp/english/business/innovate/ccs.html,,,Tonnes per Day,36.08712387,138.0771027,548
Ecofisk EOR (Pilot),Storage,Site Characterization,Active,1/1/2015,ConocoPhillips,Norway,offshore Stavanger (200 miles),The project will conduct an investigation of alternative EOR processes having potential application in the giant Ekofisk chalk field.,Commercial Source,http://www.co2.no/download.asp?DAFID=42&DAAID=4,,,,56.549197,3.209986,
CarbonNet CCS Project,Storage,Developing Infrastructure,Active,1/1/2009,Victorian Government (Australia),Australia,"Latrobe Valley, Gippsland Region","CarbonNet, organised by the Victorian Government, is a CO2 storage hub collecting captured CO2 from Latrobe Valley industry.  It aims to capture 3 and 5 Mt of CO2 per annum from a number of high emissions sources and inject in a common reservoir",Multiple CO2 Sources,http://www.energyandresources.vic.gov.au/energy/carbon-capture-and-storage/the-carbonnet-project,,,Tonnes per Day,-38.131486,146.363143,"13,700"
Big Sky Development Phase - Kevin Dome Project,Storage,Pre-Injection Monitoring,Active,7/25/2011,Montana State University,United States,Kevin,"The original intent: inject 1 MMT naturally occurring CO2 from Kevin Dome into Duperow.  However, pre-injection monitoring indicated dissolved solids content of formation fluid at injection well was too low to allow for large-scale injection.",Kevin Dome,http://www.netl.doe.gov/publications/factsheets/project/NT42587.pdf,,,Tonnes Total,48.859252,-111.721966,"1,000,000"
Yanchang Integrated Carbon Capture and Storage Demonstration Project,Capture & Storage,Capture Ongoing,Active,1/1/2017,Shaanxi Yanchang Petroleum Group,China,Jingbian,"The second phase would capture 360,000 tonnes per annum of CO2 or greater from a gasification facility associated with industrial plants of the Shaanxi Yanchang-China National Coal Yulin Energy Chemical company. Construction has commenced.",Yanchang ICCS Demonstration Project,https://www.globalccsinstitute.com/projects/yanchang-integrated-carbon-capture-and-storage-demonstration-project,,Cold Methanol (Rectisol),Tonnes per Day,37.4316,108.92,137
W.A. Parish Post-Combustion CO2 Capture and Sequestration Project,Capture & Storage,Plant in Operation,Active,6/1/2010,NRG Energy Inc.,United States,Thompsons,"Petra Nova Parish Holdings will retrofit a CO2 capture plant on an existing coal-fired power plant (W.A. Parish Generating Station) located in Thompsons, Texas, which is southwest of Houston.90% capture of a 240 Mwe flue stream. Commercial 1/10/2017.",W.A. Generating Station,http://www.netl.doe.gov/research/coal/project-information/fe0003311,,Solvents,Tonnes per Day,29.477664,-95.635021,"3,836"
Veolia Environment CCS Project,Capture & Storage,Planning,Active,1/1/2013,Veolia Environment,France,Claye-Souilly,"CO2 will be produced by the existing landfill biogas-to-energy units and the CO2 will be injected into a saline aquifer more then 1,500 meters deep.  Project start-up from storage was estimated to begin in 2010.",Claye Souilly Treatment Plant,http://www.zeroco2.no/projects/veolia-environnement-ccs-project,,Multiple,Tonnes per Day,48.955353,2.729149,548
Val Verde NG Plants,Capture & Storage,Injection Ongoing,Active,1/1/1998,MCN Energy Group,United States,Terrell/Pyros,"4 different NG processing plants contribute to CO2 pipeline (Terrell, Gray Ranch, Mitchell, Puckett).  Oldest CO2 pipeline in the US, began distribution to west Texas oilfields in 1972.","Val Verde Natural Gas plants (Terrell, Gray Ranch, Mitchell, Puckett)",http://www.zeroco2.no/projects/val-verde-natural-gas-plants,,Gas Separation,Tonnes per Day,29.804012,-101.167563,"3,562"
Uthmaniyah CO2 EOR Demo Project,Capture & Storage,Injection Ongoing,Active,1/1/2015,Saudi Aramco,Saudi Arabia,"Ghawar oil field, Uthmaniyah production unit",CO2 gas separation process capture and 70km transport to injection in Uthmaniyah Field for EOR and storage purposes.,Hawiyah Natural Gas Liquids Recovery Plant,http://www.globalccsinstitute.com/project/uthmaniyah-co2-eor-demonstration-project-0,,Amines,Tonnes per Day,24.807775,49.356405,"2,192"
Tarong Plant Algae Oil Project,Capture & Storage,Plant in Operation,Active,1/1/2013,MBD Energy,Australia,Nanango,A one hectare project will use the power station's CO2-laden flue-gas to feed a Bio-CCS Algal Synthesizer.,Tarong Power Plant,http://www.mbdenergy.com/home_construction.php,,Bio CCS Algal Synthesizer,Tonnes per Day,-26.783863,151.915747,2
Taichung CCS,Capture & Storage,Planning,Active,1/1/2014,Taiwan Power Company,Taiwan,Longjing,"Planning a trial carbon capture programme at its Taichung coal-fired power station. The captured CO2 will be injected below the seabed off Taiwans west coast for permanent storage. The project will capture 10,000 tonnes of CO2 from the plant by 2014.",Taichung Power Station,http://www.zeroco2.no/projects/taichung-ccs-1,,,Tonnes Total,24.214745,120.479255,"10,000"
South Korea CCS2,Capture & Storage,Site Selection,Active,10/16/2009,Korean Electric Power Corporation,South Korea,undecided: Samcheonpo or Taean,Proposed plan to construct a 300 MW oxy-fuwel or IGCC plant and capture CO2 using either pre- or oxy-fuel combustion.  1.2 Million tonnes per year of CO2 will be transported by ship and stored in saline aquifers.  Sites have not been selected.,proposed 500 Mw plant,http://www.zeroco2.no/projects/korea-ccs2,,Oxy-fuel Combustion,Tonnes per Day,36.47430676,127.9467773,"3,288"
Snøhvit Field LNG and CO2 Storage Project,Capture & Storage,Injection Ongoing,Active,4/22/2008,Statoil,Norway,offshore Barents Sea,Snøhvit gas field developed by Statoil is in the Barents Sea where gas is extracted and the CO2 is separated from the gas and injected into Tubasen sandstone formation 2600 m below the seabed. Gas is transported to shore to strip the CO2 and produce LNG.,Snøhvit Field and Hammerfest LNG Plant,http://www.zeroco2.no/projects/snoehvit,,Amines,Tonnes per Day,70.6877507,23.597363,"1,918"
Sleipner Project,Capture & Storage,Injection Ongoing,Active,8/1/1996,Statoil,Norway,offshore North Sea,The Sleipner West natural gas field in the North Sea produces CO2 from the gas. The CO2 is separated from the gas and reinjected into the Sleipner West gas field in the Utrisa formation to meet specifications.,Statoil Sleipner West Gas Field,https://www.statoil.com/en/what-we-do/norwegian-continental-shelf-platforms/sleipner.html,,Amines,Tonnes per Day,58.188087,2.731416,"2,740"
Sinopec Shengli Power Plant CCS Project,Capture & Storage,Engineering design,Active,1/1/2018,China National Petroleum Company.,China,Dongying City,"Flue gas desulfurization (FGD) and De-NOx units are equipped to the Phase III power Production Units, with typical post-combustion CO2 capture process is used in the project. For EOR. May also be called Shengli Dongying power station.",Sinopec Shengli Power Plant CCS Project,https://www.globalccsinstitute.com/projects/sinopec-shengli-power-plant-ccs-project,,Amines,Tonnes per Day,37.46,118.49,"2,740"
Searles Valley Minerals,Capture & Storage,Plant in Operation,Active,1/1/1978,Searles Valley Minerals,United States,Trona,The CO2 is captured from the flue gas of a coal power plant.,Power Plant Capture,http://www.zeroco2.no/projects/searles-valley-minerals,,Amines,Tonnes per Day,35.759809,-117.376175,740
Petrobras Miranga CO2 injection,Capture & Storage,Injection Ongoing,Active,1/1/2009,Petrobras,Brazil,Pojuca,"Project involves testing three different storage scenarios i- namely, EOR, depleted gas reservoir and saline aquifer storage.  Goal - develop technologies that could be used in to mitigate emissions from the Santos basins pre-salt cluster of fields.",Natural CO2,http://www.zeroco2.no/projects/petrobras-ccs,,MTR Membrane System,Tonnes per Day,-12.36519,-38.273056,400
Petrobras Lula Oil Field Offshore CCS Project,Capture & Storage,Injection Ongoing,Active,3/1/2011,Petrobras,Brazil,Lula Oil Field,Petrobras has begun CO2 re-injection from an off-shore gas extraction platform in 2013.  CO2 is found with the natural gas located within the Lula Oil Field.  The CO2 will be captured during gas extraction and then re-injected to enhance NG extraction.,CO2 reinjection from Lula Oil Field,http://www.globalccsinstitute.com/project/petrobras-lula-oil-field-ccs-project,,,Tonnes per Day,-25.595699,-42.331474,"1,918"
PEMEX CCS Project,Capture & Storage,Injection Ongoing,Active,1/1/2004,Petróleos Mexicanos (PEMEX),Mexico,Carmito Gas Field,The project is injecting 40 Mcf per day into Carmito field for EOR/EGR,Gas Separation at Carmito Gas Field,http://www.halliburton.com/en-US/ps/solutions/clean-energy/carbon-capture-storage/project-experience/Mexico.page?node-id=hgeyxthv,,Not currently specified,Tonnes Total,17.638724,-92.941641,"8,459,550"
OXYCFB300 Compostilla Project,Capture & Storage,Capture Ongoing,Active,1/1/2009,Endesa,Spain,Cubillos del Sil,"300 MWe Circulating Fluidised Bed (CFB) supercritical oxycombustion plant, with CO2 storage in a deep saline formation.  Project has been divided into two distinct phases to significantly reduce the economic and technical risks.",300 MWe demo plant at the Compostilla Power Station,http://www.ieaghg.org/docs/General_Docs/OCC2/Presentations/2_OXYCFB300_Compostilla_OCC2_ML.pdf,,Oxy-fuel Combustion,Tonnes Total,42.613066,-6.563108,"100,000"
Otway Basin Project - CO2CRC,Capture & Storage,Injection Ongoing,Active,4/2/2008,CO2CRC - Cooperative Research Centre for Greenhouse Gas Technologies,Australia,Otway Basin,Stage 1 of the Otway project is in the post-injection monitoring phase (CO2 injection into a depleted gas field).  Stage 2 of the Otway project is beginning with an evaluation of residual gas trapping in saline formations.,Buttress No. 1 Well Methane Production,http://www.co2crc.com.au/otway/,,,Tonnes Total,-38.530524,142.811616,"80,000"
Ordos Basin Project,Capture & Storage,Plant in Operation,Active,12/30/2008,Shenhua Coal Trading,China,Ordos Basin,"The coal to liquids (CTL) plant will use about 4.1 million MT coal/year to produce 24,000 Barrels/Day. The plant separated and injected 170,000 tons CO2 into the Ordos Basin.",Shenhua CTL Plant,http://www.globalccsinstitute.com/project/shenhua-ordos-ctl-project-phase-2,,,Tonnes per Day,39.330467,110.151331,"9,590"
Oakdale NG Processing,Capture & Storage,Capture Ongoing,Active,1/1/2007,Blue Source,United States,La Veta (near),Natural gas plant successful capture of vent stack CO2 flowing from a natural gas processing plant to an EOR site. The plant will use membrane separation and transport the CO2 over a 16 mile pipeline.,La Veta NG Plant,http://globalenergyobservatory.org/geoid/40260,,,Tonnes per Day,37.539456,-105.104697,"1,096"
Northwest Upgrader Refinery,Capture & Storage,Developing Infrastructure,Active,1/1/2011,North West Redwater,Canada,Amelia, The gasification process will break apart the bitumen to produce hydrogen and CO2. The CO2 is in a purchase agreement with Enhance Energy.,North West Upgrading Refinery,http://www.dailyoilbulletin.com/article/2015/5/11/north-west-upgrading-ceo-optimistic-about-projects/,,,Tonnes per Day,53.841572,-113.112056,"3,288"
MRCSP Development Phase - Michigan Basin Project,Capture & Storage,Injection Ongoing,Active,10/1/2005,Battelle Memorial Institute,United States,Gaylord,Performing injection test of at least 1 million metric tons of CO2 into geologic formations associated with EOR.,Natural Gas Processing Facility,http://www.netl.doe.gov/publications/factsheets/project/NT42589.pdf,,Gas Separation,Tonnes Total,45.019154,-84.529174,"1,000,000"
Mongstad Cogeneration Plant with CO2 Storage,Capture & Storage,Plant in Operation,Active,1/1/2010,Statoil,Norway,Mongstad, Full scale capture and storage plans were cancelled. It was to capture approximately 1.5 million tonnes CO2/yr.,Mongstad combined heat and power plant,http://sequestration.mit.edu/tools/projects/statoil_mongstad.html,,Alstom Chilled Ammonia Process,Tonnes per Day,60.81358337,5.028857231,274
Korea CCS1,Capture & Storage,Site Selection,Active,1/1/2018,Korean Electric Power Corporation,South Korea,,Proposed plan to construct a 300 coal-fired or IGCC plant and capture CO2 using either post-combustion. 1.2 million tonnes per year of CO2 will be transported to one of 4 saline aquifers under review.  Sites have not been selected.,300 MW coal-fired power plant TBD,http://www.globalccsinstitute.com/project/korea-ccs-1,,Amines,Tonnes per Day,37.45,129.165,"2,740"
Klemetsrud Waste to Energy Plant,Capture & Storage,Capture Ongoing,Active,,Oslo Municipality Waste-to-Energy Agency,Norway,Oslo,The five-month test will employ Akers mobile test unit to investigate the effectiveness of the companys amine-based CO2 capture technology for use on waste-to-energy plants. Several alternate capture techs will be sampled.,Klemetsrud Waste-to-Energy Plant,http://www.vivis.de/phocadownload/Download/2017_eaa/2017_EaA_133-144_Stuen.pdf,,Amines,,59.840298,10.836658,
K12-B CO2 Injection Project,Capture & Storage,Injection Ongoing,Active,5/1/2004,GDF SUEZ E&P Nederland B.V.,Netherlands,North Sea,The goal is to test the potential of storing CO2 in a depleted gas field and evaluate the potential for enhanced gas recovery (EGR).  The K12-B platform is compressing the CO2 and injecting it into the gas fields for storage and monitoring along with EGR.,Gas de France's K12-B Platform,http://ieaghg.org/docs/General_Docs/2modmon_pres/10.7%20Vincent%20Vandeweijer%20-%20Monitoring%20and%20Modelling%20at%20K12-B.pdf,,MDEA Gas Separation Process,Tonnes per Day,53.341915,3.896861,55
Jilin Oil Field EOR,Capture & Storage,Injection Ongoing,Active,1/1/2016,China National Petroleum Company,China,Songyuan,Project is in 2 phases.  Phase I will inject 200K tonnes and Phase II will increase to 800K to 1 Million tons/year. Pipeline is expected to be 21 miles long. Cumulative CO2 injection of one million tonnes was reached in the first half of 2016.,Songyuan Natural Gas Processing Plant,http://www.globalccsinstitute.com/projects/petrochina-jilin-oil-field-eor-project-phase-2,,Amines,Tonnes per Day,45.119225,124.798169,"2,192"
Illinois Industrial Carbon Capture and Storage Project,Capture & Storage,Plant in Operation,Active,11/6/2009,Archer Daniels Midland,United States,Decatur,Develop and demonstrate an integrated system of CO2 processing and transport from an ethanol plant to the Mt. Simon Sandstone Formation (saline reservoir) for geologic sequestration.,Archer Daniels Midland Biofuels Plant,https://www.netl.doe.gov/research/coal/project-information/FE0001547,,Amines,Tonnes per Day,39.88403,-88.887398,"2,740"
Hiroshima Pilot Plant,Capture & Storage,Plant in Operation,Active,1/1/2014,Mitsubishi Heavy Industries,Japan,Hiroshima,The Hiroshima pilot plant has a CO2 recovery capacity of 2 metric tons per day and commenced operation in 2004.,Hiroshima R&D Center,No specific project link identified.,,Solvents,,34.233333,132.216667,
Greengen Project in China,Capture & Storage,Developing Infrastructure,Active,12/1/2009,GreenGen Co. Ltd.,China,Tianjin,"The activities include coal gasification, hydrogen production and power generation, and carbon sequestration. Technical goals are to complete an industrial demonstration project of 400MW before 2020. Approx. 2 million metric tons of CO2 to be captured.",400 MW Gasification Plant,http://sequestration.mit.edu/tools/projects/greengen.html,,,,39.1037941,117.2521591,
Great Lakes Energy Research Park,Capture & Storage,Planning,Active,1/1/2015,"M&M Energy, LLC",United States,Alma,"The IGCC plant will be a polygeneration plant producing steam, electricity, and hydrogen. The plant will use Concophillips E-Gas technology. Captured CO2 will be used recover up to 1 billion barrells of ""stranded oil"" from the Michigan Basin using EOR.",Alma IGCC plant,http://www.mandmenergy.com/index-2.html,,ConocoPhillips E-Gas Gasification,% Reduction,43.38488,-84.630136,90
Gorgon Project,Capture & Storage,Plant in Operation,Active,1/1/2009,Chevron,Australia,Barrow Islands,"Natural gas will be produced from sub-sea wells and transported to Barrow Island via pipelines at Barrow Island, at which the gas will be processed into LNG. CO2 will be separated (approx. 2.5 to 3 million tons/year) and reinjected into the gas field.",CO2 Separated during LNG process,http://www.chevronaustralia.com/our-businesses/gorgon,,,Tonnes per Day,-20.77690888,115.460907,"9,042"
Eni and Enel CCS Project,Capture & Storage,Capture Ongoing,Active,9/1/2010,Enel and Eni,Italy,Cortemaggiore,"Enel will trap CO2 from a coal-fired power station in Brindisi and transport the CO2 to the Eni-owned Stogit natural gas field in Cortemaggiore. Enel will be capable of capturing 2 tonnes of CO2/hr while Eni plans to inject about 8,000 tonnes of CO2/yr.",Federico II Power Plant,http://www.powermag.com/italys-enel-and-eni-join-forces-on-pilot-ccs-project/,,Amines,Tonnes per Day,44.99508667,9.939902306,22
Enel Brindisi CCS Project,Capture & Storage,Capture Ongoing,Active,1/1/2010,Enel,Italy,Brindisi,"Enel and Eni signed a strategic cooperation agreement to develop systems for the capture, transport and geological sequestration of CO2 and for the joint construction of Italy's first carbon capture and storage project.  Injection into a saline reservoir.",Federico II Brindisi Coal-Fired Power Plant,http://www.zeroco2.no/projects/brindisi,,Amines,Tonnes per Day,40.566917,18.031435,22
Enecogen Cryogenic CO2 Capture,Capture & Storage,Plant in Operation,Active,1/1/2013,Eneco,Netherlands,Maasvlakte (Rotterdam),ENECOGEN intends to build an 850 MW natural-gas fired plant using cyrogenic CO2 capture to initially capture about 9K tonnes of CO2/year. The cryogenic capture process will use about 50% of their cooling need from Liongas LNG Terminal.,Enecogen gas fired CHP Power Plant,http://www.icis.com/resources/news/2006/11/21/9291955/enecogen-plans-dutch-ccgt-carbon-capture/,,Cryogenic,Tonnes per Day,51.961685,4.09398,25
Collie South West Hub Project,Capture & Storage,Developing Infrastructure,Active,6/1/2009,Western Australian Department of Mines and Petroleum,Australia,Between Kwinana and Collie,This is a Carbon Capture and Storage research and demonstration project aimed at collecting captured carbon dioxide from coal fired power stations and other industry in the area southwest of Perth in Western Australia and injecting it into saline.,Multiple Sources,http://www.zeroco2.no/projects/collie-south-west-hub,,,Tonnes per Day,-33.501991,116.330709,"6,850"
CO2EuroPipe,Capture & Storage,Planning,Active,4/1/2009,Toegepast Natuurwetenschappelijk Onderzoek - TNO,European Union,Europe,"This project aims at paving the road towards large-scale, Europe-wide infrastructure for the transport and injection of CO2 from zero-emission plants.  The project will result in a roadmap for CO2 transport infrastructure.",Multiple plants integrated through CO2 pipelines,http://www.co2europipe.eu/,,,,50.382708,10.92342,
CO2 Capture from Coffeyville Fertilizer Plant,Capture & Storage,Injection Ongoing,Active,1/1/2013,Coffeyville Resources,United States,Coffeyville,"Coffeyville Resources Nitrogen Fertilizers sends CO2 for use in enhanced oil recovery operations at Chaparrals North Burbank Oil Unit in Osage County, northeastern Oklahoma.",Coffeyville Resources Nitrogen Fertilizer Plant,https://www.globalccsinstitute.com/projects/coffeyville-gasification-plant,,Not currently specified,Tonnes per Day,37.046926,-95.608486,"2,400"
Century Plant Gas Processing,Capture & Storage,Plant in Operation,Active,10/8/2010,Occidental Petroleum,United States,Pecos County,"Occidental Petroleum signed an agreement with SandRidge Energy in 2008 to develop the gas processing plant and related pipeline infrastructure. The first train came online in late 2010, and the second train is due to be operational by 2012.",Century Gas Processing Plant,http://www.zeroco2.no/projects/century-plant,,,Tonnes per Day,30.808782,-102.617342,"23,016"
CarbFix,Capture & Storage,Injection Ongoing,Active,1/1/2007,Carb Fix,Iceland,Hellisheidarvirkjun,"CO2 obtained from the Hellisheidi geothermal power plant's steam recovery will be concentrated dissolved in water, and injected into nearby basalts between 400m and 800m.  Use this to study mineralization of CO2 in basalts.",Hellisheidi Geothermal Power Plant,https://www.or.is/en/projects/carbfix,,,Tonnes per Day,64.036435,-21.396845,5
Boundary Dam Integrated CCS Project,Capture & Storage,Plant in Operation,Active,1/1/2014,SaskPower,Canada,Estevan,The captured CO2 is sold and transported by pipeline to nearby oil fields in southern Saskatchewan where it will be used for enhanced oil recovery. CO2 not used for enhanced oil recovery will be stored in the Aquistore Project.,Boundary Dam Power Station,https://www.saskpower.com/our-power-future/infrastructure-projects/carbon-capture-and-storage/boundary-dam-carbon-capture-project,,Amines,Tonnes per Day,49.096174,-103.030653,"2,740"
Aquistore Project,Capture & Storage,Injection Ongoing,Active,1/1/2009,Petroleum Technology Research Centre (PTRC),Canada,Estevan,"Aquistore is an independent research and monitoring project that intends to demonstrate storing liquid CO2 deep underground; in partnership with the Boundary Dam CCS project. Project stored 107,000 cumulative metric tons of CO2 as of February 15, 2017.",SaskPower's Boundary Dam Power Station,http://www.zeroco2.no/projects/aquistore-ccrl-refinery-in-regina,,Amines,Tonnes per Day,49.095559,-103.07764,"1,000"
Alberta Carbon Trunk Line,Capture & Storage,Developing Infrastructure,Active,1/1/2012,Enhance Energy,Canada,south-central,The Alberta Carbon Trunk Line (ACTL) is capable of gathering CO2 from several sources and transporting the CO2 to existing mature oil fields for EOR. The total pipeline distance is about 150 miles.,North West Upgrading Inc. and Agrium Inc,https://canada.constructconnect.com/dcn/news/Resource/2016/11/Worlds-biggest-CO2-pipeline-set-to-begin-final-phase-1020064W,,,Tonnes per Day,53.788356,-112.961851,"40,004"
UKy-CAER Heat-integrated Transformative CO2 Capture Process for Pulverized Coal Power Plants,Capture,Engineering design,Active,4/1/2018,University of Kentucky Research Foundation,United States,Bedford,Selected for Phase I (Feasibility); Two projects to be downselected for Phase III (Construction/Operation),Trimble County Generating Station LG&E and KU,https://www.netl.doe.gov/research/coal/project-information/proj?k=FE0031583,,UKy-CAER Heat-integrated Transformative CO2 Capture Process,,38.586201,-85.412379,
Sumitomo Chemicals Capture Project,Capture,Plant in Operation,Active,1/1/1994,Sumitomo Chemicals,Japan,Ichihara,CO2 scrubbing system installed for treatment of flue gases generated from on-site boilers and coal/oil boilers.  Approx 150 tonnes/day of CO2 captured.,Sumitomo Plant,http://www.zeroco2.no/projects/sumitomo-chemicals-plant-chiba-japan,,Fluor Econamine,Tonnes per Day,35.475659,140.028774,150
Sigma Power Ariake Mikawa,Capture,Plant in Operation,Active,8/1/2009,Toshiba Corporation,Japan,Omuta City,The Mikawa pilot plant is designed to capture 10 tons of CO2 a day from flue gas of the boiler of the coal-fired thermal power plant.,Mikawa Power Station,http://www.toshiba.co.jp/about/press/2008_12/pr0301.htm,,Amines,Tonnes per Day,33.020082,130.421904,10
Shute Creek Plant,Capture,Capture Ongoing,Active,12/1/2009,ExxonMobil,United States,west of Labarge,"CO2 capture and storage has been utilized at the facility since 1987, mostly used for EOR.",Shute Creek Treating Facility,http://www.globalccsinstitute.com/project/shute-creek-gas-processing-facility,,ExxonMobil Controlled Freeze Zone (CFZ),Tonnes per Day,42.261909,-110.194623,"1,096"
Scottish and Southern Energy - West Yorkshire,Capture,Plant in Operation,Active,11/30/2011,Scottish and Southern Energy,England,Ferrybridge,"In capturing 100 tonnes of carbon dioxide daily, the plant bridges the gap between small pilot trials that are underway and the commercial-scale demonstration projects.  CO2 is to be stored in North Sea",Ferrybridge Power Station,http://uk.reuters.com/article/2011/11/30/uk-carbon-capture-pilot-idUKTRE7AT1CI20111130,,Amines,Tonnes per Day,53.717405,-1.279432,100
Scale-Up and Testing of Advanced Polaris Membrane CO2 Capture Technology,Capture,Engineering design,Active,,"Membrane Technology and Research, Inc (MTR)",Norway,Bergen,"Test transformational solvent-based CO2 capture technologies at engineering scales using existing infrastructure, or membrane-based approaches that can be built and tested at a relevant scale that can be easily replicated for larger systems.",CO2 Technology Centre Mongstad (TCM),https://www.energy.gov/articles/energy-department-invests-44m-advanced-carbon-capture-technologies-projects,,MTR Polaris Membrane System,,60.803324,5.027942,
RWE nPower - Aberthaw Capture Project in UK,Capture,Capture Ongoing,Active,1/1/2011,RWE nPower,United Kingdom,South Wales,"RWE npower, is building a combined SO2 and CO2 capture pilot plant at the UK Aberthaw coal-fired power plant. It will be a 3 MW plant that will capture up to 50 tonnes of CO2 per day.",Aberthaw Power Station,http://www.rwe.com/web/cms/en/1776080/rwe-generation-se/fuels/location-overview/uk/aberthaw-power-station/,,Cansolv Technologies' Capture Technology,Tonnes per Day,51.387226,-3.406614,50
Quest Carbon Capture and Storage Project,Capture,Capture Ongoing,Active,9/5/2012,Shell,Canada,Fort Saskatchewan,The Quest Carbon Capture and Storage Project will reduce CO2 emissions from Shells oil sands operations by more than one million tonnes a year by capturing CO2 from its Scotford upgrader and permanently storing it deep underground.,Scotford Upgrader,http://www.shell.ca/en/aboutshell/our-business-tpkg/upstream/oil-sands/quest.html,,Amines,Tonnes per Day,53.799307,-113.093229,"3,014"
Puertollano Plant,Capture,Capture Complete,Active,,ELCOGAS S.A.,Spain,Puertollano,"Aim of project is to validate at industrial scale, H2 co-production and CO2 capture (from coal and petcoke) integrated with electricity production in and existing commercial IGCC. Goal is to capture 100t per day of CO2 and produce 200t of H2 per day.",IGCC,http://www.elcogas.es/en/igcc-technology/desing-technology/co2-capture,,Pressurized Entrained Flow (Prenflo),Tonnes per Day,38.655582,-3.986858,100
Prairie State Energy Campus,Capture,Plant in Operation,Active,8/1/2012,Prairie State Energy Campus,United States,Washington County,Plant will have 15% less CO2 than typical US coal plant. Pending decision on capture technology. The plant will use 'supercritical' boilers to combust coal.,Prairie State Energy Campus,http://www.ncsl.org/documents/energy/dequattro_ppt.pdf,,,% Reduction,38.27881,-89.667328,15
Post-Combustion Capture Project in Beijing,Capture,Plant in Operation,Active,7/17/2008,CSIRO - Australian Commonwealth Scientific and Industrial Research Organization,China,Beijing,This is a post-combustion capture process at a Huaneng Beijing Co-generation power plant fitted with liquid CO2 capture technology.  The pilot plant plans to capture about 3000 tonnes of CO2 per year and use it in the food industry.,Huaneng Beijing Co-Generation Power Plant,https://hub.globalccsinstitute.com/publications/strategic-analysis-global-status-ccs-country-study-china/451-post-combustion-capture,,Solvents,Tonnes per Day,39.886528,116.5325,8
Phulpur Urea Plant CO2 Recovery project,Capture,Plant in Operation,Active,1/1/2006,Indian Farmers Fertiliser Cooperative Limited,India,Phulpur,MHI has provided technology to Indian Farmers Fertiliser Cooperative Limited (IFFCO) for two 450 mtpd CO2 recovery units for its two urea production plants completed at the end of last year.,CO2 Recovery (CDR) IFFCO Aonla Unit,http://www.zeroco2.no/projects/phulpur-urea-plant-india.-indian-farmers-fertiliser-co-operative-ltd,,Amines,Tonnes per Day,28.276608,79.168361,"1,941"
Petronas Gas Processing Capture Project,Capture,Plant in Operation,Active,10/1/1999,Petronas Fertilizer,Malaysia,Gurun,"Petronas fertilizer plant produces ammonia and urea for fertilizer manufacture. The plant produces 3400 Nm3/h CO2 with 99.9% purity (160t/d or approx. 60,000 tons/year).",Petronas fertilizer plant,http://globalenergyobservatory.org/geoid/40209,,Amines,Tonnes per Day,5.83516,100.49881,160
NRG Powerton Station,Capture,Plant in Operation,Active,1/1/2009,NRG Energy Inc.,United States,Pekin,EPRI and five electric utilites in the US and Canada will host studies of CCS retrofit impacts on existing power plants.,Powerton Station,https://www.epri.com/,,Amines,,40.540775,-89.679655,
Nanko Natural Gas Pilot Plant,Capture,Plant in Operation,Active,1/1/1991,Kansai Electric Company,Japan,Osaka,The plant has been used to develop and test solvent CO2 capture techniques. The CO2 is captured from a natural gas fired boiler.,Nanko Power Plant,http://www.mhi.co.jp/technology/review/pdf/e551/e551032.pdf,,Solvents,Tonnes per Day,34.61697769,135.4057465,2
Membrane-Sorbent Hybrid System for Post-combustion Carbon Capture,Capture,Engineering design,Active,,"TDA Research, Inc.",Norway,Bergen,"1MWe - Test transformational solvent-based CO2 capture technologies at engineering scales using existing infrastructure, or membrane-based approaches thatcan be built and tested at a relevant scale that can be easily replicated for larger systems.",CO2 Technology Centre Mongstad (TCM),https://www.energy.gov/articles/energy-department-invests-44m-advanced-carbon-capture-technologies-projects,,MTR-TDA membrane-sorbent hybrid system,,60.803324,5.027942,
Luzhou Natural Gas Chemicals,Capture,Plant in Operation,Active,,Fluor,China,Luzhou City,"CO2 recovered from the exhaust of NH3 reformer unit by a scrubber based on Fluor's Econamine FG Process is used in urea production. The Luzhou plant produces 400,000 t/y synthetic ammonia and 520,000 t/y urea.",Luzhou Fertilizer Plant,http://www.zeroco2.no/projects/luzhou-natural-gas-chemicals,,Fluor Corporations advanced Econamine FG Plussm Technology,Tonnes per Day,28.87176,105.442141,160
Large Pilot Testing of Linde/BASF Advanced Post-Combustion CO2 Capture Technology at a Coal-Fired Power Plant,Capture,Engineering design,Active,4/4/2018,University of Illinois at Urbana-Champaign,United States,,Design an amine-based carbon dioxide (CO2) capture pilot-scale (10 MWe) system at an existing coal-fired power plant.,TBD,https://www.netl.doe.gov/research/coal/project-information/proj?k=FE0031581,,Linde-BASF Solvent System,,40.104766,-88.241923,
Kurosaki Chemical Plant Capture Project,Capture,Capture Ongoing,Active,10/1/2005,Mitsubishi Heavy Industries,Japan,Kitakyushu,Capture from a chemical plant in Kurosaki. Able to capture 283 tonnes CO2/day and maxmium of 330 tonnes CO2/day.,Kurosaki Chemical Plant,http://globalenergyobservatory.org/geoid/40203,,Amines,Tonnes per Day,33.872884,130.752913,330
ION Engineering Commercial Carbon Capture Design & Costing (C3DC),Capture,Engineering design,Active,,ION Engineering LLC,United States,Sutherland,"300 MW slip stream project, will address market requests to provide their CO2 for Enhanced Oil Recovery (EOR) opportunities.","Gerald Gentleman Station Unit 2, Nebraska Public Power District",https://www.energy.gov/articles/energy-department-invests-44m-advanced-carbon-capture-technologies-projects,,IONs solvent CO2 capture technology,,41.082047,-101.14317,
Intermountain Power Agency,Capture,Plant in Operation,Active,1/1/2009,EPRI - Electric Power Research Institute,United States,Delta,"EPRI along with other corporations and companies, is conducting a study on impacts and ability of retrofitting advanced amine-based CO2 capture technology with current plants.",Intermountain Generation Station,https://www.epri.com/,,,,39.509213,-112.580616,
"Initial Engineering, Testing, and Design of a Commercial-Scale, Post-combustion CO2 Capture System on an Existing Coal-Fired Generating Unit",Capture,Engineering design,Active,,University of North Dakota,United States,Center,"Complete an initial design of a commercial-scale, post-combustion CO2 capture system for application at an existing coal-fueled generating unit.",Minnkota Power Cooperatives Milton R. Young Station Unit 2,https://www.energy.gov/articles/energy-department-invests-44m-advanced-carbon-capture-technologies-projects,,Mitsubishi Heavy Industries (MHIs) KM CDR Process using the KS-1 solvent,,47.065786,-101.212171,
Initial Engineering Design of a Post-Combustion CO2 Capture System for Duke Energys East Bend Station Using Membrane-Based Technology,Capture,Engineering design,Active,,EPRI - Electric Power Research Institute,United States,Rabbit Hash,"Complete an initial design of a commercial-scale, post-combustion CO2 capture system for application at an existing coal-fueled generating unit.","East Bend Generating Station, Duke Energy",https://www.netl.doe.gov/research/coal/project-information/proj?k=FE0031589,,MTR Polaris Membrane System,,38.905411,-84.851392,
HRL IDGCC Project,Capture,Developing Infrastructure,Active,1/1/2010,HRL Developments,Australia,Traralgon,The IDGCC plant will use brown coal as its feedstock which has a high moisture content. The plant will incorporate a pressurized drying process to remove the mositure. HRL will build a 100 MW intermediate scale plant before full scale utilization.,HRL IDGCC Plant,http://www.zeroco2.no/projects/mulgrave,,,% Reduction,-38.255862,146.592067,40
Gulf Petrochemical Industries Company (GPIC) Capture Project,Capture,Capture Ongoing,Active,10/25/2007,Gulf Petrochemicals Industries Company (GPIC),Bahrain,Busaiteen,Captured CO2 from a fertilizer plant will be used as feedstock for urea and methanol synthesis processes. The technology can recover approximately 90% of the CO2 in flue gas and up to 450 metric tons of CO2 per day.,Petrochemical Plant,http://www.gpic.com/responcibility/CDRmoved/,,Mitsubishi HI Gasification (KS-1),Tonnes per Day,26.143917,50.639774,450
Great River Energy,Capture,Plant in Operation,Active,1/1/2009,EPRI - Electric Power Research Institute,United States,Underwood,"EPRI along with other corporations and companies, is conducting a study on impacts and ability of retrofitting advanced amine-based CO2 capture technology with current plants.",Coal Creek Station,https://www.netl.doe.gov/File%20Library/Research/Coal/major%20demonstrations/ccpi/lignite/Great-River-Energy--Coal-Creek-Station-Rnd-1-Projet-Presenta.pdf,,Amines,% Reduction,47.37694168,-101.1572266,80
GPC Quimica Methanol Production Plant,Capture,Plant in Operation,Active,1/1/1997,QPC Quimica,Brazil,North of Rio de Janeiro,"In 1997, AGA entered an agreement whereby it would build a flue-gas CO2 recovery unit and ultimately deliver quantities of food grade CO2 for soft drinks manufacturers in the area",GPC Quimica Methanol Production Plant,http://www.zeroco2.no/projects/metanol-plant-prosint,,Amines,Tonnes per Day,-22.465016,-43.804919,164
Fertil-2 Capture project,Capture,Plant in Operation,Active,1/1/2007,Ruwais Fertilizer Industries,United Arab Emirates,Ruwais,Fertilizer plant recovers CO2 from flue gases at up to 400 metric tons per day based on amine capture technologies from Mitsubishi Heavy Industries.  Reduces CO2 emissions by 20% and increased urea production by 30%. Began operation in 2009.,Ruwais Fertil Fertilizer Plant,http://www.zeroco2.no/projects/co2-recovery-plant-to-urea-production-in-abu-dhabi,,Amines,,24.136783,52.738073,
EW Brown Generating Station,Capture,Developing Infrastructure,Active,1/1/2014,University of Kentucky,United States,Harrodsburg,Pilot capture plant that is testing two solvents (MEA and H3-1) on a 0.7 megawatt equivalent. Ultimate goal is to construct a 550 Mwe commercial scale capture plant.,EW Brown Generating Station,http://www.netl.doe.gov/research/coal/carbon-capture/post-combustion/solvent-university-kentucky,,Solvents,,37.788156,-84.713791,
Engineering Scale Testing of Transformational Non-Aqueous Solvent-Based CO2 Capture Process at Technology Centre Mongstad,Capture,Engineering design,Active,,Research Triangle Institute,Norway,Bergen,"Test transformational solvent-based CO2 capture technologies at engineering scales using existing infrastructure, or membrane-based approaches that can be built and tested at a relevant scale that can be easily replicated for larger systems.",CO2 Technology Centre Mongstad (TCM),http://www.captureready.com/EN/Channels/News/showDetail.asp?objID=4954,,RTI Internationals transformational non-aqueous solvent (NAS)-based CO2 capture technology,,60.803324,5.027942,
Engineering Scale Demonstration of Mixed-Salt Process for CO2 Capture,Capture,Engineering design,Active,,SRI International,Norway,Bergen,"10 MW - Test transformational solvent-based CO2 capture technologies at engineering scales using existing infrastructure, or membrane-based approaches that can be built and tested at a relevant scale that can be easily replicated for larger systems.",CO2 Technology Centre Mongstad (TCM),https://www.energy.gov/articles/energy-department-invests-44m-advanced-carbon-capture-technologies-projects,,SRI Internationals Mixed-Salt Process,,60.803324,5.027942,
E.ON Staudinger - Grosskrotzenburg Germany,Capture,Plant in Operation,Active,9/1/2009,E.ON,Germany,Grosskrotzenburg,A post-combustion capture process developed by Siemens will be used to remove over 90% of the CO2 from the flue gases of one of the units at the E.ON plant.,Staudinger Power Plant,https://www.siemens.com/press/en/presspicture/?press=/en/presspicture/2010/energy_service/ese201002035-04.htm,,Solvents,% Reduction,50.08917,8.95,90
CSIRO Transportable Capture Unit Loy Yang (Victoria),Capture,Plant in Operation,Active,7/1/2008,CSIRO - Australian Commonwealth Scientific and Industrial Research Organization,Australia,Traralgon,"Australia's CSIRO has a mobile post-combustion capture technology at Loy Yang Power Stationand is capturing 1,000 tonnes/year of CO2. They are also investigating a range of solvent capture technologies.",Loy Yang Power Plant,http://www.zeroco2.no/projects/loy-yang-pcc-project,,Solvents,Tonnes per Day,-38.23505402,146.5717468,3
CATO2 CO2 Catcher,Capture,Plant in Operation,Active,4/3/2008,E.ON Benelux,Netherlands,Rotterdam,"CATO-2 research is in five subprogrammes:  CO2 capture, transport and CCS chain integration, subsurface storage of CO2 and monitoring storage, regulation and safety, and public perception. Expands on post combustion capture research at this plant.",E.ON Coal Fired Power Plant,https://www.co2-cato.org/publications/library1/cato-co2-catcher-factsheet,,Amines,Tonnes per Day,51.957395,4.027916,6
Bellingham Cogeneration Facility,Capture,Capture Ongoing,Active,9/1/1991,Northeast Energy Associates LP,United States,Bellingham,"The plant is a gas-fired 320 MWe combined cycle unit in Bellingham, Massachusetts. It is a base load and provides electricity to Boston Edison Company, Commonwealth Electric, and Montaup Electric. 320-350 tons/day is captured and sold for food processing.",Bellingham Cogeneration Facility,http://www.fluor.com/projects/pages/ProjectInfoPage.aspx?PrjID=70,,Fluor Econamine,Tonnes per Day,42.09222,-71.48306,350
AES Warrior Run,Capture,Plant in Operation,Active,2/1/2000,AES Corporation,United States,Cumberland,This plant captures around 96% of its CO2 emissions and then sells this captured CO2 to companies to use in fire extinguishers and dry ice.,Warrior Run Power Plant,http://energywv.org/assets/files/Energy-Summit-Presentations/2014/08_Peter_Bajc.pdf,,Ethanol-amino solvent,% Reduction,39.596175,-78.745581,96
