ProjectID,Wiki,TerminalName,FacilityType,Status,Country,Capacity,CapacityUnits,CapacityInBcm/y,StartYearEarliest,Location,State/Province,Latitude,Longitude,CostUSD,LastUpdated
1,https://www.gem.wiki/Fourchon_LNG_Terminal,Fourchon LNG Terminal,Export,Cancelled,United States,2,mtpa,2.72,2021,Port Fourchon,Louisiana,29.105833,-90.194444,888000000,2024-07-03
2,https://www.gem.wiki/Fourchon_LNG_Terminal,Fourchon LNG Terminal,Export,Cancelled,United States,3,mtpa,4.08,2023,Port Fourchon,Louisiana,29.105833,-90.194444,--,2024-07-03
1,https://www.gem.wiki/Alaska_LNG_Terminal,Alaska LNG Terminal,Export,Proposed,United States,6.7,mtpa,9.11,2030,Nikiski,Alaska,60.65996,-151.36505,5600000000,2024-07-03
2,https://www.gem.wiki/Alaska_LNG_Terminal,Alaska LNG Terminal,Export,Proposed,United States,6.7,mtpa,9.11,2030,Nikiski,Alaska,60.65996,-151.36505,5600000000,2024-07-03
3,https://www.gem.wiki/Alaska_LNG_Terminal,Alaska LNG Terminal,Export,Proposed,United States,6.7,mtpa,9.11,2030,Nikiski,Alaska,60.65996,-151.36505,5600000000,2024-07-03
1,https://www.gem.wiki/Alturas_LNG_Terminal,Alturas LNG Terminal,Export,Cancelled,United States,1.5,mtpa,2.04,2016,Port Arthur,Texas,29.885,-93.94,--,2024-07-08
1,https://www.gem.wiki/American_LNG_Hialeah_Terminal,American LNG Hialeah Terminal,Export,Operating,United States,0.01,bcf/d,0.08,2016,Medley,Florida,25.809175,-80.296697,--,2024-07-08
1,https://www.gem.wiki/American_LNG_Titusville_Terminal,American LNG Titusville Terminal,Export,Cancelled,United States,0.08,bcf/d,0.85,--,Titusville,Florida,28.591111,-80.82,--,2024-07-08
1,https://www.gem.wiki/Annova_LNG_Terminal,Annova LNG Brownsville Terminal,Export,Cancelled,United States,1.08,mtpa,1.47,2025,Brownsville,Texas,25.950835,-97.410844,500000000,2024-07-08
2,https://www.gem.wiki/Annova_LNG_Terminal,Annova LNG Brownsville Terminal,Export,Cancelled,United States,1.08,mtpa,1.47,2025,Brownsville,Texas,25.950835,-97.410844,500000000,2024-07-08
3,https://www.gem.wiki/Annova_LNG_Terminal,Annova LNG Brownsville Terminal,Export,Cancelled,United States,1.08,mtpa,1.47,2025,Brownsville,Texas,25.950835,-97.410844,500000000,2024-07-08
4,https://www.gem.wiki/Annova_LNG_Terminal,Annova LNG Brownsville Terminal,Export,Cancelled,United States,1.08,mtpa,1.47,2025,Brownsville,Texas,25.950835,-97.410844,500000000,2024-07-08
5,https://www.gem.wiki/Annova_LNG_Terminal,Annova LNG Brownsville Terminal,Export,Cancelled,United States,1.08,mtpa,1.47,2025,Brownsville,Texas,25.950835,-97.410844,500000000,2024-07-08
6,https://www.gem.wiki/Annova_LNG_Terminal,Annova LNG Brownsville Terminal,Export,Cancelled,United States,1.08,mtpa,1.47,2025,Brownsville,Texas,25.950835,-97.410844,500000000,2024-07-08
1,https://www.gem.wiki/Calcasieu_Pass_LNG_Terminal,Calcasieu Pass LNG Terminal,Export,Operating,United States,0.67,mtpa,0.91,2022,Cameron Parish,Louisiana,29.77292736,-93.3343038,394444444.4,2024-05-21
2,https://www.gem.wiki/Calcasieu_Pass_LNG_Terminal,Calcasieu Pass LNG Terminal,Export,Operating,United States,0.67,mtpa,0.91,2022,Cameron Parish,Louisiana,29.77292736,-93.3343038,394444444.4,2024-05-21
3,https://www.gem.wiki/Calcasieu_Pass_LNG_Terminal,Calcasieu Pass LNG Terminal,Export,Operating,United States,0.67,mtpa,0.91,2022,Cameron Parish,Louisiana,29.77292736,-93.3343038,394444444.4,2024-05-21
4,https://www.gem.wiki/Calcasieu_Pass_LNG_Terminal,Calcasieu Pass LNG Terminal,Export,Operating,United States,0.67,mtpa,0.91,2022,Cameron Parish,Louisiana,29.77292736,-93.3343038,394444444.4,2024-05-21
5,https://www.gem.wiki/Calcasieu_Pass_LNG_Terminal,Calcasieu Pass LNG Terminal,Export,Operating,United States,0.67,mtpa,0.91,2022,Cameron Parish,Louisiana,29.77292736,-93.3343038,394444444.4,2024-05-21
6,https://www.gem.wiki/Calcasieu_Pass_LNG_Terminal,Calcasieu Pass LNG Terminal,Export,Operating,United States,0.67,mtpa,0.91,2022,Cameron Parish,Louisiana,29.77292736,-93.3343038,394444444.4,2024-05-21
7,https://www.gem.wiki/Calcasieu_Pass_LNG_Terminal,Calcasieu Pass LNG Terminal,Export,Operating,United States,0.67,mtpa,0.91,2022,Cameron Parish,Louisiana,29.77292736,-93.3343038,394444444.4,2024-05-21
8,https://www.gem.wiki/Calcasieu_Pass_LNG_Terminal,Calcasieu Pass LNG Terminal,Export,Operating,United States,0.67,mtpa,0.91,2022,Cameron Parish,Louisiana,29.77292736,-93.3343038,394444444.4,2024-05-21
9,https://www.gem.wiki/Calcasieu_Pass_LNG_Terminal,Calcasieu Pass LNG Terminal,Export,Operating,United States,0.67,mtpa,0.91,2022,Cameron Parish,Louisiana,29.77292736,-93.3343038,394444444.4,2024-05-21
10,https://www.gem.wiki/Calcasieu_Pass_LNG_Terminal,Calcasieu Pass LNG Terminal,Export,Operating,United States,0.67,mtpa,0.91,2022,Cameron Parish,Louisiana,29.77292736,-93.3343038,394444444.4,2024-05-21
11,https://www.gem.wiki/Calcasieu_Pass_LNG_Terminal,Calcasieu Pass LNG Terminal,Export,Operating,United States,0.67,mtpa,0.91,2022,Cameron Parish,Louisiana,29.77292736,-93.3343038,394444444.4,2024-05-21
12,https://www.gem.wiki/Calcasieu_Pass_LNG_Terminal,Calcasieu Pass LNG Terminal,Export,Operating,United States,0.67,mtpa,0.91,2022,Cameron Parish,Louisiana,29.77292736,-93.3343038,394444444.4,2024-05-21
13,https://www.gem.wiki/Calcasieu_Pass_LNG_Terminal,Calcasieu Pass LNG Terminal,Export,Operating,United States,0.67,mtpa,0.91,2022,Cameron Parish,Louisiana,29.77292736,-93.3343038,394444444.4,2024-05-21
14,https://www.gem.wiki/Calcasieu_Pass_LNG_Terminal,Calcasieu Pass LNG Terminal,Export,Operating,United States,0.67,mtpa,0.91,2022,Cameron Parish,Louisiana,29.77292736,-93.3343038,394444444.4,2024-05-21
15,https://www.gem.wiki/Calcasieu_Pass_LNG_Terminal,Calcasieu Pass LNG Terminal,Export,Operating,United States,0.67,mtpa,0.91,2022,Cameron Parish,Louisiana,29.77292736,-93.3343038,394444444.4,2024-05-21
16,https://www.gem.wiki/Calcasieu_Pass_LNG_Terminal,Calcasieu Pass LNG Terminal,Export,Operating,United States,0.67,mtpa,0.91,2022,Cameron Parish,Louisiana,29.77292736,-93.3343038,394444444.4,2024-05-21
17,https://www.gem.wiki/Calcasieu_Pass_LNG_Terminal,Calcasieu Pass LNG Terminal,Export,Operating,United States,0.67,mtpa,0.91,2022,Cameron Parish,Louisiana,29.77292736,-93.3343038,394444444.4,2024-05-21
18,https://www.gem.wiki/Calcasieu_Pass_LNG_Terminal,Calcasieu Pass LNG Terminal,Export,Operating,United States,0.67,mtpa,0.91,2022,Cameron Parish,Louisiana,29.77292736,-93.3343038,394444444.4,2024-05-21
1,https://www.gem.wiki/CE_FLNG_Terminal,CE FLNG Terminal,Export,Cancelled,United States,4,mtpa,5.44,2026,Plaquemines Parish,Louisiana,29.30079786,-89.35821088,4000000000,2024-05-21
2,https://www.gem.wiki/CE_FLNG_Terminal,CE FLNG Terminal,Export,Cancelled,United States,4,mtpa,5.44,2026,Plaquemines Parish,Louisiana,29.30079786,-89.35821088,4000000000,2024-05-21
0,https://www.gem.wiki/Cameron_LNG_Terminal,Cameron LNG Terminal,Import,Mothballed,United States,11.4,mtpa,15.5,2009,Hackberry,Louisiana,30.035471,-93.3383568,--,2024-07-01
1,https://www.gem.wiki/Cameron_LNG_Terminal,Cameron LNG Terminal,Export,Operating,United States,4.5,mtpa,6.12,2019,Hackberry,Louisiana,30.035471,-93.3383568,3333333333,2024-07-01
2,https://www.gem.wiki/Cameron_LNG_Terminal,Cameron LNG Terminal,Export,Operating,United States,4.5,mtpa,6.12,2019,Hackberry,Louisiana,30.035471,-93.3383568,3333333333,2024-07-01
3,https://www.gem.wiki/Cameron_LNG_Terminal,Cameron LNG Terminal,Export,Operating,United States,4.5,mtpa,6.12,2020,Hackberry,Louisiana,30.035471,-93.3383568,3333333333,2024-07-01
4,https://www.gem.wiki/Cameron_LNG_Terminal,Cameron LNG Terminal,Export,Proposed,United States,6.75,mtpa,9.18,2027,Hackberry,Louisiana,30.035471,-93.3383568,--,2024-07-01
5,https://www.gem.wiki/Cameron_LNG_Terminal,Cameron LNG Terminal,Export,Cancelled,United States,5,mtpa,6.8,2026,Hackberry,Louisiana,30.035471,-93.3383568,--,2024-07-01
6,https://www.gem.wiki/Cameron_LNG_Terminal,Cameron LNG Terminal,Export,Proposed,United States,0.68,mtpa,0.92,2026,Hackberry,Louisiana,30.035471,-93.3383568,--,2024-07-01
1,https://www.gem.wiki/Commonwealth_LNG_Terminal,Commonwealth LNG Terminal,Export,Proposed,United States,1.55,mtpa,2.11,2027,Cameron Parish,Louisiana,29.764163,-93.348066,666666666.7,2024-05-22
2,https://www.gem.wiki/Commonwealth_LNG_Terminal,Commonwealth LNG Terminal,Export,Proposed,United States,1.55,mtpa,2.11,2027,Cameron Parish,Louisiana,29.764163,-93.348066,666666666.7,2024-05-22
3,https://www.gem.wiki/Commonwealth_LNG_Terminal,Commonwealth LNG Terminal,Export,Proposed,United States,1.55,mtpa,2.11,2027,Cameron Parish,Louisiana,29.764163,-93.348066,666666666.7,2024-05-22
4,https://www.gem.wiki/Commonwealth_LNG_Terminal,Commonwealth LNG Terminal,Export,Proposed,United States,1.55,mtpa,2.11,2027,Cameron Parish,Louisiana,29.764163,-93.348066,666666666.7,2024-05-22
5,https://www.gem.wiki/Commonwealth_LNG_Terminal,Commonwealth LNG Terminal,Export,Proposed,United States,1.55,mtpa,2.11,2027,Cameron Parish,Louisiana,29.764163,-93.348066,666666666.7,2024-05-22
6,https://www.gem.wiki/Commonwealth_LNG_Terminal,Commonwealth LNG Terminal,Export,Proposed,United States,1.55,mtpa,2.11,2027,Cameron Parish,Louisiana,29.764163,-93.348066,666666666.7,2024-05-22
1,https://www.gem.wiki/Corpus_Christi_LNG,Corpus Christi LNG Terminal,Export,Operating,United States,5,mtpa,6.8,2018,Corpus Christi,Texas,27.91354225,-97.28656287,5166666667,2024-05-22
2,https://www.gem.wiki/Corpus_Christi_LNG,Corpus Christi LNG Terminal,Export,Operating,United States,5,mtpa,6.8,2019,Corpus Christi,Texas,27.91354225,-97.28656287,5166666667,2024-05-22
3,https://www.gem.wiki/Corpus_Christi_LNG,Corpus Christi LNG Terminal,Export,Operating,United States,5,mtpa,6.8,2021,Corpus Christi,Texas,27.91354225,-97.28656287,5166666667,2024-05-22
4,https://www.gem.wiki/Corpus_Christi_LNG,Corpus Christi LNG Terminal,Export,Construction,United States,1.64,mtpa,2.23,2025,Corpus Christi,Texas,27.91354225,-97.28656287,1142857143,2024-05-22
5,https://www.gem.wiki/Corpus_Christi_LNG,Corpus Christi LNG Terminal,Export,Construction,United States,1.64,mtpa,2.23,2025,Corpus Christi,Texas,27.91354225,-97.28656287,1142857143,2024-05-22
6,https://www.gem.wiki/Corpus_Christi_LNG,Corpus Christi LNG Terminal,Export,Construction,United States,1.64,mtpa,2.23,2025,Corpus Christi,Texas,27.91354225,-97.28656287,1142857143,2024-05-22
7,https://www.gem.wiki/Corpus_Christi_LNG,Corpus Christi LNG Terminal,Export,Construction,United States,1.64,mtpa,2.23,2025,Corpus Christi,Texas,27.91354225,-97.28656287,1142857143,2024-05-22
8,https://www.gem.wiki/Corpus_Christi_LNG,Corpus Christi LNG Terminal,Export,Construction,United States,1.64,mtpa,2.23,2025,Corpus Christi,Texas,27.91354225,-97.28656287,1142857143,2024-05-22
9,https://www.gem.wiki/Corpus_Christi_LNG,Corpus Christi LNG Terminal,Export,Construction,United States,1.64,mtpa,2.23,2025,Corpus Christi,Texas,27.91354225,-97.28656287,1142857143,2024-05-22
10,https://www.gem.wiki/Corpus_Christi_LNG,Corpus Christi LNG Terminal,Export,Construction,United States,1.64,mtpa,2.23,2025,Corpus Christi,Texas,27.91354225,-97.28656287,1142857143,2024-05-22
11,https://www.gem.wiki/Corpus_Christi_LNG_Terminal,Corpus Christi LNG Terminal,Export,Proposed,United States,1.64,mtpa,2.23,2031,Corpus Christi,Texas,27.91354225,-97.28656287,--,2024-05-22
12,https://www.gem.wiki/Corpus_Christi_LNG_Terminal,Corpus Christi LNG Terminal,Export,Proposed,United States,1.64,mtpa,2.23,2031,Corpus Christi,Texas,27.91354225,-97.28656287,--,2024-05-22
0,https://www.gem.wiki/Cove_Point_LNG_Terminal,Cove Point LNG Import Terminal,Import,Operating,United States,13.7,mtpa,18.63,1978,Lusby,Maryland,38.3913422,-76.4045082,--,2024-07-08
1,https://www.gem.wiki/Cove_Point_LNG_Terminal,Cove Point LNG Export Terminal,Export,Operating,United States,5.25,mtpa,7.14,2018,Lusby,Maryland,38.3913422,-76.4045082,4000000000,2024-07-08
1,https://www.gem.wiki/Delfin_FLNG_Terminal,Delfin FLNG Terminal,Export,Proposed,United States,3.38,mtpa,4.59,2027,"Port Delfin, Cameron Parish",Louisiana,29.13697735,-93.53395095,2000000000,2024-07-02
2,https://www.gem.wiki/Delfin_FLNG_Terminal,Delfin FLNG Terminal,Export,Proposed,United States,3.38,mtpa,4.59,2027,"Port Delfin, Cameron Parish",Louisiana,29.13697735,-93.53395095,2000000000,2024-07-02
3,https://www.gem.wiki/Delfin_FLNG_Terminal,Delfin FLNG Terminal,Export,Proposed,United States,3.38,mtpa,4.59,2027,"Port Delfin, Cameron Parish",Louisiana,29.13697735,-93.53395095,2000000000,2024-07-02
4,https://www.gem.wiki/Delfin_FLNG_Terminal,Delfin FLNG Terminal,Export,Proposed,United States,3.38,mtpa,4.59,2027,"Port Delfin, Cameron Parish",Louisiana,29.13697735,-93.53395095,2000000000,2024-07-02
1,https://www.gem.wiki/Driftwood_LNG_Terminal,Driftwood LNG Terminal,Export,Proposed,United States,11,mtpa,14.96,2027,Calcasieu Parish,Louisiana,30.091298,-93.330534,14500000000,2024-07-02
2,https://www.gem.wiki/Driftwood_LNG_Terminal,Driftwood LNG Terminal,Export,Proposed,United States,16.6,mtpa,22.58,2028,Calcasieu Parish,Louisiana,30.091298,-93.330534,10500000000,2024-07-02
0,https://www.gem.wiki/Eagle_LNG_Terminal,Eagle LNG Import Terminal,Import,Proposed,United States,,,--,2022,Jacksonville,Florida,30.40879661,-81.61041174,--,2024-07-08
1,https://www.gem.wiki/Eagle_LNG_Terminal,Eagle LNG Terminal,Export,Proposed,United States,550000,gal/day,0.44,2026,Jacksonville,Florida,30.40879661,-81.61041174,180666666.7,2024-07-08
2,https://www.gem.wiki/Eagle_LNG_Terminal,Eagle LNG Terminal,Export,Proposed,United States,550000,gal/day,0.44,2026,Jacksonville,Florida,30.40879661,-81.61041174,180666666.7,2024-07-08
3,https://www.gem.wiki/Eagle_LNG_Terminal,Eagle LNG Terminal,Export,Proposed,United States,550000,gal/day,0.44,2026,Jacksonville,Florida,30.40879661,-81.61041174,180666666.7,2024-07-08
0,https://www.gem.wiki/Elba_Island_LNG_Terminal,Elba Island LNG Terminal,Import,Retired,United States,12,mtpa,16.32,1978,Elba Island,Georgia,32.091111,-81.000278,--,2024-07-08
1,https://www.gem.wiki/Elba_Island_LNG_Terminal,Elba Island LNG Terminal,Export,Operating,United States,0.25,mtpa,0.34,2019,Elba Island,Georgia,32.091111,-81.000278,200000000,2024-07-08
2,https://www.gem.wiki/Elba_Island_LNG_Terminal,Elba Island LNG Terminal,Export,Operating,United States,0.25,mtpa,0.34,2019,Elba Island,Georgia,32.091111,-81.000278,200000000,2024-07-08
3,https://www.gem.wiki/Elba_Island_LNG_Terminal,Elba Island LNG Terminal,Export,Operating,United States,0.25,mtpa,0.34,2019,Elba Island,Georgia,32.091111,-81.000278,200000000,2024-07-08
4,https://www.gem.wiki/Elba_Island_LNG_Terminal,Elba Island LNG Terminal,Export,Operating,United States,0.25,mtpa,0.34,2019,Elba Island,Georgia,32.091111,-81.000278,200000000,2024-07-08
5,https://www.gem.wiki/Elba_Island_LNG_Terminal,Elba Island LNG Terminal,Export,Operating,United States,0.25,mtpa,0.34,2019,Elba Island,Georgia,32.091111,-81.000278,200000000,2024-07-08
6,https://www.gem.wiki/Elba_Island_LNG_Terminal,Elba Island LNG Terminal,Export,Operating,United States,0.25,mtpa,0.34,2020,Elba Island,Georgia,32.091111,-81.000278,200000000,2024-07-08
7,https://www.gem.wiki/Elba_Island_LNG_Terminal,Elba Island LNG Terminal,Export,Operating,United States,0.25,mtpa,0.34,2020,Elba Island,Georgia,32.091111,-81.000278,200000000,2024-07-08
8,https://www.gem.wiki/Elba_Island_LNG_Terminal,Elba Island LNG Terminal,Export,Operating,United States,0.25,mtpa,0.34,2020,Elba Island,Georgia,32.091111,-81.000278,200000000,2024-07-08
9,https://www.gem.wiki/Elba_Island_LNG_Terminal,Elba Island LNG Terminal,Export,Operating,United States,0.25,mtpa,0.34,2020,Elba Island,Georgia,32.091111,-81.000278,200000000,2024-07-08
10,https://www.gem.wiki/Elba_Island_LNG_Terminal,Elba Island LNG Terminal,Export,Operating,United States,0.25,mtpa,0.34,2020,Elba Island,Georgia,32.091111,-81.000278,200000000,2024-07-08
11,https://www.gem.wiki/Elba_Island_LNG_Terminal,Elba Island LNG Terminal,Export,Proposed,United States,0.4,mtpa,0.54,2024,Elba Island,Georgia,32.091111,-81.000278,--,2024-07-08
1,https://www.gem.wiki/Eos_FLNG_Terminal,Eos FLNG Terminal,Export,Cancelled,United States,1.6,bcf/d,16.54,--,Brownsville,Texas,25.950835,-97.410844,--,2024-07-08
1,https://www.gem.wiki/Floridian_LNG_Terminal,Floridian LNG Terminal,Export,Cancelled,United States,0.1,bcf/d,1.03,--,Martin County,Florida,27.08,-80.4,--,2024-07-08
0,https://www.gem.wiki/Freeport_LNG_Terminal,Freeport LNG Import Terminal,Import,Mothballed,United States,13.2,mtpa,17.95,2008,Freeport,Texas,28.932003,-95.317355,--,2024-07-08
1,https://www.gem.wiki/Freeport_LNG_Terminal,Freeport LNG Terminal,Export,Operating,United States,5,mtpa,6.8,2019,Freeport,Texas,28.932003,-95.317355,4500000000,2024-06-24
2,https://www.gem.wiki/Freeport_LNG_Terminal,Freeport LNG Terminal,Export,Operating,United States,5,mtpa,6.8,2019,Freeport,Texas,28.932003,-95.317355,4500000000,2024-06-24
3,https://www.gem.wiki/Freeport_LNG_Terminal,Freeport LNG Terminal,Export,Operating,United States,5,mtpa,6.8,2020,Freeport,Texas,28.932003,-95.317355,4500000000,2024-06-24
4,https://www.gem.wiki/Freeport_LNG_Terminal,Freeport LNG Terminal,Export,Proposed,United States,5.1,mtpa,6.94,2028,Freeport,Texas,28.932003,-95.317355,--,2024-06-24
5,https://www.gem.wiki/Freeport_LNG_Terminal,Freeport LNG Terminal,Export,Construction,United States,1.5,mtpa,2.04,2024,Freeport,Texas,28.932003,-95.317355,--,2024-06-24
1,https://www.gem.wiki/G2_LNG_Terminal,G2 LNG Terminal,Export,Cancelled,United States,1.3,mtpa,1.77,2027,Cameron Parish,Louisiana,29.811571,-93.3596,1500000000,2024-07-08
2,https://www.gem.wiki/G2_LNG_Terminal,G2 LNG Terminal,Export,Cancelled,United States,1.3,mtpa,1.77,2027,Cameron Parish,Louisiana,29.811571,-93.3596,1500000000,2024-07-08
3,https://www.gem.wiki/G2_LNG_Terminal,G2 LNG Terminal,Export,Cancelled,United States,1.3,mtpa,1.77,2027,Cameron Parish,Louisiana,29.811571,-93.3596,1500000000,2024-07-08
4,https://www.gem.wiki/G2_LNG_Terminal,G2 LNG Terminal,Export,Cancelled,United States,1.3,mtpa,1.77,2027,Cameron Parish,Louisiana,29.811571,-93.3596,1500000000,2024-07-08
5,https://www.gem.wiki/G2_LNG_Terminal,G2 LNG Terminal,Export,Cancelled,United States,1.3,mtpa,1.77,2027,Cameron Parish,Louisiana,29.811571,-93.3596,1500000000,2024-07-08
6,https://www.gem.wiki/G2_LNG_Terminal,G2 LNG Terminal,Export,Cancelled,United States,1.3,mtpa,1.77,2027,Cameron Parish,Louisiana,29.811571,-93.3596,1500000000,2024-07-08
7,https://www.gem.wiki/G2_LNG_Terminal,G2 LNG Terminal,Export,Cancelled,United States,1.3,mtpa,1.77,2027,Cameron Parish,Louisiana,29.811571,-93.3596,1500000000,2024-07-08
8,https://www.gem.wiki/G2_LNG_Terminal,G2 LNG Terminal,Export,Cancelled,United States,1.3,mtpa,1.77,2027,Cameron Parish,Louisiana,29.811571,-93.3596,1500000000,2024-07-08
9,https://www.gem.wiki/G2_LNG_Terminal,G2 LNG Terminal,Export,Cancelled,United States,1.3,mtpa,1.77,2027,Cameron Parish,Louisiana,29.811571,-93.3596,1500000000,2024-07-08
10,https://www.gem.wiki/G2_LNG_Terminal,G2 LNG Terminal,Export,Cancelled,United States,1.3,mtpa,1.77,2027,Cameron Parish,Louisiana,29.811571,-93.3596,1500000000,2024-07-08
0,https://www.gem.wiki/Golden_Pass_LNG,Golden Pass LNG Import Terminal,Import,Mothballed,United States,15.7,mtpa,21.35,2011,Sabine Pass,Texas,29.761394,-93.919418,--,2024-07-08
1,https://www.gem.wiki/Golden_Pass_LNG,Golden Pass LNG Terminal,Export,Construction,United States,6.03,mtpa,8.21,2025,Sabine Pass,Texas,29.761394,-93.919418,3333333333,2024-07-01
2,https://www.gem.wiki/Golden_Pass_LNG,Golden Pass LNG Terminal,Export,Construction,United States,6.03,mtpa,8.21,2025,Sabine Pass,Texas,29.761394,-93.919418,3333333333,2024-07-01
3,https://www.gem.wiki/Golden_Pass_LNG,Golden Pass LNG Terminal,Export,Construction,United States,6.03,mtpa,8.21,2025,Sabine Pass,Texas,29.761394,-93.919418,3333333333,2024-07-01
0,https://www.gem.wiki/Gulf_LNG,Gulf LNG Import Terminal,Import,Idle,United States,8.8,mtpa,11.97,2011,Pascagoula,Mississippi,30.322382,-88.503663,--,2024-07-08
1,https://www.gem.wiki/Gulf_LNG,Gulf LNG Terminal,Export,Proposed,United States,5.43,mtpa,7.38,2027,Pascagoula,Mississippi,30.322382,-88.503663,4000000000,2024-07-08
2,https://www.gem.wiki/Gulf_LNG,Gulf LNG Terminal,Export,Proposed,United States,5.43,mtpa,7.38,2028,Pascagoula,Mississippi,30.322382,-88.503663,4000000000,2024-07-08
1,https://www.gem.wiki/Ingleside_Energy_LNG_Terminal,Ingleside Energy LNG Terminal,Export,Cancelled,United States,1,bcf/d,10.34,2016,Ingleside,Texas,27.874167,-97.208333,--,2024-07-08
1,https://www.gem.wiki/Jordan_Cove_LNG,Jordan Cove LNG Export Terminal,Export,Cancelled,United States,1.5,mtpa,2.04,2024,Coos Bay,Oregon,43.425,-124.269,--,2024-07-08
2,https://www.gem.wiki/Jordan_Cove_LNG,Jordan Cove LNG Export Terminal,Export,Cancelled,United States,1.5,mtpa,2.04,--,Coos Bay,Oregon,43.425,-124.269,--,2024-07-08
3,https://www.gem.wiki/Jordan_Cove_LNG,Jordan Cove LNG Export Terminal,Export,Cancelled,United States,1.5,mtpa,2.04,--,Coos Bay,Oregon,43.425,-124.269,--,2024-07-08
4,https://www.gem.wiki/Jordan_Cove_LNG,Jordan Cove LNG Export Terminal,Export,Cancelled,United States,1.5,mtpa,2.04,--,Coos Bay,Oregon,43.425,-124.269,--,2024-07-08
5,https://www.gem.wiki/Jordan_Cove_LNG,Jordan Cove LNG Export Terminal,Export,Cancelled,United States,1.5,mtpa,2.04,--,Coos Bay,Oregon,43.425,-124.269,--,2024-07-08
0,https://www.gem.wiki/Kenai_LNG_Terminal,Kenai LNG Terminal,Import,Proposed,United States,0.01,bcf/d,0.07,2025,Kenai,Alaska,60.679484,-151.38834,--,2024-07-08
1,https://www.gem.wiki/Kenai_LNG_Terminal,Kenai LNG Terminal,Export,Mothballed,United States,1.5,mtpa,2.04,1969,Kenai,Alaska,60.679484,-151.38834,--,2024-07-08
0,https://www.gem.wiki/Lake_Charles_LNG,Lake Charles LNG Import Terminal,Import,Mothballed,United States,17.9,mtpa,24.34,1982,Lake Charles,Louisiana,30.120416,-93.287833,--,2024-07-08
1,https://www.gem.wiki/Lake_Charles_LNG,Lake Charles LNG Terminal,Export,Proposed,United States,0.78,bcf/d,8.06,2028,Lake Charles,Louisiana,30.120416,-93.287833,4400000000,2024-07-08
2,https://www.gem.wiki/Lake_Charles_LNG,Lake Charles LNG Terminal,Export,Proposed,United States,0.78,bcf/d,8.06,2028,Lake Charles,Louisiana,30.120416,-93.287833,4400000000,2024-07-08
3,https://www.gem.wiki/Lake_Charles_LNG,Lake Charles LNG Terminal,Export,Proposed,United States,0.78,bcf/d,8.06,2028,Lake Charles,Louisiana,30.120416,-93.287833,4400000000,2024-07-08
1,https://www.gem.wiki/Louisiana_LNG_Terminal,Louisiana LNG Terminal,Export,Cancelled,United States,2.5,mtpa,3.4,--,Plaquemines Parish,Louisiana,29.39,-89.48,--,2024-07-08
2,https://www.gem.wiki/Louisiana_LNG_Terminal,Louisiana LNG Terminal,Export,Cancelled,United States,2.5,mtpa,3.4,--,Plaquemines Parish,Louisiana,29.39,-89.48,--,2024-07-08
1,https://www.gem.wiki/Magnolia_LNG_Terminal,Magnolia LNG Terminal,Export,Proposed,United States,2.2,mtpa,2.99,2027,Lake Charles,Louisiana,30.105668,-93.300819,--,2024-07-08
2,https://www.gem.wiki/Magnolia_LNG_Terminal,Magnolia LNG Terminal,Export,Proposed,United States,2.2,mtpa,2.99,2027,Lake Charles,Louisiana,30.105668,-93.300819,--,2024-07-08
3,https://www.gem.wiki/Magnolia_LNG_Terminal,Magnolia LNG Terminal,Export,Proposed,United States,2.2,mtpa,2.99,2026,Lake Charles,Louisiana,30.105668,-93.300819,--,2024-07-08
4,https://www.gem.wiki/Magnolia_LNG_Terminal,Magnolia LNG Terminal,Export,Proposed,United States,2.2,mtpa,2.99,2026,Lake Charles,Louisiana,30.105668,-93.300819,--,2024-07-08
1,https://www.gem.wiki/Monkey_Island_LNG_Terminal,Monkey Island LNG Terminal,Export,Cancelled,United States,2,mtpa,2.72,2022,Cameron Parish,Louisiana,29.79362711,-93.34143969,--,2024-07-08
2,https://www.gem.wiki/Monkey_Island_LNG_Terminal,Monkey Island LNG Terminal,Export,Cancelled,United States,2,mtpa,2.72,2022,Cameron Parish,Louisiana,29.79362711,-93.34143969,--,2024-07-08
3,https://www.gem.wiki/Monkey_Island_LNG_Terminal,Monkey Island LNG Terminal,Export,Cancelled,United States,2,mtpa,2.72,2022,Cameron Parish,Louisiana,29.79362711,-93.34143969,--,2024-07-08
4,https://www.gem.wiki/Monkey_Island_LNG_Terminal,Monkey Island LNG Terminal,Export,Cancelled,United States,2,mtpa,2.72,2022,Cameron Parish,Louisiana,29.79362711,-93.34143969,--,2024-07-08
5,https://www.gem.wiki/Monkey_Island_LNG_Terminal,Monkey Island LNG Terminal,Export,Cancelled,United States,2,mtpa,2.72,2022,Cameron Parish,Louisiana,29.79362711,-93.34143969,--,2024-07-08
6,https://www.gem.wiki/Monkey_Island_LNG_Terminal,Monkey Island LNG Terminal,Export,Cancelled,United States,2,mtpa,2.72,2022,Cameron Parish,Louisiana,29.79362711,-93.34143969,--,2024-07-08
1,https://www.gem.wiki/Point_Comfort_LNG_Terminal,Point Comfort LNG Terminal,Export,Cancelled,United States,4.5,mtpa,6.12,--,Point Comfort,Texas,28.676111,-96.558889,--,2024-07-08
2,https://www.gem.wiki/Point_Comfort_LNG_Terminal,Point Comfort LNG Terminal,Export,Cancelled,United States,4.5,mtpa,6.12,--,Point Comfort,Texas,28.676111,-96.558889,--,2024-07-08
1,https://www.gem.wiki/Point_Arthur_LNG_Terminal,Port Arthur LNG Terminal,Export,Construction,United States,6.75,mtpa,9.18,2027,Port Arthur,Texas,29.81166342,-93.95962882,6500000000,2024-07-01
2,https://www.gem.wiki/Point_Arthur_LNG_Terminal,Port Arthur LNG Terminal,Export,Construction,United States,6.75,mtpa,9.18,2028,Port Arthur,Texas,29.81166342,-93.95962882,6500000000,2024-07-01
3,https://www.gem.wiki/Point_Arthur_LNG_Terminal,Port Arthur LNG Terminal,Export,Proposed,United States,6.75,mtpa,9.18,2023,Port Arthur,Texas,29.81166342,-93.95962882,1000000000,2024-07-01
4,https://www.gem.wiki/Point_Arthur_LNG_Terminal,Port Arthur LNG Terminal,Export,Proposed,United States,6.75,mtpa,9.18,2023,Port Arthur,Texas,29.81166342,-93.95962882,1000000000,2024-07-01
1,https://www.gem.wiki/Port_of_Brownsville_LNG_Terminal,Texas LNG Terminal,Export,Proposed,United States,2,mtpa,2.72,2027,Brownsville,Texas,25.950835,-97.410844,1750000000,2024-07-03
2,https://www.gem.wiki/Port_of_Brownsville_LNG_Terminal,Texas LNG Terminal,Export,Proposed,United States,2,mtpa,2.72,2027,Brownsville,Texas,25.950835,-97.410844,1750000000,2024-07-03
1,https://www.gem.wiki/Rio_Grande_LNG_Terminal,Rio Grande LNG Terminal,Export,Construction,United States,5.87,mtpa,7.98,2027,Brownsville,Texas,25.950835,-97.410844,6133333333,2024-07-01
2,https://www.gem.wiki/Rio_Grande_LNG_Terminal,Rio Grande LNG Terminal,Export,Construction,United States,5.87,mtpa,7.98,2027,Brownsville,Texas,25.950835,-97.410844,6133333333,2024-07-01
3,https://www.gem.wiki/Rio_Grande_LNG_Terminal,Rio Grande LNG Terminal,Export,Construction,United States,5.87,mtpa,7.98,2027,Brownsville,Texas,25.950835,-97.410844,6133333333,2024-07-01
4,https://www.gem.wiki/Rio_Grande_LNG_Terminal,Rio Grande LNG Terminal,Export,Proposed,United States,5.4,mtpa,7.34,2029,Brownsville,Texas,25.950835,-97.410844,--,2024-07-01
5,https://www.gem.wiki/Rio_Grande_LNG_Terminal,Rio Grande LNG Terminal,Export,Proposed,United States,5.4,mtpa,7.34,2029,Brownsville,Texas,25.950835,-97.410844,--,2024-07-01
6,https://www.gem.wiki/Rio_Grande_LNG_Terminal,Rio Grande LNG Terminal,Export,Cancelled,United States,4.5,mtpa,6.12,--,Brownsville,Texas,25.950835,-97.410844,--,2024-07-03
0,https://www.gem.wiki/Sabine_Pass_LNG_Terminal,Sabine Pass LNG Import Terminal,Import,Operating,United States,30.4,mtpa,41.34,2008,Sabine Pass,Louisiana,29.75409666,-93.87405115,--,2024-05-21
1,https://www.gem.wiki/Sabine_Pass_LNG_Terminal,Sabine Pass LNG Terminal,Export,Operating,United States,5,mtpa,6.8,2016,Sabine Pass,Louisiana,29.75409666,-93.87405115,3600000000,2024-05-21
2,https://www.gem.wiki/Sabine_Pass_LNG_Terminal,Sabine Pass LNG Terminal,Export,Operating,United States,5,mtpa,6.8,2016,Sabine Pass,Louisiana,29.75409666,-93.87405115,3600000000,2024-05-21
3,https://www.gem.wiki/Sabine_Pass_LNG_Terminal,Sabine Pass LNG Terminal,Export,Operating,United States,5,mtpa,6.8,2017,Sabine Pass,Louisiana,29.75409666,-93.87405115,3600000000,2024-05-21
4,https://www.gem.wiki/Sabine_Pass_LNG_Terminal,Sabine Pass LNG Terminal,Export,Operating,United States,5,mtpa,6.8,2017,Sabine Pass,Louisiana,29.75409666,-93.87405115,3600000000,2024-05-21
5,https://www.gem.wiki/Sabine_Pass_LNG_Terminal,Sabine Pass LNG Terminal,Export,Operating,United States,5,mtpa,6.8,2018,Sabine Pass,Louisiana,29.75409666,-93.87405115,3600000000,2024-05-21
6,https://www.gem.wiki/Sabine_Pass_LNG_Terminal,Sabine Pass LNG Terminal,Export,Operating,United States,4.5,mtpa,6.12,2021,Sabine Pass,Louisiana,29.75409666,-93.87405115,2500000000,2024-05-21
7,https://www.gem.wiki/Sabine_Pass_LNG_Terminal,Sabine Pass LNG Terminal,Export,Proposed,United States,16.83,mtpa,22.89,2031,Sabine Pass,Louisiana,29.75409666,-93.87405115,14250000000,2024-05-21
1,https://www.gem.wiki/Strom_LNG_Terminal,Strom LNG Terminal,Export,Cancelled,United States,0.02,bcf/d,0.2,--,Crystal River (or Starke),Florida,28.900556,-82.593611,--,2024-07-08
1,https://www.gem.wiki/Plaquemines_LNG_Terminal,Plaquemines LNG Terminal,Export,Construction,United States,13.33,mtpa,18.13,2024,Plaquemines Parish,Louisiana,29.600411,-89.886404,--,2024-07-01
2,https://www.gem.wiki/Plaquemines_LNG_Terminal,Plaquemines LNG Terminal,Export,Proposed,United States,10,mtpa,13.6,2026,Plaquemines Parish,Louisiana,29.600411,-89.886404,7800000000,2024-07-01
3,https://www.gem.wiki/Plaquemines_LNG_Terminal,Plaquemines LNG Terminal,Export,Proposed,United States,3.2,mtpa,4.35,--,Plaquemines Parish,Louisiana,29.600411,-89.886404,--,2024-07-01
0,https://www.gem.wiki/Arzew-Bethioua_LNG_Terminal,Arzew-Bethioua LNG Terminal,Export,Retired,Algeria,1.3,mtpa,1.77,1964,Bethioua,Oran,35.80452,-0.24097,--,2024-06-24
1,https://www.gem.wiki/Arzew-Bethioua_LNG_Terminal,Arzew-Bethioua LNG Terminal,Export,Operating,Algeria,1.32,mtpa,1.8,1978,Bethioua,Oran,35.80452,-0.24097,--,2024-06-24
2,https://www.gem.wiki/Arzew-Bethioua_LNG_Terminal,Arzew-Bethioua LNG Terminal,Export,Operating,Algeria,1.32,mtpa,1.8,1978,Bethioua,Oran,35.80452,-0.24097,--,2024-06-24
3,https://www.gem.wiki/Arzew-Bethioua_LNG_Terminal,Arzew-Bethioua LNG Terminal,Export,Operating,Algeria,1.32,mtpa,1.8,1978,Bethioua,Oran,35.80452,-0.24097,--,2024-06-24
4,https://www.gem.wiki/Arzew-Bethioua_LNG_Terminal,Arzew-Bethioua LNG Terminal,Export,Operating,Algeria,1.32,mtpa,1.8,1978,Bethioua,Oran,35.80452,-0.24097,--,2024-06-24
5,https://www.gem.wiki/Arzew-Bethioua_LNG_Terminal,Arzew-Bethioua LNG Terminal,Export,Operating,Algeria,1.32,mtpa,1.8,1978,Bethioua,Oran,35.80452,-0.24097,--,2024-06-24
6,https://www.gem.wiki/Arzew-Bethioua_LNG_Terminal,Arzew-Bethioua LNG Terminal,Export,Operating,Algeria,1.32,mtpa,1.8,1978,Bethioua,Oran,35.80452,-0.24097,--,2024-06-24
7,https://www.gem.wiki/Arzew-Bethioua_LNG_Terminal,Arzew-Bethioua LNG Terminal,Export,Operating,Algeria,1.37,mtpa,1.86,1981,Bethioua,Oran,35.80452,-0.24097,--,2024-06-24
8,https://www.gem.wiki/Arzew-Bethioua_LNG_Terminal,Arzew-Bethioua LNG Terminal,Export,Operating,Algeria,1.37,mtpa,1.86,1981,Bethioua,Oran,35.80452,-0.24097,--,2024-06-24
9,https://www.gem.wiki/Arzew-Bethioua_LNG_Terminal,Arzew-Bethioua LNG Terminal,Export,Operating,Algeria,1.37,mtpa,1.86,1981,Bethioua,Oran,35.80452,-0.24097,--,2024-06-24
10,https://www.gem.wiki/Arzew-Bethioua_LNG_Terminal,Arzew-Bethioua LNG Terminal,Export,Operating,Algeria,1.37,mtpa,1.86,1981,Bethioua,Oran,35.80452,-0.24097,--,2024-06-24
11,https://www.gem.wiki/Arzew-Bethioua_LNG_Terminal,Arzew-Bethioua LNG Terminal,Export,Operating,Algeria,1.37,mtpa,1.86,1981,Bethioua,Oran,35.80452,-0.24097,--,2024-06-24
12,https://www.gem.wiki/Arzew-Bethioua_LNG_Terminal,Arzew-Bethioua LNG Terminal,Export,Operating,Algeria,1.37,mtpa,1.86,1981,Bethioua,Oran,35.80452,-0.24097,--,2024-06-24
13,https://www.gem.wiki/Arzew-Bethioua_LNG_Terminal,Arzew-Bethioua LNG Terminal,Export,Operating,Algeria,4.7,mtpa,6.39,2014,Bethioua,Oran,35.80452,-0.24097,--,2024-06-24
1,https://www.gem.wiki/Sonatrach_Skikda_LNG_Terminal,Skikda LNG Terminal,Export,Retired,Algeria,1,mtpa,1.36,1972,Skikda,Skikda,36.8779,6.9415,--,2024-06-24
2,https://www.gem.wiki/Sonatrach_Skikda_LNG_Terminal,Skikda LNG Terminal,Export,Retired,Algeria,1,mtpa,1.36,1972,Skikda,Skikda,36.8779,6.9415,--,2024-06-24
3,https://www.gem.wiki/Sonatrach_Skikda_LNG_Terminal,Skikda LNG Terminal,Export,Retired,Algeria,1,mtpa,1.36,1972,Skikda,Skikda,36.8779,6.9415,--,2024-06-24
4,https://www.gem.wiki/Sonatrach_Skikda_LNG_Terminal,Skikda LNG Terminal,Export,Retired,Algeria,1,mtpa,1.36,1981,Skikda,Skikda,36.8779,6.9415,--,2024-06-24
5,https://www.gem.wiki/Sonatrach_Skikda_LNG_Terminal,Skikda LNG Terminal,Export,Retired,Algeria,1.25,mtpa,1.7,1981,Skikda,Skikda,36.8779,6.9415,--,2024-06-24
6,https://www.gem.wiki/Sonatrach_Skikda_LNG_Terminal,Skikda LNG Terminal,Export,Retired,Algeria,1.25,mtpa,1.7,1981,Skikda,Skikda,36.8779,6.9415,--,2024-06-24
7,https://www.gem.wiki/Sonatrach_Skikda_LNG_Terminal,Skikda LNG Terminal,Export,Operating,Algeria,4.5,mtpa,6.12,2013,Skikda,Skikda,36.8779,6.9415,--,2024-06-24
1,https://www.gem.wiki/Angola_LNG_Terminal,Angola LNG Terminal,Export,Operating,Angola,5.2,mtpa,7.07,2013,Soyo,Zaire,-6.11957,12.33596,12000000000,2024-06-13
0,https://www.gem.wiki/Cotonou_FSRU,Cotonou FSRU,Import,Cancelled,Benin,,,--,--,Contonou,,6.346,2.429,--,2024-06-25
1,https://www.gem.wiki/Cameroon_FLNG_Terminal,Cameroon FLNG Terminal,Export,Operating,Cameroon,0.6,mtpa,0.82,2018,Kribi Southern Coastline,Océan,2.935,9.91,300000000,2024-07-16
2,https://www.gem.wiki/Cameroon_FLNG_Terminal,Cameroon FLNG Terminal,Export,Operating,Cameroon,0.6,mtpa,0.82,2018,Kribi Southern Coastline,Océan,2.935,9.91,300000000,2024-07-16
3,https://www.gem.wiki/Cameroon_FLNG_Terminal,Cameroon FLNG Terminal,Export,Operating,Cameroon,0.6,mtpa,0.82,2018,Kribi Southern Coastline,Océan,2.935,9.91,300000000,2024-07-16
4,https://www.gem.wiki/Cameroon_FLNG_Terminal,Cameroon FLNG Terminal,Export,Operating,Cameroon,0.6,mtpa,0.82,2018,Kribi Southern Coastline,Océan,2.935,9.91,300000000,2024-07-16
1,https://www.gem.wiki/Cameroon_LNG_Terminal,Cameroon LNG Terminal,Export,Cancelled,Cameroon,3.5,mtpa,4.76,--,Kribi Southern Coastline,South Region,2.935,9.91,--,2024-07-16
1,https://www.gem.wiki/Damietta_Segas_LNG_Terminal,Damietta SEGAS LNG Terminal,Export,Operating,Egypt,5,mtpa,6.8,2005,Damiette Port,Damiette,31.469,31.7473,--,2024-06-27
2,https://www.gem.wiki/Damietta_Segas_LNG_Terminal,Damietta SEGAS LNG Terminal,Export,Cancelled,Egypt,5,mtpa,6.8,--,Damiette Port,Damiette,31.469,31.7473,--,2024-06-27
1,https://www.gem.wiki/ELNG_IDCO_Terminal,Egyptian LNG Terminal,Export,Operating,Egypt,3.6,mtpa,4.9,2005,Idku,Beheira,31.34904805,30.31864655,1120000000,2024-06-27
2,https://www.gem.wiki/ELNG_IDCO_Terminal,Egyptian LNG Terminal,Export,Operating,Egypt,3.6,mtpa,4.9,2005,Idku,Beheira,31.34904805,30.31864655,965000000,2024-06-27
1,https://www.gem.wiki/Fortuna_FLNG_Terminal,Fortuna FLNG Terminal,Export,Proposed,Equatorial Guinea,,,--,--,off west coast of Bamako Is.,,3.2,7.6,1500000000,2024-07-17
2,https://www.gem.wiki/Fortuna_FLNG_Terminal,Fortuna FLNG Terminal,Export,Cancelled,Equatorial Guinea,0.63,mtpa,0.86,--,off west coast of Bamako Is.,,3.2,7.6,500000000,2024-07-17
3,https://www.gem.wiki/Fortuna_FLNG_Terminal,Fortuna FLNG Terminal,Export,Cancelled,Equatorial Guinea,0.63,mtpa,0.86,--,off west coast of Bamako Is.,,3.2,7.6,500000000,2024-07-17
4,https://www.gem.wiki/Fortuna_FLNG_Terminal,Fortuna FLNG Terminal,Export,Cancelled,Equatorial Guinea,0.63,mtpa,0.86,--,off west coast of Bamako Is.,,3.2,7.6,500000000,2024-07-17
1,https://www.gem.wiki/Punta_Europa_LNG_Terminal,Punta Europa LNG Terminal,Export,Operating,Equatorial Guinea,3.7,mtpa,5.03,2007,Malabo,Bioko Island,3.776,8.7015,1500000000,2024-07-17
2,https://www.gem.wiki/Punta_Europa_LNG_Terminal,Punta Europa LNG Terminal,Export,Cancelled,Equatorial Guinea,4.4,mtpa,5.98,--,Malabo,Bioko Island,3.776,8.7015,--,2024-07-17
0,https://www.gem.wiki/Tema_FSRU,Tema FSRU,Import,Construction,Ghana,1.7,mtpa,2.31,2024,Tema,Accra,5.734005,0.03197,350000000,2024-07-17
0,https://www.gem.wiki/Mombasa_LNG_Terminal,Mombasa LNG Terminal,Import,Shelved,Kenya,,,--,--,Mombasa,,-4.05,39.666667,--,2024-07-17
1,https://www.gem.wiki/Marsa_El_Brega_LNG_Terminal,Marsa El Brega LNG Terminal,Export,Mothballed,Libya,0.8,mtpa,1.09,1970,Brega,Cyrenaica,30.40675,19.5935,--,2024-06-13
2,https://www.gem.wiki/Marsa_El_Brega_LNG_Terminal,Marsa El Brega LNG Terminal,Export,Mothballed,Libya,0.8,mtpa,1.09,1970,Brega,Cyrenaica,30.40675,19.5935,--,2024-06-13
3,https://www.gem.wiki/Marsa_El_Brega_LNG_Terminal,Marsa El Brega LNG Terminal,Export,Mothballed,Libya,0.8,mtpa,1.09,1970,Brega,Cyrenaica,30.40675,19.5935,--,2024-06-13
4,https://www.gem.wiki/Marsa_El_Brega_LNG_Terminal,Marsa El Brega LNG Terminal,Export,Mothballed,Libya,0.8,mtpa,1.09,1970,Brega,Cyrenaica,30.40675,19.5935,--,2024-06-13
0,https://www.gem.wiki/Jorf_Lasfar_LNG_Terminal,Jorf Lasfar LNG Terminal,Import,Proposed,Morocco,7,bcm/y,7,2025,Jorf Lasfar,,33.1267,-8.62028,4500000000,2024-06-18
1,https://www.gem.wiki/Mozambique_LNG_Terminal,Mozambique LNG Terminal,Export,Proposed,Mozambique,6.45,mtpa,8.77,2028,,Cabo Delgado,-10.807908,40.796899,5000000000,2024-07-18
2,https://www.gem.wiki/Mozambique_LNG_Terminal,Mozambique LNG Terminal,Export,Proposed,Mozambique,6.45,mtpa,8.77,2028,,Cabo Delgado,-10.807908,40.796899,5000000000,2024-07-18
3,https://www.gem.wiki/Mozambique_LNG_Terminal,Mozambique LNG Terminal,Export,Proposed,Mozambique,5,mtpa,6.8,2025,,Cabo Delgado,-10.807908,40.796899,5000000000,2024-07-18
4,https://www.gem.wiki/Mozambique_LNG_Terminal,Mozambique LNG Terminal,Export,Proposed,Mozambique,5,mtpa,6.8,2025,,Cabo Delgado,-10.807908,40.796899,5000000000,2024-07-18
1,https://www.gem.wiki/Coral_South_FLNG_Terminal,Coral South FLNG Terminal,Export,Operating,Mozambique,3.4,mtpa,4.62,2022,Coral Gas Field,Cabo Delgado,-10.9,41.2,7000000000,2024-07-18
1,https://www.gem.wiki/Nigeria_LNG_Terminal,Nigeria LNG Terminal,Export,Operating,Nigeria,3.3,mtpa,4.49,1999,Bonny Island,Rivers,4.41836,7.16157,--,2024-07-18
2,https://www.gem.wiki/Nigeria_LNG_Terminal,Nigeria LNG Terminal,Export,Operating,Nigeria,3.3,mtpa,4.49,2000,Bonny Island,Rivers,4.41836,7.16157,--,2024-07-18
3,https://www.gem.wiki/Nigeria_LNG_Terminal,Nigeria LNG Terminal,Export,Operating,Nigeria,3.3,mtpa,4.49,2002,Bonny Island,Rivers,4.41836,7.16157,--,2024-07-18
4,https://www.gem.wiki/Nigeria_LNG_Terminal,Nigeria LNG Terminal,Export,Operating,Nigeria,4.1,mtpa,5.58,2006,Bonny Island,Rivers,4.41836,7.16157,--,2024-07-18
5,https://www.gem.wiki/Nigeria_LNG_Terminal,Nigeria LNG Terminal,Export,Operating,Nigeria,4.1,mtpa,5.58,2006,Bonny Island,Rivers,4.41836,7.16157,--,2024-07-18
6,https://www.gem.wiki/Nigeria_LNG_Terminal,Nigeria LNG Terminal,Export,Operating,Nigeria,4.1,mtpa,5.58,2008,Bonny Island,Rivers,4.41836,7.16157,--,2024-07-18
7,https://www.gem.wiki/Nigeria_LNG_Terminal,Nigeria LNG Terminal,Export,Construction,Nigeria,8,mtpa,10.88,2024,Bonny Island,Rivers,4.41836,7.16157,6842105263,2024-07-18
8,https://www.gem.wiki/Nigeria_LNG_Terminal,Nigeria LNG Terminal,Export,Shelved,Nigeria,,,--,--,Bonny Island,Rivers,4.41836,7.16157,--,2024-07-18
9,https://www.gem.wiki/Nigeria_LNG_Terminal,Nigeria LNG Terminal,Export,Shelved,Nigeria,,,--,--,Bonny Island,Rivers,4.41836,7.16157,--,2024-07-18
10,https://www.gem.wiki/Nigeria_LNG_Terminal,Nigeria LNG Terminal,Export,Shelved,Nigeria,,,--,--,Bonny Island,Rivers,4.41836,7.16157,--,2024-07-18
11,https://www.gem.wiki/Nigeria_LNG_Terminal,Nigeria LNG Terminal,Export,Shelved,Nigeria,,,--,--,Bonny Island,Rivers,4.41836,7.16157,--,2024-07-18
12,https://www.gem.wiki/Nigeria_LNG_Terminal,Nigeria LNG Terminal,Export,Shelved,Nigeria,,,--,--,Bonny Island,Rivers,4.41836,7.16157,--,2024-07-18
13,https://www.gem.wiki/Nigeria_LNG_Terminal,Nigeria LNG Terminal,Export,Proposed,Nigeria,3.4,mtpa,4.62,2026,Bonny Island,Rivers,4.41836,7.16157,2907894737,2024-07-18
1,https://www.gem.wiki/Brass_LNG_Terminal,Brass LNG Terminal,Export,Proposed,Nigeria,5,mtpa,6.8,--,Twon-Brass,Bayelsa,4.31,6.246,--,2024-07-18
2,https://www.gem.wiki/Brass_LNG_Terminal,Brass LNG Terminal,Export,Proposed,Nigeria,5,mtpa,6.8,--,Twon-Brass,Bayelsa,4.31,6.246,--,2024-07-18
1,https://www.gem.wiki/Olokola_LNG_Terminal,Olokola LNG Terminal,Export,Proposed,Nigeria,6.3,mtpa,8.57,--,Olokola Free Trade Zone,Cross River State,5.021667,8.320278,--,2024-07-18
2,https://www.gem.wiki/Olokola_LNG_Terminal,Olokola LNG Terminal,Export,Proposed,Nigeria,6.3,mtpa,8.57,--,Olokola Free Trade Zone,Cross River State,5.021667,8.320278,--,2024-07-18
3,https://www.gem.wiki/Olokola_LNG_Terminal,Olokola LNG Terminal,Export,Cancelled,Nigeria,,,--,--,Olokola Free Trade Zone,Cross River State,5.021667,8.320278,--,2024-07-18
4,https://www.gem.wiki/Olokola_LNG_Terminal,Olokola LNG Terminal,Export,Cancelled,Nigeria,,,--,--,Olokola Free Trade Zone,Cross River State,5.021667,8.320278,--,2024-07-18
1,https://www.gem.wiki/Tanzania_LNG_Terminal,Tanzania LNG Terminal,Export,Proposed,Tanzania,5,mtpa,6.8,2031,Lindi,Lindi,-9.96,39.708889,21000000000,2024-07-23
2,https://www.gem.wiki/Tanzania_LNG_Terminal,Tanzania LNG Terminal,Export,Proposed,Tanzania,5,mtpa,6.8,2031,Lindi,Lindi,-9.96,39.708889,21000000000,2024-07-23
0,https://www.gem.wiki/Mossel_Bay_FSRU,Mossel Bay FSRU,Import,Cancelled,South Africa,2,mtpa,2.72,--,Mossel Bay,Western Cape,-34.183333,22.133333,--,2024-07-23
0,https://www.gem.wiki/Coega_FSRU,Coega FSRU,Import,Proposed,South Africa,,,--,--,Coega IDZ,Eastern Cape,-33.78287,25.7084,--,2024-07-23
0,https://www.gem.wiki/Richards_Bay_FSRU,Richards Bay FSRU,Import,Proposed,South Africa,,,--,--,Richards Bay,KwaZulu-Natal,-28.8,32.1,--,2024-07-23
0,https://www.gem.wiki/Saldanha_Bay_FSRU,Saldanha Bay FSRU,Import,Proposed,South Africa,,,--,--,Saldanha Bay,Western Cape,-33.034722,18.009722,--,2024-07-23
0,https://www.gem.wiki/Kutubdia_LNG_Terminal_(Petronet),Kutubdia LNG Terminal (Petronet),Import,Cancelled,Bangladesh,7.5,mtpa,10.2,2025,Kutubdia Island,Chittagong,21.816667,91.858333,633333333,2024-06-06
0,https://www.gem.wiki/Kutubdia_(Reliance)_FSRU,Kutubdia (Reliance) FSRU,Import,Cancelled,Bangladesh,3.75,mtpa,5.1,--,Kutubdia Island,Chittagong,21.816667,91.858333,316666666,2024-06-06
0,https://www.gem.wiki/Moheshkhali_FLNG_Terminal_(Petrobangla),Moheshkhali FLNG Terminal (Petrobangla),Import,Operating,Bangladesh,4.5,mtpa,6.12,2018,"Moheshkhali Island, Bay of Bengal",Chittagong,21.608081,91.825979,179500000,2024-06-04
0,https://www.gem.wiki/Summit_FSRU,Summit FSRU,Import,Operating,Bangladesh,3.8,mtpa,5.17,2019,"Moheshkhali Island, Bay of Bengal",Chittagong,21.55,91.95,--,2024-06-04
1,https://www.gem.wiki/Brunei_LNG_Terminal,Brunei LNG Terminal,Export,Operating,Brunei,1.5,mtpa,2.04,1972,Lumut,Brunei Darussalam,4.6698,114.467,--,2024-07-12
2,https://www.gem.wiki/Brunei_LNG_Terminal,Brunei LNG Terminal,Export,Operating,Brunei,1.5,mtpa,2.04,1972,Lumut,Brunei Darussalam,4.6698,114.467,--,2024-07-12
3,https://www.gem.wiki/Brunei_LNG_Terminal,Brunei LNG Terminal,Export,Operating,Brunei,1.5,mtpa,2.04,1973,Lumut,Brunei Darussalam,4.6698,114.467,--,2024-07-12
4,https://www.gem.wiki/Brunei_LNG_Terminal,Brunei LNG Terminal,Export,Operating,Brunei,1.5,mtpa,2.04,1973,Lumut,Brunei Darussalam,4.6698,114.467,--,2024-07-12
5,https://www.gem.wiki/Brunei_LNG_Terminal,Brunei LNG Terminal,Export,Operating,Brunei,1.4,mtpa,1.9,1974,Lumut,Brunei Darussalam,4.6698,114.467,--,2024-07-12
1,https://www.gem.wiki/Abadi_LNG_Terminal,Abadi LNG Terminal,Export,Proposed,Indonesia,9.5,mtpa,12.92,2030,"Masela Block, Adabi gas field",,-9.109098777,130.280905,20000000000,2024-07-11
0,https://www.gem.wiki/Arun_LNG_Terminal,Arun LNG Import Terminal,Import,Operating,Indonesia,3,mtpa,4.08,2015,Lhokseumawe,Sumatra,5.2234,97.083,--,2024-07-11
1,https://www.gem.wiki/Arun_LNG_Terminal,Arun LNG Terminal,Export,Retired,Indonesia,3,mtpa,4.08,1978,Lhokseumawe,Sumatra,5.2234,97.083,--,2024-07-11
2,https://www.gem.wiki/Arun_LNG_Terminal,Arun LNG Terminal,Export,Retired,Indonesia,2.9,mtpa,3.94,1978,Lhokseumawe,Sumatra,5.2234,97.083,--,2024-07-11
3,https://www.gem.wiki/Arun_LNG_Terminal,Arun LNG Terminal,Export,Retired,Indonesia,2.9,mtpa,3.94,1978,Lhokseumawe,Sumatra,5.2234,97.083,--,2024-07-11
4,https://www.gem.wiki/Arun_LNG_Terminal,Arun LNG Terminal,Export,Retired,Indonesia,3.5,mtpa,4.76,1983,Lhokseumawe,Sumatra,5.2234,97.083,--,2024-07-11
5,https://www.gem.wiki/Arun_LNG_Terminal,Arun LNG Terminal,Export,Retired,Indonesia,3.5,mtpa,4.76,1984,Lhokseumawe,Sumatra,5.2234,97.083,--,2024-07-11
6,https://www.gem.wiki/Arun_LNG_Terminal,Arun LNG Terminal,Export,Retired,Indonesia,3.5,mtpa,4.76,1986,Lhokseumawe,Sumatra,5.2234,97.083,--,2024-07-11
0,https://www.gem.wiki/Tanjung_Benoa_FSRU,Tanjung Benoa FSRU,Import,Operating,Indonesia,0.35,mtpa,0.48,2016,Tanjung Benoa,"Badung, Bali",-8.746306,115.2094864,--,2024-07-11
0,https://www.gem.wiki/Bojonegara_LNG_Terminal,Bojonegara LNG Terminal,Import,Cancelled,Indonesia,7,mtpa,9.52,--,Bojonegara,Banten,-5.8846501,106.0554886,--,2024-07-12
1,https://www.gem.wiki/Bontang_LNG_Terminal,Bontang LNG Terminal,Export,Retired,Indonesia,2.7,mtpa,3.67,1977,Bontang,East Kalimantan,0.10123,117.4701,--,2024-07-11
2,https://www.gem.wiki/Bontang_LNG_Terminal,Bontang LNG Terminal,Export,Retired,Indonesia,2.7,mtpa,3.67,1977,Bontang,East Kalimantan,0.10123,117.4701,--,2024-07-11
3,https://www.gem.wiki/Bontang_LNG_Terminal,Bontang LNG Terminal,Export,Retired,Indonesia,2.7,mtpa,3.67,1980,Bontang,East Kalimantan,0.10123,117.4701,--,2024-07-11
4,https://www.gem.wiki/Bontang_LNG_Terminal,Bontang LNG Terminal,Export,Retired,Indonesia,2.7,mtpa,3.67,1980,Bontang,East Kalimantan,0.10123,117.4701,--,2024-07-11
5,https://www.gem.wiki/Bontang_LNG_Terminal,Bontang LNG Terminal,Export,Idle,Indonesia,2.8,mtpa,3.81,1990,Bontang,East Kalimantan,0.10123,117.4701,--,2024-07-11
6,https://www.gem.wiki/Bontang_LNG_Terminal,Bontang LNG Terminal,Export,Idle,Indonesia,2.8,mtpa,3.81,1994,Bontang,East Kalimantan,0.10123,117.4701,--,2024-07-11
7,https://www.gem.wiki/Bontang_LNG_Terminal,Bontang LNG Terminal,Export,Operating,Indonesia,2.8,mtpa,3.81,1998,Bontang,East Kalimantan,0.10123,117.4701,--,2024-07-11
8,https://www.gem.wiki/Bontang_LNG_Terminal,Bontang LNG Terminal,Export,Operating,Indonesia,2.95,mtpa,4.01,1998,Bontang,East Kalimantan,0.10123,117.4701,--,2024-07-11
9,https://www.gem.wiki/Bontang_LNG_Terminal,Bontang LNG Terminal,Export,Cancelled,Indonesia,2.95,mtpa,4.01,2004,Bontang,East Kalimantan,0.10123,117.4701,--,2024-07-11
0,https://www.gem.wiki/Central_Java_FSRU_Terminal,Central Java FSRU,Import,Cancelled,Indonesia,1.4,mtpa,1.9,--,Cilicap,Central Java,-7.733333,109,--,2024-07-12
0,https://www.gem.wiki/Jawa_Satu_FSRU,Jawa Satu FSRU,Import,Operating,Indonesia,2.4,mtpa,3.26,2021,Cilamaya,West Java,-6.2443159,107.5832748,350000000,2024-07-11
1,https://www.gem.wiki/Donggi-Senoro_LNG_Terminal,Donggi-Senoro LNG Terminal,Export,Operating,Indonesia,2,mtpa,2.72,2015,Luwuk,Central Sulawesi,-1.254369,122.58559,2900000000,2024-07-11
0,https://www.gem.wiki/Lampung_FSRU_Terminal,Lampung FSRU,Import,Operating,Indonesia,2.7,mtpa,3.67,2014,Labuhan Maringgai,Lampung,-5.45,105.94,--,2024-07-11
0,https://www.gem.wiki/Nusantara_Regas_Satu_Terminal,Nusantara Regas Satu Terminal,Import,Operating,Indonesia,3,mtpa,4.08,2012,Jakarta Bay,West Java,-5.992909,106.82,--,2024-07-11
1,https://www.gem.wiki/Sengkang_LNG_Terminal,Sengkang LNG Terminal,Export,Shelved,Indonesia,0.5,mtpa,0.68,2023,South Sulawesi coastline,Sulawesi,-4.5459732,120.4136867,--,2024-07-11
2,https://www.gem.wiki/Sengkang_LNG_Terminal,Sengkang LNG Terminal,Export,Shelved,Indonesia,0.5,mtpa,0.68,2023,South Sulawesi coastline,Sulawesi,-4.5459732,120.4136867,--,2024-07-11
3,https://www.gem.wiki/Sengkang_LNG_Terminal,Sengkang LNG Terminal,Export,Shelved,Indonesia,0.5,mtpa,0.68,2023,South Sulawesi coastline,Sulawesi,-4.5459732,120.4136867,--,2024-07-11
4,https://www.gem.wiki/Sengkang_LNG_Terminal,Sengkang LNG Terminal,Export,Shelved,Indonesia,0.5,mtpa,0.68,2023,South Sulawesi coastline,Sulawesi,-4.5459732,120.4136867,--,2024-07-11
1,https://www.gem.wiki/Tangguh_LNG_Terminal,Tangguh LNG Terminal,Export,Operating,Indonesia,3.8,mtpa,5.17,2009,Teluk Bintuni,West Papua,-2.44314,133.139,2500000000,2024-07-11
2,https://www.gem.wiki/Tangguh_LNG_Terminal,Tangguh LNG Terminal,Export,Operating,Indonesia,3.8,mtpa,5.17,2009,Teluk Bintuni,West Papua,-2.44314,133.139,2500000000,2024-07-11
3,https://www.gem.wiki/Tangguh_LNG_Terminal,Tangguh LNG Terminal,Export,Operating,Indonesia,3.8,mtpa,5.17,2023,Teluk Bintuni,West Papua,-2.44314,133.139,1200000000,2024-07-11
0,https://www.gem.wiki/Lahad_Datu_Sabah_LNG_Terminal,Lahad Datu Sabah LNG Terminal,Import,Cancelled,Malaysia,0.76,mtpa,1.03,--,Lahad Datu,Sabah,5.03,118.34,241000000,2024-07-12
1,https://www.gem.wiki/Satu_FLNG_Terminal,Satu FLNG Terminal,Export,Operating,Malaysia,1.2,mtpa,1.63,2017,Bintulu,Sarawak,7.375718,115.480022,--,2024-07-12
1,https://www.gem.wiki/Dua_FLNG_Terminal,Dua FLNG Terminal,Export,Operating,Malaysia,1.5,mtpa,2.04,2021,Rotan gas field,Sabah,12,113,--,2024-07-12
0,https://www.gem.wiki/Melaka_FSRU,Melaka FSRU,Import,Operating,Malaysia,3.8,mtpa,5.17,2013,Sungei Udang Port,Kuala Lumpur,2.2444375,102.1234396,--,2024-07-12
0,https://www.gem.wiki/Pengerang_Johur_LNG_Terminal,Pengerang Johor LNG Terminal,Import,Operating,Malaysia,3.5,mtpa,4.76,2017,Pengerang,Johor,1.341382,104.182089,594000000,2024-07-12
1,https://www.gem.wiki/Dua_Malaysia_LNG_Terminal,Dua Malaysia LNG Terminal,Export,Operating,Malaysia,3.2,mtpa,4.35,1995,Bintulu,Sarawak,3.28238,113.083,--,2024-07-12
2,https://www.gem.wiki/Dua_Malaysia_LNG_Terminal,Dua Malaysia LNG Terminal,Export,Operating,Malaysia,3.2,mtpa,4.35,1995,Bintulu,Sarawak,3.28238,113.083,--,2024-07-12
3,https://www.gem.wiki/Dua_Malaysia_LNG_Terminal,Dua Malaysia LNG Terminal,Export,Operating,Malaysia,3.2,mtpa,4.35,1995,Bintulu,Sarawak,3.28238,113.083,--,2024-07-12
9,https://www.gem.wiki/Malaysia_LNG_Terminal_Train_9,Malaysia LNG Terminal,Export,Operating,Malaysia,3.6,mtpa,4.9,2016,Bintulu,Sarawak,3.2903,113.087,--,2024-07-12
1,https://www.gem.wiki/Satu_Malaysia_Terminal,Satu Malaysia Terminal,Export,Operating,Malaysia,2.8,mtpa,3.81,1983,Bintulu,Sarawak,3.2851,113.08114,--,2024-07-12
2,https://www.gem.wiki/Satu_Malaysia_Terminal,Satu Malaysia Terminal,Export,Operating,Malaysia,2.8,mtpa,3.81,1983,Bintulu,Sarawak,3.2851,113.08114,--,2024-07-12
3,https://www.gem.wiki/Satu_Malaysia_Terminal,Satu Malaysia Terminal,Export,Operating,Malaysia,2.8,mtpa,3.81,1983,Bintulu,Sarawak,3.2851,113.08114,--,2024-07-12
7,https://www.gem.wiki/Tiga_Malaysia_LNG_Terminal,Tiga Malaysia LNG Terminal,Export,Operating,Malaysia,3.6,mtpa,4.9,2003,Bintulu,Sarawak,3.29033,113.08767,--,2024-07-12
8,https://www.gem.wiki/Tiga_Malaysia_LNG_Terminal,Tiga Malaysia LNG Terminal,Export,Operating,Malaysia,3.6,mtpa,4.9,2003,Bintulu,Sarawak,3.29033,113.08767,--,2024-07-12
0,https://www.gem.wiki/Mashal_LNG_Terminal,Mashal LNG Terminal,Import,Cancelled,Pakistan,3.5,mtpa,4.76,--,Port Qasim,Sindh,24.766667,67.333333,--,2024-06-28
0,https://www.gem.wiki/Engro_Elengy_FSRU,Engro Elengy FSRU,Import,Operating,Pakistan,4.8,mtpa,6.53,2015,Port Qasim,Sindh,24.7907232,67.3688752,--,2024-06-25
1,https://www.gem.wiki/Engro_Elengy_FSRU,Engro Elengy FSRU,Import,Proposed,Pakistan,5.9,mtpa,8.02,2022,Port Qasim,Sindh,24.769704,67.334731,--,2024-06-25
0,https://www.gem.wiki/GasPort_FSRU,GasPort FSRU,Import,Operating,Pakistan,5,mtpa,6.8,2017,Port Qasim,Sindh,24.7749916,67.288333,500000000,2024-06-25
0,https://www.gem.wiki/Daewoo_Gas_LNG_Terminal,Daewoo Gas LNG Terminal,Import,Shelved,Pakistan,2.5,mtpa,3.4,--,Gwadar Port,Balochistan,25.1106,62.3396,350000000,2024-06-26
1,https://www.gem.wiki/Liquid_Niugini_FLNG_Terminal,Liquid Niugini FLNG Terminal,Export,Cancelled,Papua New Guinea,5,mtpa,6.8,--,Port Moresby,National Capital District,-9.478472,147.148058,7000000000,2024-05-30
1,https://www.gem.wiki/Papua_LNG_Terminal,Papua LNG Terminal,Export,Proposed,Papua New Guinea,1.4,mtpa,1.9,2028,Caution Bay,Central Province,-9.3392748,146.9872856,3250000000,2024-05-29
2,https://www.gem.wiki/Papua_LNG_Terminal,Papua LNG Terminal,Export,Proposed,Papua New Guinea,1.4,mtpa,1.9,2028,Caution Bay,Central Province,-9.3392748,146.9872856,3250000000,2024-05-29
3,https://www.gem.wiki/Papua_LNG_Terminal,Papua LNG Terminal,Export,Proposed,Papua New Guinea,1.4,mtpa,1.9,2028,Caution Bay,Central Province,-9.3392748,146.9872856,3250000000,2024-05-29
4,https://www.gem.wiki/Papua_LNG_Terminal,Papua LNG Terminal,Export,Proposed,Papua New Guinea,1.4,mtpa,1.9,2028,Caution Bay,Central Province,-9.3392748,146.9872856,3250000000,2024-05-29
5,https://www.gem.wiki/Papua_LNG_Terminal,Papua LNG Terminal,Export,Proposed,Papua New Guinea,1,mtpa,1.36,--,Caution Bay,Central Province,-9.3392748,146.9872856,3268674000,2024-05-29
1,https://www.gem.wiki/Papua_New_Guinea_LNG_Terminal,Papua New Guinea LNG Terminal,Export,Operating,Papua New Guinea,4.15,mtpa,5.64,2014,Port Moresby,National Capital District,-9.33862,147.01825,9500000000,2024-05-29
2,https://www.gem.wiki/Papua_New_Guinea_LNG_Terminal,Papua New Guinea LNG Terminal,Export,Operating,Papua New Guinea,4.15,mtpa,5.64,2014,Port Moresby,National Capital District,-9.33862,147.01825,9500000000,2024-05-29
3,https://www.gem.wiki/Papua_New_Guinea_LNG_Terminal,Papua New Guinea LNG Terminal,Export,Cancelled,Papua New Guinea,2.6,mtpa,3.54,2025,Port Moresby,National Capital District,-9.33862,147.01825,--,2024-05-29
0,https://www.gem.wiki/Bataan-Manila_LNG_Terminal,Bataan-Manila LNG Terminal,Import,Cancelled,Philippines,,,--,2020,Limay,Bataan,14.57,120.6,2400000000,2024-07-15
0,https://www.gem.wiki/Batangas_LNG_Terminal,Batangas LNG Terminal (PNOC),Import,Cancelled,Philippines,,,--,2020,Batangas,Batangas,13.690671,120.891207,--,2024-07-15
0,https://www.gem.wiki/Mariveles_LNG_Terminal,Mariveles LNG Terminal,Import,Proposed,Philippines,0.4,mtpa,0.54,--,Mariveles,Bataan,14.49791,120.609209,67000000,2024-07-15
0,https://www.gem.wiki/Pagbilao_Grande_Island_LNG_Terminal,Pagbilao Grande Island LNG Terminal,Import,Construction,Philippines,3,mtpa,4.08,2025,Pagbilao Grande Island,Quezon,13.966667,121.7,--,2024-07-15
0,https://www.gem.wiki/Singapore_LNG_Terminal,Singapore LNG Terminal,Import,Operating,Singapore,3.5,mtpa,4.76,2013,Jurong Island,West Region,1.23616,103.67135,566666666,2024-07-15
1,https://www.gem.wiki/Singapore_LNG_Terminal,Singapore LNG Terminal,Import,Operating,Singapore,2.5,mtpa,3.4,2014,Jurong Island,West Region,1.23616,103.67135,566666666,2024-07-15
2,https://www.gem.wiki/Singapore_LNG_Terminal,Singapore LNG Terminal,Import,Operating,Singapore,5,mtpa,6.8,2018,Jurong Island,West Region,1.23616,103.67135,566666666,2024-07-15
0,https://www.gem.wiki/Boryeong_LNG_Terminal,Boryeong LNG Terminal,Import,Operating,South Korea,10.8,mtpa,14.69,2016,"Yeongbo Industrial Zone, Boryeong",South Chungcheong,36.415,126.4947,607200000,2024-09-04
0,https://www.gem.wiki/Gwangyang_LNG_Terminal,Gwangyang LNG Terminal,Import,Operating,South Korea,7.1,mtpa,9.66,2005,Gwangyang,South Jeolla,34.889,127.7815,--,2024-09-04
0,https://www.gem.wiki/Incheon_LNG_Terminal,Incheon LNG Terminal,Import,Operating,South Korea,54.5,mtpa,74.12,1996,Incheon,Seoul Capital Area,37.35124,126.602,--,2024-09-04
0,https://www.gem.wiki/Pyeongtaek_LNG_Terminal,Pyeongtaek LNG Terminal,Import,Operating,South Korea,41,mtpa,55.76,1986,Pyeongtaek,Gyeonggi,37.0057,126.7841,--,2024-09-04
0,https://www.gem.wiki/Samcheok_LNG_Terminal,Samcheok LNG Terminal,Import,Operating,South Korea,11.6,mtpa,15.78,2014,Samcheok,Gangwon-do,37.1683,129.3502,1190000000,2024-09-04
0,https://www.gem.wiki/Tongyoung_LNG_Terminal,Tongyoung LNG Terminal,Import,Operating,South Korea,26.5,mtpa,36.04,2002,Tongyoung,South Gyeongsang,34.9474,128.4255,--,2024-09-04
0,https://www.gem.wiki/Kerawalapitiya_LNG_Terminal,Kerawalapitiya LNG Terminal,Import,Proposed,Sri Lanka,2.7,mtpa,3.67,2021,"Kerawalapitiya, Colombo",Western,7.016667,79.883333,250000000,2024-07-10
0,https://www.gem.wiki/Taichung_LNG_Terminal,Taichung LNG Terminal,Import,Operating,Taiwan,3,mtpa,4.08,2009,Taichung Harbor,Taichung,24.25304,120.49586,1071000000,2024-07-10
1,https://www.gem.wiki/Taichung_LNG_Terminal,Taichung LNG Terminal,Import,Operating,Taiwan,2,mtpa,2.72,2019,Taichung Harbor,Taichung,24.25304,120.49586,629000000,2024-07-10
2,https://www.gem.wiki/Taichung_LNG_Terminal,Taichung LNG Terminal,Import,Construction,Taiwan,2,mtpa,2.72,2022,Taichung Harbor,Taichung,24.25304,120.49586,--,2024-07-10
3,https://www.gem.wiki/Taichung_LNG_Terminal,Taichung LNG Terminal,Import,Construction,Taiwan,4,mtpa,5.44,2026,Taichung Harbor,Taichung,24.25304,120.49586,--,2024-07-10
4,https://www.gem.wiki/Taichung_LNG_Terminal,Taichung LNG Terminal,Import,Proposed,Taiwan,3,mtpa,4.08,2029,Taichung Harbor,Taichung,24.25304,120.49586,--,2024-07-10
0,https://www.gem.wiki/Taoyuan_LNG_Terminal,Taoyuan LNG Terminal,Import,Construction,Taiwan,3,mtpa,4.08,2023,Guantang (Kwun Tong) Industrial Area,Taoyuan,25.045533,121.060884,--,2024-07-10
1,https://www.gem.wiki/Taoyuan_LNG_Terminal,Taoyuan LNG Terminal,Import,Proposed,Taiwan,3,mtpa,4.08,2025,Guantang (Kwun Tong) Industrial Area,Taoyuan,25.045533,121.060884,--,2024-07-10
0,https://www.gem.wiki/Yung-An_LNG_Terminal,Yung-An LNG Terminal,Import,Operating,Taiwan,10.5,mtpa,14.28,1990,"Kaohsiung City, Yong'an District",Kaohsiung,22.80928,120.2054,--,2024-07-10
1,https://www.gem.wiki/Yung-An_LNG_Terminal,Yung-An LNG Terminal,Import,Proposed,Taiwan,1.8,mtpa,2.45,2027,"Kaohsiung City, Yong'an District",Kaohsiung,22.80928,120.2054,--,2024-07-10
0,https://www.gem.wiki/Map_Ta_Phut_LNG_Terminal_1,Map Ta Phut LNG Terminal 1,Import,Operating,Thailand,10,mtpa,13.6,2011,Map Ta Phut,Rayong,12.651686,101.159533,--,2024-07-15
1,https://www.gem.wiki/Map_Ta_Phut_LNG_Terminal_1,Map Ta Phut LNG Terminal 1,Import,Operating,Thailand,1.5,mtpa,2.04,2019,Map Ta Phut,Rayong,12.651686,101.159533,28000000,2024-07-15
0,https://www.gem.wiki/Map_Ta_Phut_LNG_Terminal_2,Map Ta Phut LNG Terminal 2,Import,Operating,Thailand,7.5,mtpa,10.2,2023,Map Ta Phut,Rayong,12.6791481,101.1178382,1116500000,2024-07-15
0,https://www.gem.wiki/Thi_Vai_LNG_Terminal,Thi Vai LNG Terminal,Import,Operating,Vietnam,1,mtpa,1.36,2023,Vũng Tàu Port,Bà Rịa–Vũng Tàu,10.527191,107.026022,285000000,2024-07-16
1,https://www.gem.wiki/Thi_Vai_LNG_Terminal,Thi Vai LNG Terminal,Import,Proposed,Vietnam,2,mtpa,2.72,2024,Vũng Tàu Port,Bà Rịa–Vũng Tàu,10.527191,107.026022,--,2024-07-16
0,https://www.gem.wiki/Cai_Mep_LNG_Terminal,Cai Mep LNG Terminal,Import,Construction,Vietnam,3,mtpa,4.08,2024,"Phu Long Island, Vung Tau",Bà Rịa–Vũng Tàu,10.383333,107.116667,--,2024-07-16
0,https://www.gem.wiki/Son_My_LNG_Terminal,Son My LNG Terminal,Import,Proposed,Vietnam,3.6,mtpa,4.9,2027,Son My,Binh Thuan,10.65008,107.68464,840000000,2024-07-16
1,https://www.gem.wiki/Son_My_LNG_Terminal,Son My LNG Terminal,Import,Proposed,Vietnam,2.4,mtpa,3.26,--,Son My,Binh Thuan,10.65008,107.68464,560000000,2024-07-16
1,https://www.gem.wiki/Arrow_Energy_LNG_Terminal,Arrow Energy LNG Terminal,Export,Cancelled,Australia,4.5,mtpa,6.12,--,Curtis Island,Queensland,-23.6243946,151.1444092,2723895000,2024-05-21
2,https://www.gem.wiki/Arrow_Energy_LNG_Terminal,Arrow Energy LNG Terminal,Export,Cancelled,Australia,4.5,mtpa,6.12,--,Curtis Island,Queensland,-23.6243946,151.1444092,2723895000,2024-05-21
3,https://www.gem.wiki/Arrow_Energy_LNG_Terminal,Arrow Energy LNG Terminal,Export,Cancelled,Australia,4.5,mtpa,6.12,--,Curtis Island,Queensland,-23.6243946,151.1444092,2723895000,2024-05-21
4,https://www.gem.wiki/Arrow_Energy_LNG_Terminal,Arrow Energy LNG Terminal,Export,Cancelled,Australia,4.5,mtpa,6.12,--,Curtis Island,Queensland,-23.6243946,151.1444092,2723895000,2024-05-21
1,https://www.gem.wiki/Australia_Pacific_LNG_Terminal,Australia Pacific LNG Terminal,Export,Operating,Australia,4.5,mtpa,6.12,2016,Curtis Island,Queensland,-23.75583,151.19061,3000000000,2024-05-15
2,https://www.gem.wiki/Australia_Pacific_LNG_Terminal,Australia Pacific LNG Terminal,Export,Operating,Australia,4.5,mtpa,6.12,2017,Curtis Island,Queensland,-23.75583,151.19061,3000000000,2024-05-15
1,https://www.gem.wiki/Bonaparte_FLNG_Terminal,Bonaparte FLNG Terminal,Export,Cancelled,Australia,2,mtpa,2.72,--,Bonaparte Island,Western Australia,-14.855412,124.768939,--,2024-05-22
1,https://www.gem.wiki/Browse_FLNG_Terminal,Browse FLNG Terminal,Export,Proposed,Australia,5.7,mtpa,7.75,2023,Broome,Western Australia,-17.961944,122.236111,10250000000,2024-05-15
2,https://www.gem.wiki/Browse_FLNG_Terminal,Browse FLNG Terminal,Export,Proposed,Australia,5.7,mtpa,7.75,2023,Broome,Western Australia,-17.961944,122.236111,10250000000,2024-05-15
0,https://www.gem.wiki/Crib_Point_FSRU_Terminal,Crib Point FSRU Terminal,Import,Cancelled,Australia,1.75,mtpa,2.38,2022,Melbourne,Victoria,-38.366667,145.333333,181593000,2024-05-22
1,https://www.gem.wiki/Darwin_LNG_Terminal,Darwin LNG Terminal,Export,Idle,Australia,3.7,mtpa,5.03,1,Darwin,Northern Territory,-12.5221,130.8663,1600000000,2024-05-20
2,https://www.gem.wiki/Darwin_LNG_Terminal,Darwin LNG Terminal,Export,Shelved,Australia,3.7,mtpa,5.03,--,Darwin,Northern Territory,-12.5221,130.8663,--,2024-05-20
1,https://www.gem.wiki/Fishermans_Landing_LNG_Terminal,Fishermans Landing LNG Terminal,Export,Cancelled,Australia,1.8,mtpa,2.45,--,Port of Gladstone,Queensland,-23.820194,151.242522,--,2024-05-22
2,https://www.gem.wiki/Fishermans_Landing_LNG_Terminal,Fishermans Landing LNG Terminal,Export,Cancelled,Australia,1.8,mtpa,2.45,--,Port of Gladstone,Queensland,-23.820194,151.242522,--,2024-05-22
1,https://www.gem.wiki/Gladstone_LNG_Terminal,Gladstone LNG Terminal,Export,Operating,Australia,3.9,mtpa,5.3,2015,Curtis Island,Queensland,-23.776,151.2103,4250000000,2024-05-23
2,https://www.gem.wiki/Gladstone_LNG_Terminal,Gladstone LNG Terminal,Export,Operating,Australia,3.9,mtpa,5.3,2016,Curtis Island,Queensland,-23.776,151.2103,4250000000,2024-05-23
1,https://www.gem.wiki/Gorgon_LNG_Terminal,Gorgon LNG Terminal,Export,Operating,Australia,5.2,mtpa,7.07,2016,Barrow Island,Western Australia,-20.79,115.44965,13750000000,2024-05-16
2,https://www.gem.wiki/Gorgon_LNG_Terminal,Gorgon LNG Terminal,Export,Operating,Australia,5.2,mtpa,7.07,2016,Barrow Island,Western Australia,-20.79,115.44965,13750000000,2024-05-16
3,https://www.gem.wiki/Gorgon_LNG_Terminal,Gorgon LNG Terminal,Export,Operating,Australia,5.2,mtpa,7.07,2017,Barrow Island,Western Australia,-20.79,115.44965,13750000000,2024-05-16
4,https://www.gem.wiki/Gorgon_LNG_Terminal,Gorgon LNG Terminal,Export,Cancelled,Australia,5.2,mtpa,7.07,--,Barrow Island,Western Australia,-20.79,115.44965,13750000000,2024-05-16
1,https://www.gem.wiki/Ichthys_FLNG_Terminal,Ichthys FLNG Terminal,Export,Operating,Australia,4.45,mtpa,6.05,2018,Browse Basin,Western Australia,-17.961944,122.236111,22500000000,2024-05-16
2,https://www.gem.wiki/Ichthys_FLNG_Terminal,Ichthys FLNG Terminal,Export,Operating,Australia,4.45,mtpa,6.05,2018,Browse Basin,Western Australia,-17.961944,122.236111,22500000000,2024-05-16
3,https://www.gem.wiki/Ichthys_FLNG_Terminal,Ichthys FLNG Terminal,Export,Proposed,Australia,,,--,2030,Browse Basin,Western Australia,-17.961944,122.236111,--,2024-05-16
0,https://www.gem.wiki/Newcastle_FSRU,Newcastle FSRU,Import,Shelved,Australia,1,mtpa,1.36,2022,Newcastle,New South Wales,-32.916667,151.75,427833108,2024-05-20
1,https://www.gem.wiki/North_West_Shelf_LNG_Terminal,North West Shelf LNG Terminal,Export,Operating,Australia,2.5,mtpa,3.4,1989,Perth,Western Australia,-20.59424,116.7767,--,2024-05-13
2,https://www.gem.wiki/North_West_Shelf_LNG_Terminal,North West Shelf LNG Terminal,Export,Operating,Australia,2.5,mtpa,3.4,1989,Perth,Western Australia,-20.59424,116.7767,--,2024-05-13
3,https://www.gem.wiki/North_West_Shelf_LNG_Terminal,North West Shelf LNG Terminal,Export,Operating,Australia,2.5,mtpa,3.4,1992,Perth,Western Australia,-20.59424,116.7767,--,2024-05-13
4,https://www.gem.wiki/North_West_Shelf_LNG_Terminal,North West Shelf LNG Terminal,Export,Operating,Australia,4.6,mtpa,6.26,2004,Perth,Western Australia,-20.59424,116.7767,--,2024-05-13
5,https://www.gem.wiki/North_West_Shelf_LNG_Terminal,North West Shelf LNG Terminal,Export,Operating,Australia,4.6,mtpa,6.26,2008,Perth,Western Australia,-20.59424,116.7767,--,2024-05-13
1,https://www.gem.wiki/Pluto_LNG_Terminal,Pluto LNG Terminal,Export,Operating,Australia,4.9,mtpa,6.66,2012,Perth,Western Australia,-20.6128,116.76556,12000000000,2024-05-16
2,https://www.gem.wiki/Pluto_LNG_Terminal,Pluto LNG Terminal,Export,Construction,Australia,5,mtpa,6.8,2026,Perth,Western Australia,-20.6128,116.76556,5600000000,2024-05-16
3,https://www.gem.wiki/Pluto_LNG_Terminal,Pluto LNG Terminal,Export,Cancelled,Australia,4.3,mtpa,5.85,--,Perth,Western Australia,-20.6128,116.76556,--,2024-05-16
1,https://www.gem.wiki/Prelude_FLNG_Terminal,Prelude FLNG Terminal,Export,Operating,Australia,3.6,mtpa,4.9,2019,Browse Basin,Western Australia,-15.2539252,123.5381736,17432928000,2024-05-23
1,https://www.gem.wiki/Queensland_Curtis_LNG_Terminal,Queensland Curtis LNG Terminal,Export,Operating,Australia,4.25,mtpa,5.78,2014,Curtis Island,Queensland,-23.7693,151.199,3000000000,2024-05-17
2,https://www.gem.wiki/Queensland_Curtis_LNG_Terminal,Queensland Curtis LNG Terminal,Export,Operating,Australia,4.25,mtpa,5.78,2014,Curtis Island,Queensland,-23.7693,151.199,3000000000,2024-05-17
1,https://www.gem.wiki/Scarborough_FSRU,Scarborough FLNG Terminal,Export,Cancelled,Australia,7,mtpa,9.52,--,Onslow,Western Australia,-21.633333,115.116667,--,2024-05-23
1,https://www.gem.wiki/Sunrise_FLNG_Terminal,Sunrise FLNG Terminal,Export,Proposed,Timor-Leste,,,--,--,Timor Sea,Australia and East Timor,-10,127,--,7/15/2024
1,https://www.gem.wiki/Tassie_Shoal_LNG_Terminal,Tassie Shoal LNG Terminal,Export,Cancelled,Australia,3,mtpa,4.08,2023,Darwin,Northern Territory,-10.0512327,130.2960983,6280000000,2024-05-23
1,https://www.gem.wiki/Wheatstone_LNG_Terminal,Wheatstone LNG Terminal,Export,Operating,Australia,4.45,mtpa,6.05,2017,Ashburton North,Western Australia,-21.6978845,115.001141,15000000000,2024-05-23
2,https://www.gem.wiki/Wheatstone_LNG_Terminal,Wheatstone LNG Terminal,Export,Operating,Australia,4.45,mtpa,6.05,2018,Ashburton North,Western Australia,-21.6978845,115.001141,15000000000,2024-05-23
1,https://www.gem.wiki/Atlantic_Coast_LNG_Terminal,Atlantic Coast LNG Terminal,Export,Cancelled,Canada,16,mtpa,21.76,2024,Byers Cove,Nova Scotia,45.548673,-61.334441,--,2024-09-09
1,https://www.gem.wiki/Aurora_LNG_Terminal,Aurora LNG Terminal,Export,Cancelled,Canada,12,mtpa,16.32,2023,Delusion Bay,British Columbia,54.284,-130.417,--,2024-09-09
2,https://www.gem.wiki/Aurora_LNG_Terminal,Aurora LNG Terminal,Export,Cancelled,Canada,12,mtpa,16.32,2023,Delusion Bay,British Columbia,54.284,-130.417,--,2024-09-09
1,https://www.gem.wiki/Bearhead_LNG_Terminal,Bear Head LNG Terminal,Export,Cancelled,Canada,3,mtpa,4.08,2027,Point Tupper,Nova Scotia,45.604444,-61.3675,--,2024-09-09
2,https://www.gem.wiki/Bearhead_LNG_Terminal,Bear Head LNG Terminal,Export,Cancelled,Canada,3,mtpa,4.08,2027,Point Tupper,Nova Scotia,45.604444,-61.3675,--,2024-09-09
3,https://www.gem.wiki/Bearhead_LNG_Terminal,Bear Head LNG Terminal,Export,Cancelled,Canada,3,mtpa,4.08,2027,Point Tupper,Nova Scotia,45.604444,-61.3675,--,2024-09-09
4,https://www.gem.wiki/Bearhead_LNG_Terminal,Bear Head LNG Terminal,Export,Cancelled,Canada,3,mtpa,4.08,2027,Point Tupper,Nova Scotia,45.604444,-61.3675,--,2024-09-09
0,https://www.gem.wiki/Cacouna_LNG_Terminal,Cacouna LNG Terminal,Import,Cancelled,Canada,3.8,mtpa,5.17,--,Gros Cacouna,Quebec,47.916667,-69.5,660000000,2024-09-09
0,https://www.gem.wiki/Saint_John_LNG_Terminal,Saint John LNG Terminal,Import,Operating,Canada,7.5,mtpa,10.2,2009,Saint John,New Brunswick,45.2114,-65.978,756000000,2024-09-09
1,https://www.gem.wiki/Saint_John_LNG_Terminal,Canaport LNG Export Terminal,Export,Cancelled,Canada,7.5,mtpa,10.2,2009,Saint John,New Brunswick,45.2114,-65.978,--,2024-09-09
2,https://www.gem.wiki/Saint_John_LNG_Terminal,Saint John LNG Terminal,Export,Cancelled,Canada,,,--,--,Saint John,New Brunswick,45.2114,-65.978,--,2024-09-09
1,https://www.gem.wiki/Cedar_FLNG_Terminal,Cedar FLNG Terminal,Export,Proposed,Canada,3.3,mtpa,4.49,2029,Kitimat,British Columbia,54,-128.7,4000000000,2024-09-09
1,https://www.gem.wiki/Discovery_LNG_Terminal,Discovery LNG Terminal,Export,Cancelled,Canada,5,mtpa,6.8,2030,Campbell River,British Columbia,50.024444,-125.2475,--,2024-09-09
2,https://www.gem.wiki/Discovery_LNG_Terminal,Discovery LNG Terminal,Export,Cancelled,Canada,5,mtpa,6.8,2030,Campbell River,British Columbia,50.024444,-125.2475,--,2024-09-09
3,https://www.gem.wiki/Discovery_LNG_Terminal,Discovery LNG Terminal,Export,Cancelled,Canada,5,mtpa,6.8,2030,Campbell River,British Columbia,50.024444,-125.2475,--,2024-09-09
4,https://www.gem.wiki/Discovery_LNG_Terminal,Discovery LNG Terminal,Export,Cancelled,Canada,5,mtpa,6.8,2030,Campbell River,British Columbia,50.024444,-125.2475,--,2024-09-09
1,https://www.gem.wiki/Douglas_Channel_LNG_Terminal,Douglas Channel LNG Terminal,Export,Cancelled,Canada,0.9,mtpa,1.22,--,Douglas Channel,British Columbia,53.666667,-129.133333,--,2024-09-09
1,https://www.gem.wiki/Goldboro_LNG_Terminal,Goldboro LNG Terminal,Export,Shelved,Canada,,,--,2025,Goldboro,Nova Scotia,45.182556,-61.645528,--,2024-09-09
2,https://www.gem.wiki/Goldboro_LNG_Terminal,Goldboro LNG Terminal,Export,Shelved,Canada,,,--,2025,Goldboro,Nova Scotia,45.182556,-61.645528,--,2024-09-09
1,https://www.gem.wiki/Grassy_Point_LNG_Terminal,Grassy Point LNG Terminal,Export,Cancelled,Canada,15,mtpa,20.4,--,Grassy Point,British Columbia,54.312194,-130.327083,--,2024-09-09
2,https://www.gem.wiki/Grassy_Point_LNG_Terminal,Grassy Point LNG Terminal,Export,Cancelled,Canada,5,mtpa,6.8,--,Grassy Point,British Columbia,54.312194,-130.327083,--,2024-09-09
1,https://www.gem.wiki/Kitimat_LNG_Terminal,Kitimat LNG Terminal,Export,Cancelled,Canada,6,mtpa,8.16,2029,Port of Kitimat,British Columbia,53.92569797,-128.7530518,--,2024-09-09
2,https://www.gem.wiki/Kitimat_LNG_Terminal,Kitimat LNG Terminal,Export,Cancelled,Canada,6,mtpa,8.16,2029,Port of Kitimat,British Columbia,53.92569797,-128.7530518,--,2024-09-09
3,https://www.gem.wiki/Kitimat_LNG_Terminal,Kitimat LNG Terminal,Export,Cancelled,Canada,6,mtpa,8.16,2029,,,53.92569797,-128.7530518,--,2024-09-09
1,https://www.gem.wiki/Kitsault_LNG_Terminal,Kitsault LNG Terminal,Export,Cancelled,Canada,5,mtpa,6.8,--,Kitsault,British Columbia,55.466667,-129.483333,--,2024-09-09
2,https://www.gem.wiki/Kitsault_LNG_Terminal,Kitsault LNG Terminal,Export,Cancelled,Canada,5,mtpa,6.8,--,Kitsault,British Columbia,55.466667,-129.483333,--,2024-09-09
3,https://www.gem.wiki/Kitsault_LNG_Terminal,Kitsault LNG Terminal,Export,Cancelled,Canada,5,mtpa,6.8,--,Kitsault,British Columbia,55.466667,-129.483333,--,2024-09-09
4,https://www.gem.wiki/Kitsault_LNG_Terminal,Kitsault LNG Terminal,Export,Cancelled,Canada,5,mtpa,6.8,--,Kitsault,British Columbia,55.466667,-129.483333,--,2024-09-09
1,https://www.gem.wiki/LNG_Canada_Terminal,LNG Canada Terminal,Export,Construction,Canada,7,mtpa,9.52,2025,Kitimat,British Columbia,53.9245114,-128.7515172,8000000000,2024-09-06
2,https://www.gem.wiki/LNG_Canada_Terminal,LNG Canada Terminal,Export,Construction,Canada,7,mtpa,9.52,2025,Kitimat,British Columbia,53.9245114,-128.7515172,8000000000,2024-09-06
3,https://www.gem.wiki/LNG_Canada_Terminal,LNG Canada Terminal,Export,Proposed,Canada,7,mtpa,9.52,2025,Kitimat,British Columbia,53.9245114,-128.7515172,8000000000,2024-09-06
4,https://www.gem.wiki/LNG_Canada_Terminal,LNG Canada Terminal,Export,Proposed,Canada,7,mtpa,9.52,2025,Kitimat,British Columbia,53.9245114,-128.7515172,8000000000,2024-09-06
1,https://www.gem.wiki/Malahat_LNG_Terminal,Malahat LNG Terminal,Export,Cancelled,Canada,6,mtpa,8.16,--,Victoria,British Columbia,48.422,-123.365,--,2024-09-09
1,https://www.gem.wiki/NewTimes_Energy_LNG_Terminal,New Times Energy LNG Terminal,Export,Cancelled,Canada,4,mtpa,5.44,2019,Prince Rupert,British Columbia,54.312194,-130.327083,--,2024-09-09
2,https://www.gem.wiki/NewTimes_Energy_LNG_Terminal,New Times Energy LNG Terminal,Export,Cancelled,Canada,4,mtpa,5.44,2020,Prince Rupert,British Columbia,54.312194,-130.327083,--,2024-09-09
3,https://www.gem.wiki/NewTimes_Energy_LNG_Terminal,New Times Energy LNG Terminal,Export,Cancelled,Canada,4,mtpa,5.44,2021,Prince Rupert,British Columbia,54.312194,-130.327083,--,2024-09-09
1,https://www.gem.wiki/Nisga'a_LNG_Terminal,Nisga'a LNG Terminal,Export,Cancelled,Canada,,,--,--,Portland Inlet,British Columbia,54.733333,-130.4,--,2024-09-09
1,https://www.gem.wiki/Orca_FLNG_Terminal,Orca FLNG Terminal,Export,Cancelled,Canada,4,mtpa,5.44,2019,Prince Rupert,British Columbia,54.312194,-130.327083,--,2024-09-09
2,https://www.gem.wiki/Orca_FLNG_Terminal,Orca FLNG Terminal,Export,Cancelled,Canada,4,mtpa,5.44,2019,Prince Rupert,British Columbia,54.312194,-130.327083,--,2024-09-09
3,https://www.gem.wiki/Orca_FLNG_Terminal,Orca FLNG Terminal,Export,Cancelled,Canada,4,mtpa,5.44,2019,Prince Rupert,British Columbia,54.312194,-130.327083,--,2024-09-09
4,https://www.gem.wiki/Orca_FLNG_Terminal,Orca FLNG Terminal,Export,Cancelled,Canada,4,mtpa,5.44,2019,Prince Rupert,British Columbia,54.312194,-130.327083,--,2024-09-09
5,https://www.gem.wiki/Orca_FLNG_Terminal,Orca FLNG Terminal,Export,Cancelled,Canada,4,mtpa,5.44,2019,Prince Rupert,British Columbia,54.312194,-130.327083,--,2024-09-09
6,https://www.gem.wiki/Orca_FLNG_Terminal,Orca FLNG Terminal,Export,Cancelled,Canada,4,mtpa,5.44,2019,Prince Rupert,British Columbia,54.312194,-130.327083,--,2024-09-09
1,https://www.gem.wiki/Pacific_NorthWest_LNG_Terminal,Pacific Northwest LNG Terminal,Export,Cancelled,Canada,6,mtpa,8.16,--,Lelu Island,British Columbia,54.2,-130.289,--,2024-09-09
2,https://www.gem.wiki/Pacific_NorthWest_LNG_Terminal,Pacific Northwest LNG Terminal,Export,Cancelled,Canada,6,mtpa,8.16,--,Lelu Island,British Columbia,54.2,-130.289,--,2024-09-09
3,https://www.gem.wiki/Pacific_NorthWest_LNG_Terminal,Pacific Northwest LNG Terminal,Export,Cancelled,Canada,6,mtpa,8.16,--,Lelu Island,British Columbia,54.2,-130.289,--,2024-09-09
1,https://www.gem.wiki/Prince_Rupert_LNG_Terminal,Prince Rupert LNG Terminal,Export,Cancelled,Canada,7,mtpa,9.52,--,"Ridley Island, Prince Rupert",British Columbia,54.312194,-130.327083,--,2024-09-09
2,https://www.gem.wiki/Prince_Rupert_LNG_Terminal,Prince Rupert LNG Terminal,Export,Cancelled,Canada,7,mtpa,9.52,--,"Ridley Island, Prince Rupert",British Columbia,54.312194,-130.327083,--,2024-09-09
3,https://www.gem.wiki/Prince_Rupert_LNG_Terminal,Prince Rupert LNG Terminal,Export,Cancelled,Canada,7,mtpa,9.52,--,"Ridley Island, Prince Rupert",British Columbia,54.312194,-130.327083,--,2024-09-09
0,https://www.gem.wiki/Rabaska_LNG_Terminal,Rabaska LNG Terminal,Import,Cancelled,Canada,3.6,mtpa,4.9,--,Lévis,Quebec,46.8,-71.183333,--,2024-09-09
1,https://www.gem.wiki/Sarita_Bay_LNG_Terminal,Kwispaa LNG Terminal,Export,Cancelled,Canada,6,mtpa,8.16,--,Port Alberni,British Columbia,49.233889,-124.805,--,2024-09-09
2,https://www.gem.wiki/Sarita_Bay_LNG_Terminal,Kwispaa LNG Terminal,Export,Cancelled,Canada,6,mtpa,8.16,--,Port Alberni,British Columbia,49.233889,-124.805,--,2024-09-09
3,https://www.gem.wiki/Sarita_Bay_LNG_Terminal,Kwispaa LNG Terminal,Export,Cancelled,Canada,6,mtpa,8.16,--,Port Alberni,British Columbia,49.233889,-124.805,--,2024-09-09
4,https://www.gem.wiki/Sarita_Bay_LNG_Terminal,Kwispaa LNG Terminal,Export,Cancelled,Canada,6,mtpa,8.16,--,Port Alberni,British Columbia,49.233889,-124.805,--,2024-09-09
1,https://www.gem.wiki/Stewart_Energy_LNG_Terminal,Stewart Energy LNG Terminal,Export,Cancelled,Canada,5,mtpa,6.8,2025,Stewart,British Columbia,55.935833,-129.990833,--,2024-09-09
2,https://www.gem.wiki/Stewart_Energy_LNG_Terminal,Stewart Energy LNG Terminal,Export,Cancelled,Canada,1,mtpa,1.36,2025,Stewart,British Columbia,55.935833,-129.990833,--,2024-09-09
3,https://www.gem.wiki/Stewart_Energy_LNG_Terminal,Stewart Energy LNG Terminal,Export,Cancelled,Canada,1,mtpa,1.36,2025,Stewart,British Columbia,55.935833,-129.990833,--,2024-09-09
4,https://www.gem.wiki/Stewart_Energy_LNG_Terminal,Stewart Energy LNG Terminal,Export,Cancelled,Canada,1,mtpa,1.36,2025,Stewart,British Columbia,55.935833,-129.990833,--,2024-09-09
5,https://www.gem.wiki/Stewart_Energy_LNG_Terminal,Stewart Energy LNG Terminal,Export,Cancelled,Canada,1,mtpa,1.36,2025,Stewart,British Columbia,55.935833,-129.990833,--,2024-09-09
6,https://www.gem.wiki/Stewart_Energy_LNG_Terminal,Stewart Energy LNG Terminal,Export,Cancelled,Canada,1,mtpa,1.36,2025,Stewart,British Columbia,55.935833,-129.990833,--,2024-09-09
1,https://www.gem.wiki/Stolt_LNGaz_Terminal,Stolt LNGaz Terminal,Export,Cancelled,Canada,0.25,mtpa,0.34,2018,Bécancour,Quebec,46.333333,-72.433333,--,2024-09-09
2,https://www.gem.wiki/Stolt_LNGaz_Terminal,Stolt LNGaz Terminal,Export,Cancelled,Canada,0.25,mtpa,0.34,2018,Bécancour,Quebec,46.333333,-72.433333,--,2024-09-09
0,https://www.gem.wiki/Texada_LNG_Terminal,Texada LNG Terminal,Import,Cancelled,Canada,3.8,mtpa,5.17,--,Texada Island,British Columbia,49.666667,-124.416667,--,2024-09-09
1,https://www.gem.wiki/Triton_LNG_Export_Terminal,Triton LNG Export Terminal,Export,Cancelled,Canada,2.3,mtpa,3.13,--,Douglas Channel,British Columbia,53.666667,-129.133333,--,2024-09-09
1,https://www.gem.wiki/Watson_Island_LNG_Terminal,Watson Island LNG Terminal,Export,Cancelled,Canada,1,mtpa,1.36,--,Prince Rupert,British Columbia,54.312194,-130.327083,--,2024-09-09
1,https://www.gem.wiki/WCC_LNG_Terminal,WCC LNG Terminal,Export,Cancelled,Canada,5,mtpa,6.8,--,"Tuck Inlet, Prince Rupert",British Columbia,54.312194,-130.327083,--,2024-09-09
2,https://www.gem.wiki/WCC_LNG_Terminal,WCC LNG Terminal,Export,Cancelled,Canada,5,mtpa,6.8,--,"Tuck Inlet, Prince Rupert",British Columbia,54.312194,-130.327083,--,2024-09-09
3,https://www.gem.wiki/WCC_LNG_Terminal,WCC LNG Terminal,Export,Cancelled,Canada,5,mtpa,6.8,--,"Tuck Inlet, Prince Rupert",British Columbia,54.312194,-130.327083,--,2024-09-09
4,https://www.gem.wiki/WCC_LNG_Terminal,WCC LNG Terminal,Export,Cancelled,Canada,5,mtpa,6.8,--,"Tuck Inlet, Prince Rupert",British Columbia,54.312194,-130.327083,--,2024-09-09
5,https://www.gem.wiki/WCC_LNG_Terminal,WCC LNG Terminal,Export,Cancelled,Canada,5,mtpa,6.8,--,"Tuck Inlet, Prince Rupert",British Columbia,54.312194,-130.327083,--,2024-09-09
6,https://www.gem.wiki/WCC_LNG_Terminal,WCC LNG Terminal,Export,Cancelled,Canada,5,mtpa,6.8,--,"Tuck Inlet, Prince Rupert",British Columbia,54.312194,-130.327083,--,2024-09-09
1,https://www.gem.wiki/Woodfibre_LNG_Terminal,Woodfibre LNG Terminal,Export,Construction,Canada,2.1,mtpa,2.86,2027,Squamish,British Columbia,49.701722,-123.15875,5100000000,2024-09-09
0,https://www.gem.wiki/Binzhou_Changlian_LNG_Terminal,Binzhou Changlian LNG Terminal,Import,Cancelled,China,2,mtpa,2.72,--,,Shandong,38.220664,118.102097,--,2024-02-12
0,https://www.gem.wiki/Chaozhou_LNG_Terminal_(Huafeng),Chaozhou LNG Terminal (Huafeng),Import,Construction,China,1,mtpa,1.36,2022,Raoping Dacheng Town,Guangdong,23.576582,117.122439,--,2024-02-14
1,https://www.gem.wiki/Chaozhou_LNG_Terminal_(Huafeng),Chaozhou LNG Terminal (Huafeng),Import,Shelved,China,3,mtpa,4.08,--,Raoping SuochengTown,Guangdong,23.576582,117.122439,--,2024-02-14
0,https://www.gem.wiki/Chengmai_LNG_Terminal,Chengmai LNG Terminal,Import,Cancelled,China,12,mtpa,16.32,--,"Chengmai, Qiaotou Town",Hainan,19.977497,109.953888,--,2024-01-18
0,https://www.gem.wiki/Dalian_LNG_Terminal,Dalian LNG Terminal,Import,Operating,China,10,mtpa,13.6,2011,Nianyu Bay,Liaoning,38.9604,121.8841,--,2024-01-29
0,https://www.gem.wiki/Fangchenggang_LNG_Terminal,Fangchenggang LNG Terminal,Import,Operating,China,0.6,mtpa,0.82,2019,,Guangxi,21.58857311,108.3547283,--,2024-01-18
1,https://www.gem.wiki/Fangchenggang_LNG_Terminal,Fangchenggang LNG Terminal,Import,Shelved,China,0.4,mtpa,0.54,--,,Guangxi,21.58857311,108.3547283,--,2024-01-18
0,https://www.gem.wiki/Fujian_LNG_Terminal,Fujian LNG Terminal,Import,Operating,China,5.2,mtpa,7.07,2009,Xiuyu,Fujian,25.2135,118.9983,--,2024-01-17
1,https://www.gem.wiki/Fujian_LNG_Terminal,Fujian LNG Terminal,Import,Operating,China,1.3,mtpa,1.77,2019,Xiuyu,Fujian,25.2135,118.9983,--,2024-01-17
0,https://www.gem.wiki/Fuqing_LNG_Terminal,Fuqing LNG Terminal,Import,Proposed,China,3,mtpa,4.08,--,Donghan Town,Fujian,25.3425952,119.5897406,623800000,2024-01-17
0,https://www.gem.wiki/Ganyu_LNG_Terminal,Ganyu LNG Terminal,Import,Construction,China,3,mtpa,4.08,2026,Ganyu,Jiangsu,35.027561,119.296956,--,2024-02-07
0,https://www.gem.wiki/Guangdong_Dapeng_LNG_Terminal,Guangdong Dapeng LNG Terminal,Import,Operating,China,7.7,mtpa,10.47,2006,Dapeng Bay,Guangdong,22.5796,114.4345,--,2024-02-14
1,https://www.gem.wiki/Guangdong_Dapeng_LNG_Terminal,Guangdong Dapeng LNG Terminal,Import,Proposed,China,,,--,--,Dapeng Bay,Guangdong,22.5796,114.4345,--,2024-02-14
0,https://www.gem.wiki/Guangxi_LNG_Terminal,Guangxi LNG Terminal,Import,Operating,China,3,mtpa,4.08,2016,Tieshan Port,Guangxi,21.448966,109.531699,2800000000,2024-01-18
1,https://www.gem.wiki/Guangxi_LNG_Terminal,Guangxi LNG Terminal,Import,Construction,China,3.1,mtpa,4.22,--,Tieshan Port,Guangxi,21.448966,109.531699,--,2024-01-18
2,https://www.gem.wiki/Guangxi_LNG_Terminal,Guangxi LNG Terminal,Import,Construction,China,6,mtpa,8.16,2024,Tieshan Port,Guangxi,21.45062981,109.5253685,--,2024-01-18
0,https://www.gem.wiki/Hainan_LNG_Terminal,Hainan LNG Terminal,Import,Operating,China,3,mtpa,4.08,2014,Yangpu Economic Development Zone,Hainan,19.722623,109.180655,--,2024-01-18
1,https://www.gem.wiki/Hainan_LNG_Terminal,Hainan LNG Terminal,Import,Proposed,China,3,mtpa,4.08,2018,Yangpu Economic Development Zone,Hainan,19.722623,109.180655,--,2024-01-18
0,https://www.gem.wiki/Hong_Kong_FSRU,Hong Kong FSRU,Import,Operating,Hong Kong,6.1,mtpa,8.3,2023,Soko Islands,Hong Kong,22.15426872,113.9637415,1000000000,2024-08-26
0,https://www.gem.wiki/Hongmei_LNG_Terminal,Hongmei LNG Terminal,Import,Operating,China,1.5,mtpa,2.04,2012,Hongmei Town,Guangdong,22.953596,113.556552,--,2024-02-14
0,https://www.gem.wiki/Jiangmen_LNG_Terminal,Jiangmen LNG Terminal,Import,Shelved,China,3,mtpa,4.08,--,Guanghai Bay,Guangdong,21.876111,112.88815,--,2024-02-15
2,https://www.gem.wiki/Jiangmen_LNG_Terminal,Jiangmen LNG Terminal,Import,Shelved,China,6,mtpa,8.16,--,Guanghai Bay,Guangdong,21.876111,112.88815,--,2024-02-15
0,https://www.gem.wiki/Jiangsu_LNG_Terminal,Jiangsu LNG Terminal,Import,Operating,China,3.5,mtpa,4.76,2011,Rudong,Jiangsu,32.528814,121.428128,--,2024-02-07
1,https://www.gem.wiki/Jiangsu_LNG_Terminal,Jiangsu LNG Terminal,Import,Operating,China,3.5,mtpa,4.76,2015,Rudong,Jiangsu,32.528814,121.428128,--,2024-02-07
2,https://www.gem.wiki/Jiangsu_LNG_Terminal,Jiangsu LNG Terminal,Import,Operating,China,3.5,mtpa,4.76,2021,Rudong,Jiangsu,32.528814,121.428128,--,2024-02-07
3,https://www.gem.wiki/Jiangsu_LNG_Terminal,Jiangsu LNG Terminal,Import,Proposed,China,0,mtpa,0,--,Rudong,Jiangsu,32.528814,121.428128,--,2024-02-07
0,https://www.gem.wiki/Jiangyin_LNG_Terminal_(Hanas),Jiangyin LNG Terminal (Hanas),Import,Cancelled,China,3,mtpa,4.08,--,Jiangyin,Jiangsu,31.932055,120.108718,--,2024-02-07
0,https://www.gem.wiki/Jiangyin_LNG_Terminal_(Zhongtian_Energy),Jiangyin LNG Terminal (Zhongtian Energy),Import,Shelved,China,2,mtpa,2.72,2021,Jiangyin,Jiangsu,31.9265543,120.1294682,--,2024-02-01
0,https://www.gem.wiki/Jieyang_LNG_Terminal_(PipeChina),Jieyang LNG Terminal (PipeChina),Import,Operating,China,2,mtpa,2.72,2017,Huilai,Guangdong,22.934479,116.371427,--,2024-02-14
0,https://www.gem.wiki/Lianyungang_LNG_Terminal,Lianyungang LNG Terminal,Import,Cancelled,China,3,mtpa,4.08,--,,Jiangsu,32.526845,121.412712,--,2024-02-01
0,https://www.gem.wiki/Penglai_LNG_Terminal,Penglai LNG Terminal,Import,Shelved,China,2.8,mtpa,3.81,2026,Penglai,Shandong,37.776013,120.612407,--,2024-02-12
0,https://www.gem.wiki/Putian_LNG_Terminal,Putian LNG Terminal,Import,Proposed,China,5.65,mtpa,7.68,2026,"Port of Meizhou, Meizhou Bai",Fujian,25.10380917,119.0719378,841600000,2024-01-17
1,https://www.gem.wiki/Putian_LNG_Terminal,Putian LNG Terminal,Import,Proposed,China,4.35,mtpa,5.92,--,"Port of Meizhou, Meizhou Bai",Fujian,25.10380917,119.0719378,--,2024-01-17
0,https://www.gem.wiki/Qidong_LNG_Terminal,Qidong LNG Terminal,Import,Operating,China,1.15,mtpa,1.56,2017,Qidong,Jiangsu,32.041846,121.746907,--,2024-02-01
1,https://www.gem.wiki/Qidong_LNG_Terminal,Qidong LNG Terminal,Import,Operating,China,1.43,mtpa,1.94,2020,Qidong,Jiangsu,32.041846,121.746907,--,2024-02-01
2,https://www.gem.wiki/Qidong_LNG_Terminal,Qidong LNG Terminal,Import,Operating,China,1.43,mtpa,1.94,2022,Qidong,Jiangsu,32.041846,121.746907,--,2024-02-01
3,https://www.gem.wiki/Qidong_LNG_Terminal,Qidong LNG Terminal,Import,Operating,China,1,mtpa,1.36,2023,Qidong,Jiangsu,32.041846,121.746907,--,2024-02-01
0,https://www.gem.wiki/Qinzhou_LNG_Terminal,Qinzhou LNG Terminal,Import,Proposed,China,4,mtpa,5.44,--,Qinzhou,Guangxi,21.95,108.616667,--,2024-01-18
0,https://www.gem.wiki/Rizhao_LNG_Terminal,Rizhao LNG Terminal,Import,Cancelled,China,2,mtpa,2.72,2026,Lanshan,Shandong,35.11435496,119.423449,--,2024-02-12
1,https://www.gem.wiki/Rizhao_LNG_Terminal,Rizhao LNG Terminal,Import,Cancelled,China,6,mtpa,8.16,--,Rizhao,Shandong,35.11435496,119.423449,--,2024-02-12
2,https://www.gem.wiki/Rizhao_LNG_Terminal,Rizhao LNG Terminal,Import,Shelved,China,5,mtpa,6.8,2026,Lanshan,Shandong,35.11435496,119.423449,1072000000,2024-01-31
0,https://www.gem.wiki/Rudong_LNG_Terminal,Rudong LNG Terminal,Import,Construction,China,3,mtpa,4.08,--,Rudong,Jiangsu,32.526845,121.412712,--,2024-02-07
0,https://www.gem.wiki/Shandong_LNG_Terminal,Shandong LNG Terminal,Import,Operating,China,3,mtpa,4.08,2014,Dongjiakou,Shandong,35.58624,119.759685,--,2024-01-30
1,https://www.gem.wiki/Shandong_LNG_Terminal,Shandong LNG Terminal,Import,Operating,China,4,mtpa,5.44,2021,Dongjiakou,Shandong,35.58624,119.759685,--,2024-01-30
2,https://www.gem.wiki/Shandong_LNG_Terminal,Shandong LNG Terminal,Import,Operating,China,4,mtpa,5.44,2023,Dongjiakou,Shandong,35.58624,119.759685,--,2024-01-30
0,https://www.gem.wiki/Shanghai_Yangshan_LNG_Terminal,Shanghai Yangshan LNG Terminal,Import,Operating,China,3,mtpa,4.08,2009,Yangshan Deepwater Port,Zhejiang,30.60437,122.10244,--,2024-02-02
1,https://www.gem.wiki/Shanghai_Yangshan_LNG_Terminal,Shanghai Yangshan LNG Terminal,Import,Operating,China,3,mtpa,4.08,2020,Shengsi County Yangshan Town,Zhejiang,30.6036,122.111616,--,2024-02-02
2,https://www.gem.wiki/Shanghai_Yangshan_LNG_Terminal,Shanghai Yangshan LNG Terminal,Import,Construction,China,6,mtpa,8.16,--,Shengsi County Yangshan Town,Zhejiang,30.603601,122.1136925,--,2024-02-02
0,https://www.gem.wiki/Shantou_LNG_Terminal,Shantou LNG Terminal,Import,Proposed,China,3,mtpa,4.08,--,Haojiang Guang’ao Island,Guangdong,23.2256286,116.7944804,--,2024-02-15
0,https://www.gem.wiki/Shenzhen_Diefu_CNOOC_LNG_Terminal,Shenzhen Diefu CNOOC LNG Terminal,Import,Operating,China,4,mtpa,5.44,2018,Diefu Dapeng Bay,Guangdong,22.593039,114.444262,--,2024-02-14
0,https://www.gem.wiki/Shenzhen_LNG_Terminal,Shenzhen LNG Terminal,Import,Construction,China,3,mtpa,4.08,2024,Longgang Dapeng,Guangdong,22.594055,114.4283,--,2024-02-14
0,https://www.gem.wiki/Tangshan_LNG_Terminal,Tangshan LNG Terminal,Import,Operating,China,6.5,mtpa,8.84,2013,Caofeidian Industrial Zone,Hebei,38.9331,118.5329,--,2024-01-24
1,https://www.gem.wiki/Tangshan_LNG_Terminal,Tangshan LNG Terminal,Import,Operating,China,3.5,mtpa,4.76,2021,Caofeidian Industrial Zone,Hebei,38.9331,118.5329,--,2024-01-24
0,https://www.gem.wiki/Tianjin_LNG_Terminal_(PipeChina),Tianjin LNG Terminal (PipeChina),Import,Retired,China,2.2,mtpa,2.99,2013,Nangang,Tianjin,38.975833,117.7875,--,2024-02-06
1,https://www.gem.wiki/Tianjin_LNG_Terminal_(PipeChina),Tianjin LNG Terminal (PipeChina),Import,Operating,China,6,mtpa,8.16,2023,Nangang,Tianjin,38.975833,117.7875,--,2024-02-02
2,https://www.gem.wiki/Tianjin_LNG_Terminal_(PipeChina),Tianjin LNG Terminal (PipeChina),Import,Construction,China,4,mtpa,5.44,--,Nangang,Tianjin,38.975833,117.7875,--,2024-02-02
0,https://www.gem.wiki/Tianjin_LNG_Terminal_(Sinopec),Tianjin LNG Terminal (Sinopec),Import,Operating,China,6,mtpa,8.16,2018,Nangang,Tianjin,38.749154,117.714895,--,2024-02-02
1,https://www.gem.wiki/Tianjin_LNG_Terminal_(Sinopec),Tianjin LNG Terminal (Sinopec),Import,Operating,China,4.8,mtpa,6.53,2023,Nangang,Tianjin,38.749154,117.714895,--,2024-02-02
2,https://www.gem.wiki/Tianjin_LNG_Terminal_(Sinopec),Tianjin LNG Terminal (Sinopec),Import,Construction,China,0.85,mtpa,1.16,--,Nangang,Tianjin,38.749154,117.714895,--,2024-02-02
0,https://www.gem.wiki/Wenzhou_LNG_Terminal,Wenzhou LNG Terminal,Import,Operating,China,3,mtpa,4.08,2023,Pingyang,Zhejiang,28.004918,121.083173,1431360000,2024-02-07
0,https://www.gem.wiki/West_Guangdong_LNG_Terminal,West Guangdong LNG Terminal,Import,Cancelled,China,3,mtpa,4.08,--,Bohe New Port,Guangdong,21.409594,111.28753,--,2024-02-15
1,https://www.gem.wiki/West_Guangdong_LNG_Terminal,West Guangdong LNG Terminal,Import,Proposed,China,3,mtpa,4.08,--,Bohe Port,Guangdong,21.409594,111.28753,--,2024-01-18
0,https://www.gem.wiki/Wuhaogou_LNG_Storage_Facility,Wuhaogou LNG Storage Facility,Import,Operating,China,1.5,mtpa,2.04,2008,Caolu Town,Shanghai,31.293674,121.707193,--,2024-02-12
0,https://www.gem.wiki/Wuhu_LNG_Terminal,Wuhu LNG Terminal,Import,Construction,China,1.5,mtpa,2.04,--,,Anhui,31.21557803,118.1084944,928000000,2024-01-17
0,https://www.gem.wiki/Yancheng_LNG_Terminal,Yancheng LNG Terminal,Import,Operating,China,3,mtpa,4.08,2022,Binhai,Jiangsu,34.274036,120.268185,--,2024-02-01
1,https://www.gem.wiki/Yancheng_LNG_Terminal,Yancheng LNG Terminal,Import,Construction,China,3,mtpa,4.08,2023,Binhai,Jiangsu,34.274036,120.268185,--,2024-02-01
0,https://www.gem.wiki/Yantai_LNG_Terminal,Yantai LNG Terminal,Import,Construction,China,5.9,mtpa,8.02,2024,Fushan Dajijia Town,Shandong,37.722118,121.046283,1330560000,2024-01-31
1,https://www.gem.wiki/Yantai_LNG_Terminal,Yantai LNG Terminal,Import,Proposed,China,5,mtpa,6.8,--,Fushan Dajijia Town,Shandong,37.722118,121.046283,--,2024-01-31
0,https://www.gem.wiki/Yingkou_LNG_Terminal,Yingkou LNG Terminal,Import,Construction,China,6.2,mtpa,8.43,2025,Gaizhou,Liaoning,40.1988392,121.977137,--,2024-01-29
0,https://www.gem.wiki/Zhangzhou_LNG_Terminal,Zhangzhou LNG Terminal,Import,Construction,China,3,mtpa,4.08,2024,Longhai,Fujian,24.265361,118.1276,--,2024-09-11
0,https://www.gem.wiki/Zhejiang_Ningbo_LNG_Terminal,Zhejiang Ningbo LNG Terminal,Import,Operating,China,3,mtpa,4.08,2012,Beilun,Zhejiang,29.893989,122.091771,--,2024-02-02
1,https://www.gem.wiki/Zhejiang_Ningbo_LNG_Terminal,Zhejiang Ningbo LNG Terminal,Import,Operating,China,3,mtpa,4.08,2020,Beilun,Zhejiang,29.893989,122.091771,--,2024-02-02
2,https://www.gem.wiki/Zhejiang_Ningbo_LNG_Terminal,Zhejiang Ningbo LNG Terminal,Import,Construction,China,6,mtpa,8.16,2025,Beilun,Zhejiang,29.893989,122.091771,--,2024-02-02
0,https://www.gem.wiki/Zhoushan_LNG_Terminal,Zhoushan LNG Terminal,Import,Operating,China,3,mtpa,4.08,2018,Dinghai Beichan,Zhejiang,30.100617,122.282508,--,2024-02-08
1,https://www.gem.wiki/Zhoushan_LNG_Terminal,Zhoushan LNG Terminal,Import,Operating,China,2,mtpa,2.72,2022,Dinghai Beichan,Zhejiang,30.100617,122.282508,--,2024-02-07
2,https://www.gem.wiki/Zhoushan_LNG_Terminal,Zhoushan LNG Terminal,Import,Construction,China,5,mtpa,6.8,2025,Dinghai Beichan,Zhejiang,30.100617,122.282508,--,2024-02-07
0,https://www.gem.wiki/Zhuhai_Huangmaodao_LNG_Terminal,Zhuhai Huangmaodao LNG Terminal,Import,Cancelled,China,6,mtpa,8.16,--,Huangmao Island,Guangdong,22.038428,113.665254,--,2024-02-15
0,https://www.gem.wiki/Zhuhai_LNG_Terminal,Zhuhai LNG Terminal,Import,Operating,China,3.5,mtpa,4.76,2013,Gaolan Island,Guangdong,21.90599,113.219326,--,2024-02-14
1,https://www.gem.wiki/Zhuhai_LNG_Terminal,Zhuhai LNG Terminal,Import,Construction,China,3.5,mtpa,4.76,2024,Gaolan Island,Guangdong,21.90599,113.219326,--,2024-02-14
0,https://www.gem.wiki/Eagle_FSRU,Eagle FSRU,Import,Cancelled,Albania,8.1,mtpa,11.02,--,Levan,,40.683333,19.483333,1090000000,2024-07-26
0,https://www.gem.wiki/Fluxys_Zeebrugge_LNG_Terminal,Zeebrugge LNG Terminal,Import,Operating,Belgium,6.6,mtpa,8.98,1987,Zeebrugge,West Flanders,51.353,3.22241,--,2024-07-31
1,https://www.gem.wiki/Fluxys_Zeebrugge_LNG_Terminal,Zeebrugge LNG Terminal,Import,Operating,Belgium,4.7,mtpa,6.39,2024,Zeebrugge,West Flanders,51.353,3.22241,126440000,2024-07-31
2,https://www.gem.wiki/Fluxys_Zeebrugge_LNG_Terminal,Zeebrugge LNG Terminal,Import,Construction,Belgium,1.3,mtpa,1.77,2026,Zeebrugge,West Flanders,51.353,3.22241,--,2024-07-31
0,https://www.gem.wiki/Dahej_LNG_Terminal,Dahej LNG Terminal,Import,Operating,India,15,mtpa,20.4,2004,Dahej,Gujarat,21.6746,72.536,--,2024-06-14
1,https://www.gem.wiki/Dahej_LNG_Terminal,Dahej LNG Terminal,Import,Operating,India,2.5,mtpa,3.4,2019,Dahej,Gujarat,21.6746,72.536,--,2024-06-14
2,https://www.gem.wiki/Dahej_LNG_Terminal,Dahej LNG Terminal,Import,Construction,India,5,mtpa,6.8,2025,Dahej,Gujarat,21.6746,72.536,--,2024-06-14
0,https://www.gem.wiki/Adria_LNG_Terminal,Adria LNG Terminal,Import,Cancelled,Croatia,7,mtpa,9.52,--,"Omišalj, Krk Island",Primorje-Gorski Kotar,45.211944,14.554167,--,2024-07-26
0,https://www.gem.wiki/Dabhol_LNG_Terminal,Dabhol LNG Terminal,Import,Operating,India,5,mtpa,6.8,2013,Ratnagiri,Maharashtra,17.54,73.16,--,2024-06-14
1,https://www.gem.wiki/Dabhol_LNG_Terminal,Dabhol LNG Terminal,Import,Proposed,India,7,mtpa,9.52,2030,Ratnagiri,Maharashtra,17.54,73.16,--,2024-06-14
2,https://www.gem.wiki/Dabhol_LNG_Terminal,Dabhol LNG Terminal,Import,Construction,India,3,mtpa,4.08,2024,Ratnagiri,Maharashtra,17.54,73.16,--,2024-06-14
0,https://www.gem.wiki/Krk_FSRU,Krk FSRU,Import,Operating,Croatia,2.6,bcm/y,2.6,2021,"Omišalj, Krk Island",Primorje-Gorski Kotar,45.188543,14.545081,254624000,2024-07-26
1,https://www.gem.wiki/Krk_FSRU,Krk FSRU,Import,Operating,Croatia,0.3,bcm/y,0.3,2022,"Omišalj, Krk Island",Primorje-Gorski Kotar,45.188543,14.545081,0,2024-07-26
2,https://www.gem.wiki/Krk_FSRU,Krk FSRU,Import,Construction,Croatia,3.2,bcm/y,3.2,2025,"Omišalj, Krk Island",Primorje-Gorski Kotar,45.188543,14.545081,27250000,2024-07-26
0,https://www.gem.wiki/Dhamra_LNG_Terminal,Dhamra LNG Terminal,Import,Operating,India,5,mtpa,6.8,2023,Dhamra Port,Odisha,20.821109,86.9652643,--,2024-06-14
3,https://www.gem.wiki/Krk_FSRU,Krk FSRU,Import,Proposed,Croatia,4.1,bcm/y,4.1,2030,"Omišalj, Krk Island",Primorje-Gorski Kotar,45.188543,14.545081,--,2024-07-26
0,https://www.gem.wiki/Cyprus_LNG_Terminal,Cyprus LNG Terminal,Import,Construction,Cyprus,2,mtpa,2.72,2024,Vasilikos,Larnaca,34.720244,33.32384,590780000,2024-06-04
1,https://www.gem.wiki/Cyprus_LNG_Terminal,Cyprus LNG Terminal,Export,Cancelled,Cyprus,0.63,mtpa,0.86,2021,Vasilikos,Larnaca,34.720244,33.32384,750000000,2024-06-04
2,https://www.gem.wiki/Cyprus_LNG_Terminal,Cyprus LNG Terminal,Export,Cancelled,Cyprus,0.63,mtpa,0.86,2021,Vasilikos,Larnaca,34.720244,33.32384,750000000,2024-06-04
3,https://www.gem.wiki/Cyprus_LNG_Terminal,Cyprus LNG Terminal,Export,Cancelled,Cyprus,0.63,mtpa,0.86,2021,Vasilikos,Larnaca,34.720244,33.32384,750000000,2024-06-04
4,https://www.gem.wiki/Cyprus_LNG_Terminal,Cyprus LNG Terminal,Export,Cancelled,Cyprus,0.63,mtpa,0.86,2021,Vasilikos,Larnaca,34.720244,33.32384,750000000,2024-06-04
5,https://www.gem.wiki/Cyprus_LNG_Terminal,Cyprus LNG Terminal,Export,Cancelled,Cyprus,0.63,mtpa,0.86,2021,Vasilikos,Larnaca,34.720244,33.32384,750000000,2024-06-01
6,https://www.gem.wiki/Cyprus_LNG_Terminal,Cyprus LNG Terminal,Export,Cancelled,Cyprus,0.63,mtpa,0.86,2021,Vasilikos,Larnaca,34.720244,33.32384,750000000,2024-06-04
7,https://www.gem.wiki/Cyprus_LNG_Terminal,Cyprus LNG Terminal,Export,Cancelled,Cyprus,0.63,mtpa,0.86,2021,Vasilikos,Larnaca,34.720244,33.32384,750000000,2024-06-04
8,https://www.gem.wiki/Cyprus_LNG_Terminal,Cyprus LNG Terminal,Export,Cancelled,Cyprus,0.63,mtpa,0.86,2021,Vasilikos,Larnaca,34.720244,33.32384,750000000,2024-06-04
0,https://www.gem.wiki/Gangavaram_LNG_Terminal,Gangavaram LNG Terminal,Import,Shelved,India,10,mtpa,13.6,--,Gangavaram Port,Andhra Pradesh,17.616667,83.233333,--,2024-06-20
0,https://www.gem.wiki/Paldiski_LNG_Terminal,Paldiski LNG Terminal,Import,Shelved,Estonia,2.5,bcm/y,2.5,2025,,Harju,59.38445,24.07494,436000000,2024-07-23
0,https://www.gem.wiki/Haldia_LNG_Terminal,Haldia LNG Terminal,Import,Cancelled,India,1,mtpa,1.36,2020,"Haldia dock, Kolkata port",West Bengal,22.033333,88.1,195000000,2024-06-20
0,https://www.gem.wiki/Tallinn_LNG_Terminal,Tallinn LNG Terminal,Import,Proposed,Estonia,4,bcm/y,4,--,Muuga Harbour,Harju,59.50601,25.0045,272500000,2024-07-23
0,https://www.gem.wiki/Digha_FSRU,Digha FSRU,Import,Cancelled,India,3,mtpa,4.08,2020,Digha,West Bengal,21.68,87.55,--,2024-06-20
0,https://www.gem.wiki/Hamina_LNG_Terminal,Hamina LNG Terminal,Import,Operating,Finland,6000,MWh/d,0.22,2022,Port of Hamina,Kymenlaakso,60.5183139,27.1608198,109000000,2024-07-24
0,https://www.gem.wiki/Hazira_LNG_Terminal,Hazira LNG Terminal,Import,Operating,India,5,mtpa,6.8,2005,Hazira Port,Gujarat,21.098,72.624,--,2024-06-18
1,https://www.gem.wiki/Hazira_LNG_Terminal,Hazira LNG Terminal,Import,Cancelled,India,5,mtpa,6.8,--,Hazira Port,Gujarat,21.098,72.624,--,2024-06-18
0,https://www.gem.wiki/Pori_LNG_Terminal,Pori LNG Terminal,Import,Operating,Finland,0.1,mtpa,0.14,2016,Port of Tahkoluoto,Satakunta,61.63817,21.39881,88000000,2024-07-24
0,https://www.gem.wiki/Hazira_FSRU,Hazira FSRU,Import,Cancelled,India,5,mtpa,6.8,--,Hazira Port,Gujarat,21.098,72.624,--,2024-06-20
0,https://www.gem.wiki/Southern_Finland_LNG_Terminal,Southern Finland LNG Terminal,Import,Cancelled,Finland,,,--,--,,Uusimaa,60.01371,23.95714,--,2024-07-24
0,https://www.gem.wiki/Jaigarh_LNG_Terminal,Jaigarh LNG Terminal,Import,Construction,India,6,mtpa,8.16,2022,Jaigarh Port,Maharashtra,17.3040113,73.2061395,--,2024-06-14
1,https://www.gem.wiki/Jaigarh_LNG_Terminal,Jaigarh LNG Terminal,Import,Proposed,India,8,mtpa,10.88,--,Jaigarh Port,Maharashtra,17.3040113,73.2061395,--,2024-06-14
0,https://www.gem.wiki/Tornio_Manga_LNG_Terminal,Tornio Manga LNG Terminal,Import,Operating,Finland,0.4,mtpa,0.54,2019,"Tornio harbour, Port of Röyttä,",,65.847366,24.152152,--,2024-07-24
0,https://www.gem.wiki/GAIL_Kakinada_FSRU,GAIL Kakinada FSRU,Import,Cancelled,India,5,mtpa,6.8,--,Kakinada Port,Andhra Pradesh,16.975,82.279,--,2024-06-20
0,https://www.gem.wiki/Dunkirk_LNG_Terminal,Dunkirk LNG Terminal,Import,Operating,France,13,bcm/y,13,2017,Dunkirk,Hauts-de-France,51.03361,2.19653,--,2024-09-10
1,https://www.gem.wiki/Dunkirk_LNG_Terminal,Dunkirk LNG Terminal,Import,Operating,France,0,mtpa,0,2023,Dunkirk,Hauts-de-France,51.03361,2.19653,--,2024-09-10
0,https://www.gem.wiki/Kochi_LNG_Terminal,Kochi LNG Terminal,Import,Operating,India,5,mtpa,6.8,2013,Puthuvype,Kerala,9.9787,76.2261,--,2024-06-18
0,https://www.gem.wiki/Fos_Cavaou_LNG_Terminal,Fos Cavaou LNG Terminal,Import,Operating,France,12,bcm/y,12,2010,Fos-sur-Mer,Provence-Alpes-Côte d'Azur,43.41963,4.90102,--,2024-09-10
1,https://www.gem.wiki/Fos_Cavaou_LNG_Terminal,Fos Cavaou LNG Terminal,Import,Operating,France,0,bcm/y,0,2022,Fos-sur-Mer,Provence-Alpes-Côte d'Azur,43.41963,4.90102,--,2024-09-10
2,https://www.gem.wiki/Fos_Cavaou_LNG_Terminal,Fos Cavaou LNG Terminal,Import,Proposed,France,5.5,bcm/y,5.5,--,Fos-sur-Mer,Provence-Alpes-Côte d'Azur,43.41963,4.90102,--,2024-09-10
0,https://www.gem.wiki/Krishna_Godavari_FSRU,Krishna Godavari FSRU,Import,Cancelled,India,4.7,mtpa,6.39,--,Kakinada deepwater port,Andhra Pradesh,16.975,82.279,--,2024-06-20
0,https://www.gem.wiki/Fos_Lavera_Marseille_LNG_Terminal,Fos Lavera Marseille LNG Terminal,Import,Cancelled,France,5.4,mtpa,7.34,--,Fos-sur-Mer,Provence-Alpes-Côte d'Azur,43.40705,4.87237,--,2024-09-10
0,https://www.gem.wiki/BPCL_Mangalore_LNG_Terminal,BPCL Mangalore LNG Terminal,Import,Cancelled,India,5,mtpa,6.8,--,Mangalore,Karnataka,12.9331432,74.8163583,--,2024-06-20
0,https://www.gem.wiki/Fos_Tonkin_LNG_Terminal,Fos Tonkin LNG Terminal,Import,Operating,France,1.2,mtpa,1.63,1972,Fos-sur-Mer,Provence-Alpes-Côte d'Azur,43.454,4.85167,--,2024-09-10
0,https://www.gem.wiki/Karwar_FSRU,Karwar FSRU,Import,Cancelled,India,7,mtpa,9.52,2018,Karwar,Karnataka,14.82,74.135,--,2024-06-20
0,https://www.gem.wiki/Le_Havre-Antifer_LNG_Terminal,Le Havre-Antifer LNG Terminal,Import,Cancelled,France,7,mtpa,9.52,--,Le Havre-Antifer oil refinery,Normandy,49.65782,0.15421,--,2024-09-10
0,https://www.gem.wiki/Mundra_LNG_Terminal,Mundra LNG Terminal,Import,Operating,India,5,mtpa,6.8,2020,Mundra Port,Gujarat,22.7374322,69.6668651,--,2024-06-18
0,https://www.gem.wiki/Montoir_LNG_Terminal,Montoir LNG Terminal,Import,Operating,France,8,mtpa,10.88,1980,Montoir-de-Bretagne,Pays de la Loire,47.30296,-2.14278,--,2024-09-10
1,https://www.gem.wiki/Montoir_LNG_Terminal,Montoir LNG Terminal,Import,Proposed,France,2.5,bcm/y,2.5,2023,Montoir-de-Bretagne,Pays de la Loire,47.30296,-2.14278,545000000,2024-09-10
0,https://www.gem.wiki/Jafrabad_FSRU,Jafrabad FSRU,Import,Construction,India,5,mtpa,6.8,2022,Jafrabad,Gujarat,20.8667,71.3667,--,2024-06-14
1,https://www.gem.wiki/Jafrabad_FSRU,Jafrabad FSRU,Import,Proposed,India,5,mtpa,6.8,--,Jafrabad,Gujarat,20.8667,71.3667,--,2024-06-14
0,https://www.gem.wiki/Wilhelmshaven_FSRU,Wilhelmshaven FSRU,Import,Operating,Germany,5.7,mtpa,7.75,2023,Wilhelmshaven,Lower Saxony,53.516667,8.133333,490500000,2024-08-01
0,https://www.gem.wiki/Chita_Kyodo_LNG_Terminal,Chita Kyodo LNG Terminal,Import,Operating,Japan,7.5,mtpa,10.2,1977,Chita,Chūbu,34.96664,136.82288,--,2024-08-26
0,https://www.gem.wiki/Brunsbüttel_FSRU,Brunsbüttel FSRU,Import,Operating,Germany,5,bcm/y,5,2023,Brunsbüttel,Hamburg,53.9140009,8.9760945,1090000000,2024-08-01
0,https://www.gem.wiki/Chita_LNG_Terminal,Chita LNG Terminal,Import,Operating,Japan,10.9,mtpa,14.82,1977,Chita,Chūbu,34.96826,136.82721,--,2024-08-26
0,https://www.gem.wiki/Revithoussa_LNG_Terminal,Revithoussa LNG Terminal,Import,Operating,Greece,5.1,mtpa,6.94,2000,Revithoussa Island,Attica,37.96,23.4023,--,2024-07-26
0,https://www.gem.wiki/Chita_Midorihama_LNG_Terminal,Chita Midorihama LNG Terminal,Import,Operating,Japan,7.7,mtpa,10.47,2001,Chita,Chūbu,34.96245,136.8195,--,2024-08-26
1,https://www.gem.wiki/Shannon_FSRU,Shannon FSRU,Import,Proposed,Ireland,8.25,bcm/y,8.25,2023,Tarbert/Ballylongford,Munster,52.58099,-9.44246,708500000,2024-07-24
0,https://www.gem.wiki/Fukuoka_LNG_Terminal,Fukuoka LNG Terminal,Import,Operating,Japan,0.88,bcm/y,0.88,1993,Fukuoka,Kyushu,33.617457,130.4074,--,2023-08-29
0,https://www.gem.wiki/Adriatic_Rovigo_LNG_Terminal,Adriatic LNG Terminal,Import,Operating,Italy,9,bcm/y,9,2009,offshore,Veneto,45.091667,12.586111,--,2024-07-31
0,https://www.gem.wiki/Futtsu_LNG_Terminal,Futtsu LNG Terminal,Import,Operating,Japan,22.9,mtpa,31.14,1985,Futtsu,Kanto,35.3451724,139.8213313,--,2024-08-26
0,https://www.gem.wiki/Brindisi_LNG_Terminal,Brindisi LNG Terminal,Import,Cancelled,Italy,6,mtpa,8.16,--,Capo Bianco,Apulia,40.64801,17.99101,--,2024-07-31
0,https://www.gem.wiki/Hachinohe_LNG_Terminal,Hachinohe LNG Terminal,Import,Operating,Japan,1.5,mtpa,2.04,2015,Port of Hachinohe,Tohoku,40.5432392,141.5245369,--,2024-08-26
0,https://www.gem.wiki/Falconara_Marittima_LNG_Terminal,Falconara Marittima LNG Terminal,Import,Cancelled,Italy,4.8,mtpa,6.53,--,offshore,Marche,43.741,13.543,--,2024-07-31
0,https://www.gem.wiki/Hakodate_LNG_Terminal,Hakodate LNG Terminal,Import,Operating,Japan,0.2,mtpa,0.27,2006,Hakodate,Hokkaido,41.8072,140.71292,--,2023-08-29
0,https://www.gem.wiki/Gioia_Tauro_LNG_Terminal,Gioia Tauro LNG Terminal,Import,Proposed,Italy,12,bcm/y,12,2026,Trinitapoli,Apulia,38.46692,15.899,1090000000,2024-07-31
0,https://www.gem.wiki/Hatsukaichi_LNG_Terminal,Hatsukaichi LNG Terminal,Import,Operating,Japan,0.9,mtpa,1.22,1996,Hiroshima,Chugoku,34.3405327,132.339621,--,2024-08-26
0,https://www.gem.wiki/Toscana_LNG_Terminal,Toscana FSRU,Import,Operating,Italy,5,bcm/y,5,2014,offshore,Toscana,43.644444,9.988889,599500000,2024-07-26
1,https://www.gem.wiki/Toscana_LNG_Terminal,Toscana FSRU,Import,Operating,Italy,0,bcm/y,0,2024,offshore,Toscana,43.644444,9.988889,--,2024-07-26
0,https://www.gem.wiki/Hibiki_LNG_terminal,Hibiki LNG Terminal,Import,Operating,Japan,2.4,mtpa,3.26,2014,Kitakyushu,Kyushu,33.9305,130.778885,--,2024-08-26
1,https://www.gem.wiki/Hibiki_LNG_terminal,Hibiki LNG Terminal,Import,Proposed,Japan,,,--,2029,Kitakyushu,Kyushu,33.9305,130.778885,--,2024-08-27
0,https://www.gem.wiki/Panigaglia_LNG_Terminal,Panigaglia LNG Terminal,Import,Operating,Italy,2.5,mtpa,3.4,1971,Porto Venere,Liguria,44.07428,9.83087,--,2024-07-26
1,https://www.gem.wiki/Panigaglia_LNG_Terminal,Panigaglia LNG Terminal,Import,Cancelled,Italy,3.5,mtpa,4.76,2022,Porto Venere,Liguria,44.07428,9.83087,--,2024-07-31
0,https://www.gem.wiki/Higashi_Niigata_LNG_Terminal,Higashi Niigata LNG Terminal,Import,Operating,Japan,8.9,mtpa,12.1,1984,Higashi,Chūbu,37.99625,139.2373,--,2024-08-26
0,https://www.gem.wiki/Porto_Empedocle_LNG_Terminal,Porto Empedocle LNG Terminal,Import,Proposed,Italy,8,bcm/y,8,2026,Agrigento,Sicily,37.28297,13.53774,1090000000,2024-07-31
0,https://www.gem.wiki/Higashi_Ohgishima_LNG_Terminal,Higashi Ohgishima LNG Terminal,Import,Operating,Japan,13.2,mtpa,17.95,1984,Higashi-Ohgishima,Kanagawa,35.4954,139.745,--,2024-08-26
1,https://www.gem.wiki/Higashi_Ohgishima_LNG_Terminal,Higashi Ohgishima LNG Terminal,Import,Cancelled,Japan,6,mtpa,8.16,2023,Higashi-Ohgishima,Kanagawa,35.4954,139.745,--,2024-09-04
0,https://www.gem.wiki/Priolo_Augusta_LNG_Terminal,Priolo Augusta LNG Terminal,Import,Cancelled,Italy,8,bcm/y,8,--,Augusta,Sicily,37.25,15.216667,--,2024-07-31
0,https://www.gem.wiki/Himeji_Joint_LNG_Terminal,Himeji Joint LNG Terminal,Import,Operating,Japan,8.1,mtpa,11.02,1979,Himeji,Kansai,34.816667,134.683333,--,2024-08-26
0,https://www.gem.wiki/Trieste_Monfalcone_LNG_Terminal,Trieste Monfalcone LNG Terminal,Import,Cancelled,Italy,6,mtpa,8.16,--,Monfalcone,Friuli-Venezia Giulia,45.8,13.533333,--,2024-07-31
0,https://www.gem.wiki/Himeji_LNG_Terminal,Himeji LNG Terminal,Import,Operating,Japan,5.5,mtpa,7.48,1979,Himeji,Kansai,34.816667,134.683333,--,2024-08-26
0,https://www.gem.wiki/Zaule_LNG_Terminal,Zaule LNG Terminal,Import,Cancelled,Italy,5.4,mtpa,7.34,--,Trieste,Friuli-Venezia Giulia,45.61239,13.79281,--,2024-07-31
0,https://www.gem.wiki/Hitachi_LNG_Terminal,Hitachi LNG Terminal,Import,Operating,Japan,3.2,mtpa,4.35,2016,Hitachi Port,Kanto,36.4842787,140.618882,--,2024-08-26
1,https://www.gem.wiki/Hitachi_LNG_Terminal,Hitachi LNG Terminal,Import,Operating,Japan,3.2,mtpa,4.35,2021,Hitachi Port,Kanto,36.4842787,140.618882,--,2024-08-26
0,https://www.gem.wiki/Riga_FSRU,Riga FSRU,Import,Cancelled,Latvia,3.6,mtpa,4.9,--,Riga,,56.948889,24.106389,--,2024-07-24
1,https://www.gem.wiki/Riga_FSRU,Riga FSRU,Import,Shelved,Latvia,,,--,--,Riga,,56.948889,24.106389,--,2024-07-24
0,https://www.gem.wiki/Ishikari_LNG_Terminal,Ishikari LNG Terminal,Import,Operating,Japan,4.6,mtpa,6.26,2012,"Ishikari Bay New Port, Otaru",Hokkaido,43.20997,141.293247,--,2024-08-26
0,https://www.gem.wiki/Klaipeda_FSRU,Klaipeda FSRU,Import,Operating,Lithuania,2.9,mtpa,3.94,2014,Klaipeda Port,,55.66451,21.13762,114800000,2024-07-24
1,https://www.gem.wiki/Klaipeda_FSRU,Klaipeda FSRU,Import,Proposed,Lithuania,2.5,bcm/y,2.5,2026,Klaipeda Port,,55.66451,21.13762,--,2024-07-24
0,https://www.gem.wiki/Joetsu_LNG_Terminal,Joetsu LNG Terminal,Import,Operating,Japan,3.2,mtpa,4.35,2012,"Naoetsu in Joetsu city, Niigata Prefecture",Chūbu,37.20902,138.276978,--,2024-08-26
0,https://www.gem.wiki/Delimara_FSRU,Delimara FSRU,Import,Operating,Malta,0.5,mtpa,0.68,2017,Marsaxlokk,South Eastern Region,35.8277,14.5542,--,2024-07-31
0,https://www.gem.wiki/Kagoshima_LNG_Terminal,Kagoshima LNG Terminal,Import,Operating,Japan,0.2,mtpa,0.27,1996,Kagoshima,Kyushu,31.485155,130.529533,--,2024-08-26
0,https://www.gem.wiki/Gate_LNG_Terminal,Gate LNG Terminal,Import,Operating,Netherlands,16,bcm/y,16,2011,"Maasvlakte, Port of Rotterdam",South Holland,51.971111,4.068889,--,2024-09-10
1,https://www.gem.wiki/Gate_LNG_Terminal,Gate LNG Terminal,Import,Construction,Netherlands,4,bcm/y,4,2026,"Maasvlakte, Port of Rotterdam",South Holland,51.971111,4.068889,381500000,2024-09-10
0,https://www.gem.wiki/Kawagoe_LNG_Terminal,Kawagoe LNG Terminal,Import,Operating,Japan,8.7,mtpa,11.83,1997,Kawagoe,Kansai,35.01,136.697007,--,2024-08-26
1,https://www.gem.wiki/Hammerfest_LNG_Snohvit_Terminal,Hammerfest LNG Snohvit Terminal,Export,Operating,Norway,4.2,mtpa,5.71,2007,Melkoa Island,Finnmark,70.6854,23.59,5900000000,2024-07-26
0,https://www.gem.wiki/Kushiro_LNG_Terminal,Kushiro LNG Terminal,Import,Operating,Japan,0.5,mtpa,0.68,2015,Kushiro City,Hokkaido,42.997851,144.345032,--,2023-08-29
1,https://www.gem.wiki/Risavika_LNG_Terminal,Risavika LNG Terminal,Export,Operating,Norway,0.33,mtpa,0.45,2010,Port of Risavika,Rogaland,58.9237,5.5761,--,2024-07-26
0,https://www.gem.wiki/Mizushima_LNG_Terminal,Mizushima LNG Terminal,Import,Operating,Japan,4.3,mtpa,5.85,2006,Kurashiki,Chugoku,34.49945,133.73324,--,2024-08-26
0,https://www.gem.wiki/%c5%9awinouj%c5%9bcie_Polskie_LNG_Terminal,Świnoujście Polskie LNG Terminal,Import,Operating,Poland,3.7,mtpa,5.03,2015,Świnoujście,Województwo,53.909167,14.294722,--,2024-07-23
1,https://www.gem.wiki/%c5%9awinouj%c5%9bcie_Polskie_LNG_Terminal,Świnoujście Polskie LNG Terminal,Import,Operating,Poland,1.2,bcm/y,1.2,2022,Świnoujście,Województwo,53.909167,14.294722,465430000,2024-07-23
2,https://www.gem.wiki/%c5%9awinouj%c5%9bcie_Polskie_LNG_Terminal,Świnoujście Polskie LNG Terminal,Import,Construction,Poland,2.1,bcm/y,2.1,2024,Świnoujście,Województwo,53.909167,14.294722,--,2024-07-23
0,https://www.gem.wiki/Nagasaki_LNG_Terminal,Nagasaki LNG Terminal,Import,Operating,Japan,0.2,mtpa,0.27,2003,Nagasaki,Kyushu,32.75898,129.806367,--,2023-08-29
0,https://www.gem.wiki/Sines_LNG_Terminal,Sines LNG Terminal,Import,Operating,Portugal,5.6,mtpa,7.62,2004,Sines,Alentejo,37.9419,-8.8435,--,2024-07-31
0,https://www.gem.wiki/Nakagusuku_LNG_Terminal,Nakagusuku LNG Terminal,Import,Operating,Japan,9,mtpa,12.24,2013,Nakagusuku,Kyushu,26.275375,127.811727,--,2023-08-29
0,https://www.gem.wiki/Constanta_LNG_Terminal,Constanta LNG Terminal,Import,Cancelled,Romania,6,mtpa,8.16,2027,Constanta,Dobruja,44.173333,28.638333,--,2024-07-23
0,https://www.gem.wiki/Negishi_LNG_Terminal,Negishi LNG Terminal,Import,Operating,Japan,12,mtpa,16.32,1969,Tokyo,Kanto,35.40423,139.6285,--,2024-08-26
1,https://www.gem.wiki/Ust_Luga_LNG_Terminal,Ust Luga LNG Terminal,Export,Proposed,Russia,6.55,mtpa,8.91,2024,Ust-Luga Port,Leningrad Oblast,59.76812511,28.44062604,--,2024-04-26
2,https://www.gem.wiki/Ust_Luga_LNG_Terminal,Ust Luga LNG Terminal,Export,Proposed,Russia,6.55,mtpa,8.91,2025,Ust-Luga Port,Leningrad Oblast,59.76812511,28.44062604,--,2024-04-26
3,https://www.gem.wiki/Ust_Luga_LNG_Terminal,Ust Luga LNG Terminal,Export,Proposed,Russia,6.5,mtpa,8.84,2026,Ust-Luga Port,Leningrad Oblast,59.76812511,28.44062604,--,2024-04-26
0,https://www.gem.wiki/Naoetsu_LNG_Terminal,Naoetsu LNG Terminal,Import,Operating,Japan,2.1,mtpa,2.86,2013,Joetsu,Niigata,37.2053496,138.2770886,--,2024-08-26
1,https://www.gem.wiki/Far_East_LNG_Terminal,Far East LNG Terminal,Export,Proposed,Russia,6.2,mtpa,8.43,2027,De Kastri,Khabaravosk Krai,51.473482,140.77754,4200000000,2024-05-06
2,https://www.gem.wiki/Far_East_LNG_Terminal,Far East LNG Terminal,Export,Proposed,Russia,10,mtpa,13.6,2035,De Kastri,Khabaravosk Krai,51.473482,140.77754,--,2024-05-06
0,https://www.gem.wiki/Ohgishima_LNG_Terminal,Ohgishima LNG Terminal,Import,Operating,Japan,10.2,mtpa,13.87,1998,"Tsurumi-ku, Yokohama",Kanto,35.493545,139.739692,--,2024-08-26
0,https://www.gem.wiki/Oita_LNG_Terminal,Oita LNG Terminal,Import,Operating,Japan,5.4,mtpa,7.34,1990,Oita,Kyushu,33.2707,131.7077,--,2024-08-26
1,https://www.gem.wiki/Pechora_LNG_Terminal,Pechora LNG Terminal,Export,Cancelled,Russia,4.3,mtpa,5.85,--,Pechora,Komi,65.166667,57.25,4000000000,2024-05-06
0,https://www.gem.wiki/Sakai_LNG_Terminal,Sakai LNG Terminal,Import,Operating,Japan,6.4,mtpa,8.7,2006,Sakai,Kansai,34.57142,135.414,--,2024-08-26
1,https://www.gem.wiki/Sakhalin_II_LNG_Terminal,Sakhalin II LNG Terminal,Export,Operating,Russia,5.75,mtpa,7.82,2009,"Prigorodnoye, Aniva Bay",Sakhalin,46.6288,142.9112,12500000000,2024-04-15
2,https://www.gem.wiki/Sakhalin_II_LNG_Terminal,Sakhalin II LNG Terminal,Export,Operating,Russia,5.75,mtpa,7.82,2009,"Prigorodnoye, Aniva Bay",Sakhalin,46.6288,142.9112,12500000000,2024-04-15
3,https://www.gem.wiki/Sakhalin_II_LNG_Terminal,Sakhalin II LNG Terminal,Export,Proposed,Russia,5,mtpa,6.8,2023,"Prigorodnoye, Aniva Bay",Sakhalin,46.6288,142.9112,--,2024-05-08
0,https://www.gem.wiki/Sakaide_LNG_Terminal,Sakaide LNG Terminal,Import,Operating,Japan,1.2,mtpa,1.63,2010,Sakaide,Shikoku,34.3568348,133.8367306,--,2024-08-26
1,https://www.gem.wiki/Shtokman_LNG_Terminal,Shtokman LNG Terminal,Export,Proposed,Russia,30,mtpa,40.8,2035,Shtokman field,Barents Sea,73,44,--,2024-05-06
0,https://www.gem.wiki/Senboku_1_LNG_Terminal,Senboku 1 LNG Terminal,Import,Operating,Japan,1.9,mtpa,2.58,1972,Port of Sakai-Semboku,Kansai,34.5488834,135.4284047,--,2024-08-26
0,https://www.gem.wiki/Senboku_2_LNG_Terminal,Senboku 2 LNG Terminal,Import,Operating,Japan,10,mtpa,13.6,1977,Port of Sakai-Semboku,Kansai,34.536626,135.40147,--,2024-08-26
1,https://www.gem.wiki/Yamal_LNG_Terminal,Yamal LNG Terminal,Export,Operating,Russia,5.5,mtpa,7.48,2017,Sabetta,Yamai Peninsula,71.2733,72.0725,--,2024-05-06
2,https://www.gem.wiki/Yamal_LNG_Terminal,Yamal LNG Terminal,Export,Operating,Russia,5.5,mtpa,7.48,2018,Sabetta,Yamai Peninsula,71.2733,72.0725,--,2024-05-06
3,https://www.gem.wiki/Yamal_LNG_Terminal,Yamal LNG Terminal,Export,Operating,Russia,5.5,mtpa,7.48,2018,Sabetta,Yamai Peninsula,71.2733,72.0725,--,2024-05-06
4,https://www.gem.wiki/Yamal_LNG_Terminal,Yamal LNG Terminal,Export,Operating,Russia,0.9,mtpa,1.22,2021,Sabetta,Yamai Peninsula,71.2733,72.0725,--,2024-05-06
0,https://www.gem.wiki/Shin_Minato_LNG_Terminal,Shin Minato LNG Terminal,Import,Operating,Japan,0.3,mtpa,0.41,1997,Sendai,Tohoku,38.280128,141.025958,--,2024-08-26
1,https://www.gem.wiki/Arctic_LNG_2_Terminal,Arctic LNG 2 Terminal,Export,Idle,Russia,6.6,mtpa,8.98,2024,Gydan Peninsula,,71.085,73.677,8333333333,2024-04-18
2,https://www.gem.wiki/Arctic_LNG_2_Terminal,Arctic LNG 2 Terminal,Export,Construction,Russia,6.6,mtpa,8.98,2024,Gydan Peninsula,,71.085,73.677,8333333333,2024-04-18
3,https://www.gem.wiki/Arctic_LNG_2_Terminal,Arctic LNG 2 Terminal,Export,Construction,Russia,6.6,mtpa,8.98,2026,Gydan Peninsula,,71.085,73.677,8333333333,2024-04-23
0,https://www.gem.wiki/Shin-Sendai_LNG_Terminal,Shin-Sendai LNG Terminal,Import,Operating,Japan,1.7,mtpa,2.31,2015,Sendai,Tohoku,38.27678,141.0393,--,2024-08-26
0,https://www.gem.wiki/Barcelona_LNG_Terminal,Barcelona LNG Terminal,Import,Operating,Spain,12.6,mtpa,17.14,1969,Barcelona,Catalonia,41.3394,2.1583,--,2024-07-26
0,https://www.gem.wiki/Sodegaura_LNG_Terminal,Sodegaura LNG Terminal,Import,Operating,Japan,32.7,mtpa,44.47,1973,Sodegaura,Kanto,35.467955,139.972393,--,2024-08-26
0,https://www.gem.wiki/Bilbao_LNG_Terminal,Bilbao LNG Terminal,Import,Operating,Spain,5.1,mtpa,6.94,2003,Port of Bilbao,Biscay,43.3612,-3.09473,--,2024-07-26
0,https://www.gem.wiki/Sodeshi_Shimizu_LNG_Terminal,Sodeshi Shimizu LNG Terminal,Import,Operating,Japan,2.9,mtpa,3.94,1996,Shimizu Bay,Chūbu,35.0274,138.4978,--,2024-08-26
0,https://www.gem.wiki/Cartagena_LNG_Terminal_(Spain),Cartagena LNG Terminal (Spain),Import,Operating,Spain,8.7,mtpa,11.83,1989,Escombreras Dock,Province of Murcia,37.57457,-0.9595,--,2024-07-26
0,https://www.gem.wiki/Soma_Port_LNG_Terminal,Soma Port LNG Terminal,Import,Mothballed,Japan,1.5,mtpa,2.04,2018,Shinchi Town,Tohoku,37.8501123,140.9496459,--,2024-08-26
0,https://www.gem.wiki/El_Musel_LNG_Terminal,El Musel LNG Terminal,Import,Operating,Spain,8,bcm/y,8,2023,Gijon,Asturias,43.5696,-5.6934,--,2024-07-26
0,https://www.gem.wiki/Tobata_LNG_Terminal,Tobata LNG Terminal,Import,Operating,Japan,7.6,mtpa,10.34,1977,Kitakyushu,Kyushu,33.91818,130.86609,--,2024-08-26
0,https://www.gem.wiki/Gran_Canaria_LNG_Terminal,Gran Canaria LNG Terminal,Import,Cancelled,Spain,1,mtpa,1.36,2029,"Puerto de Arinaga, Canary Islands",Las Palmas,27.851956,-15.401621,295935000,2024-07-26
0,https://www.gem.wiki/Yanai_LNG_Terminal,Yanai LNG Terminal,Import,Operating,Japan,2.3,mtpa,3.13,1990,Yanai,Chugoku,33.950745,132.12518,--,2024-08-26
0,https://www.gem.wiki/Huelva_LNG_Terminal,Huelva LNG Terminal,Import,Operating,Spain,8.7,mtpa,11.83,1988,Huelva,Andalusia,37.17355,-6.911,--,2024-07-26
0,https://www.gem.wiki/Yokkaichi_LNG_Terminal,Yokkaichi Works LNG Terminal,Import,Operating,Japan,2.1,mtpa,2.86,1991,Yokkaichi,Kansai,34.97726,136.666458,--,2024-08-26
0,https://www.gem.wiki/Mugardos_LNG_Terminal,Mugardos LNG Terminal,Import,Operating,Spain,2.6,mtpa,3.54,2007,Mugardos,Galicia,43.4613,-8.2395,--,2024-07-26
1,https://www.gem.wiki/Mugardos_LNG_Terminal,Mugardos LNG Terminal,Import,Cancelled,Spain,3.6,bcm/y,3.6,2024,Mugardos,Galicia,43.4613,-8.2395,436000000,2024-07-26
0,https://www.gem.wiki/Sagunto_LNG_Terminal,Sagunto LNG Terminal,Import,Operating,Spain,6.4,mtpa,8.7,2006,Sagunto Port,Valencia,39.6329,-0.2152,--,2024-07-26
0,https://www.gem.wiki/Tenerife_LNG_Terminal,Tenerife LNG Terminal,Import,Cancelled,Spain,1,mtpa,1.36,--,Granadilla de Abona,Santa Cruz de Tenerife,28.116667,-16.566667,327000000,2024-07-26
0,https://www.gem.wiki/Bah%C3%ADa_Blanca_GasPort_FSRU,Bahia Blanca GasPort FSRU,Import,Idle,Argentina,3.8,mtpa,5.17,2008,"Bahía Blanca, Buenos Aires",Buenos Aires,-38.7855,-62.2869,--,2024-09-06
1,https://www.gem.wiki/Bah%C3%ADa_Blanca_FLNG_Export_Terminal,Bahía Blanca FLNG Export Terminal,Export,Mothballed,Argentina,0.45,mtpa,0.61,2019,"Bahía Blanca, Buenos Aires",,-38.785984,-62.316024,--,2024-09-12
0,https://www.gem.wiki/Brunnsviksholme_LNG_Terminal,Brunnsviksholme LNG Terminal,Import,Operating,Sweden,0.4,mtpa,0.54,2011,"Brunnsviksholme, Nynäshamn Municipality, Stockholm County",,58.922139,17.976153,26950000,2024-07-26
0,https://www.gem.wiki/Dock_Sud_LNG_Terminal,Dock Sud LNG Terminal,Import,Cancelled,Argentina,3.8,mtpa,5.17,--,,Buenos Aires,-34.641667,-58.347778,--,2024-09-12
0,https://www.gem.wiki/Etki_FSRU,Etki FSRU,Import,Operating,Türkiye,5.7,mtpa,7.75,2016,Izmir,Aegean,38.74443,26.895665,--,2023-07-17
0,https://www.gem.wiki/Escobar_FSRU,Escobar FSRU,Import,Operating,Argentina,6.1,mtpa,8.3,2011,Puerto Escobar,Buenos Aires,-34.333333,-58.816667,--,2024-09-12
0,https://www.gem.wiki/Izmir_Aliaga_LNG_Terminal,Izmir Aliaga LNG Terminal,Import,Operating,Türkiye,10.7,mtpa,14.55,2006,Aliaga,Izmir,38.82245489,26.91411088,--,2023-07-17
0,https://www.gem.wiki/Ocean_Cay_LNG_Terminal,Ocean Cay LNG Terminal,Import,Cancelled,Bahamas,6.42,mtpa,8.73,--,Ocean Cay,,25.41667,-79.21667,--,2024-09-12
0,https://www.gem.wiki/Marmara_LNG_Terminal,Marmara LNG Terminal,Import,Operating,Türkiye,5.9,mtpa,8.02,1994,Marmara Ereglisi,Tekirdag,40.99201724,27.98607026,--,2023-07-17
0,https://www.gem.wiki/Guanabara_Bay_FSRU,Guanabara Bay FSRU,Import,Operating,Brazil,8.1,mtpa,11.02,2009,Guanabara Bay,Rio de Janeiro,-22.790278,-43.155556,--,2024-09-12
0,https://www.gem.wiki/Canatxx_LNG_Terminal,Canatxx LNG Terminal,Import,Cancelled,United Kingdom,10,mtpa,13.6,--,Anglesey,Wales,53.283333,-4.333333,--,2024-07-24
0,https://www.gem.wiki/Pec%C3%A9m_FSRU,Pecém FSRU,Import,Idle,Brazil,3.8,mtpa,5.17,2008,Porto de Pecém,Ceará,-3.546667,-38.831389,--,2024-09-12
0,https://www.gem.wiki/Canvey_LNG_Terminal,Canvey LNG Terminal,Import,Cancelled,United Kingdom,4,mtpa,5.44,--,"Thames Road, Canvey Island",East region,51.516,0.583,--,2024-07-24
1,https://www.gem.wiki/Santos_Basin_FLNG_Terminal,Santos Basin FLNG Terminal,Export,Cancelled,Brazil,2.7,mtpa,3.67,--,Santos Basin,São Paulo,-23.936944,-46.325,--,2024-09-12
0,https://www.gem.wiki/Dragon_LNG_Terminal,Dragon LNG Terminal,Import,Operating,United Kingdom,5.6,mtpa,7.62,2009,Waterston,Wales,51.70453,-4.99774,--,2024-07-24
0,https://www.gem.wiki/Colbun_FLNG_Terminal,Colbun FLNG Terminal,Import,Cancelled,Chile,1.5,mtpa,2.04,--,Bay of Quintero,Valparaíso,-32.783333,-71.533333,--,2024-09-12
0,https://www.gem.wiki/Grain_LNG_Terminal,Grain LNG Terminal,Import,Operating,United Kingdom,14.3,mtpa,19.45,2005,Isle of Grain,Kent,51.45107,0.67987,--,2024-07-24
1,https://www.gem.wiki/Grain_LNG_Terminal,Grain LNG Terminal,Import,Construction,United Kingdom,8.7,mtpa,11.83,2025,Isle of Grain,Kent,51.45107,0.67987,218000000,2024-07-24
0,https://www.gem.wiki/Gas_Atacama_FLNG_Terminal,Gas Atacama FLNG Terminal,Import,Cancelled,Chile,1.4,mtpa,1.9,2019,Mejillones,Antofagasta,-23.1,-70.45,--,2024-09-12
0,https://www.gem.wiki/Port_Meridian_FSRU,Port Meridian FSRU,Import,Cancelled,United Kingdom,6,mtpa,8.16,2024,Fylde,North West,53.837,-2.861,441000000,2024-07-24
0,https://www.gem.wiki/Mejillones_LNG_Terminal,Mejillones LNG Terminal,Import,Operating,Chile,1.5,mtpa,2.04,2010,Mejillones,Antofagasta,-23.058828,-70.366058,500000000,2024-09-12
0,https://www.gem.wiki/South_Hook_LNG_Terminal,South Hook LNG Terminal,Import,Operating,United Kingdom,15.6,mtpa,21.22,2009,Milford Haven,Wales,51.7152,-5.07627,--,2024-07-24
1,https://www.gem.wiki/South_Hook_LNG_Terminal,South Hook LNG Terminal,Import,Proposed,United Kingdom,4.6,mtpa,6.26,2025,Milford Haven,Wales,51.7152,-5.07627,--,2024-07-24
0,https://www.gem.wiki/Penco_Lirqu%C3%A9n_FSRU,Penco Lirquén FSRU,Import,Proposed,Chile,2.7,mtpa,3.67,2027,Concepción Bay,Biobío region (VIII),-36.683333,-73.033333,--,2024-09-13
0,https://www.gem.wiki/Teesside_GasPort_FSRU,Teesside GasPort FSRU,Import,Retired,United Kingdom,3,mtpa,4.08,2007,Middlesbrough,,54.57423,-1.23496,--,2024-07-24
1,https://www.gem.wiki/Teesside_GasPort_FSRU,Teesside GasPort FSRU,Import,Proposed,United Kingdom,6,bcm/y,6,--,Middlesbrough,,54.57423,-1.23496,--,2024-07-24
0,https://www.gem.wiki/Quintero_LNG_Terminal,Quintero LNG Terminal,Import,Operating,Chile,4,mtpa,5.44,2009,Bay of Quintero,Valparaíso,-32.783333,-71.533333,1200000000,2024-09-12
1,https://www.gem.wiki/Quintero_LNG_Terminal,Quintero LNG Terminal,Import,Cancelled,Chile,1.83,bcm/y,1.83,--,Bay of Quintero,Valparaíso,-32.783333,-71.533333,--,2024-09-12
0,https://www.gem.wiki/Ukraine_LNG_Terminal,Ukraine LNG Terminal,Import,Cancelled,Ukraine,7.3,mtpa,9.93,--,Yuzhnyi Port,Odessa Oblast,46.623611,31.101111,1210000000,2024-07-23
0,https://www.gem.wiki/Cartagena_FSRU_(Colombia),Cartagena FSRU (Colombia),Import,Operating,Colombia,4.13,bcm/y,4.13,2016,Cartagena,Bolivar,10.4,-75.5,--,2024-09-12
1,https://www.gem.wiki/Cartagena_FSRU_(Colombia),Cartagena FSRU (Colombia),Import,Proposed,Colombia,0.52,bcm/y,0.52,2023,Cartagena,Bolivar,10.4,-75.5,--,2024-08-28
2,https://www.gem.wiki/Cartagena_FSRU_(Colombia),Cartagena FSRU (Colombia),Import,Proposed,Colombia,0.86,bcm/y,0.85,2026,Cartagena,Bolivar,10.4,-75.5,--,2024-08-28
1,https://www.gem.wiki/Colombia_FLNG_Terminal,Colombia FLNG Terminal,Export,Cancelled,Colombia,0.5,mtpa,0.68,--,Barranquilla,,10.963889,-74.796389,--,2024-09-12
0,https://www.gem.wiki/El_Viajano_Altenesol_LNG_Terminal,El Viajano Altenesol LNG Terminal,Import,Cancelled,Colombia,,,--,--,El Viajano,Cordoba,8.75,-75.883333,--,2024-09-12
0,https://www.gem.wiki/Andr%C3%A9s_LNG_Terminal,Andrés LNG Terminal,Import,Operating,Dominican Republic,1.9,mtpa,2.58,2003,Andres,Santo Domingo,18.406993,-69.628234,400000000,2024-09-06
0,https://www.gem.wiki/San_Pedro_de_Macoris_LNG_Terminal,San Pedro de Macoris LNG Terminal,Import,Cancelled,Dominican Republic,1,mtpa,1.36,--,San Pedro Macorís,San Pedro Macorís,18.45,-69.3,--,2024-09-12
0,https://www.gem.wiki/El_Salvador_FSRU,El Salvador FSRU,Import,Cancelled,El Salvador,0.5,mtpa,0.68,--,Port of La Union,La Unión,13.336944,-87.843889,--,2024-09-12
0,https://www.gem.wiki/Altamira_LNG_Terminal,Altamira LNG Terminal,Import,Operating,Mexico,5.7,mtpa,7.75,2006,Altamira Port,Tamaulipas,22.3375,-97.869444,--,2024-09-13
0,https://www.gem.wiki/Lazaro_Cardenas_LNG_Terminal,Lazaro Cardenas LNG Terminal,Import,Cancelled,Mexico,3.8,mtpa,5.17,--,Port of Lázaro Cárdenas,Michoacán,17.927,-102.169,--,2024-09-12
0,https://www.gem.wiki/Manzanillo_(Mexico)_LNG_Terminal,Manzanillo (Mexico) LNG Terminal,Import,Operating,Mexico,3.8,mtpa,5.17,2012,Manzanillo,Colima,19.052222,-104.315833,--,2024-09-13
0,https://www.gem.wiki/Progreso_LNG_Terminal,Progreso LNG Terminal,Import,Cancelled,Mexico,5.1,mtpa,6.94,--,Progreso,Yucatan,21.28,-89.67,--,2024-09-12
0,https://www.gem.wiki/Costa_Norte_LNG_Terminal,Costa Norte LNG Terminal,Import,Operating,Panama,1.5,mtpa,2.04,2018,Colon,Colon,9.357222,-79.898611,--,2024-09-06
1,https://www.gem.wiki/Peru_LNG_Terminal,Peru LNG Terminal,Export,Operating,Peru,4.45,mtpa,6.05,2010,"Pampa Melchorita, Lima",Ica,-13.2451,-76.297,3800000000,2024-09-13
0,https://www.gem.wiki/Aguirre_GasPort_FSRU,Aguirre GasPort FSRU,Import,Cancelled,United States,3.8,mtpa,5.17,--,Guayama,Guayama,17.974167,-66.11,--,2024-07-08
0,https://www.gem.wiki/Penuelas_LNG_Terminal,Penuelas LNG Terminal,Import,Operating,United States,2,mtpa,2.72,2000,Punta Guayanilla,Penuelas,18.059444,-66.7225,--,2024-07-08
1,https://www.gem.wiki/Atlantic_LNG_Terminal,Atlantic LNG Terminal,Export,Mothballed,Trinidad and Tobago,3.3,mtpa,4.49,1999,Point Fortin bor,,10.18106,-61.69189,718811880,2024-09-13
2,https://www.gem.wiki/Atlantic_LNG_Terminal,Atlantic LNG Terminal,Export,Operating,Trinidad and Tobago,3.4,mtpa,4.62,2002,Point Fortin bor,,10.18106,-61.69189,740594060,2024-09-13
3,https://www.gem.wiki/Atlantic_LNG_Terminal,Atlantic LNG Terminal,Export,Operating,Trinidad and Tobago,3.4,mtpa,4.62,2003,Point Fortin bor,,10.18106,-61.69189,740594060,2024-09-13
4,https://www.gem.wiki/Atlantic_LNG_Terminal,Atlantic LNG Terminal,Export,Operating,Trinidad and Tobago,5.2,mtpa,7.07,2007,Point Fortin bor,,10.18106,-61.69189,1200000000,2024-09-13
5,https://www.gem.wiki/Atlantic_LNG_Terminal,Atlantic LNG Terminal,Export,Cancelled,Trinidad and Tobago,,,--,--,Point Fortin bor,,10.18106,-61.69189,--,2024-09-12
0,https://www.gem.wiki/GNL_Del_Plata_FSRU,GNL Del Plata FSRU,Import,Cancelled,Uruguay,0.1,mtpa,0.14,--,Punta Sayago,Montevideo,-34.883611,-56.181944,--,2024-09-12
0,https://www.gem.wiki/Bahrain_Hidd_FLNG_Terminal,Bahrain Hidd FLNG Terminal,Import,Idle,Bahrain,6,mtpa,8.16,2019,Al Hidd,Muharraq Island,26.2104277,50.70314318,991000000,2024-06-03
1,https://www.gem.wiki/Iran_NIOC_LNG_Terminal,Iran NIOC LNG Terminal,Export,Construction,Iran,5.4,mtpa,7.34,2025,Tombak Port,Bushehr Province,27.476111,52.6075,5000000000,2024-06-25
2,https://www.gem.wiki/Iran_NIOC_LNG_Terminal,Iran NIOC LNG Terminal,Export,Construction,Iran,5.4,mtpa,7.34,2025,Tombak Port,Bushehr Province,27.476111,52.6075,5000000000,2024-06-25
3,https://www.gem.wiki/Iran_NIOC_LNG_Terminal,Iran NIOC LNG Terminal,Export,Construction,Iran,1.5,mtpa,2.04,2026,Tombak Port,Bushehr Province,27.476111,52.6075,--,2024-06-25
1,https://www.gem.wiki/North_Pars_LNG_Terminal,North Pars LNG Terminal,Export,Cancelled,Iran,8,mtpa,10.88,--,South Pars gas field,Perian Gulf,26.619125,52.067964,--,2024-06-24
2,https://www.gem.wiki/North_Pars_LNG_Terminal,North Pars LNG Terminal,Export,Cancelled,Iran,8,mtpa,10.88,--,South Pars gas field,Perian Gulf,26.619125,52.067964,--,2024-06-24
3,https://www.gem.wiki/North_Pars_LNG_Terminal,North Pars LNG Terminal,Export,Cancelled,Iran,8,mtpa,10.88,--,South Pars gas field,Perian Gulf,26.619125,52.067964,--,2024-06-24
4,https://www.gem.wiki/North_Pars_LNG_Terminal,North Pars LNG Terminal,Export,Cancelled,Iran,8,mtpa,10.88,--,South Pars gas field,Perian Gulf,26.619125,52.067964,--,2024-06-24
1,https://www.gem.wiki/Kangan_LNG_Terminal,Kangan LNG Terminal,Export,Cancelled,Iran,2,mtpa,2.72,2024,Tombak Port,Bushehr Province,27.476111,52.6075,--,2024-06-24
1,https://www.gem.wiki/Persian_NIOC_LNG_Terminal,Persian NIOC LNG Terminal,Export,Cancelled,Iran,8,mtpa,10.88,--,Tombak Port,Bushehr Province,27.476111,52.6075,5000000000,2024-06-24
2,https://www.gem.wiki/Persian_NIOC_LNG_Terminal,Persian NIOC LNG Terminal,Export,Cancelled,Iran,8,mtpa,10.88,--,Tombak Port,Bushehr Province,27.476111,52.6075,5000000000,2024-06-24
1,https://www.gem.wiki/Iran_FLNG,Iran FLNG Terminal,Export,Cancelled,Iran,0.5,mtpa,0.68,--,Kharg Island,,29.235481,50.31,600000000,2024-06-24
1,https://www.gem.wiki/Eilat_FLNG_Terminal,Eilat FLNG Terminal,Export,Cancelled,Israel,5,mtpa,6.8,--,Eilat,,29.55,34.95,6000000000,2024-06-06
0,https://www.gem.wiki/Hadera_FSRU_Terminal,Hadera FSRU Terminal,Import,Idle,Israel,3.8,mtpa,5.17,2013,Hadera,Sharon,32.45,34.916667,--,2024-06-06
1,https://www.gem.wiki/Tamar_FLNG_Terminal,Tamar FLNG Terminal,Export,Cancelled,Israel,3,mtpa,4.08,--,Tamar,,33.078333,33.951389,3270000000,2024-06-06
0,https://www.gem.wiki/Aqaba_Jordan_FSRU,Aqaba Jordan FSRU,Import,Operating,Jordan,3.8,mtpa,5.17,2015,Aqaba Port,Aqaba,29.3752527,34.9635687,--,2024-06-06
0,https://www.gem.wiki/Mina_Al-Ahmadi_LNG_Terminal,Mina Al-Ahmadi Explorer FSRU,Import,Idle,Kuwait,3.8,mtpa,5.17,2009,Al Ahmadi,Al Ahmadi,29.07137731,48.16090089,--,2024-06-11
1,https://www.gem.wiki/Mina_Al-Ahmadi_LNG_Terminal,Mina Al-Ahmadi Golar FSRU,Import,Idle,Kuwait,5.8,mtpa,7.89,2014,Al Ahmadi,Al Ahmadi,29.07137731,48.16090089,--,2024-06-11
1,https://www.gem.wiki/Oman_Qalhat_LNG_Terminal,Oman Qalhat LNG Terminal,Export,Operating,Oman,3.8,mtpa,5.17,1999,Qalhat,Ash Sharqiyah,22.6586,59.40748,1000000000,2024-06-17
2,https://www.gem.wiki/Oman_Qalhat_LNG_Terminal,Oman Qalhat LNG Terminal,Export,Operating,Oman,3.8,mtpa,5.17,2000,Qalhat,Ash Sharqiyah,22.6586,59.40748,1000000000,2024-06-17
3,https://www.gem.wiki/Oman_Qalhat_LNG_Terminal,Oman Qalhat LNG Terminal,Export,Operating,Oman,3.8,mtpa,5.17,2006,Qalhat,Ash Sharqiyah,22.6586,59.40748,--,2024-06-17
4,https://www.gem.wiki/Oman_Qalhat_LNG_Terminal,Oman Qalhat LNG Terminal,Export,Operating,Oman,0,mtpa,0,2022,Qalhat,Ash Sharqiyah,22.6586,59.40748,--,2024-06-17
6,https://www.gem.wiki/Oman_Qalhat_LNG_Terminal,Oman Qalhat LNG Terminal,Export,Proposed,Oman,3.6,mtpa,4.9,--,Qalhat,Ash Sharqiyah,22.6586,59.40748,--,2024-06-17
1,https://www.gem.wiki/Qatargas_1_Ras_Laffan_LNG_Terminal,Qatargas 1 Ras Laffan LNG Terminal,Export,Operating,Qatar,3.3,mtpa,4.49,1996,Ras Laffan Industrial City,Al Khawr,25.9146,51.5564,766666666,2024-05-29
2,https://www.gem.wiki/Qatargas_1_Ras_Laffan_LNG_Terminal,Qatargas 1 Ras Laffan LNG Terminal,Export,Operating,Qatar,3.3,mtpa,4.49,1997,Ras Laffan Industrial City,Al Khawr,25.9146,51.5564,766666666,2024-05-29
3,https://www.gem.wiki/Qatargas_1_Ras_Laffan_LNG_Terminal,Qatargas 1 Ras Laffan LNG Terminal,Export,Operating,Qatar,3.3,mtpa,4.49,1998,Ras Laffan Industrial City,Al Khawr,25.9146,51.5564,766666666,2024-05-29
1,https://www.gem.wiki/Qatargas_2_Ras_Laffan_LNG_Terminal,Qatargas 2 Ras Laffan LNG Terminal,Export,Operating,Qatar,7.8,mtpa,10.61,2009,Ras Laffan Industrial City,Al Khawr,25.9107,51.5591,--,2024-05-29
2,https://www.gem.wiki/Qatargas_2_Ras_Laffan_LNG_Terminal,Qatargas 2 Ras Laffan LNG Terminal,Export,Operating,Qatar,7.8,mtpa,10.61,2009,Ras Laffan Industrial City,Al Khawr,25.9107,51.5591,--,2024-05-29
3,https://www.gem.wiki/Qatargas_3_Ras_Laffan_LNG_Terminal,Qatargas 2 Ras Laffan LNG Terminal,Export,Operating,Qatar,7.8,mtpa,10.61,2010,Ras Laffan Industrial City,Al Khawr,25.9013,51.5558,--,2024-05-29
4,https://www.gem.wiki/Qatargas_4_Ras_Laffan_LNG_Terminal,Qatargas 2 Ras Laffan LNG Terminal,Export,Operating,Qatar,7.8,mtpa,10.61,2011,Ras Laffan Industrial City,Al Khawr,25.9005,51.55767,--,2024-05-29
1,https://www.gem.wiki/Rasgas_LNG_Terminal_1,Rasgas LNG Terminal 1,Export,Operating,Qatar,3.3,mtpa,4.49,1999,Ras Laffan Industrial City,Al Khawr,25.89027,51.5491,--,2024-05-29
2,https://www.gem.wiki/Rasgas_LNG_Terminal_1,Rasgas LNG Terminal 1,Export,Operating,Qatar,3.3,mtpa,4.49,1999,Ras Laffan Industrial City,Al Khawr,25.89027,51.5491,--,2024-05-29
3,https://www.gem.wiki/Rasgas_LNG_Terminal_2,Rasgas LNG Terminal 2,Export,Operating,Qatar,4.7,mtpa,6.39,2004,Ras Laffan Industrial City,Al Khawr,25.891,51.5457,--,2024-05-29
4,https://www.gem.wiki/Rasgas_LNG_Terminal_2,Rasgas LNG Terminal 2,Export,Operating,Qatar,4.7,mtpa,6.39,2005,Ras Laffan Industrial City,Al Khawr,25.891,51.5457,--,2024-05-29
5,https://www.gem.wiki/Rasgas_LNG_Terminal_2,Rasgas LNG Terminal 2,Export,Operating,Qatar,4.7,mtpa,6.39,2007,Ras Laffan Industrial City,Al Khawr,25.891,51.5457,--,2024-05-29
6,https://www.gem.wiki/Rasgas_LNG_Terminal_3,Rasgas LNG Terminal 3,Export,Operating,Qatar,7.8,mtpa,10.61,2009,Ras Laffan Industrial City,Al Khawr,25.8939,51.5418,--,2024-05-29
7,https://www.gem.wiki/Rasgas_LNG_Terminal_3,Rasgas LNG Terminal 3,Export,Operating,Qatar,7.8,mtpa,10.61,2010,Ras Laffan Industrial City,Al Khawr,25.8939,51.5418,--,2024-05-29
1,https://www.gem.wiki/Das_Island_LNG_Terminal,Das Island LNG Terminal,Export,Operating,United Arab Emirates,1.7,mtpa,2.31,1977,Das Island,Abu Dhabi,25.1609,52.8766,--,2024-06-05
2,https://www.gem.wiki/Das_Island_LNG_Terminal,Das Island LNG Terminal,Export,Operating,United Arab Emirates,1.7,mtpa,2.31,1977,Das Island,Abu Dhabi,25.1609,52.8766,--,2024-06-05
3,https://www.gem.wiki/Das_Island_LNG_Terminal,Das Island LNG Terminal,Export,Operating,United Arab Emirates,2.6,mtpa,3.54,1994,Das Island,Abu Dhabi,25.1609,52.8766,--,2024-06-05
0,https://www.gem.wiki/Fujairah_LNG_Terminal,Fujairah LNG Terminal,Import,Cancelled,United Arab Emirates,8,mtpa,10.88,--,Fujairah,Fujairah,25.266667,56.333333,--,2024-06-05
1,https://www.gem.wiki/Fujairah_LNG_Terminal,Fujairah LNG Terminal,Export,Cancelled,United Arab Emirates,4.8,mtpa,6.53,2027,Fujairah,Fujairah,25.266667,56.333333,--,2024-06-05
2,https://www.gem.wiki/Fujairah_LNG_Terminal,Fujairah LNG Terminal,Export,Cancelled,United Arab Emirates,4.8,mtpa,6.53,2027,Fujairah,Fujairah,25.266667,56.333333,--,2024-06-05
0,https://www.gem.wiki/Jebel_Ali_FLNG_Terminal,Jebel Ali FLNG Terminal,Import,Operating,United Arab Emirates,6,mtpa,8.16,2010,Jebel Ali port,Dubai,25.03103,55.0667,--,2024-06-05
0,https://www.gem.wiki/Ruwais_FSRU,Ruwais FSRU,Import,Operating,United Arab Emirates,3.8,mtpa,5.17,2016,Ruwais,Abu Dhabi,24.1483,52.7389,--,2024-06-05
1,https://www.gem.wiki/Yemen_LNG_Terminal,Yemen LNG Terminal ,Export,Mothballed,Yemen,3.6,mtpa,4.9,2009,Balhaf,Shabwah,13.9812,48.18115,--,2024-05-30
2,https://www.gem.wiki/Yemen_LNG_Terminal,Yemen LNG Terminal ,Export,Mothballed,Yemen,3.6,mtpa,4.9,2010,Balhaf,Shabwah,13.9812,48.18115,--,2024-05-30
0,https://www.gem.wiki/Port_Kembla_FSRU,Port Kembla FSRU Terminal,Import,Construction,Australia,304,TJ/d,3.17,2026,Port Kembla,New South Wales,-34.4814133,150.8893602,181593000,2024-05-14
0,https://www.gem.wiki/Outer_Harbor_FSRU,Outer Harbor FSRU,Import,Construction,Australia,1.1,mtpa,1.5,2026,Port Adelaide,South Australia,-34.769985,138.502867,145274400,2024-05-14
0,https://www.gem.wiki/West_Yantai_LNG_Terminal,West Yantai LNG Terminal,Import,Shelved,China,,,--,--,Fushan Dajijia Town,Shandong,37.71420204,121.0901592,--,2024-01-31
0,https://www.gem.wiki/Yueyang_LNG_Terminal,Yueyang LNG Terminal,Import,Construction,China,1.5,mtpa,2.04,--,Junshan District Guangxingzhou Town,Hunan,29.577548,112.911354,318400000,2024-02-01
0,https://www.gem.wiki/FGEN_Batangas_LNG_Terminal,FGEN Batangas LNG Terminal,Import,Proposed,Philippines,5,mtpa,6.8,2023,Batangas,Batangas,13.7707075,121.0354947,1000000000,2024-07-15
0,https://www.gem.wiki/Engro_FSRU_2,Engro FSRU 2,Import,Cancelled,Pakistan,4.5,mtpa,6.12,2021,Port Qasim,Sindh,24.766667,67.333333,--,2024-06-28
0,https://www.gem.wiki/KOGAS_Dangjin_LNG_Terminal,KOGAS Dangjin LNG Terminal,Import,Construction,South Korea,11.6,mtpa,15.78,2031,Dangjin,South Chungcheong,37.000213,126.3788396,--,2024-09-04
0,https://www.gem.wiki/Hsieh-Ho_LNG_Terminal,Hsieh-Ho LNG Terminal,Import,Proposed,Taiwan,1.8,mtpa,2.45,2025,Hsieh-Ho,Keelung,25.16060244,121.7349555,--,2024-07-10
0,https://www.gem.wiki/Matarbari_LNG_Terminal,Matarbari LNG Terminal,Import,Proposed,Bangladesh,7.5,mtpa,10.2,2027,Martarbari,Chittagong,21.7271477,91.8797371,1000000000,2024-06-10
1,https://www.gem.wiki/Gorskaya_FLNG_Terminal,Gorskaya FLNG Terminal,Export,Cancelled,Russia,0.42,mtpa,0.57,--,St. Petersburg,Leningrad Oblast,60.026647,29.951994,104430000,2024-05-07
2,https://www.gem.wiki/Gorskaya_FLNG_Terminal,Gorskaya FLNG Terminal,Export,Cancelled,Russia,0.42,mtpa,0.57,--,St. Petersburg,Leningrad Oblast,60.026647,29.951994,104430000,2024-05-07
3,https://www.gem.wiki/Gorskaya_FLNG_Terminal,Gorskaya FLNG Terminal,Export,Cancelled,Russia,0.42,mtpa,0.57,--,St. Petersburg,Leningrad Oblast,60.026647,29.951994,104430000,2024-05-07
0,https://www.gem.wiki/D%C3%B6rtyol_FSRU,Dörtyol FSRU,Import,Operating,Türkiye,7.5,mtpa,10.2,2018,Dörtyol,Hatay,36.85099026,36.12597587,--,2023-07-17
1,https://www.gem.wiki/Crimea_LNG_Terminal,Crimea LNG Terminal,Export,Cancelled,Ukraine,,,--,--,,Crimea,45.3098595,33.9329082,--,2024-07-23
0,https://www.gem.wiki/West_Nile_Delta_LNG_Terminal,West Nile Delta LNG Terminal,Import,Cancelled,Egypt,1.4,bcf/d,14.47,--,Idku,Beheira,31.337395,30.300927,--,2024-06-27
0,https://www.gem.wiki/Walvis_Bay_LNG_Terminal,Walvis Bay LNG Terminal (Import),Import,Cancelled,Namibia,,,--,2019,Walvis Bay,,-22.957199,14.484443,--,2024-07-18
1,https://www.gem.wiki/Walvis_Bay_LNG_Terminal,Walvis Bay LNG Terminal (Export),Export,Cancelled,Namibia,,,--,2019,Walvis Bay,,-22.957199,14.484443,--,2024-07-18
1,https://www.gem.wiki/Project_Venezuela_Liquefied_Natural_Gas_Terminal,Project Venezuela Liquefied Natural Gas,Export,Cancelled,Venezuela,4,mtpa,5.44,--,,,10.302279,-63.331569,2000000000,2024-09-12
1,https://www.gem.wiki/Venezuela_Offshore_LNG_Terminal,Venezuela Offshore LNG Terminal,Export,Cancelled,Venezuela,,,--,--,,,10.784384,-63.183186,--,2024-09-12
1,https://www.gem.wiki/Delta_Caribe_Oriental_Terminal,Delta Caribe Oriental Terminal,Export,Cancelled,Venezuela,4.7,mtpa,6.39,--,Valdez,Sucre,10.599336,-62.315522,--,2024-09-12
2,https://www.gem.wiki/Delta_Caribe_Oriental_Terminal,Delta Caribe Oriental Terminal,Export,Cancelled,Venezuela,4.7,mtpa,6.39,--,Valdez,Sucre,10.599336,-62.315522,--,2024-09-12
1,https://www.gem.wiki/Qeshm_LNG_Terminal,Qeshm LNG Terminal,Export,Cancelled,Iran,1.15,mtpa,1.56,--,Qeshm Island,,26.951056,55.752355,--,2024-06-24
2,https://www.gem.wiki/Qeshm_LNG_Terminal,Qeshm LNG Terminal,Export,Cancelled,Iran,1.15,mtpa,1.56,--,Qeshm Island,,26.951056,55.752355,--,2024-06-24
3,https://www.gem.wiki/Qeshm_LNG_Terminal,Qeshm LNG Terminal,Export,Cancelled,Iran,1.15,mtpa,1.56,--,Qeshm Island,,26.951056,55.752355,--,2024-06-24
0,https://www.gem.wiki/Steelhead_FSRU,Steelhead FSRU,Import,Cancelled,Canada,6,mtpa,8.16,--,Bamberton,British Columbia,48.595162,-123.527441,--,2024-09-09
1,https://www.gem.wiki/Energie_Saguenay_LNG_Terminal,Energie Saguenay LNG Terminal,Export,Shelved,Canada,5.5,mtpa,7.48,2025,Port Saguenay,Quebec,48.441644,-70.697435,3600000000,2024-09-09
2,https://www.gem.wiki/Energie_Saguenay_LNG_Terminal,Energie Saguenay LNG Terminal,Export,Shelved,Canada,5.5,mtpa,7.48,2025,Port Saguenay,Quebec,48.441644,-70.697435,3600000000,2024-09-09
0,https://www.gem.wiki/Everett_Marine_Terminal,Everett Marine Terminal,Import,Operating,United States,5.1,mtpa,6.94,1971,Everett,Massachusetts,42.393,-71.064,--,2024-07-03
0,https://www.gem.wiki/Northeast_Gateway_FSRU,Northeast Gateway FSRU,Import,Idle,United States,3,mtpa,4.08,2008,Boston,Massachusetts,42.398986,-70.616774,--,2024-07-08
0,https://www.gem.wiki/Neptune_LNG,Neptune LNG Terminal,Import,Retired,United States,,,--,2010,Boston,Massachusetts,42.573468,-70.665422,--,2024-07-08
0,https://www.gem.wiki/Bradwood_Landing_LNG_Terminal,Bradwood Landing LNG Terminal,Import,Cancelled,United States,,,--,--,Bradwood,Oregon,46.197011,-123.438761,--,2024-07-08
1,https://www.gem.wiki/Main_Pass_Energy_Hub_FLNG_Terminal,Main Pass Energy Hub FLNG Terminal,Export,Cancelled,United States,4,mtpa,5.44,2020,Gulf of Mexico,Louisiana,29.265556,-88.759444,2666666667,2024-07-08
2,https://www.gem.wiki/Main_Pass_Energy_Hub_FLNG_Terminal,Main Pass Energy Hub FLNG Terminal,Export,Cancelled,United States,4,mtpa,5.44,2020,Gulf of Mexico,Louisiana,29.265556,-88.759444,2666666667,2024-07-08
3,https://www.gem.wiki/Main_Pass_Energy_Hub_FLNG_Terminal,Main Pass Energy Hub FLNG Terminal,Export,Cancelled,United States,4,mtpa,5.44,2020,Gulf of Mexico,Louisiana,29.265556,-88.759444,2666666667,2024-07-08
4,https://www.gem.wiki/Main_Pass_Energy_Hub_FLNG_Terminal,Main Pass Energy Hub FLNG Terminal,Export,Cancelled,United States,4,mtpa,5.44,2020,Gulf of Mexico,Louisiana,29.265556,-88.759444,2666666667,2024-07-08
5,https://www.gem.wiki/Main_Pass_Energy_Hub_FLNG_Terminal,Main Pass Energy Hub FLNG Terminal,Export,Cancelled,United States,4,mtpa,5.44,2020,Gulf of Mexico,Louisiana,29.265556,-88.759444,2666666667,2024-07-08
6,https://www.gem.wiki/Main_Pass_Energy_Hub_FLNG_Terminal,Main Pass Energy Hub FLNG Terminal,Export,Cancelled,United States,4,mtpa,5.44,2020,Gulf of Mexico,Louisiana,29.265556,-88.759444,2666666667,2024-07-08
0,https://www.gem.wiki/Calhoun_LNG_Terminal,Calhoun LNG Terminal,Import,Cancelled,United States,7.2,mtpa,9.79,--,Point Comfort,Texas,28.615556,-96.629722,--,2024-07-08
0,https://www.gem.wiki/Bienville_FSRU,Bienville FSRU,Import,Cancelled,United States,10.7,mtpa,14.55,--,Dauphin Island,Alabama,30.256389,-88.125278,--,2024-07-08
1,https://www.gem.wiki/Galveston_Bay_LNG_Terminal,Galveston Bay LNG Terminals,Export,Cancelled,United States,5.5,mtpa,7.48,2027,Texas City,Texas,29.370473,-94.89321,--,2024-07-08
2,https://www.gem.wiki/Galveston_Bay_LNG_Terminal,Galveston Bay LNG Terminals,Export,Cancelled,United States,5.5,mtpa,7.48,2027,Texas City,Texas,29.370473,-94.89321,--,2024-07-08
3,https://www.gem.wiki/Galveston_Bay_LNG_Terminal,Galveston Bay LNG Terminals,Export,Cancelled,United States,5.5,mtpa,7.48,2027,Texas City,Texas,29.370473,-94.89321,--,2024-07-08
1,https://www.gem.wiki/Pointe_LNG_Terminal,Pointe LNG Terminal,Export,Cancelled,United States,2,mtpa,2.72,2026,Mile 46,Louisiana,29.859605,-89.991638,1333333333,2024-07-08
2,https://www.gem.wiki/Pointe_LNG_Terminal,Pointe LNG Terminal,Export,Cancelled,United States,2,mtpa,2.72,2026,Mile 46,Louisiana,29.859605,-89.991638,1333333333,2024-07-08
3,https://www.gem.wiki/Pointe_LNG_Terminal,Pointe LNG Terminal,Export,Cancelled,United States,2,mtpa,2.72,2026,Mile 46,Louisiana,29.859605,-89.991638,1333333333,2024-07-08
0,https://www.gem.wiki/Gulf_Gateway_LNG_Terminal,Gulf Gateway LNG Terminal,Import,Retired,United States,5.3,mtpa,7.21,2005,Gulf of Mexico,Louisiana,29.85,-93.2,--,2024-07-08
0,https://www.gem.wiki/Weavers_Cove_LNG_Terminal,Weaver's Cove LNG Terminal,Import,Cancelled,United States,6,mtpa,8.16,--,Fall River,Massachusetts,41.701389,-71.155556,--,2024-07-08
0,https://www.gem.wiki/Crown_Landing_LNG_Terminal,Crown Landing LNG Terminal,Import,Cancelled,United States,11,mtpa,14.96,--,Logan Township,New Jersey,39.891609,-75.1167,--,2024-07-08
0,https://www.gem.wiki/Creole_Trail_LNG_Terminal,Creole Trail LNG Terminal,Import,Cancelled,United States,27,mtpa,36.72,--,Cameron,Louisiana,29.85,-93.2,--,2024-07-08
0,https://www.gem.wiki/Broadwater_FSRU,Broadwater FSRU,Import,Cancelled,United States,8,mtpa,10.88,--,Long Island,New York,41.096667,-72.881111,--,2024-07-08
0,https://www.gem.wiki/Port_Pelican_LNG_Terminal,Port Pelican LNG Terminal,Import,Cancelled,United States,12,mtpa,16.32,--,Port Pelican,Texas,28.787546,-91.284707,--,2024-07-08
0,https://www.gem.wiki/Long_Beach_LNG_Terminal,Long Beach LNG Terminal,Import,Cancelled,United States,5,mtpa,6.8,--,Long Beach,California,33.754185,-118.216458,--,2024-07-08
0,https://www.gem.wiki/Quoddy_Bay_LNG_Terminal,Quoddy Bay LNG Terminal,Import,Cancelled,United States,,,--,--,Pleasent Point,Maine,44.957541,-67.041773,--,2024-07-08
0,https://www.gem.wiki/Downeast_LNG_Terminal,Downeast LNG Terminal,Import,Cancelled,United States,3,mtpa,4.08,--,Passamaquoddy Bay,Maine,45.083333,-67.083333,--,2024-07-08
1,https://www.gem.wiki/Downeast_LNG_Terminal,Downeast LNG Terminal,Export,Cancelled,United States,3,mtpa,4.08,--,Passamaquoddy Bay,Maine,45.083333,-67.083333,--,2024-07-08
0,https://www.gem.wiki/Sparrows_Point_LNG_Terminal,Sparrows Point LNG Terminal,Import,Cancelled,United States,11.5,mtpa,15.64,--,Baltimore,Maryland,39.219167,-76.476111,--,2024-07-08
0,https://www.gem.wiki/Oregon_LNG_Terminal,Oregon LNG Import Terminal,Import,Cancelled,United States,0.5,bcf/d,5.17,--,Warrenton,Oregon,46.1764445,-123.9092231,--,2024-07-08
1,https://www.gem.wiki/Oregon_LNG_Terminal,Oregon LNG Export Terminal,Export,Cancelled,United States,4.8,mtpa,6.53,--,Warrenton,Oregon,46.1764445,-123.9092231,--,2024-07-08
2,https://www.gem.wiki/Oregon_LNG_Terminal,Oregon LNG Export Terminal,Export,Cancelled,United States,4.8,mtpa,6.53,--,Warrenton,Oregon,46.1764445,-123.9092231,--,2024-07-08
0,https://www.gem.wiki/Safe_Harbor_Energy_LNG_Terminal,Safe Harbor Energy LNG Terminal,Import,Cancelled,United States,2,bcf/d,20.67,--,Long Beach,New York,40.388611,-73.609722,--,2024-07-08
0,https://www.gem.wiki/Port_Dolphin_LNG_Terminal,Port Dolphin LNG Terminal,Import,Cancelled,United States,6.4,mtpa,8.7,--,Tampa,Florida,27.968056,-82.476389,--,2024-07-08
0,https://www.gem.wiki/OceanWay_LNG_Terminal,OceanWay LNG Terminal,Import,Cancelled,United States,1.2,bcf/d,12.4,--,Los Angeles,California,33.774258,-118.687825,--,2024-07-08
0,https://www.gem.wiki/Calypso_LNG_Terminal,Calypso LNG Terminal,Import,Cancelled,United States,8,mtpa,10.88,--,Port Everglades,Florida,26.086022,-80.115287,--,2024-07-08
0,https://www.gem.wiki/Liberty_FSRU,Liberty FSRU,Import,Cancelled,United States,18,mtpa,24.48,--,Asbury Park,New Jersey,40.222884,-74.010232,--,2024-07-08
1,https://www.gem.wiki/Barca_LNG_Terminal,Barca LNG Terminal,Export,Cancelled,United States,1.6,bcf/d,16.54,--,Brownsville,Texas,25.950835,-97.410844,--,2024-07-08
1,https://www.gem.wiki/New_Fortress_Wyalusing_LNG_Terminal,New Fortress Wyalusing LNG Terminal,Export,Proposed,United States,1750000,gal/day,1.4,2024,Wyalusing Township,Pennsylvania,41.653541,-76.233213,400000000,2024-07-08
2,https://www.gem.wiki/New_Fortress_Wyalusing_LNG_Terminal,New Fortress Wyalusing LNG Terminal,Export,Proposed,United States,1750000,gal/day,1.4,2024,Wyalusing Township,Pennsylvania,41.653541,-76.233213,400000000,2024-07-08
1,https://www.gem.wiki/Greater_Tortue_Ahmeyim_FLNG,Greater Tortue Ahmeyim FLNG Terminal,Export,Construction,Mauritania,0.63,mtpa,0.85,2024,,,16.355626,-17.745783,289800000,2024-07-18
2,https://www.gem.wiki/Greater_Tortue_Ahmeyim_FLNG,Greater Tortue Ahmeyim FLNG Terminal,Export,Construction,Mauritania,0.63,mtpa,0.85,2024,,,16.355626,-17.745783,289800000,2024-07-18
3,https://www.gem.wiki/Greater_Tortue_Ahmeyim_FLNG,Greater Tortue Ahmeyim FLNG Terminal,Export,Construction,Mauritania,0.63,mtpa,0.85,2024,,,16.355626,-17.745783,289800000,2024-07-18
4,https://www.gem.wiki/Greater_Tortue_Ahmeyim_FLNG,Greater Tortue Ahmeyim FLNG Terminal,Export,Construction,Mauritania,0.63,mtpa,0.85,2024,,,16.355626,-17.745783,289800000,2024-07-18
5,https://www.gem.wiki/Greater_Tortue_Ahmeyim_FLNG,Greater Tortue Ahmeyim FLNG Terminal,Export,Proposed,Mauritania,3,mtpa,4.08,--,,,16.355626,-17.745783,3450000000,2024-07-18
0,https://www.gem.wiki/Ennore_LNG_Terminal,Ennore LNG Terminal,Import,Operating,India,5,mtpa,6.8,2019,Ennore Port,Tamil Nadu,13.259407,80.337425,--,2024-06-13
1,https://www.gem.wiki/Ennore_LNG_Terminal,Ennore LNG Terminal,Import,Proposed,India,5,mtpa,6.8,--,Ennore Port,Tamil Nadu,13.259407,80.337425,408390000,2024-06-12
0,https://www.gem.wiki/Gothenburg_LNG_Terminal,Gothenburg LNG Terminal,Import,Cancelled,Sweden,0.4,mtpa,0.54,--,Gothenburg,,57.70177,11.947963,--,2024-07-26
0,https://www.gem.wiki/Sergipe_FSRU,Sergipe FSRU,Import,Operating,Brazil,5.6,mtpa,7.62,2020,Porto de Sergipe,Pernambuco,-10.843241,-36.918455,--,2024-09-13
0,https://www.gem.wiki/Maurice_Bonnefil_LNG_Terminal,Maurice Bonnefil LNG Terminal,Import,Cancelled,Haiti,,,--,--,Port-au-Prince,,18.746498,-72.436775,--,2024-09-12
0,https://www.gem.wiki/Abu_Dhabi_FSRU,Abu Dhabi FSRU,Import,Idle,United Arab Emirates,0.5,bcf/d,5.17,2016,Das Island,Abu Dhabi,25.1609,52.8766,--,2024-06-05
1,https://www.gem.wiki/Djibouti_FLNG_Terminal,Djibouti FLNG Terminal,Export,Shelved,Djibouti,3,mtpa,4.08,2020,Damerjog,,11.482124,43.186891,1600000000,2024-07-16
2,https://www.gem.wiki/Djibouti_FLNG_Terminal,Djibouti FLNG Terminal,Export,Shelved,Djibouti,3,mtpa,4.08,2020,Damerjog,,11.482124,43.186891,1200000000,2024-07-16
3,https://www.gem.wiki/Djibouti_FLNG_Terminal,Djibouti FLNG Terminal,Export,Shelved,Djibouti,4,mtpa,5.44,2020,Damerjog,,11.482124,43.186891,1200000000,2024-07-16
0,https://www.gem.wiki/Benin_FSRU,Benin FSRU,Import,Cancelled,Benin,0.5,mtpa,0.68,2021,Contonou,,6.346843,2.435208,--,2024-06-25
0,https://www.gem.wiki/Montego_Bay_LNG_Terminal,Montego Bay LNG Terminal,Import,Operating,Jamaica,0.5,mtpa,0.68,2016,,,18.463029,-77.934847,200000000,2024-09-13
0,https://www.gem.wiki/Al_Zour_LNG_Terminal,Al Zour LNG Import Terminal,Import,Operating,Kuwait,22,mtpa,29.92,2022,Al-Zour,,28.71836828,48.3973631,3000000000,2024-06-11
1,https://www.gem.wiki/Al_Zour_LNG_Terminal,Al Zour LNG Export Terminal,Export,Shelved,Kuwait,22,mtpa,29.92,--,Al-Zour,,28.707347,48.377053,--,2024-06-11
0,https://www.gem.wiki/North_Shore_LNG_Terminal,North Shore LNG Terminal,Import,Proposed,Canada,,,--,--,Marathon,,48.717011,-86.388657,--,2024-09-09
1,https://www.gem.wiki/North_Shore_LNG_Terminal,North Shore LNG Terminal,Import,Proposed,Canada,,,--,--,Terrace Bay,,48.784304,-87.096503,--,2024-09-09
2,https://www.gem.wiki/North_Shore_LNG_Terminal,North Shore LNG Terminal,Import,Proposed,Canada,,,--,--,Schreiber,,48.809983,-87.266636,--,2024-09-09
3,https://www.gem.wiki/North_Shore_LNG_Terminal,North Shore LNG Terminal,Import,Proposed,Canada,,,--,--,Manitouwadge,,49.126128,-85.828821,--,2024-09-09
4,https://www.gem.wiki/North_Shore_LNG_Terminal,North Shore LNG Terminal,Import,Proposed,Canada,,,--,--,Wawa,,47.992732,-84.771015,--,2024-09-09
1,https://www.gem.wiki/PEMEX_LNG_Terminal,PEMEX LNG Terminal,Export,Cancelled,Mexico,5,mtpa,6.8,2020,Salina Cruz,Oaxaca,16.167933,-95.192147,--,2024-09-12
1,https://www.gem.wiki/Deepwater_Port_LNG_Terminal,Avocet FLNG Terminal,Export,Cancelled,United States,8,mtpa,10.88,--,Gulf of Mexico,Louisiana,28.692,-90.81287,--,2024-07-02
1,https://www.gem.wiki/American_Coast_LNG_Terminal,American Coast LNG Terminal,Export,Cancelled,United States,8,mtpa,10.88,2022,,,29.259765,-93.665566,--,2024-07-08
0,https://www.gem.wiki/Buenaventura_FSRU,Buenaventura FSRU,Import,Proposed,Colombia,4.13,bcm/y,4.13,2026,Bay of Buenaventura,,3.904541,-77.077035,--,2024-08-27
0,https://www.gem.wiki/Acajutla_FSRU,Acajutla FSRU,Import,Operating,El Salvador,2.15,mtpa,2.92,2022,Acajutla,Sonsonate,13.576094,-89.840455,--,2024-09-13
0,https://www.gem.wiki/Alexandroupolis_FSRU,Alexandroupolis FSRU,Import,Construction,Greece,5.5,bcm/y,5.5,2024,Aegean Sea,,40.748354,25.718754,392400000,2024-07-26
0,https://www.gem.wiki/Gibraltar_LNG_Terminal,Gibraltar LNG Terminal,Import,Operating,Gibraltar,0.1,mtpa,0.14,2019,,,36.133677,-5.349828,--,2024-07-26
0,https://www.gem.wiki/Ravenna_LNG_Terminal,Ravenna LNG Terminal,Import,Operating,Italy,0.7,mtpa,0.95,2021,Port of Ravenna,,44.471734,12.248134,109000000,2024-07-26
0,https://www.gem.wiki/Old_Harbour_FSRU,Old Harbour FSRU,Import,Operating,Jamaica,3.6,mtpa,4.9,2019,,,17.894692,-77.101154,--,2024-09-13
0,https://www.gem.wiki/Ain_Sokhna_Hoegh_FSRU,Ain Sokhna Hoegh FSRU,Import,Operating,Egypt,4.2,mtpa,5.71,2015,Port of Ain Sokhna,,29.60254411,32.34039475,--,2024-09-11
0,https://www.gem.wiki/Sumed_BW_FSRU,Sumed BW FSRU,Import,Idle,Egypt,5.7,mtpa,7.75,2015,Port of Ain Sokhna,,29.60254411,32.34039475,--,2024-06-27
0,https://www.gem.wiki/Lysekil_LNG_Terminal,Lysekil LNG Terminal,Import,Operating,Sweden,0.2,mtpa,0.27,2014,,,58.274285,11.452119,--,2024-07-26
0,https://www.gem.wiki/Porto_do_A%C3%A7u_FSRU,Porto do Açu FSRU,Import,Operating,Brazil,5.6,mtpa,7.62,2021,Port of Açu,Rio de Janeiro,-21.847897,-40.991889,--,2024-09-13
1,https://www.gem.wiki/Alaska_Japan_LNG_Terminal,Alaska Japan LNG Terminal,Export,Cancelled,United States,1,mtpa,1.36,2021,,,61.268424,-149.91703,--,2024-07-08
0,https://www.gem.wiki/Pichilingue_LNG_Terminal,Pichilingue LNG Terminal,Import,Operating,Mexico,0.8,mtpa,1.09,2021,Port of Pichilingue,Baja California Sur,24.2740568,-110.3273078,--,2024-09-13
0,https://www.gem.wiki/Sudan_Red_Sea_LNG_Terminal,Sudan Red Sea LNG Terminal,Import,Shelved,Sudan,,,--,2018,Sudan Port,Red Sea State,19.580262,37.240723,--,2024-06-12
1,https://www.gem.wiki/Abbot_Point_LNG_Terminal,Abbot Point LNG Terminal,Export,Cancelled,Australia,0.5,mtpa,0.68,--,Abbot Point,Queensland,-19.8988746,148.084116,--,2024-05-21
2,https://www.gem.wiki/Abbot_Point_LNG_Terminal,Abbot Point LNG Terminal,Export,Cancelled,Australia,0.5,mtpa,0.68,--,Abbot Point,Queensland,-19.8988746,148.084116,--,2024-05-21
3,https://www.gem.wiki/Abbot_Point_LNG_Terminal,Abbot Point LNG Terminal,Export,Cancelled,Australia,0.5,mtpa,0.68,--,,,-19.8988746,148.084116,--,2024-05-21
4,https://www.gem.wiki/Abbot_Point_LNG_Terminal,Abbot Point LNG Terminal,Export,Cancelled,Australia,0.5,mtpa,0.68,--,Abbot Point,Queensland,-19.8988746,148.084116,--,2024-05-21
1,https://www.gem.wiki/Cash_Maple_FLNG_Terminal,Cash Maple FLNG Terminal,Export,Cancelled,Australia,2,mtpa,2.72,--,,Western Australia,-12.294941,124.947613,--,2024-05-23
1,https://www.gem.wiki/Poseidon_FLNG_Terminal,Poseidon FLNG Terminal,Export,Cancelled,Australia,3.9,mtpa,5.3,--,,,-13.85783,119.802714,--,2024-05-23
0,https://www.gem.wiki/Longford_LNG_Terminal,Longford LNG Terminal,Import,Cancelled,Australia,,,--,2022,Longford,Victoria,-38.2247742,146.8122813,--,2024-05-23
0,https://www.gem.wiki/Teluk_Lamong_LNG_Terminal,Teluk Lamong LNG Terminal,Import,Construction,Indonesia,0.3,mtpa,0.41,2023,Teluk Lamong,East Java,-7.2038832,112.669148,--,2024-07-12
0,https://www.gem.wiki/Gorontalo_FSRU,Gorontalo FSRU,Import,Operating,Indonesia,0.2,mtpa,0.27,2022,Gorontalo,Sulawesi,0.5453173,123.061134,--,2024-07-11
0,https://www.gem.wiki/Bangka_Belitung-Pontianak_FSRU,Bangka Belitung-Pontianak FSRU,Import,Cancelled,Indonesia,,,--,--,Pontianak,West Kalimantan,0.045634,109.181164,--,2024-07-12
0,https://www.gem.wiki/Niihama_LNG_Terminal,Niihama LNG Terminal,Import,Operating,Japan,1,mtpa,1.36,2022,Niihama,Shikoku,33.984979,133.314241,--,2024-08-26
0,https://www.gem.wiki/Sittwe_LNG_Terminal,Sittwe LNG Terminal,Import,Cancelled,Myanmar,,,--,--,Sittwe,Rakhine,20.1648761,92.8533529,--,2024-07-12
1,https://www.gem.wiki/Pandora_FLNG_Terminal,Pandora FLNG Terminal,Export,Cancelled,Papua New Guinea,1,mtpa,1.36,--,Coral Sea,,-9.476749,144.765096,1250000000,2024-05-29
1,https://www.gem.wiki/Western_LNG_Terminal,Western LNG Terminal,Export,Cancelled,Papua New Guinea,1.5,mtpa,2.04,2023,Daru Island,,-9.19426,143.257609,--,2024-05-30
0,https://www.gem.wiki/Tanglawan_LNG_Terminal,Tanglawan LNG Terminal,Import,Cancelled,Philippines,2.2,mtpa,2.99,2023,Batangas,Batangas,13.7707075,121.0354947,--,2024-07-15
1,https://www.gem.wiki/Portovaya_LNG_Terminal,Portovaya LNG Terminal,Export,Operating,Russia,0.75,mtpa,1.02,2022,,Leningrad Oblast,60.523347,28.130122,810000000,2024-04-19
2,https://www.gem.wiki/Portovaya_LNG_Terminal,Portovaya LNG Terminal,Export,Operating,Russia,0.75,mtpa,1.02,2022,,Leningrad Oblast,60.523347,28.130122,810000000,2024-04-19
3,https://www.gem.wiki/Portovaya_LNG_Terminal,Portovaya LNG Terminal,Export,Proposed,Russia,2,mtpa,2.72,--,,Leningrad Oblast,60.523347,28.130122,2000000000,2024-04-19
1,https://www.gem.wiki/Vysotsk_LNG_Terminal,Vysotsk LNG Terminal,Export,Operating,Russia,0.75,mtpa,1.02,2019,Vysotsk,Leningrad Oblast,60.603671,28.5496269,399000000,2024-05-07
2,https://www.gem.wiki/Vysotsk_LNG_Terminal,Vysotsk LNG Terminal,Export,Operating,Russia,0.75,mtpa,1.02,2019,Vysotsk,Leningrad Oblast,60.603671,28.5496269,399000000,2024-05-07
2,https://www.gem.wiki/Cambodia_LNG_Project,Cambodia LNG Project,Import,Shelved,Cambodia,0.6,mtpa,0.82,2022,Phnom Penh,,11.5792295,104.6099912,--,2024-07-12
3,https://www.gem.wiki/Cambodia_LNG_Project,Cambodia LNG Project,Import,Shelved,Cambodia,3,mtpa,4.08,2024,Phnom Penh,,11.5792295,104.6099912,--,2024-07-12
0,https://www.gem.wiki/Pinghu_LNG_Terminal,Pinghu LNG Terminal,Import,Operating,China,1,mtpa,1.36,2022,Pinghu,Zhejiang,30.681206,121.246827,--,2024-02-08
0,https://www.gem.wiki/Longkou_LNG_Terminal,Longkou LNG Terminal,Import,Construction,China,6,mtpa,8.16,2023,Longkou,Shandong,37.680774,120.220284,--,2024-01-30
1,https://www.gem.wiki/Longkou_LNG_Terminal,Longkou LNG Terminal,Import,Proposed,China,14,mtpa,19.04,--,Longkou,Shandong,37.680774,120.220284,--,2024-01-30
0,https://www.gem.wiki/Jeju_Aewol_LNG_Terminal,Jeju Aewol LNG Terminal,Import,Operating,South Korea,1.1,mtpa,1.5,2019,Jeju-si,Jeju Island,33.470118,126.3233004,--,2024-09-04
0,https://www.gem.wiki/Akita_LNG_Terminal,Akita LNG Terminal,Import,Operating,Japan,0.6,mtpa,0.82,2015,Akita,Akita,39.7617994,140.0547406,--,2023-08-29
0,https://www.gem.wiki/Shenzhen_LNG_Terminal_(Shenzhen_Gas_),Shenzhen LNG Terminal (Shenzhen Gas),Import,Operating,China,0.8,mtpa,1.09,2019,Longgang Dapeng,Guangdong,22.618619,114.384841,--,2024-02-15
1,https://www.gem.wiki/Shenzhen_LNG_Terminal_(Shenzhen_Gas_),Shenzhen LNG Terminal (Shenzhen Gas),Import,Construction,China,2,mtpa,2.72,--,Longgang Dapeng,Guangdong,22.618619,114.384841,--,2024-02-15
0,https://www.gem.wiki/Talcahuano_FSRU,Talcahuano FSRU,Import,Shelved,Chile,2.3,mtpa,3.13,--,,,-36.718357,-73.102769,--,2024-09-13
1,https://www.gem.wiki/Salina_Cruz_LNG_Terminal,Salina Cruz LNG Terminal,Export,Proposed,Mexico,3,mtpa,4.08,--,Salina Cruz,Oaxaca,16.161733,-95.195759,--,2024-09-05
0,https://www.gem.wiki/Rauma_LNG_terminal,Rauma LNG Terminal,Import,Cancelled,Finland,,,--,--,Rauma,,61.130747,21.435687,--,2024-07-24
0,https://www.gem.wiki/Stade_LNG_Terminal,Stade LNG Terminal,Import,Construction,Germany,13.3,bcm/y,13.3,2027,Stade,Lower Saxony,53.652459,9.510382,1090000000,2024-09-10
0,https://www.gem.wiki/Rostock_LNG_Terminal,Rostock LNG Terminal,Import,Proposed,Germany,0.8,mtpa,1.09,2026,Rostock,,54.181909,12.088052,--,2024-09-10
0,https://www.gem.wiki/NextDecade_Cork_FSRU,NextDecade Cork FSRU,Import,Cancelled,Ireland,4,bcm/y,4,--,Cork,,51.831398,-8.322984,136250000,2024-07-24
0,https://www.gem.wiki/HIGAS_LNG_Terminal,HIGAS LNG Terminal,Import,Operating,Italy,0.2,mtpa,0.27,2021,Oristano,Sardinia,39.863873,8.554238,41638000,2024-07-26
0,https://www.gem.wiki/Skulte_FRU,Skulte LNG Terminal,Import,Proposed,Latvia,3,mtpa,4.08,2024,Skulte,,57.315,24.367,119900000,2024-07-24
1,https://www.gem.wiki/Tjelbergodden_LNG_Terminal,Tjelbergodden LNG Terminal,Export,Retired,Norway,0.01,mtpa,0.02,1997,Kjørsvikbugen,,63.408456,8.693715,--,2024-07-26
1,https://www.gem.wiki/Snurrevarden_LNG_Terminal,Snurrevarden LNG Terminal,Export,Operating,Norway,0.02,mtpa,0.03,2003,,,59.313521,5.285961,--,2024-07-26
1,https://www.gem.wiki/Kollsnes_LNG_Terminal,Kollsnes LNG Terminal,Export,Operating,Norway,0.04,mtpa,0.05,2003,Kollsnesvegen,,60.548447,4.834402,--,2024-07-26
2,https://www.gem.wiki/Kollsnes_LNG_Terminal,Kollsnes LNG Terminal,Export,Operating,Norway,0.08,mtpa,0.11,2007,Kollsnesvegen,,60.548447,4.834402,--,2024-07-26
0,https://www.gem.wiki/Fredrikstad_LNG_Terminal,Fredrikstad LNG Terminal,Import,Operating,Norway,0.1,mtpa,0.14,2011,Øra,,59.1875329,10.9595717,--,2024-07-26
0,https://www.gem.wiki/Polish_Baltic_Sea_Coast_FSRU,Polish Baltic Sea Coast FSRU,Import,Proposed,Poland,6.1,bcm/y,6.1,2028,Gdansk,,54.424696,18.73585,675800000,2024-07-23
1,https://www.gem.wiki/Polish_Baltic_Sea_Coast_FSRU,Polish Baltic Sea Coast FSRU,Import,Shelved,Poland,4.5,bcm/y,4.5,--,Gdansk,,54.424696,18.73585,--,2024-07-23
0,https://www.gem.wiki/G%C3%A4vle_LNG_terminal,Gävle LNG Terminal,Import,Cancelled,Sweden,0.3,bcm/y,0.3,--,Gävle,,60.681256,17.182174,--,2024-07-26
0,https://www.gem.wiki/Mosjoen_LNG_Terminal,Mosjoen LNG Terminal,Import,Operating,Norway,0.4,mtpa,0.54,2007,Mosjoen,,65.836962,13.187084,--,2024-07-26
0,https://www.gem.wiki/Hainan_Shennan_LNG_Terminal,Hainan Shennan LNG Storage Facility,Import,Operating,China,0.27,mtpa,0.37,2014,Chengmai Laocheng,Hainan,19.977562,110.057687,136000000,2024-01-18
0,https://www.gem.wiki/San_Juan_LNG_Terminal,San Juan LNG Terminal,Import,Operating,United States,1.1,mtpa,1.5,2020,San Juan,Puerto Rico,18.461942,-66.11091,--,2024-07-08
0,https://www.gem.wiki/Akonikien_LNG_Terminal,Akonikien LNG Terminal,Import,Cancelled,Equatorial Guinea,,,--,2020,,,1.832933,9.741385,--,2024-07-17
0,https://www.gem.wiki/Dwiputra_FSRU,Dwiputra FSRU,Import,Shelved,Mozambique,,,--,--,,,-14.534204,40.656408,--,2024-07-18
1,https://www.gem.wiki/Rovuma_LNG_Terminal,Rovuma LNG Terminal,Export,Proposed,Mozambique,18,mtpa,24.48,2027,Afungi peninsula,,-10.753277,40.798272,22000000000,2024-07-18
0,https://www.gem.wiki/Cangzhou_LNG_Terminal,Cangzhou LNG Terminal,Import,Proposed,China,3,mtpa,4.08,2025,Huanghua Port,Hebei,38.365118,117.793201,--,2024-02-01
0,https://www.gem.wiki/Damaiyu_LNG_Terminal,Damaiyu LNG Terminal,Import,Construction,China,2,mtpa,2.72,2023,Yuhuan Damaiyu,Zhejiang,28.106107,121.134782,--,2023-02-07
0,https://www.gem.wiki/Dongying_LNG_Terminal,Dongying LNG Terminal,Import,Cancelled,China,2,mtpa,2.72,2025,Dongying Port,Shandong,38.08339506,119.0333177,--,2024-01-31
0,https://www.gem.wiki/Guangzhou_Nansha_LNG_Terminal,Guangzhou Nansha LNG Terminal,Import,Operating,China,1,mtpa,1.36,2023,Nansha,Guangdong,22.83969325,113.5601836,700800000,2024-02-14
1,https://www.gem.wiki/Guangzhou_Nansha_LNG_Terminal,Guangzhou Nansha LNG Terminal,Import,Proposed,China,1,mtpa,1.36,--,Nansha,Guangdong,22.83969325,113.5601836,272000000,2024-02-15
0,https://www.gem.wiki/Huizhou_LNG_Terminal,Huizhou LNG Terminal,Import,Construction,China,4,mtpa,5.44,2023,Huidong,Guangdong,22.611927,114.742272,--,2024-02-15
1,https://www.gem.wiki/Huizhou_LNG_Terminal,Huizhou LNG Terminal,Import,Proposed,China,6,mtpa,8.16,--,Huidong,Guangdong,22.611927,114.742272,--,2024-02-15
0,https://www.gem.wiki/Sinopec_Liuheng_LNG_Terminal,Sinopec Liuheng LNG Terminal,Import,Proposed,China,7.18,mtpa,9.76,2025,Liuheng Town,Zhejiang,29.70836937,122.0804155,1920000000,2024-02-08
1,https://www.gem.wiki/Sinopec_Liuheng_LNG_Terminal,Sinopec Liuheng LNG Terminal,Import,Proposed,China,7.82,mtpa,10.64,2030,Liuheng Town,Zhejiang,29.70836937,122.0804155,1040000000,2024-02-08
0,https://www.gem.wiki/Sinopec_Longkou_LNG_Terminal,Sinopec Longkou LNG Terminal,Import,Construction,China,6.5,mtpa,8.84,2023,Longkou,Shandong,37.6497398,120.2907759,--,2024-01-30
1,https://www.gem.wiki/Sinopec_Longkou_LNG_Terminal,Sinopec Longkou LNG Terminal,Import,Proposed,China,5.5,mtpa,7.48,--,Longkou,Shandong,37.6497398,120.2907759,--,2024-01-30
0,https://www.gem.wiki/Suizhong_LNG_Terminal,Suizhong LNG Terminal,Import,Cancelled,China,2.6,mtpa,3.54,2020,Suizhong,Liaoning,40.160486,120.272945,--,2024-01-29
1,https://www.gem.wiki/Suizhong_LNG_Terminal,Suizhong LNG Terminal,Import,Cancelled,China,2.5,mtpa,3.4,2020,Suizhong,Liaoning,40.160486,120.272945,--,2024-01-29
2,https://www.gem.wiki/Suizhong_LNG_Terminal,Suizhong LNG Terminal,Import,Cancelled,China,2.5,mtpa,3.4,2020,Suizhong,Liaoning,40.160486,120.272945,--,2024-01-29
0,https://www.gem.wiki/Weihai_Nangang_New_Port_LNG_Terminal,Weihai Nangang New Port LNG Terminal,Import,Cancelled,China,3,mtpa,4.08,2022,Nanhai New Port,Shandong,36.913393,122.052635,1600000000,2024-01-30
0,https://www.gem.wiki/Wuhan_LNG_Terminal,Wuhan LNG Terminal,Import,Proposed,China,1.86,mtpa,2.53,2035,,Hubei,30.594686,114.558552,--,2024-02-01
0,https://www.gem.wiki/Chhara_LNG_Terminal,Chhara LNG Terminal,Import,Construction,India,5,mtpa,6.8,2024,Chhara,Gujarat,20.72124,70.749983,559000000,2024-06-12
0,https://www.gem.wiki/H-Energy_Kakinada_LNG_Terminal,H-Energy Kakinada LNG Terminal,Import,Construction,India,4,mtpa,5.44,2026,Kakinada Port,Andhra Pradesh,16.975,82.279,208000000,2024-06-17
0,https://www.gem.wiki/Kukrahati_LNG_Terminal,Kukrahati LNG Terminal,Import,Cancelled,India,3,mtpa,4.08,2024,Kukrahati,West Bengal,21.918011,88.002516,--,2024-06-17
0,https://www.gem.wiki/Karaikal_FSRU,Karaikal FSRU,Import,Proposed,India,1,mtpa,1.36,2026,Karaikal Port,Puducherry,10.911092,79.8438253,--,2024-06-18
1,https://www.gem.wiki/Karaikal_FSRU,Karaikal FSRU,Import,Proposed,India,3,mtpa,4.08,--,Karaikal Port,Puducherry,10.911092,79.8438253,--,2024-06-18
0,https://www.gem.wiki/Yokkaichi_LNG_Center,Yokkaichi LNG Center,Import,Operating,Japan,6.4,mtpa,8.7,1987,Yokkaichi,Kansai,34.978156,136.666458,--,2024-08-26
0,https://www.gem.wiki/Gulf_of_Saros_FSRU,Gulf of Saros FSRU,Import,Operating,Türkiye,5.6,mtpa,7.62,2023,Gulf of Saros,,40.636702,26.657427,--,2023-07-17
1,https://www.gem.wiki/Saguaro_Energ%C3%ADa_LNG_Terminal,Saguaro Energía LNG Terminal,Export,Proposed,Mexico,15,mtpa,20.4,2028,Puerto Libertad,Sonora,29.905838,-112.688038,--,2024-08-27
2,https://www.gem.wiki/Saguaro_Energ%C3%ADa_LNG_Terminal,Saguaro Energía LNG Terminal,Export,Proposed,Mexico,15,mtpa,20.4,--,Puerto Libertad,Sonora,29.905838,-112.688038,--,2024-08-27
0,https://www.gem.wiki/Costa_Azul_LNG_Terminal,Costa Azul LNG Import Terminal,Import,Operating,Mexico,7.6,mtpa,10.34,2008,Ensenada,Baja,31.988557,-116.846466,--,2024-09-13
1,https://www.gem.wiki/Costa_Azul_LNG_Terminal,Costa Azul Export Terminal,Export,Construction,Mexico,3.25,mtpa,4.42,2026,Ensenada,Baja,31.988557,-116.846466,--,2024-08-27
2,https://www.gem.wiki/Costa_Azul_LNG_Terminal,Costa Azul Export Terminal,Export,Proposed,Mexico,12,mtpa,16.32,--,Ensenada,Baja,31.988557,-116.846466,--,2024-08-27
0,https://www.gem.wiki/Xintian_Tangshan_LNG_Terminal,Xintian Tangshan LNG Terminal,Import,Operating,China,5,mtpa,6.8,2023,Caofeidian Industrial Zone,Hebei,38.938745,118.541145,--,2024-01-24
1,https://www.gem.wiki/Xintian_Tangshan_LNG_Terminal,Xintian Tangshan LNG Terminal,Import,Construction,China,5,mtpa,6.8,2024,Caofeidian Industrial Zone,Hebei,38.938745,118.541145,--,2024-01-24
2,https://www.gem.wiki/Xintian_Tangshan_LNG_Terminal,Xintian Tangshan LNG Terminal,Import,Proposed,China,2,mtpa,2.72,--,Caofeidian Industrial Zone,Hebei,38.938745,118.541145,--,2024-01-24
0,https://www.gem.wiki/Yangjiang_LNG_Terminal,Yangjiang LNG Terminal,Import,Construction,China,2.8,mtpa,3.81,2023,,Guangdong,21.6673059,111.8346672,--,2024-02-15
0,https://www.gem.wiki/Zhejiang_Energy_Liuheng_LNG_Terminal,Zhejiang Energy Liuheng LNG Terminal,Import,Construction,China,6.35,mtpa,8.64,2025,Putuo,Zhejiang,29.71231284,122.0687615,1200000000,2024-02-07
1,https://www.gem.wiki/Zhejiang_Energy_Liuheng_LNG_Terminal,Zhejiang Energy Liuheng LNG Terminal,Import,Proposed,China,5,mtpa,6.8,--,Putuo,Zhejiang,29.71231284,122.0687615,--,2024-02-07
0,https://www.gem.wiki/Zhiwan_Island_LNG_Terminal,Zhiwan Island LNG Terminal,Import,Proposed,China,5,mtpa,6.8,2025,Zhiwan Island,Guangdong,21.990644,114.153924,--,2024-02-15
1,https://www.gem.wiki/Qatar_North_Field_LNG_Terminal,Qatar North Field LNG Terminal,Export,Construction,Qatar,8.25,mtpa,11.22,2026,Ras Laffan Industrial City,Al Khawr,25.91869006,51.52770232,7187500000,2024-05-29
2,https://www.gem.wiki/Qatar_North_Field_LNG_Terminal,Qatar North Field LNG Terminal,Export,Construction,Qatar,8.25,mtpa,11.22,2026,Ras Laffan Industrial City,Al Khawr,25.91869006,51.52770232,7187500000,2024-05-29
3,https://www.gem.wiki/Qatar_North_Field_LNG_Terminal,Qatar North Field LNG Terminal,Export,Construction,Qatar,8.25,mtpa,11.22,2027,Ras Laffan Industrial City,Al Khawr,25.91869006,51.52770232,7187500000,2024-05-29
4,https://www.gem.wiki/Qatar_North_Field_LNG_Terminal,Qatar North Field LNG Terminal,Export,Construction,Qatar,8.25,mtpa,11.22,2027,Ras Laffan Industrial City,Al Khawr,25.91869006,51.52770232,7187500000,2024-05-29
5,https://www.gem.wiki/Qatar_North_Field_LNG_Terminal,Qatar North Field LNG Terminal,Export,Construction,Qatar,8,mtpa,10.88,2027,Ras Laffan Industrial City,Al Khawr,25.94493356,51.50166506,8750000000,2024-05-29
6,https://www.gem.wiki/Qatar_North_Field_LNG_Terminal,Qatar North Field LNG Terminal,Export,Construction,Qatar,8,mtpa,10.88,2027,Ras Laffan Industrial City,Al Khawr,25.94493356,51.50166506,8750000000,2024-05-29
7,https://www.gem.wiki/Qatar_North_Field_LNG_Terminal,Qatar North Field LNG Terminal,Export,Proposed,Qatar,8,mtpa,10.88,2030,Ras Laffan Industrial City,Al Khawr,25.94493356,51.50166506,--,2024-05-27
8,https://www.gem.wiki/Qatar_North_Field_LNG_Terminal,Qatar North Field LNG Terminal,Export,Proposed,Qatar,8,mtpa,10.88,2030,Ras Laffan Industrial City,Al Khawr,25.94493356,51.50166506,--,2024-05-27
0,https://www.gem.wiki/New_Fortress_Angola_LNG_Terminal,New Fortress Angola LNG Terminal,Import,Cancelled,Angola,,,--,--,,,,,--,2024-06-20
0,https://www.gem.wiki/Morocco_FSRU,Morocco FSRU,Import,Proposed,Morocco,,,--,2022,Mohammedia Port,,33.71339,-7.397731,--,2024-06-18
0,https://www.gem.wiki/Matola_FSRU,Matola FSRU,Import,Proposed,Mozambique,0.5,mtpa,0.68,2025,Matola,,-25.966562,32.506834,550000000,2024-07-18
0,https://www.gem.wiki/Bac_Lieu_LNG_Terminal,Bac Lieu LNG Terminal,Import,Proposed,Vietnam,2,mtpa,2.72,2027,,Bac Lieu,9.294,105.7216,--,2024-07-16
1,https://www.gem.wiki/Kiyanly_LNG_Terminal,Kiyanly LNG Terminal,Export,Operating,Turkmenistan,0.2,mtpa,0.27,2009,Kiyanly,,40.1673615,52.7719129,--,2023-08-29
0,https://www.gem.wiki/Hoegh_Cyprus_FSRU,Hoegh Cyprus FSRU,Import,Cancelled,Cyprus,,,--,2021,Vasiliko,Larnaca,34.710168,33.323549,--,2024-06-04
1,https://www.gem.wiki/NewMed_FLNG_Terminal,NewMed FLNG Terminal,Export,Proposed,Israel,7,bcm/y,7,--,Dor,,32.614,34.808,435000000,2024-06-06
0,https://www.gem.wiki/Marshal_Vasilevskiy_FSRU,Marshal Vasilevskiy FSRU,Export,Idle,Russia,5.11,bcm/y,5.11,2019,,Kaliningrad Oblast,55.02598239,20.32205413,588000000,2024-05-07
1,https://www.gem.wiki/Argentina_GNL_Terminal,Argentina GNL Terminal,Export,Proposed,Argentina,1.2,mtpa,1.63,2027,Sierra Grande,Río Negro,-41.576699,-64.995007,30000000000,2024-09-12
2,https://www.gem.wiki/Argentina_GNL_Terminal,Argentina GNL Terminal,Export,Proposed,Argentina,9,mtpa,12.24,2029,Sierra Grande,Río Negro,-41.576699,-64.995007,--,2024-09-12
3,https://www.gem.wiki/Argentina_GNL_Terminal,Argentina GNL Terminal,Export,Proposed,Argentina,20,mtpa,27.2,2032,Sierra Grande,Río Negro,-41.576699,-64.995007,--,2024-09-12
0,https://www.gem.wiki/Jambel%C3%AD_FSRU,Jambelí FSRU,Import,Proposed,Ecuador,0.38,mtpa,0.52,2025,Bajo Alto,El Oro Province,-3.13649,-80.132792,--,2024-08-28
1,https://www.gem.wiki/Fort_Nelson_LNG_Terminal,Fort Nelson LNG Terminal,Export,Operating,Canada,27000,gal/day,0.02,2021,Fort Nelson,,58.804672,-122.69979,--,2024-09-09
0,https://www.gem.wiki/Ivory_Coast_FSRU,Ivory Coast FSRU,Import,Shelved,Côte d'Ivoire,3,mtpa,4.08,2018,"Vridi, Por of Abidjan",,5.272988,-4.028744,100000000,2024-06-25
0,https://www.gem.wiki/Calais_LNG_Terminal,Calais LNG Terminal,Import,Cancelled,United States,7.6,mtpa,10.34,--,Calais,Maine,45.166111,-67.2425,--,2024-07-08
0,https://www.gem.wiki/Yoshinoura_LNG_Terminal,Yoshinoura LNG Terminal,Import,Operating,Japan,0.8,mtpa,1.09,2012,Okinawa,Okinawa,26.479444,127.927778,--,2024-08-26
0,https://www.gem.wiki/Keyspan_LNG_Terminal,Keyspan LNG Terminal,Import,Cancelled,United States,4,mtpa,5.44,--,Providence,Rhode Island,41.823611,-71.422222,--,2024-07-08
0,https://www.gem.wiki/Compass_Port_LNG_Terminal,Compass Port LNG Terminal,Import,Cancelled,United States,8,mtpa,10.88,--,Dauphin Island,Alabama,30.256389,-88.125278,--,2024-07-08
0,https://www.gem.wiki/Battery_Rock_LNG_Terminal,Battery Rock LNG Terminal,Import,Cancelled,United States,6.4,mtpa,8.7,--,Outer Brewster Island,Massachusetts,42.341781,-70.877681,--,2024-07-08
0,https://www.gem.wiki/Vista_Del_Sol_LNG_Terminal,Vista Del Sol LNG Terminal,Import,Cancelled,United States,8,mtpa,10.88,--,Ingleside,Texas,27.874167,-97.208333,--,2024-07-08
0,https://www.gem.wiki/Beacon_Port_LNG_Terminal,Beacon Port LNG Terminal,Import,Cancelled,United States,11.5,mtpa,15.64,--,Johnson's Bayou,Louisiana,29.763056,-93.698611,--,2024-07-08
0,https://www.gem.wiki/Casotte_Landing_LNG_Terminal,Casotte Landing LNG Terminal,Import,Cancelled,United States,10,mtpa,13.6,--,,Mississippi,30.46,-88.62,--,2024-07-08
0,https://www.gem.wiki/Bay_Crossing_LNG_Terminal,Bay Crossing LNG Terminal,Import,Cancelled,United States,9.6,mtpa,13.06,--,Galveston,Texas,29.281111,-94.825833,--,2024-07-08
0,https://www.gem.wiki/Oxnard_LNG_Terminal,Oxnard LNG Terminal,Import,Cancelled,United States,11.5,mtpa,15.64,--,Oxnard,California,34.191389,-119.1825,--,2024-07-08
0,https://www.gem.wiki/Port_Esperanza_FSRU,Port Esperanza FSRU,Import,Cancelled,United States,,,--,--,Long Beach,California,33.754185,-118.216458,--,2024-07-08
1,https://www.gem.wiki/South_Texas_LNG_Terminal,South Texas LNG Terminal,Export,Cancelled,United States,4,mtpa,5.44,--,Port of Corpus Christi,Texas,27.812778,-97.407222,--,2024-07-08
2,https://www.gem.wiki/South_Texas_LNG_Terminal,South Texas LNG Terminal,Export,Cancelled,United States,4,mtpa,5.44,--,Port of Corpus Christi,Texas,27.812778,-97.407222,--,2024-07-08
0,https://www.gem.wiki/Wakayama_LNG_Terminal,Wakayama LNG Terminal,Import,Cancelled,Japan,3.5,bcm/y,3.5,2023,Wakayama,Kansai,34.233333,135.166667,--,2024-09-04
1,https://www.gem.wiki/Port_Lavaca_FLNG_Terminal,Port Lavaca FLNG Terminal,Export,Cancelled,United States,10,mtpa,13.6,--,Port Lavaca,Texas,28.615556,-96.629722,--,2024-07-08
0,https://www.gem.wiki/Krishnapatnam_FSRU,Krishnapatnam FSRU,Import,Cancelled,India,1,mtpa,1.36,2022,Krishnapatnam Port,,14.253863,80.115081,223000000,2024-06-17
1,https://www.gem.wiki/Gibbstown_Deepwater_Port_LNG_Terminal,Gibbstown Deepwater Port LNG Terminal,Export,Proposed,United States,1.5,mtpa,2.04,--,Greenwich Township,New Jersey,39.841886,-75.299108,450000000,2024-07-08
1,https://www.gem.wiki/Telfers_FSRU,Telfers FSRU,Import,Cancelled,Panama,,,--,--,Colon,Colon,9.357222,-79.898611,--,2024-09-13
0,https://www.gem.wiki/Predator_FSRU,Predator FSRU,Import,Shelved,Ireland,2.6,bcm/y,2.6,2024,,,51.264274,-8.045619,--,2024-07-24
0,https://www.gem.wiki/Puerto_de_la_Luz_LNG_Terminal,Puerto de la Luz LNG Terminal,Import,Shelved,Canary Islands,,,--,2023,Las Palmas,Canarias,28.139483,-15.423414,98100000,2023-09-11
0,https://www.gem.wiki/Jinzhou_FLNG_Terminal,Jinzhou FLNG Terminal,Import,Cancelled,China,2.8,mtpa,3.81,--,Jinzhou Port,Liaoning,40.79672,121.074382,--,2024-01-30
0,https://www.gem.wiki/Tianjin_LNG_Terminal_(Beijing_Gas_Group),Tianjin LNG Terminal (Beijing Gas Group),Import,Operating,China,5,mtpa,6.8,2023,Nangang,Tianjin,38.738256,117.714095,--,2024-02-02
1,https://www.gem.wiki/Tianjin_LNG_Terminal_(Beijing_Gas_Group),Tianjin LNG Terminal (Beijing Gas Group),Import,Construction,China,0,mtpa,0,2023,Nangang,Tianjin,38.738256,117.714095,--,2024-02-02
2,https://www.gem.wiki/Tianjin_LNG_Terminal_(Beijing_Gas_Group),Tianjin LNG Terminal (Beijing Gas Group),Import,Construction,China,0,mtpa,0,2024,Nangang,Tianjin,38.738256,117.714095,--,2024-02-02
0,https://www.gem.wiki/Equus_FLNG_Terminal,Equus FLNG Terminal,Export,Cancelled,Australia,2,mtpa,2.72,2024,Onslow,Western Australia,-21.633333,115.116667,3500000000,2024-05-20
0,https://www.gem.wiki/Payra_FSRU,Payra FSRU,Import,Proposed,Bangladesh,3.75,mtpa,5.1,2025,Payra Sea Port,Patuakhali,21.988808,90.280506,--,2024-06-05
0,https://www.gem.wiki/Aceh-Nias_LNG_Terminal,Aceh-Nias LNG Terminal,Import,Cancelled,Indonesia,,,--,--,Aceh,,5.5648441,95.2938741,--,2024-07-12
0,https://www.gem.wiki/Batam_LNG_Terminal,Batam LNG Terminal,Import,Cancelled,Indonesia,1,mtpa,1.36,2022,Batam,,1.167769,103.99339,--,2024-07-12
0,https://www.gem.wiki/Amurang_FSRU,Amurang FSRU,Import,Mothballed,Indonesia,0.1,mtpa,0.14,2020,"Amurang, Sulawesi",,1.192442,124.555669,--,2024-07-11
0,https://www.gem.wiki/Australasia_Probolinggo_FSRU,Australasia Probolinggo FSRU,Import,Cancelled,Indonesia,3,mtpa,4.08,--,East Java,,-7.196308,112.73391,--,2024-07-12
0,https://www.gem.wiki/Sorong-Manokwari-Nabira-Biak-Jayapura_LNG_Terminal,Sorong LNG Terminal,Import,Cancelled,Indonesia,,,--,--,East Indonesia,,-2.535173,140.718594,--,2024-07-12
0,https://www.gem.wiki/Choguko_Electric_LNG_Terminal,Choguko Electric LNG Terminal,Import,Operating,Japan,4.3,mtpa,5.85,2006,Tobata,,33.89299,130.886081,--,2023-08-29
0,https://www.gem.wiki/Sendai_LNG_Terminal,Sendai LNG Terminal,Import,Operating,Japan,0.8,mtpa,1.09,2013,Sendai,,38.273591,141.005623,--,2023-08-29
0,https://www.gem.wiki/Toyama_Shinko_LNG_Terminal,Toyama Shinko LNG Terminal,Import,Operating,Japan,1.8,mtpa,2.45,2018,Toyama,,36.757158,137.22246,--,2024-08-26
0,https://www.gem.wiki/Ahlone_LNG_Terminal,Ahlone LNG Terminal,Import,Cancelled,Myanmar,,,--,2024,Dala,Yangon,16.789024,96.120054,--,2024-07-12
0,https://www.gem.wiki/Mee_Laung_Gyaing_FSRU,Mee Laung Gyaing FSRU,Import,Shelved,Myanmar,,,--,2023,Mata,Ayeyawady,17.254775,94.4965,--,2024-07-12
0,https://www.gem.wiki/MCV_LNG_Terminal,MCV LNG Terminal,Import,Mothballed,Myanmar,0.4,mtpa,0.54,2020,Thaketa,,16.788223,96.218176,--,2024-07-12
0,https://www.gem.wiki/Energas_FSRU,Energas FSRU,Import,Proposed,Pakistan,0.75,bcf/d,7.75,2022,Port Qasim,Sindh,24.769704,67.334731,150000000,2024-06-26
0,https://www.gem.wiki/GasPort_FSRU_2,GasPort FSRU 2,Import,Proposed,Pakistan,0.09,bcf/d,0.93,2021,,,24.769704,67.334731,--,2024-06-25
1,https://www.gem.wiki/Tabeer_LNG_Terminal,Tabeer LNG Terminal,Import,Proposed,Pakistan,0.75,bcf/d,7.75,2023,Port Qasim,Sindh,24.72,67.21,250000000,2024-06-27
2,https://www.gem.wiki/Tabeer_LNG_Terminal,Tabeer LNG Terminal,Import,Proposed,Pakistan,,,--,--,Port Qasim,Sindh,24.72,67.21,250000000,2024-06-27
0,https://www.gem.wiki/Batangas_Clean_Energy_LNG_Terminal,Batangas Clean Energy LNG Terminal,Import,Proposed,Philippines,3,mtpa,4.08,2027,Batangas,,13.75391,121.040647,--,2024-07-15
0,https://www.gem.wiki/Singapore_Offshore_LNG_Terminal,Singapore Offshore LNG Terminal,Import,Cancelled,Singapore,,,--,--,,,,,--,7/15/2024
0,https://www.gem.wiki/SLNG_2_LNG_Terminal,SLNG 2 LNG Terminal,Import,Proposed,Singapore,5,mtpa,6.8,2030,Offshore Singapore,,1.200281,103.672847,--,2024-07-15
0,https://www.gem.wiki/Northeast_Asia_LNG_Hub_Terminal,Northeast Asia LNG Hub Terminal,Import,Construction,South Korea,,,--,2027,Myodo,,34.871552,127.712685,--,2024-09-04
0,https://www.gem.wiki/Taichung_(TaiPower)_LNG_Terminal,Taichung (TaiPower) LNG Terminal,Import,Proposed,Taiwan,3,mtpa,4.08,2025,Taichung Harbor,Taichung,24.291471,120.510622,--,2024-07-10
0,https://www.gem.wiki/Chana_LNG_Terminal,Chana LNG Terminal,Import,Shelved,Thailand,,,--,--,,Songkhla,7.235476,100.564161,--,2024-07-15
0,https://www.gem.wiki/Gulf_MTP_LNG_Terminal,Gulf MTP LNG Terminal,Import,Shelved,Thailand,5,mtpa,6.8,2025,Map Ta Phut,,12.6610311,101.138036,1330000000,2024-07-15
1,https://www.gem.wiki/Gulf_MTP_LNG_Terminal,Gulf MTP LNG Terminal,Import,Shelved,Thailand,5.8,mtpa,7.89,--,Map Ta Phut,,12.6610311,101.138036,--,2024-07-15
0,https://www.gem.wiki/Gulf_of_Thailand_FSRU,Gulf of Thailand FSRU,Import,Cancelled,Thailand,5,mtpa,6.8,2024,,,12.271182,100.836715,--,2024-07-15
0,https://www.gem.wiki/Songkhla_FSRU,Songkhla FSRU,Import,Cancelled,Thailand,3,mtpa,4.08,--,Songkhla,,7.229648,100.573438,--,2024-07-15
0,https://www.gem.wiki/Ca_Na_LNG_Terminal,Ca Na LNG Terminal,Import,Proposed,Vietnam,,,--,2024,,Ninh Thuan,11.337419,108.885002,--,2024-07-16
0,https://www.gem.wiki/Chan_May_LNG_Terminal,Chan May LNG Terminal,Import,Cancelled,Vietnam,,,--,2024,Chan May,,16.332683,108.020046,--,2024-07-16
0,https://www.gem.wiki/Quang_Nam_LNG_Terminal,Quang Nam LNG Terminal,Import,Shelved,Vietnam,,,--,--,Quang Nam,,15.876183,108.389096,--,2024-07-16
0,https://www.gem.wiki/Karimun_Island_LNG_Terminal,Karimun Island LNG Terminal,Import,Shelved,Indonesia,,,--,2024,,Pulau Asam,0.988745,103.433783,700000000,2024-07-12
0,https://www.gem.wiki/Rakhine_LNG_Terminal,Rakhine LNG Terminal,Import,Shelved,Myanmar,,,--,2022,Kyaukpyu,Rakhine,19.4281,93.5543,--,2024-07-12
0,https://www.gem.wiki/Filipinas_LNG_Gateway_Project_FSRU,Filipinas LNG Gateway Project FSRU,Import,Construction,Philippines,4.4,mtpa,5.98,2025,Batangas,,13.726365,120.99401,--,2024-07-15
0,https://www.gem.wiki/Kanbauk_FSRU,Kanbauk FSRU,Import,Cancelled,Myanmar,4,mtpa,5.44,2024,Kanbauk,,14.56925,97.82761,2100000000,2024-07-12
0,https://www.gem.wiki/Boudji_FLNG_Terminal,Boudji FLNG Terminal,Export,Cancelled,Gabon,,,--,--,,,-4.302812,10.351025,--,2024-07-17
0,https://www.gem.wiki/Kulevi_LNG_Terminal,Kulevi LNG Terminal,Import,Cancelled,Georgia,,,--,--,,,42.272729,41.64131,--,2024-06-03
1,https://www.gem.wiki/Etinde_FLNG_Terminal,Etinde FLNG Terminal,Export,Proposed,Cameroon,1.3,mtpa,1.77,2023,offshore Cameroon,,4.0237344,8.903989,500000000,2024-07-16
1,https://www.gem.wiki/Ksi_Lisims_FLNG_Terminal,Ksi Lisims FLNG Terminal,Export,Proposed,Canada,12,mtpa,16.32,2027,Gingolx,British Columbia,54.991963,-130.0306788,10000000000,2024-09-09
1,https://www.gem.wiki/South_Pars_LNG_Terminal,South Pars LNG Terminal,Export,Cancelled,Iran,5,mtpa,6.8,--,South Pars gas field,Perian Gulf,26.619125,52.067964,--,2024-06-25
2,https://www.gem.wiki/South_Pars_LNG_Terminal,South Pars LNG Terminal,Export,Cancelled,Iran,5,mtpa,6.8,--,South Pars gas field,Perian Gulf,26.619125,52.067964,--,2024-06-25
1,https://www.gem.wiki/AMIGO_LNG_Terminal,AMIGO LNG Terminal,Export,Proposed,Mexico,4.2,mtpa,5.71,2027,Guaymas,Sonora,27.922867,-110.868082,--,2024-08-28
2,https://www.gem.wiki/AMIGO_LNG_Terminal,AMIGO LNG Terminal,Export,Proposed,Mexico,3.6,mtpa,4.9,2027,Guaymas,Sonora,27.922867,-110.868082,--,2024-08-28
1,https://www.gem.wiki/Arctic_LNG_1_Terminal,Arctic LNG 1 Terminal,Export,Proposed,Russia,19.8,mtpa,26.93,2027,Gydan Peninsula,,70.908942,74.05613,--,2024-04-23
1,https://www.gem.wiki/Obsky_LNG_Terminal,Obsky LNG Terminal,Export,Proposed,Russia,3,mtpa,4.08,2026,,Yamai Peninsula,71.2733,72.0725,3500000000,2024-04-25
2,https://www.gem.wiki/Obsky_LNG_Terminal,Obsky LNG Terminal,Export,Proposed,Russia,3,mtpa,4.08,2026,,Yamai Peninsula,71.2733,72.0725,3500000000,2024-04-25
1,https://www.gem.wiki/Qilak_LNG_Terminal,Qilak LNG Terminal,Export,Proposed,United States,4,mtpa,5.44,2026,North Slope,Alaska,70.1734,-146.2563,5000000000,2024-07-08
0,https://www.gem.wiki/Port_of_Vlora_FSRU,Port of Vlora FSRU,Import,Shelved,Albania,,,--,2023,Port of Vlora,,40.449271,19.480761,--,2024-07-26
0,https://www.gem.wiki/Bahia_FSRU,Bahia FSRU,Import,Operating,Brazil,5.6,mtpa,7.62,2014,4 km west of Ilha dos Frades,Bahia,-12.785422,-38.703511,--,2024-09-13
0,https://www.gem.wiki/New_Fortress_Barcarena_FSRU,New Fortress Barcarena FSRU,Import,Operating,Brazil,6,mtpa,8.16,2024,Porto de Vila do Conde,Pará,-1.539174,-48.754139,--,2024-08-28
0,https://www.gem.wiki/Cosan_FSRU,Cosan FSRU,Import,Operating,Brazil,3.7,mtpa,5.03,2024,Santos,São Paulo,-23.911938,-46.342196,--,2024-08-28
0,https://www.gem.wiki/Geramar_FSRU,Geramar FSRU,Import,Proposed,Brazil,,,--,2026,Porto de Itaqui,Maranhão,-2.579534,-44.368472,--,2024-08-29
0,https://www.gem.wiki/Hidrovias_do_Brasil_FSRU,Hidrovias do Brasil FSRU,Import,Cancelled,Brazil,5.11,bcm/y,5.11,--,Porto de Vila do Conde,Pará,-1.504466,-48.736698,--,2024-09-13
0,https://www.gem.wiki/Imetame_LNG_Terminal,Imetame LNG Terminal,Import,Shelved,Brazil,,,--,2025,Barra do Riacho,Espírito Santo,-19.857997,-40.074054,--,2024-09-13
0,https://www.gem.wiki/Itacoatiara_FSRU,Itacoatiara FSRU,Import,Shelved,Brazil,5.11,bcm/y,5.11,--,Itacoatiara,Amazonas,-3.15492,-58.433795,31554000,2024-09-13
0,https://www.gem.wiki/Paran%C3%A1_FSRU,Paraná FSRU,Import,Shelved,Brazil,5.11,bcm/y,5.11,--,Pontal do Paraná,Paraná,-25.540198,-48.379359,--,2024-09-13
0,https://www.gem.wiki/Porto_Norte_Fluminense_FSRU,Porto Norte Fluminense FSRU,Import,Proposed,Brazil,7.67,bcm/y,7.66,2027,São Francisco de Itabapoana,Rio de Janeiro,-21.514933,-40.978918,--,2024-09-03
0,https://www.gem.wiki/Presidente_Kennedy_FSRU,Presidente Kennedy FSRU,Import,Proposed,Brazil,7.3,bcm/y,7.3,2027,Porto Central,Espírito Santo,-21.224754,-40.946933,52362000,2024-09-03
0,https://www.gem.wiki/S%C3%A3o_Marcos_Bay_FSRU,São Marcos Bay FSRU,Import,Proposed,Brazil,7.67,bcm/y,7.66,--,"Boqueirão Channel, São Marcos Bay",Maranhão,-2.550981,-44.378683,--,2024-08-29
0,https://www.gem.wiki/Suape_FSRU,Suape FSRU,Import,Construction,Brazil,5.11,bcm/y,5.11,2025,Suape,Pernambuco,-8.398179,-34.959574,--,2024-09-03
0,https://www.gem.wiki/Tepor_Maca%C3%A9_FSRU,Tepor Macaé FSRU,Import,Proposed,Brazil,7.67,bcm/y,7.66,2028,Macaé,Rio de Janeiro,-22.323277,-41.72313,--,2024-09-03
0,https://www.gem.wiki/Terminal_G%C3%A1s_Sul_FSRU,Terminal Gás Sul FSRU,Import,Operating,Brazil,6,mtpa,8.16,2024,São Francisco do Sul,Santa Catarina,-26.230937,-48.640791,--,2024-09-03
1,https://www.gem.wiki/Skeena_LNG_Terminal,Skeena LNG Terminal,Export,Shelved,Canada,0.15,mpta,--,--,Skeena,British Columbia,54.49342,-128.587023,--,2024-09-09
0,https://www.gem.wiki/Beihai_LNG_Terminal,Beihai LNG Terminal,Import,Cancelled,China,6,mtpa,8.16,--,Tieshan Port,Guangxi,21.499546,109.524152,--,2024-01-18
0,https://www.gem.wiki/Caofeidian_LNG_Terminal_(Beijing_Energy),Caofeidian LNG Terminal (Beijing Energy),Import,Cancelled,China,,,--,--,Caofeidian,Hebei,38.938745,118.541145,--,2024-01-24
0,https://www.gem.wiki/Caofeidian_FSRU,Caofeidian FSRU,Import,Cancelled,China,3,mtpa,4.08,--,Caofeidian,Hebei,38.938745,118.541145,--,2024-01-24
0,https://www.gem.wiki/Chaozhou_LNG_Terminal_(Huaying),Chaozhou LNG Terminal (Huaying）,Import,Operating,China,6,mtpa,8.16,2024,Raoping County,Guangdong,23.583697,117.12851,1183840000,2024-09-10
1,https://www.gem.wiki/Chaozhou_LNG_Terminal_(Huaying),Chaozhou LNG Terminal (Huaying）,Import,Proposed,China,6,mtpa,8.16,--,Raoping County,Guangdong,23.583697,117.12851,--,2024-02-14
0,https://www.gem.wiki/Zhangzhou_LNG_Terminal_(China_Energy_Reserve),Zhangzhou LNG Terminal (China Energy Reserve),Import,Shelved,China,3,mtpa,4.08,--,Zhangzhou Development Zone,Fujian,24.406885,118.063012,--,2024-01-17
0,https://www.gem.wiki/Dongying_LNG_Terminal_(China_Huadian),Dongying LNG Terminal (China Huadian),Import,Cancelled,China,,,--,--,Economic Zone,Shandong,38.08339506,119.0333177,--,2024-02-12
0,https://www.gem.wiki/Dongying_LNG_Terminal_(Hainuo_Port),Dongying LNG Terminal (Hainuo Port),Import,Shelved,China,3,mtpa,4.08,2022,Dongying Port,Shandong,38.08339506,119.0333177,--,2024-02-12
0,https://www.gem.wiki/Dongying_FSRU,Dongying FSRU,Import,Cancelled,China,3,mtpa,4.08,2022,Dongying Port,Shandong,38.08339506,119.0333177,--,2024-01-30
0,https://www.gem.wiki/Jiangyin_LNG_Terminal_(Garson_Gas),Jiangyin LNG Terminal (Garson Gas),Import,Construction,China,3,mtpa,4.08,2023,Jiangyin,Jiangsu,31.949128,120.007213,--,2024-02-07
0,https://www.gem.wiki/Jiujiang_LNG_Terminal,Jiujiang LNG Terminal,Import,Shelved,China,,,--,2023,Hukou Shawan,Jiangxi,29.77861542,116.2638593,--,2024-01-29
0,https://www.gem.wiki/Panjin_LNG_Terminal,Panjin LNG Terminal,Import,Shelved,China,,,--,--,Panjin Port,Liaoning,40.679064,122.133293,--,2024-01-29
0,https://www.gem.wiki/Quanzhou_LNG_Terminal,Quanzhou LNG Terminal,Import,Shelved,China,3,mtpa,4.08,--,Quangang,Fujian,25.18252863,118.9743127,--,2024-01-17
1,https://www.gem.wiki/Quanzhou_LNG_Terminal,Quanzhou LNG Terminal,Import,Shelved,China,3,mtpa,4.08,--,Quangang,Fujian,25.18252863,118.9743127,--,2024-01-17
0,https://www.gem.wiki/Rongcheng_LNG_Terminal,Rongcheng LNG Terminal,Import,Cancelled,China,,,--,--,Rongcheng Shidao,Shandong,36.891775,122.437258,--,2024-01-31
0,https://www.gem.wiki/Rudong_LNG_Terminal_(Jiangsu_Guoxin),Rudong LNG Terminal (Jiangsu Guoxin),Import,Operating,China,2.95,mtpa,4.01,2023,Rudong,Jiangsu,32.526845,121.412712,832000000,2024-02-07
1,https://www.gem.wiki/Rudong_LNG_Terminal_(Jiangsu_Guoxin),Rudong LNG Terminal (Jiangsu Guoxin),Import,Construction,China,3.05,mtpa,4.15,2025,Rudong,Jiangsu,32.526845,121.412712,--,2024-02-07
0,https://www.gem.wiki/Taizhou_Toumengang_LNG_Terminal,Taizhou Toumengang LNG Terminal,Import,Proposed,China,3,mtpa,4.08,--,Toumen Island,Zhejiang,28.68703057,121.7892551,--,2024-02-08
0,https://www.gem.wiki/Wenzhou_Huagang_LNG_Terminal,Wenzhou Huagang LNG Terminal,Import,Construction,China,3,mtpa,4.08,--,"Dongtou District, Zhuangyuan'ao",Zhejiang,27.903136,121.127993,--,2023-02-07
0,https://www.gem.wiki/Yantai_FSRU,Yantai FSRU,Import,Cancelled,China,,,--,--,Fushan Dajijia Town,Shandong,37.66856,120.275379,--,2024-01-30
0,https://www.gem.wiki/Aguadulce_FSRU,Aguadulce FSRU,Import,Proposed,Colombia,,,--,--,Bay of Buenaventura,Valle del Cauca,3.921808,-77.108302,--,2024-08-28
0,https://www.gem.wiki/Mumbai_FSRU,Mumbai FSRU,Import,Shelved,India,5,mtpa,6.8,--,Mumbai Port,Maharashtra,18.958761,72.850767,349700000,2024-06-17
0,https://www.gem.wiki/Beddawi_FSRU,Beddawi FSRU,Import,Shelved,Lebanon,3.5,mtpa,4.76,--,Beddawi,,34.466704,35.832663,--,2024-05-30
0,https://www.gem.wiki/Selaata_FSRU,Selaata FSRU,Import,Shelved,Lebanon,,,--,--,Selaata,,34.281578,35.650967,--,2024-05-30
0,https://www.gem.wiki/Zahrani_FSRU,Zahrani FSRU,Import,Shelved,Lebanon,,,--,--,Zahrani,,33.508047,35.3422655,--,2024-05-30
0,https://www.gem.wiki/Puerto_Sandino_FSRU,Puerto Sandino FSRU,Import,Construction,Nicaragua,1.3,mtpa,1.77,2024,,,12.171182,-86.767115,--,2024-08-29
0,https://www.gem.wiki/Golar_Lagos_FSRU,Golar Lagos FSRU,Import,Cancelled,Nigeria,5.7,mtpa,7.75,--,,,6.450737,3.373252,--,2024-07-18
0,https://www.gem.wiki/Philippines_LNG_Terminal,Philippines LNG Terminal,Import,Operating,Philippines,5,mtpa,6.8,2023,Batangas,Batangas,13.753821,121.040525,262800000,2024-07-15
0,https://www.gem.wiki/Hambantota_LNG_Terminal,Hambantota LNG Terminal,Import,Shelved,Sri Lanka,1,mtpa,1.36,--,Port of Hambantota,,6.117128,81.10897,100000000,2024-07-10
0,https://www.gem.wiki/SK_Group_Sri_Lanka_LNG_Terminal,SK Group Sri Lanka LNG Terminal,Import,Shelved,Sri Lanka,,,--,--,unknown,,,,600000000,2024-07-10
0,https://www.gem.wiki/Sharjah_FSRU,Sharjah FSRU,Import,Cancelled,United Arab Emirates,1,bcf/d,10.34,2020,Sharjah,Sharjah,25.379099,55.387511,--,2024-06-05
1,https://www.gem.wiki/CP2_LNG_Terminal,CP2 LNG Terminal,Export,Proposed,United States,10,mtpa,13.6,2026,Cameron,Louisiana,29.77427234,-93.32394745,5000000000,2024-05-22
2,https://www.gem.wiki/CP2_LNG_Terminal,CP2 LNG Terminal,Export,Proposed,United States,10,mtpa,13.6,2027,Cameron,Louisiana,29.77427234,-93.32394745,5000000000,2024-05-22
0,https://www.gem.wiki/Long_Son_LNG_Terminal,Long Son LNG Terminal,Import,Shelved,Vietnam,4.4,mtpa,5.98,2025,,Bà Rịa–Vũng Tàu,10.448768,107.053334,--,2024-07-16
0,https://www.gem.wiki/Mui_Ke_Ga_FSRU,Mui Ke Ga FSRU,Import,Proposed,Vietnam,1.5,mtpa,2.04,2025,Mui Ke Ga,Binh Thuan,10.7028408,107.987166,--,2024-07-16
0,https://www.gem.wiki/Tabangao_FSRU,Tabangao FSRU,Import,Proposed,Philippines,3,mtpa,4.08,2025,Tabangao Port,Batangas,13.71335,121.06099,63000000,2024-07-15
0,https://www.gem.wiki/Vires_FSRU,Vires FSRU,Import,Cancelled,Philippines,3,mtpa,4.08,2026,"Barangay Simlong, Batangas City",Batangas,13.661629,121.050747,--,2024-09-05
0,https://www.gem.wiki/Khanh_Hoa_LNG_Terminal,Khanh Hoa LNG Terminal,Import,Shelved,Vietnam,3,mtpa,4.08,2030,Khanh Hoa,,12.206079,109.215174,--,2024-07-16
0,https://www.gem.wiki/Cat_Hai_FSRU,Cat Hai FSRU,Import,Shelved,Vietnam,3,mtpa,4.08,2030,Hai Phong,,20.866225,106.678881,--,2024-07-16
0,https://www.gem.wiki/Port_Phillip_Bay_FSRU,Port Phillip Bay FSRU,Import,Proposed,Australia,4.7,mtpa,6.39,2026,Avalon,Victoria,-37.847216,144.9301,--,2024-05-21
0,https://www.gem.wiki/Geelong_FSRU,Geelong FSRU Terminal,Import,Proposed,Australia,2.5,mtpa,3.4,2024,Geelong,Victoria,-34.495401,137.481029,181593000,2024-05-21
1,https://www.gem.wiki/Chernomorsky_LNG_Terminal,Chernomorsky LNG Terminal,Export,Shelved,Russia,1.5,mtpa,2.04,2025,,Krasnodar Krai,44.15086521,39.0370808,2000000000,2024-04-19
1,https://www.gem.wiki/Vista_Pacifico_LNG_Terminal,Vista Pacifico LNG Terminal,Export,Proposed,Mexico,3,mtpa,4.08,2025,Topolobampo,Sinaloa,25.581941,-109.059196,--,2024-09-03
1,https://www.gem.wiki/Delta_LNG_Terminal,Delta LNG Terminal,Export,Proposed,United States,11.3,mtpa,15.37,2024,Plaquemines Parish,Louisiana,29.597258,-89.872471,--,2024-07-08
2,https://www.gem.wiki/Delta_LNG_Terminal,Delta LNG Terminal,Export,Proposed,United States,11.3,mtpa,15.37,2025,Plaquemines Parish,Louisiana,29.597258,-89.872471,--,2024-07-08
1,https://www.gem.wiki/West_Delta_LNG_Deepwater_Port_Terminal,West Delta LNG Deepwater Port Terminal,Export,Proposed,United States,6.1,mtpa,8.3,2026,Plaquemines Parish,Louisiana,29.067,-89.656,--,2024-07-08
0,https://www.gem.wiki/Terg%C3%A1s_LNG_Terminal,Tergás Rio Grande LNG Terminal,Import,Shelved,Brazil,2.19,bcm/y,2.19,2026,Rio Grande,Rio Grande do Sul,-32.118353,-52.106161,--,2024-09-03
0,https://www.gem.wiki/Ilo_LNG_Terminal,Ilo LNG Terminal,Export,Shelved,Peru,,,--,--,Ilo,Ilo,-17.647268,-71.347902,--,2024-09-03
0,https://www.gem.wiki/South_West_FSRU,South West FSRU,Import,Cancelled,Vietnam,1,mtpa,1.36,2030,,Trà Vinh Province,9.571215183,106.5186744,--,2024-07-16
0,https://www.gem.wiki/Dioriga_FSRU,Dioriga FSRU,Import,Proposed,Greece,2.6,bcm/y,2.6,2023,Gulf of Corinth,,37.91092,23.063539,327000000,2024-07-26
1,https://www.gem.wiki/Yakutia_LNG_Project,Yakutia LNG Project,Export,Proposed,Russia,4.5,mtpa,6.12,2027,Ayan town,Khabarovsk Krai,56.46027167,138.1529212,0,2024-04-24
2,https://www.gem.wiki/Yakutia_LNG_Project,Yakutia LNG Project,Export,Proposed,Russia,4.5,mtpa,6.12,--,Ayan town,Khabarovsk Krai,56.46027167,138.1529212,0,2024-04-24
0,https://www.gem.wiki/Qushan_LNG_Terminal,Qushan LNG Terminal,Import,Proposed,China,3,mtpa,4.08,--,Qushan Island,Zhejiang,30.427224,122.351978,1072000000,2023-02-07
0,https://www.gem.wiki/Eemshaven_FSRU,Eemshaven FSRU,Import,Operating,Netherlands,8,bcm/y,8,2022,Eemshaven,,53.4356487,6.8330977,545000000,2024-09-10
0,https://www.gem.wiki/Wilhelmshaven_NWO_FSRU,Wilhelmshaven NWO FSRU,Import,Shelved,Germany,9,bcm/y,9,2023,Wilhelmshaven,,53.516667,8.133333,--,2024-09-10
0,https://www.gem.wiki/Wilhelmshaven_TES_LNG_Terminal,Wilhelmshaven TES LNG Terminal,Import,Proposed,Germany,15,bcm/y,15,2025,Wilhelmshaven,,53.516667,8.133333,--,2024-09-10
1,https://www.gem.wiki/New_Fortress_Grand_Isle_FLNG_Terminal,New Fortress Grand Isle FLNG Terminal,Export,Shelved,United States,2.8,mtpa,3.81,2023,Grand Isle,Louisiana,29.05902215,-89.82260253,1400000000,2024-07-08
1,https://www.gem.wiki/Congo_FLNG_Terminal,Congo FLNG Terminal,Export,Operating,Republic of the Congo,0.6,mtpa,0.82,2024,,,-4.774204,11.798651,1000000000,2024-07-16
0,https://www.gem.wiki/Paldiski_FSRU,Paldiski FSRU,Import,Construction,Estonia,,,--,2024,Paldiski (Estonia) and Inkoo (Finland),,59.38445,24.07494,545000000,2024-07-23
0,https://www.gem.wiki/Thrace_FSRU_Terminal,Thrace FSRU,Import,Proposed,Greece,6,bcm/y,6,--,Aegean Sea,,40.748354,25.718754,--,2024-07-26
0,https://www.gem.wiki/Argo_FSRU_Terminal,Argo FSRU,Import,Proposed,Greece,4.6,bcm/y,4.6,2025,Port of Volos,,39.3512644,22.9324904,246885000,2024-07-26
0,https://www.gem.wiki/Le_Havre_FSRU,Le Havre FSRU,Import,Operating,France,5,bcm/y,5,2023,Port of Le Havre,Normandy,49.46222839,0.042958426,--,2024-09-10
0,https://www.gem.wiki/Thessaloniki_FSRU,Thessaloniki FSRU,Import,Proposed,Greece,7.3,bcm/y,7.3,2025,Thermaic Gulf,,40.2893,23.025,--,2024-07-26
0,https://www.gem.wiki/FGEN_Batangas_FSRU,FGEN Batangas FSRU,Import,Operating,Philippines,5.3,mtpa,7.21,2023,Santa Rita,Batangas,13.7707075,121.0354947,--,2024-07-15
0,https://www.gem.wiki/South_East_LNG_Terminal,South East LNG Terminal,Import,Cancelled,Vietnam,6,mtpa,8.16,2025,,Bình Thuận Province,10.653405,107.776489,--,2024-07-16
1,https://www.gem.wiki/Placentia_Bay_FLNG_Terminal,Placentia Bay FLNG Terminal,Export,Proposed,Canada,4,mtpa,5.44,2030,Arnold's Cove,Newfoundland and Labrador,47.417157,-53.875705,10000000000,2024-09-09
1,https://www.gem.wiki/Tilbury_Island_LNG_Terminal,Tilbury Island LNG Terminal,Export,Operating,Canada,0.04,bcm/y,0.04,1971,Tilbury Island,British Columbia,49.14251084,-123.0340825,--,2024-09-09
2,https://www.gem.wiki/Tilbury_Island_LNG_Terminal,Tilbury Island LNG Terminal,Export,Operating,Canada,0.25,mtpa,0.34,2018,Tilbury Island,British Columbia,49.14251084,-123.0340825,--,2024-09-09
3,https://www.gem.wiki/Tilbury_Island_LNG_Terminal,Tilbury Island LNG Terminal,Export,Proposed,Canada,0.65,mtpa,0.88,2028,Tilbury Island,British Columbia,49.14251084,-123.0340825,--,2024-09-10
4,https://www.gem.wiki/Tilbury_Island_LNG_Terminal,Tilbury Island LNG Terminal,Export,Proposed,Canada,2.5,mtpa,3.4,2028,Tilbury Island,British Columbia,49.14251084,-123.0340825,--,2024-09-09
1,https://www.gem.wiki/New_Fortress_Banda_LNG_Terminal,New Fortress Banda LNG Terminal,Export,Shelved,Mauritania,,,--,2024,Banda gas field,,17.948231,-16.658219,--,2023-08-21
0,https://www.gem.wiki/Karmol_Dakar_FSRU,Karmol Dakar FSRU,Import,Construction,Senegal,2.5,mtpa,3.4,2024,Dakar,,14.6893,-17.4323,--,2024-07-22
0,https://www.gem.wiki/Guinea_LNG_Terminal,Guinea LNG Terminal,Import,Proposed,Guinea,,,--,2023,Kamsar,,10.6523,-14.6149,300000000,2024-07-17
1,https://www.gem.wiki/Guinea_LNG_Terminal,Guinea LNG Terminal,Export,Proposed,Guinea,,,--,2023,Kamsar,,10.6523,-14.6149,--,2024-07-17
0,https://www.gem.wiki/Summit_Matarbari_FSRU,Summit Matarbari FSRU,Import,Proposed,Bangladesh,0.6,bcf/d,6.2,2026,Offshore Moheshkhali Island,Chittagong,21.703668,91.814862,500000000,2024-06-04
1,https://www.gem.wiki/UTM_Offshore_FLNG_Terminal,UTM Offshore FLNG Terminal,Export,Proposed,Nigeria,2.72,mtpa,3.7,2028,Yoho field,,4.1485,7.5526,--,2024-07-18
0,https://www.gem.wiki/Crown_Kakinada_LNG_Terminal,Crown Kakinada LNG Terminal,Import,Proposed,India,7.2,mtpa,9.79,2028,Offshore Kakinada,Andhra Pradesh,16.9524,82.3869,1000000000,2024-06-12
0,https://www.gem.wiki/LNG_Alliance_Mangalore_FSRU,LNG Alliance Mangalore FSRU,Import,Shelved,India,4,mtpa,5.44,--,Mangalore,Kakinada,12.926024,74.81257,290000000,2024-06-17
0,https://www.gem.wiki/New_Fortress_Colombo_LNG_Terminal,New Fortress Colombo LNG Terminal,Import,Shelved,Sri Lanka,1200000,gal/day,0.96,2023,Offshore Colombo,,6.9048,79.4723,--,2024-07-10
0,https://www.gem.wiki/Chuanbi_Island_LNG_Terminal,Chuanbi Island LNG Terminal,Import,Cancelled,China,3,mtpa,4.08,--,Chuanbi Island,Zhejiang,29.91474423,122.0033309,--,2023-02-07
0,https://www.gem.wiki/Jieyang_LNG_Terminal_(PetroChina),Jieyang LNG Terminal (PetroChina),Import,Shelved,China,6.5,mtpa,8.84,--,Huilai,Guangdong,22.9362588,116.2506755,--,2024-02-14
0,https://www.gem.wiki/Portovesme_FSRU,Portovesme FSRU,Import,Proposed,Italy,,,--,2024,Portovesme,,39.195612,8.391925,283000000,2024-07-31
0,https://www.gem.wiki/Hai_Lang_LNG_Terminal,Hai Lang LNG Terminal,Import,Construction,Vietnam,1.5,mtpa,2.04,2026,,Quảng Trị,16.9944,107.1154,--,2024-07-16
0,https://www.gem.wiki/Vung_Ang_LNG_Terminal,Vung Ang LNG Terminal,Import,Proposed,Vietnam,,,--,--,Kỳ Lợi commune,Hà Tĩnh Province,18.09792,106.38123,--,2024-07-16
0,https://www.gem.wiki/Porto_Torres_FSRU,Porto Torres FSRU,Import,Proposed,Italy,5,bcm/y,5,2023,Porto Torres,Sassari,40.842386,8.399781,--,2024-07-31
1,https://www.gem.wiki/Tiga_FLNG_Terminal,Tiga FLNG Terminal,Export,Construction,Malaysia,2,mtpa,2.72,2027,,Sabah,5.968,118.215,2020000000,2024-07-12
0,https://www.gem.wiki/Inkoo_FSRU,Inkoo FSRU,Import,Operating,Finland,5,bcm/y,5,2023,Inkoo port,Southern Finland,60.013697,23.91506,501400000,2024-07-24
0,https://www.gem.wiki/Thilawa_LNG_Terminal,Thilawa LNG Terminal,Import,Cancelled,Myanmar,,,--,2026,Thilawa Economic Zone of Yangon,,16.6181383,96.2668211,2000000000,2024-07-12
1,https://www.gem.wiki/Arctic_LNG_3_Terminal,Arctic LNG 3 Terminal,Export,Proposed,Russia,19.8,mtpa,26.93,2032,Ob Bay,,72.56577,73.847129,--,2024-04-23
1,https://www.gem.wiki/Kara_LNG_Terminal,Kara LNG Terminal,Export,Proposed,Russia,30,mtpa,40.8,2030,Novaya Zemlya,,70.7893987,55.18380898,--,2024-04-23
1,https://www.gem.wiki/Lakach_Field_FLNG_Terminal,Lakach Field FLNG Terminal,Export,Shelved,Mexico,1.4,mtpa,1.9,2024,Offshore Veracruz,Veracruz,19.2933,-95.4018,--,2024-09-05
1,https://www.gem.wiki/New_Fortress_Altamira_FLNG_Terminal,New Fortress Altamira FLNG Terminal,Export,Operating,Mexico,1.4,mtpa,1.9,2024,Offshore Altamira,Tamaulipas,22.6543,-97.68048,433333333,2024-09-05
2,https://www.gem.wiki/New_Fortress_Altamira_FLNG_Terminal,New Fortress Altamira FLNG Terminal,Export,Construction,Mexico,1.4,mtpa,1.9,2026,Altamira,Tamaulipas,22.6543,-97.68048,700000000,2024-09-05
3,https://www.gem.wiki/New_Fortress_Altamira_FLNG_Terminal,New Fortress Altamira FLNG Terminal,Export,Proposed,Mexico,1.4,mtpa,1.9,--,Altamira,Tamaulipas,22.6543,-97.68048,433333333,2024-09-05
4,https://www.gem.wiki/New_Fortress_Altamira_FLNG_Terminal,New Fortress Altamira FLNG Terminal,Export,Proposed,Mexico,1.4,mtpa,1.9,--,Altamira,Tamaulipas,22.6543,-97.68048,--,2024-09-05
5,https://www.gem.wiki/New_Fortress_Altamira_FLNG_Terminal,New Fortress Altamira FLNG Terminal,Export,Proposed,Mexico,1.4,mtpa,1.9,--,Altamira,Tamaulipas,22.6543,-97.68048,--,2024-09-05
0,https://www.gem.wiki/Palu_LNG_Terminal,Palu LNG Terminal,Import,Shelved,Indonesia,2,mtpa,2.72,--,Palu,Central Sulawesi,-0.71358,119.86043,--,2024-07-12
0,https://www.gem.wiki/Surat_Thani_FSRU,Surat Thani FSRU,Import,Shelved,Thailand,5,mtpa,6.8,--,Offshore Surat Thani,Surat Thani,9.24816,99.3268,--,2024-07-15
0,https://www.gem.wiki/PAWA_PNG_FSRU_Project,PAWA PNG FSRU Project,Import,Proposed,Papua New Guinea,,,--,--,Daru,Western Province,-9.059413815,143.2072899,--,2024-05-29
1,https://www.gem.wiki/PAWA_PNG_FSRU_Project,PAWA PNG FSRU Project,Import,Proposed,Papua New Guinea,,,--,--,Lae,Morobe Province,-6.756102427,147.0075481,--,2024-05-29
2,https://www.gem.wiki/PAWA_PNG_FSRU_Project,PAWA PNG FSRU Project,Import,Proposed,Papua New Guinea,,,--,--,Lihir,,-3.073070244,152.5057782,--,2024-05-29
3,https://www.gem.wiki/PAWA_PNG_FSRU_Project,PAWA PNG FSRU Project,Import,Proposed,Papua New Guinea,,,--,--,Manus Island,,-2.227493875,146.8670599,--,2024-05-29
4,https://www.gem.wiki/PAWA_PNG_FSRU_Project,PAWA PNG FSRU Project,Import,Proposed,Papua New Guinea,,,--,--,Buka Town,Autonomous Region of Bougainville,-5.410414644,154.6902964,--,2024-05-29
5,https://www.gem.wiki/PAWA_PNG_FSRU_Project,PAWA PNG FSRU Project,Import,Proposed,Papua New Guinea,,,--,--,Kimbe,West New Britain,-5.537955404,150.1501539,--,2024-05-29
6,https://www.gem.wiki/PAWA_PNG_FSRU_Project,PAWA PNG FSRU Project,Import,Proposed,Papua New Guinea,,,--,--,Alotau,Milne Bay Province,-10.31947913,150.4528498,--,2024-05-29
7,https://www.gem.wiki/PAWA_PNG_FSRU_Project,PAWA PNG FSRU Project,Import,Proposed,Papua New Guinea,,,--,--,Madang,Madang Province,-5.232665519,145.8170959,--,2024-05-29
8,https://www.gem.wiki/PAWA_PNG_FSRU_Project,PAWA PNG FSRU Project,Import,Proposed,Papua New Guinea,,,--,--,Rabaul,East New Britain,-4.206248988,152.1695425,--,2024-05-29
9,https://www.gem.wiki/PAWA_PNG_FSRU_Project,PAWA PNG FSRU Project,Import,Proposed,Papua New Guinea,,,--,--,Wewak,East Sepik Province,-3.553417519,143.6468213,--,2024-05-29
10,https://www.gem.wiki/PAWA_PNG_FSRU_Project,PAWA PNG FSRU Project,Import,Proposed,Papua New Guinea,,,--,--,Kiunga,Western Province,-6.12657885,141.2998883,--,2024-05-29
11,https://www.gem.wiki/PAWA_PNG_FSRU_Project,PAWA PNG FSRU Project,Import,Proposed,Papua New Guinea,,,--,--,Kikori,Gulf Province,-7.415430904,144.2560886,--,2024-05-29
0,https://www.gem.wiki/Thai_Binh_FSRU,Thai Binh FSRU,Import,Proposed,Vietnam,1,mtpa,1.36,2029,,Thai Binh Province,20.45638,106.60887,--,2024-07-16
0,https://www.gem.wiki/Tien_Giang_LNG_Terminal,Tien Giang LNG Terminal,Import,Cancelled,Vietnam,6,mtpa,8.16,2022,,Tien Giang Province,0.448,106.709,--,2024-07-16
0,https://www.gem.wiki/Ben_Tre_FSRU,Ben Tre FSRU,Import,Shelved,Vietnam,,,--,--,,Ben Tre Province,9.960177,106.641855,--,2024-07-16
0,https://www.gem.wiki/Tien_Lang_FSRU,Tien Lang FSRU,Import,Shelved,Vietnam,,,--,2026,Tien Lang 1 Industrial Park,,20.6708553,106.7137204,--,2024-07-16
0,https://www.gem.wiki/Lubmin_FSRU,Lubmin FSRU,Import,Retired,Germany,5.7,mtpa,7.75,2023,Port of Lubmin,,54.153332,13.645319,1090000000,2024-09-11
0,https://www.gem.wiki/GEIL_FSRU,GEIL FSRU,Import,Cancelled,Pakistan,,,--,2017,Port Qasim,Sindh,24.7718,67.3119,--,2024-06-28
0,https://www.gem.wiki/Mauritius_FSRU,Mauritius FSRU,Import,Proposed,Mauritius,,,--,--,,,-20.105785,57.420697,--,2024-07-18
1,https://www.gem.wiki/Penn_LNG_Terminal,Penn LNG Terminal,Export,Proposed,United States,7,mtpa,9.52,2028,Chester,Pennsylvania,39.837705,-75.370597,6400000000,2024-07-08
0,https://www.gem.wiki/Itaqui_FSRU,Itaqui FSRU,Import,Proposed,Brazil,7.67,bcm/y,7.67,--,Port of Itaqui,Maranhão,-2.589554,-44.36869,121680000,2024-08-29
0,https://www.gem.wiki/Sinolam_LNG_Terminal,Sinolam LNG Terminal,Import,Shelved,Panama,1.1,mtpa,1.5,2023,Isla Margarita,Colón,9.384621,-79.88305,--,2024-09-03
0,https://www.gem.wiki/Antigua_Power_LNG_Terminal,Antigua Power LNG Terminal,Import,Construction,Antigua and Barbuda,,,--,2024,Crabbs,Antigua,17.136679,-61.751593,--,2024-09-04
0,https://www.gem.wiki/Brunsb%C3%BCttel_LNG_Terminal,Brunsbüttel LNG Terminal,Import,Construction,Germany,8,bcm/y,8,2026,Brunsbüttel,Hamburg,53.9140009,8.9760945,1417000000,2024-09-10
0,https://www.gem.wiki/Woodside_Probolinggo_LNG_Terminal,Woodside Probolinggo LNG Terminal,Import,Shelved,Indonesia,,,--,--,Probolinggo,East Java,-7.728885891,113.2170407,--,2024-07-12
0,https://www.gem.wiki/Stade_FSRU,Stade FSRU,Import,Construction,Germany,6,bcm/y,6,2024,Stade,,53.65265343,9.515232997,--,2024-09-10
0,https://www.gem.wiki/Payra_LNG_Terminal,Payra LNG Terminal,Import,Cancelled,Bangladesh,7.5,mtpa,10.2,--,Port of Payra,Patuakhali,21.999205,90.305597,--,2024-06-05
1,https://www.gem.wiki/Rovuma_FLNG_Terminal,Rovuma FLNG Terminal,Export,Shelved,Mozambique,3,mtpa,4.08,--,Afungi peninsula,,-10.753277,40.798272,--,2024-07-18
1,https://www.gem.wiki/BirAllah_LNG_Hub,BirAllah LNG Hub,Export,Proposed,Mauritania,10,mtpa,13.6,--,,,17.9929,-16.0268,--,2023-08-21
1,https://www.gem.wiki/Yakaar-Teranga_LNG_Hub,Yakaar-Teranga LNG Hub,Export,Proposed,Senegal,10,mtpa,13.6,--,,,14.6869,-17.42709,--,2024-07-22
1,https://www.gem.wiki/Manzanillo_(Dominican_Republic)_LNG_Terminal,Manzanillo (Dominican Republic) LNG Terminal,Import,Construction,Dominican Republic,1,mtpa,1.36,2025,Manzanillo,Montecristi,19.696041,-71.726787,--,2024-09-04
0,https://www.gem.wiki/Ravenna_FSRU,Ravenna FSRU,Import,Construction,Italy,5,bcm/y,5,2025,Offshore Ravenna,,44.48283,12.291482,1090000000,2024-07-31
0,https://www.gem.wiki/Piombino_FSRU,Piombino FSRU,Import,Operating,Italy,5,bcm/y,5,2023,Port of Piombino,,42.932151,10.54641,--,2024-07-26
0,https://www.gem.wiki/Wilhelmshaven_TES_FSRU,Wilhelmshaven TES FSRU,Import,Construction,Germany,4.5,bcm/y,4.5,2024,Wilhelmshaven,,53.516667,8.133333,--,2024-09-10
0,https://www.gem.wiki/Lubmin_RWE_FSRU,Lubmin RWE FSRU,Import,Proposed,Germany,5,bcm/y,5,2023,Port of Lubmin,,54.153332,13.555555,--,2024-09-10
0,https://www.gem.wiki/Zeeland_Energy_FSRU,Zeeland Energy FSRU,Import,Proposed,Netherlands,7.5,bcm/y,7.5,2027,,Zeeland,51.637811,3.6295,--,2024-09-10
0,https://www.gem.wiki/Terneuzen_FSRU,Terneuzen FSRU,Import,Cancelled,Netherlands,,,--,2023,Port of Terneuzen,,51.345151,3.84763,--,2024-09-10
0,https://www.gem.wiki/Black_Sea_LNG_Terminal,Black Sea LNG Terminal,Import,Proposed,Romania,,,--,--,Constanta,Dobruja,44.188527,28.652581,--,2024-07-23
1,https://www.gem.wiki/Black_Sea_LNG_Terminal,Black Sea LNG Terminal,Export,Proposed,Georgia,,,--,--,Kulevi,,42.275558,41.63284,--,2024-07-23
0,https://www.gem.wiki/Bar_LNG_Terminal,Bar LNG Terminal,Import,Proposed,Montenegro,0.4,mtpa,0.54,2025,Port of Bar,,42.093367,19.081096,272500000,2024-07-31
0,https://www.gem.wiki/Pakistan_State_Oil_LNG_Terminal,Pakistan State Oil LNG Terminal,Import,Proposed,Pakistan,,,--,--,near Karachi,,24.812582,66.972761,500000000,2024-06-28
0,https://www.gem.wiki/LNG_Easy_Floating_LNG_Terminal,LNG Easy Floating LNG Terminal,Import,Proposed,Pakistan,1,mtpa,1.36,2022,Port of Karachi,,24.834334,66.977824,--,2024-06-27
1,https://www.gem.wiki/Ruwais_LNG_Terminal,Ruwais LNG Terminal,Export,Proposed,United Arab Emirates,4.8,mtpa,6.53,2028,Ruwais,Abu Dhabi,24.13523,52.65226,7000000000,2024-06-05
2,https://www.gem.wiki/Ruwais_LNG_Terminal,Ruwais LNG Terminal,Export,Proposed,United Arab Emirates,4.8,mtpa,6.53,2028,Ruwais,Abu Dhabi,24.13523,52.65226,7000000000,2024-06-05
0,https://www.gem.wiki/Dandong_LNG_Terminal,Dandong LNG Terminal,Import,Shelved,China,,,--,--,Donggang,Liaoning,39.77782265,124.1156083,--,2024-01-29
1,https://www.gem.wiki/Cap_Lopez_FLNG_Terminal,Cap Lopez FLNG Terminal,Export,Proposed,Gabon,0.7,mtpa,0.95,2026,Cap Lopez,,-0.632279,8.71253,1000000000,2024-07-17
0,https://www.gem.wiki/Mailiao_LNG_Terminal,Mailiao LNG Terminal,Import,Proposed,Taiwan,6,mtpa,8.16,--,,Yunlin,23.76501757,120.168057,--,2024-07-10
0,https://www.gem.wiki/Rudong_LNG_Terminal_(China_Resources),Rudong LNG Terminal (China Resources),Import,Construction,China,6.5,mtpa,8.84,2026,Rudong,Jiangsu,32.53018763,121.418122,--,2024-02-07
0,https://www.gem.wiki/Shanwei_LNG_Terminal,Shanwei LNG Terminal,Import,Proposed,China,,,--,--,,Guangdong,22.65172362,115.5691341,--,2024-02-15
0,https://www.gem.wiki/Zhouji_LNG_Terminal,Zhouji LNG Terminal,Import,Proposed,Taiwan,6,mtpa,8.16,2031,Zhouji Container Wharf,Kaosiung,22.51902521,120.3136864,--,2024-07-10
1,https://www.gem.wiki/Murmansk_LNG_Terminal,Murmansk LNG Terminal,Export,Proposed,Russia,6.8,mtpa,9.25,2027,Murmansk,Murmansk Oblast,69.27668704,33.61763022,--,2023-04-18
2,https://www.gem.wiki/Murmansk_LNG_Terminal,Murmansk LNG Terminal,Export,Proposed,Russia,6.8,mtpa,9.25,2029,Murmansk,Murmansk Oblast,69.27668704,33.61763022,--,2023-04-18
3,https://www.gem.wiki/Murmansk_LNG_Terminal,Murmansk LNG Terminal,Export,Proposed,Russia,6.8,mtpa,9.25,2029,Murmansk,Murmansk Oblast,69.27668704,33.61763022,--,2023-04-18
1,https://www.gem.wiki/Valentina_LNG_Terminal,Valentina LNG Terminal,Export,Proposed,Russia,7,mtpa,9.52,2027,Bukhta Pyati Okhotnikov,Primorsky Krai,43.01687529,132.3202986,6860000000,2024-04-22
0,https://www.gem.wiki/Coatzacoalcos_LNG_Terminal,Coatzacoalcos LNG Terminal,Export,Proposed,Mexico,0.6,bcf/d,6.2,--,Coatzacoalcos,Veracruz,18.119088,-94.406895,4500000000,2024-09-04
0,https://www.gem.wiki/Sycar_Venezuela_FLNG_Terminal,Sycar Venezuela FLNG Terminal,Export,Shelved,Venezuela,,,--,2024,Barcelona,Anzoátegui,10.088111,-64.862283,--,2024-09-04
0,https://www.gem.wiki/Aruba_LNG_Terminal,Aruba LNG Terminal,Import,Proposed,Aruba,,,--,--,San Nicolas,,12.435298,-69.920293,100000000,2024-09-04
0,https://www.gem.wiki/Clifton_Pier_LNG_Terminal,Clifton Pier LNG Terminal,Import,Shelved,Bahamas,,,--,--,Clifton Pier,Nassau,25.004188,-77.538844,--,2024-09-04
1,https://www.gem.wiki/Northern_Territory_LNG_Terminal,Northern Territory LNG Terminal,Export,Proposed,Australia,6.6,mtpa,8.98,2030,Wickham,Northern Territory,-12.540309,130.960794,--,2024-05-21
0,https://www.gem.wiki/Sepetiba_Bay_FSRU,Sepetiba Bay FSRU,Import,Operating,Brazil,2.7,mtpa,3.67,2022,Itaguaí,Rio de Janeiro,-22.928227,-43.857039,--,2024-09-13
10,https://www.gem.wiki/Buru_FLNG_terminal,Buru FLNG Terminal,Export,Proposed,Australia,,,--,--,offshore Broome,Kimberly,-18.291312,121.98236,--,2024-05-21
0,https://www.gem.wiki/Nimofast_Antonina_LNG_Terminal,Nimofast Antonina LNG Terminal,Import,Proposed,Brazil,2.19,bcm/y,2.19,2025,Antonina,Paraná,-25.445703,-48.692089,100000000,2024-09-04
0,https://www.gem.wiki/Dislub_Maranh%C3%A3o_FSRU,Dislub Maranhão FSRU,Import,Proposed,Brazil,4.38,bcm/y,4.38,--,São Marcos Bay,Maranhão,-2.533597,-44.378089,--,2024-08-29
1,https://www.gem.wiki/Eni_Congo_FLNG_II_Terminal,Eni Congo FLNG II Terminal,Export,Construction,Republic of the Congo,2.4,mtpa,3.26,2025,,,-4.59022,11.470348,4000000000,2024-07-16
1,https://www.gem.wiki/Coral_North_FLNG_Terminal,Coral North FLNG Terminal,Export,Proposed,Mozambique,3.4,mtpa,4.62,2027,Coral Gas Field,Cabo Delgado,-10.9,41.2,7000000000,2024-07-18
1,https://www.gem.wiki/Golar_Nigeria_FLNG_Terminal,Golar Nigeria FLNG Terminal,Export,Proposed,Nigeria,,,--,--,offshore Niger Delta,,4.191751,5.771377,--,2024-07-18
0,https://www.gem.wiki/Richards_Bay_Transnet_FSRU,Richards Bay Transnet FSRU,Import,Proposed,South Africa,2,mtpa,2.72,2027,Richards Bay,KwaZulu-Natal,-28.8,32.1,148800000,2024-07-23
1,https://www.gem.wiki/Richards_Bay_Transnet_FSRU,Richards Bay Transnet FSRU,Import,Proposed,South Africa,3,mtpa,4.08,2030,Richards Bay,KwaZulu-Natal,-28.8,32.1,223200000,2024-07-23
0,https://www.gem.wiki/Port_Edward_LNG_Terminal,Port Edward LNG Terminal,Export,Proposed,Canada,0.3,mtpa,0.41,2024,Port Edward,British Columbia,54.318709,-130.320017,240000000,2024-09-09
1,https://www.gem.wiki/Gulfstream_LNG_Terminal,Gulfstream LNG Terminal,Export,Proposed,United States,4,mtpa,5.44,2029,,Louisiana,29.575938,-89.816741,--,2024-07-03
1,https://www.gem.wiki/Grand_Isle_Deepwater_Port_Terminal,Grand Isle Deepwater Port Terminal,Export,Proposed,United States,2.1,mtpa,2.86,2026,Offshore Grand Isle,Louisiana,29.039441,-89.9921,--,2024-07-08
2,https://www.gem.wiki/Grand_Isle_Deepwater_Port_Terminal,Grand Isle Deepwater Port Terminal,Export,Proposed,United States,2.1,mtpa,2.86,2026,Offshore Grand Isle,Louisiana,29.039441,-89.9921,--,2024-07-08
1,https://www.gem.wiki/Nopetro_LNG_Terminal,Nopetro LNG Terminal,Export,Cancelled,United States,0.01,bcf/d,0.11,2024,Port St. Joe,Florida,29.819501,-85.310654,100000000,2024-07-08
0,https://www.gem.wiki/Ulsan_LNG_Terminal,Ulsan LNG Terminal,Import,Construction,South Korea,2.4,mtpa,3.26,2024,Ulsan Clean Energy Complex,South Chungcheong,35.501837,129.396566,160000000,2024-09-04
1,https://www.gem.wiki/Ulsan_LNG_Terminal,Ulsan LNG Terminal,Import,Construction,South Korea,4.8,mtpa,6.53,2026,Ulsan Clean Energy Complex,South Chungcheong,35.501837,129.396566,800000000,2024-09-04
0,https://www.gem.wiki/POSCO_Dangjin_LNG_Terminal,POSCO Dangjin LNG Terminal,Import,Proposed,South Korea,3.5,mtpa,4.76,2027,Dangjin Port,Chungcheongnam-do,36.96132,126.839859,--,2024-09-04
0,https://www.gem.wiki/Mowi_LNG_Terminal,Mowi LNG Terminal,Import,Operating,United Kingdom,0.22,mtpa,0.3,2021,Kyleakin,Scotland,57.271545,-5.726805,--,2024-07-24
0,https://www.gem.wiki/Grangemouth_FSRU,Grangemouth FSRU,Import,Proposed,United Kingdom,5,mtpa,6.8,2027,Grangemouth,Scotland,56.022485,-3.676664,600000000,2024-08-13
0,https://www.gem.wiki/Pilot_Cork_FSRU,Pilot Cork FSRU,Import,Proposed,Ireland,3,mtpa,4.08,--,Port of Cork,,51.826809,-8.232798,--,2024-07-24
0,https://www.gem.wiki/Thanh_H%C3%B3a_LNG_Terminal,Thanh Hóa LNG Terminal,Import,Proposed,Vietnam,1.2,https://www.spglobal.com/commodityinsights/en/market-insights/latest-news/lng/030424-vietnams-pv-gas-to-supply-lng-to-replace-piped-gas-in-power-plant,--,--,Thanh Hóa,Thanh Hóa,19.307579,105.820986,--,2024-07-16
0,https://www.gem.wiki/Firebird_LNG_Terminal,Firebird LNG Terminal,Export,Proposed,Suriname,2.7,mtpa,3.67,2026,Nieuw Nickerie,,5.967844,-56.990446,5400000000,2024-09-04
0,https://www.gem.wiki/Petronas_ZFLNG_Terminal,Petronas ZFLNG Terminal,Export,Proposed,Malaysia,2,mtpa,2.72,2027,,Sabah,7.5389,115.881,--,2024-07-12
0,https://www.gem.wiki/Mukran_FSRU,Mukran FSRU,Import,Operating,Germany,,,--,2024,Rügen,,54.478384,13.598351,--,2024-09-11
1,https://www.gem.wiki/Mukran_FSRU,Mukran FSRU,Import,Operating,Germany,13.5,bcm/y,13.5,2024,Rügen,,54.478384,13.598351,--,2024-09-11
0,https://www.gem.wiki/ACWA_LNG_Terminal,ACWA LNG Terminal,Import,Cancelled,Bangladesh,,,--,--,Maheshkhali Upazila,Chittagong,21.520521,91.869445,500000000,2024-06-06
0,https://www.gem.wiki/Pertamina_Bangladesh_FSRU,Pertamina Bangladesh FSRU,Import,Cancelled,Bangladesh,,,--,2023,Maheshkhali Upazila,Chittagong,22.2337,91.866,--,2024-06-06
0,https://www.gem.wiki/Matarbari_GE_LNG_Terminal,Matarbari GE LNG Terminal,Import,Cancelled,Bangladesh,,,--,2021,Maheshkhali Upazila,Chittagong,21.7281,91.8896,--,2024-06-10
0,https://www.gem.wiki/Gopalpur_FSRU,Gopalpur FSRU,Import,Proposed,India,4,mtpa,5.44,2025,Gopalpur port,Odisha,19.301786,84.966246,142750000,2024-06-13
1,https://www.gem.wiki/Gopalpur_FSRU,Gopalpur FSRU,Import,Proposed,India,5,mtpa,6.8,--,Gopalpur port,Odisha,19.301786,84.966246,142750000,2024-06-13
0,https://www.gem.wiki/Madura_FLNG_Terminal,Madura FLNG Terminal,Export,Proposed,Indonesia,,,--,--,Madura gas field,,-7.371,113.2767,--,2024-07-11
1,https://www.gem.wiki/West_Papua_FLNG_Terminal,West Papua FLNG Terminal,Export,Proposed,Indonesia,1.2,mtpa,1.63,2026,Offshore West Papua,,-2.372162,133.228061,--,2024-07-12
0,https://www.gem.wiki/Atimonan_LNG_Terminal,Atimonan LNG Terminal,Import,Proposed,Philippines,,,--,2026,Villa Ibaba,Quezon,14.0569,121.86168,--,2024-07-15
0,https://www.gem.wiki/Zhangjiagang_LNG_Terminal,Zhangjiagang LNG Terminal,Import,Proposed,China,3,mtpa,4.08,--,Zhangjiagang,Jiangsu,31.82350221,120.8224608,--,2024-01-29
1,https://www.gem.wiki/LNG_Yakutia_Terminal,LNG Yakutia Terminal,Export,Proposed,Russia,0.18,mtpa,0.24,2028,,Sakha Republic,61.78134376,130.5533017,73500,2024-04-26
2,https://www.gem.wiki/LNG_Yakutia_Terminal,LNG Yakutia Terminal,Export,Proposed,Russia,0.35,mtpa,0.48,--,,Sakha Republic,61.78134376,130.5533017,73500,2024-04-26
1,https://www.gem.wiki/Arkhangelsk_LNG_Terminal,Arkhangelsk LNG Terminal,Export,Proposed,Russia,0.08,mtpa,0.11,2026,Novodvinsk,Arkhangelsk Oblast,64.4031577,40.82721591,56000000,2024-05-08
2,https://www.gem.wiki/Arkhangelsk_LNG_Terminal,Arkhangelsk LNG Terminal,Export,Proposed,Russia,0.08,mtpa,0.11,2028,Novodvinsk,Arkhangelsk Oblast,64.4031577,40.82721591,56000000,2024-05-08
1,https://www.gem.wiki/Tambey_LNG_Terminal,Tambey LNG Terminal,Export,Proposed,Russia,20,mtpa,27.2,2030,Tambeyskoye Oil and Gas Field (Russia),,71.235,71.546,--,2024-05-08
1,https://www.gem.wiki/Taimyr_LNG_Terminal,Taimyr LNG Terminal,Export,Proposed,Russia,50,mtpa,68,2030,Sever Bay,Krasnoyarsk Krai,73.153613,80.405868,--,2024-05-09
0,https://www.gem.wiki/Al-Faw_FSRU_Terminal,Al-Faw FSRU Terminal,Import,Proposed,Iraq,1,bcf/d,10.34,2026,Al-Faw Port,Basrah Governorate,29.89550003,48.43587509,--,2024-05-30
1,https://www.gem.wiki/Pasca_FLNG_Terminal,Pasca FLNG Terminal,Export,Proposed,Papua New Guinea,0.75,mtpa,1.02,2030,Gulf of Papua,,-8.746641,144.82941,800000000,2024-05-31
0,https://www.gem.wiki/Nador_FSRU,Nador FSRU,Import,Proposed,Morocco,,,--,2026,Nador West Med Port,Nador,35.25496897,-3.177765712,--,2024-06-19
0,https://www.gem.wiki/Dakhla_LNG_Terminal,Dakhla LNG Terminal,Import,Proposed,Western Sahara,,,--,2030,,,23.6578,-15.9424,--,2024-06-19
1,https://www.gem.wiki/Argent_LNG_Terminal,Argent LNG Terminal,Export,Proposed,United States,10,mtpa,13.6,2029,Port Fourchon,Louisiana,29.105833,-90.194444,10000000000,2024-07-03
2,https://www.gem.wiki/Argent_LNG_Terminal,Argent LNG Terminal,Export,Proposed,United States,10,mtpa,13.6,--,Port Fourchon,Louisiana,29.105833,-90.194444,--,2024-07-03
0,https://www.gem.wiki/Gresik_LNG_Terminal,Gresik LNG Terminal,Import,Proposed,Indonesia,,,--,2027,Gresik,Indonesia,-7.086928,112.602216,--,2024-07-12
0,https://www.gem.wiki/Sulawesi-Maluku_LNG_Cluster,Sulawesi-Maluku LNG Cluster,Import,Proposed,Indonesia,2.3,mtpa,3.13,2026,Sulawesi-Maluku cluster,,-2.977698,124.539938,--,2024-07-12
0,https://www.gem.wiki/Botum_Sakor_LNG_Terminal,Botum Sakor LNG Terminal,Import,Proposed,Cambodia,,,--,--,Botum Sakor,Koh Kong,10.890206,103.40311,--,2024-07-12
0,https://www.gem.wiki/Quezon_LNG_Terminal,Quezon LNG Terminal,Import,Proposed,Philippines,1.1,mtpa,1.5,2028,Mauban,Quezon,14.2296,121.7558,--,2024-07-15
1,https://www.gem.wiki/Ace_Gas_Nigeria_FLNG_Terminal,Ace Gas Nigeria FLNG Terminal,Export,Proposed,Nigeria,3,mpta,--,--,offshore Escravos,,5.550936,5.083679,--,2024-07-22
1,https://www.gem.wiki/Transoceanic_Nigeria_FLNG_Terminal,Transoceanic Nigeria FLNG Terminal,Export,Proposed,Nigeria,3,mpta,--,--,by Pennington offshore port,,4.247571,5.600936,--,2024-07-22
1,https://www.gem.wiki/Riverside_LNG_Terminal,Riverside LNG Terminal,Export,Proposed,Nigeria,1.4,mtpa,1.9,--,Onne,Rivers,4.698139,7.159439,--,2024-07-22
0,https://www.gem.wiki/Teesside_WaveCrest_LNG_Terminal,Teesside WaveCrest LNG Terminal,Import,Proposed,United Kingdom,6,mtpa,8.16,2026,Middlesbrough,,54.57423,-1.23496,--,2024-07-24
0,https://www.gem.wiki/Yingkou_LNG_Terminal,Yingkou LNG Terminal,Import,Proposed,China,6.2,mtpa,8.43,2025,Gaizhou,Liaoning,40.1988392,121.977137,--,2024-01-29
0,https://www.gem.wiki/Salina_Cruz_LNG_Terminal_(Pilot/GFI),Salina Cruz LNG Terminal (Pilot/GFI),Export,Proposed,Mexico,0.34,mtpa,0.46,2027,Salinas del Marqués,Oaxaca,16.15999,-95.209909,--,2024-09-05
0,https://www.gem.wiki/Golar-Pan_American_FLNG_Terminal,Golar-Pan American FLNG Terminal,Export,Proposed,Argentina,2.45,mtpa,3.33,2027,,,,,--,2024-09-06
0,https://www.gem.wiki/Nghi_Son_LNG_Terminal,Nghi Son LNG Terminal,Import,Proposed,Vietnam,,,--,2030,Nghi Son,Thanh Hóa,19.437793,105.768091,--,2024-09-11
0,https://www.gem.wiki/Northern_Vietnam_LNG_Terminal,Northern Vietnam LNG Terminal,Import,Proposed,Vietnam,0.7,mtpa,0.95,2027,Hai Phong,Hai Phong,20.823732,106.796686,--,2024-09-11
1,https://www.gem.wiki/Northern_Vietnam_LNG_Terminal,Northern Vietnam LNG Terminal,Import,Proposed,Vietnam,0.5,mtpa,0.68,--,Hai Phong,Hai Phong,20.823732,106.796686,--,2024-09-11
0,https://www.gem.wiki/TGS_Puerto_Galv%C3%A1n_LNG_Terminal,TGS Puerto Galván LNG Terminal,Export,Proposed,Argentina,5.84,bcm/y,5.84,--,Bahía Blanca,Buenos Aires,-38.784331,-62.299546,--,2024-09-12
0,https://www.gem.wiki/Gato_Negro_Manzanillo_LNG_Terminal,Gato Negro Manzanillo LNG Terminal,Export,Proposed,Mexico,4,mtpa,5.44,2027,Manzanillo,Colima,19.015597,-104.273765,--,2024-09-13
