type,latitude,longitude,capacity_mw
Hydro,32.322,65.119,33.0
Hydro,34.556,69.4787,66.0
Hydro,34.641,69.717,100.0
Hydro,34.4847,70.3633,11.55
Hydro,35.9416,68.71,6.0
Hydro,34.5865,69.7757,22.0
Hydro,39.9116,20.1047,27.0
Hydro,42.2514,20.0431,500.0
Hydro,42.1033,19.8224,600.0
Hydro,41.3428,19.8964,5.0
Hydro,41.6796,19.8305,24.0
Hydro,41.6796,19.8936,25.0
Hydro,42.0137,19.6359,250.0
Hydro,36.4739,5.2719,24.0
Hydro,-12.4706,13.7319,14.6
Hydro,-9.7523,14.4809,180.0
Hydro,-9.7955,15.4672,520.0
Hydro,-14.7333,15.0333,40.0
Hydro,-7.3,20.85,16.0
Hydro,-34.5792,-68.9892,130.0
Hydro,-40.58,-70.7489,1050.0
Hydro,-33.0452,-69.0516,50.7
Hydro,-39.1009,-68.5982,128.0
Hydro,-32.1883,-64.3233,38.4
Hydro,-25.2712,-65.3298,102.0
Hydro,-33.0291,-69.1109,120.0
Hydro,-38.2143,-67.1908,60.0
Hydro,-31.3992,-64.2006,17.28
Hydro,-31.5192,-68.9814,121.4
Hydro,-38.9121,-67.9427,5.78
Hydro,-30.1833,-69.0667,10.55
Hydro,-26.6156,-65.1929,14.0
Hydro,-33.2993,-68.7199,17.0
Hydro,-39.2577,-68.7483,1200.0
Hydro,-34.61,-68.6136,14.4
Hydro,-25.2323,-64.4762,11.0
Hydro,-27.6589,-65.7633,24.0
Hydro,-32.1784,-64.4207,10.8
Hydro,-43.6996,-66.4815,60.0
Hydro,-43.1288,-71.63,472.0
Hydro,-33.0449,-68.9219,6.0
Hydro,-39.56,-65.6817,5.2
Hydro,-40.012,-69.9918,285.0
Hydro,-38.8367,-68.038,6.2
Hydro,-31.8708,-65.0349,16.0
Hydro,-24.4438,-65.2203,30.0
Hydro,-34.6,-68.5285,6.6
Hydro,-31.838,-64.4452,59.04
Hydro,-31.838,-64.4452,4.5
Hydro,-27.6509,-64.3618,2.5
Hydro,-34.6028,-68.6383,224.0
Hydro,-34.9907,-68.6237,74.24
Hydro,-34.9039,-68.6177,133.12
Hydro,-34.8821,-68.576,52.0
Hydro,-34.833,-68.5168,22.4
Hydro,-31.6651,-63.8314,1400.0
Hydro,-32.1675,-64.2438,6.3
Hydro,-28.5339,-65.7997,472.0
Hydro,-27.1149,-65.7523,19.2
Hydro,-31.2567,-61.5203,45.0
Hydro,-24.983,-65.686,13.2
Hydro,-53.7862,-67.7222,750.0
Hydro,-27.5225,-64.8861,19.0
Hydro,-38.8244,-64.8296,7.9
Hydro,-31.3891,-68.6752,945.0
Hydro,-31.3533,-64.3938,26.0
Hydro,-31.4557,-68.7556,42.0
Hydro,-25.8766,-54.5687,120.0
Hydro,-27.4827,-56.7397,1550.0
Hydro,40.5078,44.7606,561.0
Hydro,39.4743,46.1306,170.0
Hydro,39.6494,45.85,76.0
Hydro,39.3956,46.2578,158.0
Hydro,-36.5344,147.4594,12.85
Hydro,-16.8502,145.6465,60.0
Hydro,-41.736,145.5321,79.9
Hydro,-34.7337,150.4669,240.0
Hydro,-35.3986,148.2463,70.0
Hydro,-36.8055,147.228,300.0
Biomass,-29.0118,153.4335,38.0
Hydro,-36.5951,149.474,4.95
Hydro,-32.6646,149.108,19.0
Hydro,-35.0025,148.5834,27.0
Hydro,-42.2669,146.2618,14.4
Hydro,-42.4524,146.5977,48.0
Hydro,-41.4787,146.1349,85.0
Hydro,-36.7853,147.2205,30.0
Hydro,-42.5064,146.6812,17.0
Biomass,-28.3138,153.4341,30.0
Hydro,-29.9102,150.9235,24.0
Hydro,-36.5564,147.5206,150.0
Hydro,-41.3505,146.2632,60.0
Hydro,-37.222,145.9215,120.0
Hydro,-37.2431,145.8974,5.0
Hydro,-41.6732,146.2687,43.2
Hydro,-32.1097,150.9982,5.8
Hydro,-42.7405,145.9828,432.0
Hydro,-36.3501,148.4135,80.0
Hydro,-36.1066,147.0326,70.0
Biomass,-19.6422,147.4016,10.5
Biomass,-19.5167,147.1065,150.0
Biomass,-25.194,152.2086,25.0
Hydro,-36.4351,148.6333,1.1
Hydro,-42.1548,145.5345,144.0
Hydro,-35.562,148.3055,14.0
Biomass,-19.5223,147.4152,9.0
Hydro,-34.723,150.4795,160.0
Hydro,-17.767,145.5779,88.0
Hydro,-17.8313,145.6034,7.3
Hydro,-42.2537,146.6207,32.4
Hydro,-37.9047,146.8011,4.0
Hydro,-30.8792,150.4914,6.5
Hydro,-36.9129,146.3921,2.0
Hydro,-41.6038,146.139,81.6
Hydro,-42.3763,146.5099,87.3
Hydro,-42.0147,145.5261,3.2
Hydro,-37.3027,145.8458,13.55
Hydro,-41.6997,145.6461,79.9
Biomass,-18.589,146.258,8.0
Biomass,-25.5476,152.7171,7.5
Biomass,-38.1809,146.4479,54.5
Hydro,-36.8584,147.2345,150.0
Hydro,-42.6112,146.8457,40.0
Biomass,-37.8388,140.8057,10.0
Biomass,-17.0932,145.7887,13.0
Hydro,-36.2467,148.1901,950.0
Hydro,-36.2423,148.1362,552.0
Biomass,-32.9521,117.1916,1.0
Hydro,-42.2686,146.2629,2.2
Hydro,-29.9257,152.7417,33.6
Hydro,-30.5751,152.069,4.8
Hydro,-16.1201,128.7383,30.0
Hydro,-41.2826,146.249,28.0
Hydro,-29.3886,151.2442,6.7
Biomass,-19.5575,147.3308,67.8
Biomass,-21.4282,149.2159,14.0
Hydro,-41.8115,146.9192,100.0
Biomass,-20.3985,148.5797,17.0
Biomass,-21.1635,149.1344,3.5
Hydro,-41.7238,145.1359,238.0
Hydro,-42.5077,146.647,28.0
Biomass,-27.7334,153.3276,30.0
Hydro,-41.7295,146.2176,10.5
Hydro,-37.3272,145.8605,13.55
Biomass,-17.6057,145.991,20.0
Biomass,-27.7334,153.2463,4.8
Biomass,-26.2261,152.6981,1.5
Biomass,-17.1193,145.345,7.0
Hydro,-42.3012,146.4572,90.0
Hydro,-34.8393,138.7112,2.5
Hydro,-35.6043,145.7837,3.0
Hydro,-41.9707,146.7938,1.7
Hydro,-41.4226,147.1119,80.0
Hydro,-41.8129,145.6538,82.8
Biomass,-17.9373,145.9267,21.4
Hydro,-35.9517,148.3637,616.0
Hydro,-35.8814,148.3672,336.0
Hydro,-35.6112,148.2917,1500.0
Hydro,-42.2967,146.4565,125.0
Hydro,-42.0046,145.5437,8.4
Biomass,-18.6508,146.2016,24.0
Biomass,-27.4405,153.1158,2.0
Biomass,-35.2959,148.1371,20.0
Hydro,-33.8832,150.5965,50.0
Hydro,-42.4272,146.5347,38.3
Hydro,-36.7601,147.186,62.0
Hydro,-41.4833,146.1251,81.6
Hydro,-27.3952,152.6092,4.7
Hydro,-27.3722,152.632,500.0
Hydro,-33.981,148.9473,20.0
Hydro,-36.0094,145.9995,9.0
Hydro,48.248,14.4305,168.0
Hydro,46.7667,15.55,26.0
Hydro,47.0167,15.1667,30.0
Hydro,48.3853,14.023,287.0
Hydro,47.407,13.2205,16.0
Hydro,48.244,13.006,100.0
Hydro,47.4167,15.2833,16.0
Hydro,48.2194,13.16,72.0
Hydro,47.6,14.7333,1.0
Hydro,46.5347,14.1712,88.0
Hydro,46.8638,13.3355,38.0
Hydro,46.5462,14.2985,75.0
Hydro,47.1667,14.7333,22.0
Hydro,48.1764,16.4811,172.0
Hydro,47.1667,15.3333,12.0
Hydro,47.2354,12.0583,25.0
Hydro,46.7772,15.5842,14.0
Hydro,48.1766,16.4813,14.0
Hydro,47.2342,11.8997,200.0
Hydro,47.1333,15.35,11.0
Hydro,48.3553,16.2424,293.0
Hydro,47.6,14.7333,63.0
Hydro,47.6,14.7333,1.0
Hydro,48.5184,13.7076,132.0
Hydro,46.8142,12.7618,60.0
Hydro,47.2122,10.7215,89.0
Hydro,47.3932,11.7886,79.0
Hydro,47.0678,10.6652,392.0
Hydro,47.2078,11.0057,289.0
Hydro,47.2696,10.9678,500.0
Hydro,47.1985,12.7223,480.0
Hydro,47.1968,12.7192,113.0
Hydro,47.2591,12.7389,240.0
Hydro,46.67,13.6886,25.0
Hydro,47.2591,12.7389,1.0
Hydro,47.8314,14.1572,20.0
Hydro,46.975,10.043,525.0
Hydro,47.4412,13.2108,18.0
Hydro,46.8727,13.3117,45.0
Hydro,47.6833,14.7,30.0
Hydro,47.65,14.7167,25.0
Hydro,47.3,15.3167,18.0
Hydro,46.8522,15.5383,20.0
Hydro,47.3833,15.1,10.0
Hydro,47.9243,14.4367,39.0
Hydro,47.1485,11.8225,2.0
Hydro,47.074,9.874,280.0
Hydro,47.0659,13.3539,120.0
Hydro,47.0659,13.3539,730.0
Hydro,47.4,13.5667,6.0
Hydro,47.1581,11.8501,355.0
Hydro,48.2232,15.3042,187.0
Hydro,46.8833,15.5167,16.0
Hydro,40.1247,-8.7751,26.1
Hydro,46.8167,13.3167,2.0
Hydro,47.2167,14.4833,5.0
Hydro,47.6413,12.1989,60.0
Hydro,46.9271,10.0539,30.0
Hydro,46.745,15.5847,13.0
Hydro,48.3166,14.1512,179.0
Hydro,48.5536,13.4371,86.0
Hydro,46.7209,13.6453,24.0
Hydro,47.2,15.35,13.0
Hydro,47.3598,15.3424,22.0
Hydro,47.65,13.6667,2.0
Hydro,47.35,13.6833,14.0
Hydro,46.7333,15.5667,1.0
Hydro,47.085,9.8813,198.0
Hydro,47.0847,9.8744,295.0
Hydro,46.5696,14.0268,80.0
Hydro,48.489,14.6288,34.0
Hydro,48.3946,14.7302,30.0
Hydro,46.658,14.8726,79.0
Hydro,47.3152,13.1389,120.0
Hydro,47.5333,14.3667,6.0
Hydro,47.3386,13.1974,16.0
Hydro,47.4467,15.2849,10.0
Hydro,48.0076,12.8942,52.0
Hydro,47.3214,13.1744,16.0
Hydro,48.1007,14.4568,43.0
Hydro,46.7656,13.2717,1.0
Hydro,47.9333,14.35,40.0
Hydro,47.5,14.4667,10.0
Hydro,47.1485,11.8225,1.0
Hydro,47.3749,13.2101,16.0
Hydro,46.9684,10.0599,157.0
Hydro,48.1766,16.4814,172.0
Hydro,46.6329,13.8294,25.0
Hydro,47.192,9.6815,86.0
Hydro,47.316,13.141,13.0
Hydro,47.3833,12.6,5.0
Hydro,48.1666,14.6953,210.0
Hydro,46.8167,15.8667,1.0
Hydro,47.4698,13.1945,16.0
Hydro,48.1465,14.1176,37.0
Hydro,48.1892,15.0682,236.0
Hydro,41.3979,48.3308,1.0
Hydro,40.79,47.0287,402.0
Hydro,40.9487,46.168,405.0
Hydro,40.6837,47.0926,16.0
Hydro,40.9193,46.2829,150.0
Hydro,22.495,92.216,230.0
Biomass,50.5851,5.418,95.0
Hydro,50.4359,6.2106,1.8
Hydro,50.3849,5.8618,1164.0
Hydro,50.426,5.7328,8.0
Hydro,50.5335,5.2962,9.9
Hydro,50.4928,5.07,9.0
Hydro,50.4665,4.8992,5.0
Hydro,50.5922,5.4613,10.0
Hydro,50.7517,5.6863,20.0
Hydro,50.6517,5.6308,19.7
Hydro,49.733,5.377,1.9
Hydro,50.1884,4.3861,144.0
Biomass,51.1341,3.777,268.0
Hydro,27.4254,89.9043,64.0
Hydro,27.1104,89.5313,336.0
Hydro,27.2162,91.2035,60.0
Hydro,27.3567,91.6497,2.2
Hydro,27.036,89.5953,1020.0
Hydro,-16.1925,-68.1405,10.6
Hydro,-16.0456,-67.9939,30.0
Hydro,-16.4124,-67.7725,38.4
Hydro,-16.105,-68.067,34.0
Hydro,-17.2122,-65.8758,54.0
Hydro,-16.1425,-68.1158,24.0
Hydro,-16.0784,-68.0336,30.0
Hydro,-16.0416,-67.9566,34.0
Hydro,-16.124,-68.09,11.0
Hydro,-17.1916,-65.8232,93.4
Hydro,-16.1318,-68.1095,18.0
Hydro,-16.2072,-68.1235,9.6
Hydro,-16.3887,-67.7373,51.1
Hydro,-16.2719,-68.1227,11.0
Hydro,44.5075,17.1618,110.0
Hydro,43.0133,17.8041,420.0
Hydro,42.6037,18.2357,216.0
Hydro,43.5872,17.7189,115.0
Hydro,43.6924,17.7325,180.0
Hydro,44.3774,17.2816,48.0
Hydro,44.4279,17.2404,30.0
Hydro,44.5624,17.135,48.5
Hydro,43.3776,17.8449,75.0
Hydro,43.2989,17.794,60.0
Hydro,43.3375,17.3261,30.0
Hydro,43.747,17.6758,160.0
Hydro,43.4478,17.8369,210.0
Hydro,42.7338,18.4971,180.0
Hydro,42.7066,18.3805,8.0
Hydro,43.7603,19.2891,315.0
Hydro,-29.0648,-51.6749,100.71
Biomass,-22.8877,-45.3275,2.0
Hydro,-13.0992,-54.8189,6.66
Biomass,-19.4632,-44.2871,4.8
Hydro,-30.7944,-52.6272,4.86
Hydro,-26.7712,-52.1902,1.46
Hydro,-20.2617,-43.7981,1.3005
Hydro,-11.675,-46.6722,14.683
Biomass,-20.6583,-49.8415,1.2
Biomass,-19.2517,-44.985,21.6
Biomass,-9.4938,-40.3564,14.0
Hydro,-27.5247,-51.5067,3.9
Hydro,-27.3156,-49.0858,3.893
Hydro,-19.4983,-41.0236,330.0
Hydro,-27.4967,-52.8036,3.0
Biomass,-21.0335,-47.9605,4.25
Biomass,-21.1971,-51.2083,2.4
Biomass,-18.4533,-39.9358,11.2
Biomass,-20.0833,-51.2895,4.2
Biomass,-22.3457,-52.5145,38.1
Hydro,-24.0814,-47.5067,72.0
Hydro,-20.7672,-41.5306,2.056
Hydro,-11.9319,-62.0425,5.0
Biomass,-20.4819,-47.8662,75.0
Hydro,-26.7819,-49.3972,2.544
Hydro,-26.7667,-49.4333,15.0
Hydro,-18.9011,-42.446,1.35
Hydro,-12.45,-45.2,10.649
Hydro,-27.0094,-52.4303,21.0
Hydro,0.9,-59.3333,5.0
Hydro,-14.5069,-56.4025,1.68
Hydro,-19.245,-52.8994,29.0
Biomass,-21.3049,-46.8541,8.0
Hydro,-18.7903,-48.1472,243.675
Hydro,-18.6597,-48.4353,210.0
Biomass,-22.4341,-53.5685,120.0
Hydro,-22.699,-47.2842,30.0
Hydro,-14.6286,-41.1889,1.0
Hydro,-27.4547,-48.9828,26.29
Biomass,-22.1522,-53.7618,96.0
Hydro,-20.4667,-47.8667,22.68
Hydro,-21.4858,-43.4539,1.68
Hydro,-27.6497,-51.195,1.0
Hydro,-15.0472,-58.7517,21.96
Hydro,-19.6047,-42.8583,1.35
Hydro,-27.2714,-51.5481,2.9028
Hydro,-24.4789,-49.0636,1.0
Hydro,-9.3575,-38.2083,400.0
Hydro,-18.6805,-52.5842,1.0
Hydro,-17.6167,-54.9167,4.2
Biomass,-19.843,-40.0747,210.4
Biomass,-10.874,-51.6235,1.2
Biomass,-20.9045,-50.4015,4.8
Hydro,-22.2333,-43.0833,18.0
Hydro,-22.1561,-44.0875,5.14917
Hydro,-11.6986,-46.7361,11.4
Hydro,-19.5761,-41.8028,19.8
Hydro,-26.88,-51.2797,1.0
Biomass,-21.4998,-47.3568,4.5
Hydro,-25.5681,-53.0742,29.072
Hydro,-27.0667,-52.4833,13.0
Hydro,-20.6753,-53.5676,29.5
Biomass,-9.8679,-57.8132,3.0
Hydro,-28.8258,-51.8414,24.0
Hydro,-22.2939,-43.4181,1.0
Biomass,-9.9125,-36.3245,53.0
Hydro,-19.022,-42.123,140.544
Biomass,-12.6389,-38.3275,108.6
Hydro,-1.9158,-59.4733,249.75
Biomass,-21.9833,-47.4404,45.0
Biomass,-20.0826,-46.0278,30.0
Hydro,-26.7994,-53.6667,3.0
Hydro,-22.1533,-48.7525,136.8
Hydro,-25.7667,-52.0833,5.2
Hydro,-24.0242,-47.3556,40.4
Biomass,-22.474,-48.5225,136.0
Hydro,-22.5194,-48.5344,140.76
Hydro,-26.9039,-53.0297,2.25
Hydro,-27.7769,-51.1933,698.25
Biomass,-22.6213,-48.7473,62.9
Hydro,-18.95,-42.6,23.0
Hydro,-21.45,-42.4,39.0
Hydro,-28.0678,-49.1508,15.15
Hydro,-18.7233,-51.0031,90.0
Biomass,-15.0282,-57.2014,30.0
Hydro,-21.9983,-44.4039,1.32
Hydro,-17.35,-47.4833,52.5
Biomass,-20.7537,-47.5664,3.9
Hydro,-23.8397,-47.6531,2.704
Biomass,-21.0061,-47.9836,10.2
Biomass,-6.4123,-35.0462,40.0
Hydro,-27.7808,-54.3734,2.25
Biomass,-20.9362,-48.0708,9.8
Hydro,-26.8333,-53.6667,3.6
Hydro,-3.1264,-51.775,3327.45544
Biomass,-19.5641,-46.8975,2.125
Hydro,-20.2139,-41.9889,9.0
Biomass,-21.2276,-50.7655,4.2
Biomass,-25.5382,-49.3615,12.0
Hydro,-28.8669,-50.939,1.0
Biomass,-18.4371,-49.1806,50.0
Biomass,-23.2655,-52.4761,50.0
Biomass,0.9637,-59.9464,4.8
Biomass,-18.7515,-48.6035,16.0
Biomass,-17.0582,-46.1741,55.0
Biomass,-9.773,-36.0759,62.5
Biomass,-21.6724,-49.7711,28.0
Biomass,-21.2097,-50.1895,65.0
Hydro,-6.752,-43.5641,237.3
Hydro,-28.7527,-51.8436,24.0
Hydro,-11.8803,-46.7717,16.0
Biomass,-18.5423,-50.4335,80.0
Hydro,-24.9229,-51.3963,8.0
Hydro,-12.5303,-57.8808,30.0
Biomass,-8.2781,-35.0286,3.2
Biomass,-22.8693,-47.444,3.6
Biomass,-18.0145,-49.7824,1.5
Hydro,-22.0089,-43.2653,19.0
Hydro,-7.4878,-36.1386,1.0
Biomass,-20.9967,-48.0154,8.0
Biomass,-21.4838,-51.0189,3.98
Hydro,-22.7833,-44.2333,11.52
Hydro,-9.8322,-55.0153,5.18
Hydro,-9.7833,-54.9833,10.752
Hydro,-9.6667,-54.9667,14.16
Hydro,-9.6833,-54.9667,14.0
Hydro,-21.6078,-45.4239,1.0
Hydro,-20.5458,-42.9625,12.4
Hydro,-18.9114,-42.44,1.35
Biomass,-22.3465,-48.0965,70.0
Hydro,-27.0986,-50.13,1.0854
Hydro,-29.3464,-50.7016,11.12
Hydro,-27.925,-54.0792,1.4
Hydro,-19.3333,-52.6667,30.0
Biomass,-20.2147,-47.6444,75.0
Biomass,-20.2143,-47.6439,5.0
Hydro,-11.9272,-46.2972,1.12
Biomass,-29.7825,-55.7695,3.825
Biomass,-27.0016,-49.3639,1.2
Biomass,-17.9237,-49.1895,24.0
Biomass,-30.1293,-51.2975,250.994
Biomass,-15.3429,-49.72,4.0
Hydro,-27.4292,-54.1206,1.0
Biomass,-22.6105,-54.6848,114.0
Hydro,-10.3542,-56.985,30.0
Hydro,-12.9567,-60.1247,2.7
Hydro,-13.0194,-60.1128,2.8
Hydro,-20.495,-43.4828,4.16
Biomass,-19.3074,-50.7083,25.0
Hydro,-12.4922,-60.4717,11.12
Biomass,-9.4383,-35.724,7.4
Hydro,0.8533,-51.2917,219.0
Hydro,-18.5025,-49.4931,658.0
Biomass,-18.4945,-49.6445,40.0
Hydro,-22.7486,-44.9056,1.0
Hydro,-24.0381,-49.4617,3.564
Hydro,-24.0479,-49.4578,2.098
Hydro,-17.0742,-40.0683,14.8
Hydro,-21.8528,-43.8886,2.34
Hydro,-15.5161,-49.4847,3.01
Hydro,-22.57,-46.41,1.25
Hydro,-26.7706,-52.1786,1.0
Hydro,-19.4367,-41.6142,27.0
Hydro,-21.5767,-46.6242,80.4
Hydro,-20.0569,-44.6089,1.172
Hydro,-26.9517,-52.4594,3.2
Hydro,-21.8958,-42.0791,10.0
Hydro,-20.2394,-44.7539,7.2
Hydro,-20.9847,-41.71,19.0
Hydro,-21.3256,-44.6161,46.0
Hydro,-15.9697,-55.0883,3.59
Biomass,-30.8189,-51.7039,4.0
Biomass,-19.8091,-48.7255,30.0
Biomass,-10.4681,-37.1815,25.0
Hydro,-25.4175,-51.7514,1.0
Hydro,-27.6017,-51.3169,880.0
Hydro,-13.3992,-48.1425,450.0
Biomass,-21.6491,-41.3957,44.0
Hydro,-29.3934,-50.7465,42.5
Biomass,-22.9258,-47.5567,30.0
Hydro,-9.9439,-63.0642,17.0
Hydro,-12.7833,-56.0,28.0
Hydro,-22.9414,-50.5169,82.5
Hydro,-22.9361,-50.2497,72.0
Hydro,-24.7458,-52.4681,19.8071
Hydro,-28.352,-52.204,3.76
Hydro,-22.658,-51.3598,619.0
Hydro,-28.1156,-48.966,18.09
Biomass,-9.3335,-36.1501,2.4
Hydro,-21.85,-47.7833,4.3
Biomass,-12.7418,-55.6773,9.696
Hydro,-21.0556,-44.2094,4.234
Hydro,-20.7019,-42.0394,15.0
Biomass,-20.7978,-51.6318,6.0
Biomass,-18.8483,-48.2765,25.0
Hydro,-27.6206,-53.8047,9.0
Biomass,-20.2304,-50.3345,7.92
Hydro,-15.3636,-55.4453,3.52
Hydro,-15.3576,-55.4553,12.42
Hydro,-12.7139,-60.8717,9.6
Hydro,-27.35,-52.7667,1.2
Hydro,-13.0839,-60.6222,1.844
Hydro,-13.1517,-60.6567,1.48
Hydro,-29.0083,-51.3792,130.845
Biomass,-21.1254,-48.8248,9.0
Biomass,-21.0966,-48.9335,75.0
Hydro,-24.5972,-49.135,4.0
Hydro,-27.8156,-50.4803,3.829
Hydro,-25.4936,-52.2128,1.26
Hydro,-25.4933,-52.225,19.008
Hydro,-29.0167,-50.7167,9.1
Hydro,-28.7055,-51.8506,22.5
Hydro,-18.5294,-51.15,65.0
Biomass,-18.6013,-51.1913,130.0
Hydro,-26.7578,-52.2578,5.6
Biomass,-26.9416,-51.7466,4.9
Biomass,-19.216,-42.4745,100.0
Biomass,-21.1112,-47.8166,9.0
Hydro,-22.7392,-46.9075,2.25
Hydro,-26.9197,-50.4114,1.557
Biomass,-7.4176,-35.2441,25.0
Biomass,-30.54,-52.5125,1.8
Biomass,-23.1627,-54.3845,4.0
Biomass,-8.1096,-35.0039,5.0
Biomass,-19.9183,-49.1458,54.0
Hydro,-12.2698,-61.1862,7.0
Biomass,-20.7478,-47.4218,54.0
Hydro,-25.8153,-49.0606,18.0
Biomass,-21.1994,-50.1965,92.0
Hydro,-23.1286,-49.7314,414.0
Hydro,-21.8881,-48.1472,2.6
Hydro,-12.5694,-60.8928,1.27
Hydro,-13.37,-59.0126,17.0
Biomass,-21.5947,-48.3636,7.0
Biomass,-21.134,-48.9635,19.824
Biomass,-21.578,-50.4216,11.2
Biomass,-21.8503,-50.2472,45.0
Hydro,0.9031,-51.2592,76.952
Hydro,-19.5319,-42.7672,10.0
Biomass,-22.47,-50.7793,28.2
Biomass,-22.5268,-51.494,131.3
Biomass,-23.4303,-51.9774,13.0
Biomass,-15.2714,-49.158,48.0
Hydro,-20.1517,-43.8842,1.944
Biomass,-22.8892,-51.3931,4.0
Biomass,-20.9295,-48.5072,5.0
Biomass,-21.6335,-48.3421,8.0
Hydro,-17.0778,-40.0853,11.0
Hydro,-17.0725,-40.1047,16.0
Biomass,-21.2116,-48.8296,105.5
Biomass,-21.2118,-48.828,40.0
Biomass,-20.3107,-49.5898,15.0
Biomass,-20.0361,-50.6662,50.0
Biomass,-20.2792,-48.1755,52.76
Hydro,-28.6428,-52.9269,1.12
Hydro,-21.1667,-42.0833,1.6
Biomass,-15.4212,-49.7344,5.0
Biomass,-4.8503,-42.8765,8.8
Hydro,-22.1128,-44.8422,1.616
Biomass,-20.0167,-47.6159,3.6
Biomass,-22.1202,-51.7568,110.0
Biomass,-9.9266,-59.9203,1.0
Hydro,-26.6733,-51.7169,5.6
Biomass,-20.1818,-48.6887,8.0
Biomass,-23.3652,-52.7003,4.0
Biomass,-15.1754,-49.7488,2.4
Biomass,-21.5208,-49.8611,4.0
Biomass,-23.126,-54.1924,12.0
Biomass,-23.6819,-51.6831,3.6
Biomass,-21.0286,-49.9184,10.0
Biomass,-13.781,-57.8406,6.0
Hydro,-27.5158,-49.0781,3.164
Biomass,-22.6751,-49.7627,1.384
Biomass,-21.4163,-48.2793,18.0
Hydro,-26.6725,-51.7525,5.8
Hydro,-18.95,-42.5167,14.0
Hydro,-18.89,-42.724,1.25
Hydro,-22.4833,-47.6,1.7
Hydro,-17.9893,-48.531,375.3
Hydro,-16.7861,-47.9419,96.447
Hydro,-16.3208,-48.1883,127.0
Biomass,-9.9783,-36.2156,16.0
Biomass,-19.8089,-48.7295,30.0
Biomass,-19.7046,-50.3289,24.0
Biomass,-23.6592,-53.3994,15.0
Biomass,-22.6357,-47.6749,75.0
Hydro,-18.5667,-53.1333,16.0
Hydro,-28.9666,-51.75,19.5
Hydro,-28.6714,-52.7086,3.34
Hydro,-24.5633,-51.5533,4.0
Hydro,-22.1578,-45.2806,3.8
Hydro,-28.9808,-50.7825,23.949
Biomass,-8.6369,-35.2617,12.6
Hydro,-14.6333,-53.9333,1.794
Hydro,-7.0167,-37.9667,3.52
Hydro,-2.8117,-54.2989,30.3
Hydro,-12.6456,-58.3189,1.0
Hydro,-20.1169,-43.8681,1.36
Biomass,-17.1171,-46.6541,28.0
Hydro,-10.3303,-56.9814,27.0
Hydro,-28.8833,-51.45,26.0
Biomass,-21.3255,-50.9456,40.0
Biomass,-21.1706,-47.6205,70.0
Biomass,-21.9106,-50.856,4.4
Biomass,-23.1569,-50.0936,6.0
Hydro,-26.7961,-52.1367,1.44
Hydro,-25.2817,-51.877,1.0
Hydro,-10.1633,-59.4642,261.0
Biomass,-17.8335,-40.1786,4.2
Biomass,-22.7623,-50.1025,33.0
Biomass,-22.0536,-48.7021,4.0
Biomass,-19.9716,-47.7589,101.875
Hydro,-25.7589,-52.0869,6.5
Biomass,-21.2515,-49.1283,3.4
Biomass,-22.0541,-49.3107,1.6
Biomass,-21.6237,-48.821,4.0
Biomass,-23.5612,-52.4182,18.38
Biomass,-22.4618,-50.4825,3.6
Biomass,-8.8935,-35.6571,2.4
Biomass,-23.6782,-50.4048,3.6
Biomass,-21.114,-50.4543,5.0
Hydro,-11.7403,-46.7525,5.04
Biomass,-22.3657,-48.6834,7.0
Hydro,-14.3464,-56.7947,4.23
Biomass,-21.3973,-49.884,2.873
Hydro,-11.4661,-46.8189,5.5
Hydro,-20.6994,-42.075,1.251
Hydro,-13.3631,-59.1419,10.8
Hydro,-11.7098,-46.7563,6.0
Biomass,-22.3348,-48.3971,3.6
Biomass,-25.73,-53.0475,1.98
Hydro,-29.4496,-53.2857,125.0
Hydro,-29.2,-51.25,1.0
Hydro,-20.65,-47.6833,10.8
Biomass,-22.6107,-46.9245,1.8512
Hydro,-20.0797,-41.7336,3.0
Hydro,-20.1167,-43.8858,1.4
Hydro,-20.1258,-43.9502,2.744
Biomass,-12.763,-38.4718,16.79
Biomass,-25.3893,-51.4458,12.33
Biomass,-10.314,-58.3495,2.0
Biomass,-21.8514,-54.0159,141.019
Biomass,-20.5957,-51.5975,226.0
Hydro,-22.7,-47.2833,19.0
Hydro,-15.9825,-55.0828,4.5
Hydro,-18.4519,-47.9859,1192.0
Biomass,-26.1852,-50.3597,4.0
Biomass,-24.9522,-50.1,5.0
Biomass,-4.2788,-42.9783,4.4
Biomass,-21.9943,-53.4155,3.2
Biomass,-17.0598,-46.1705,30.0
Hydro,-29.1203,-53.3678,17.87
Hydro,-29.1306,-53.3156,13.0
Hydro,-16.7,-54.76,24.435
Hydro,-19.1178,-50.6456,68.4
Biomass,-30.9735,-54.6353,1.2
Biomass,-21.5208,-49.8611,58.4
Biomass,-21.5208,-49.8611,80.0
Hydro,-28.5558,-52.5456,4.8
Hydro,-26.5531,-52.3272,1.0
Hydro,-27.7833,-51.3667,22.2
Hydro,-20.8333,-47.3,5.04
Hydro,-13.7786,-59.7889,2.4
Hydro,-11.4797,-60.7469,2.3
Hydro,-18.6758,-51.8656,32.01
Hydro,-22.35,-46.225,1.25
Biomass,-22.6533,-47.2014,46.4
Biomass,-6.2266,-35.198,17.0
Hydro,-6.5872,-47.4594,1087.0
Hydro,-20.1506,-47.2794,1048.0
Hydro,-21.9166,-42.2549,1.4
Hydro,-21.6031,-46.9492,108.8
Hydro,-24.474,-51.7922,1.0
Hydro,-20.1169,-43.8681,3.792
Hydro,-22.2042,-43.0931,4.8
Biomass,-22.3051,-51.2115,1.2
Hydro,-20.7942,-42.0,1.224
Hydro,-19.067,-42.8092,1.35
Hydro,-10.1622,-59.4578,30.0
Hydro,-26.7636,-52.2183,4.0
Hydro,-10.1648,-59.4466,2.788
Hydro,-17.968,-51.7613,16.5
Hydro,-22.6975,-46.8512,1.3
Hydro,-27.5594,-53.5767,9.2
Biomass,-21.8411,-47.3514,80.5
Hydro,0.852,-51.2,252.0
Biomass,-20.751,-51.678,163.2
Biomass,-21.111,-50.2236,4.4
Hydro,-15.3926,-58.6378,19.41
Biomass,-22.5136,-47.3723,5.0
Hydro,-26.8481,-51.8794,4.8
Hydro,-26.7877,-53.3942,16.5
Biomass,-3.1995,-47.5937,1.25
Biomass,0.0408,-51.1351,1.7
Hydro,-22.7031,-43.8814,130.3
Hydro,-27.6667,-51.7333,1.0
Hydro,-27.1417,-53.0397,855.0
Hydro,-21.0537,-41.72,4.5
Hydro,-20.7,-41.5167,29.0
Hydro,-23.9406,-47.1944,29.52
Hydro,-26.9564,-50.4889,2.2
Hydro,-27.5103,-53.4253,1.2
Biomass,-20.2996,-49.1965,2.6
Biomass,-20.0803,-48.8124,16.092
Hydro,-20.7022,-41.0894,8.736
Hydro,-24.0075,-47.2639,36.4
Hydro,-20.45,-43.2667,10.0
Hydro,-20.7492,-41.8761,4.5
Hydro,-25.7086,-51.9981,120.168
Hydro,-25.7086,-51.9981,2.475
Hydro,-22.5303,-44.5669,216.0
Hydro,-20.4967,-43.4722,3.6
Hydro,-19.0833,-42.85,22.5
Hydro,-21.1436,-45.0372,180.0
Hydro,-14.1833,-39.4667,30.0
Biomass,-22.7576,-47.4689,3.6
Biomass,-23.0459,-49.0334,30.0
Hydro,-20.6471,-46.3286,1216.0
Hydro,-29.3653,-54.5039,9.8
Hydro,-20.3667,-43.2033,6.0
Hydro,-20.1364,-43.8717,1.44
Hydro,-13.3934,-46.3906,12.06
Biomass,-22.7444,-47.1356,11.5
Hydro,-29.2501,-51.1676,1.5
Biomass,-10.6505,-51.4092,2.032
Hydro,-13.3906,-57.6242,29.3
Hydro,-27.6217,-50.9882,191.9
Biomass,-20.7659,-51.2492,78.0
Hydro,-21.85,-48.5167,4.8
Biomass,-20.5711,-50.3749,3.8
Biomass,-7.3481,-35.0174,30.0
Hydro,-8.6361,-35.2036,4.5
Hydro,-13.9969,-45.403,1.0
Hydro,-21.0358,-42.3317,11.36
Hydro,-16.0311,-55.3611,1.0
Hydro,-18.2167,-48.25,27.0
Biomass,-15.2112,-49.0874,7.3
Biomass,-18.0668,-49.6613,46.52
Hydro,-26.0833,-51.65,1676.0
Hydro,-24.0622,-50.7064,363.138
Hydro,-25.5431,-53.4981,1240.0
Hydro,-25.7833,-52.1333,1260.0
Hydro,-25.1386,-48.8738,260.0
Hydro,-14.793,-57.9672,27.4
Biomass,-22.2347,-48.4633,1.968
Hydro,-15.1239,-58.9647,124.2
Biomass,-20.8171,-48.8132,9.4
Biomass,-20.5032,-49.5514,38.0
Biomass,-20.4818,-49.5282,34.0
Hydro,-25.7148,-48.9745,36.0
Biomass,-20.1098,-49.7508,12.0
Hydro,-27.767,-53.56,1.76
Hydro,-21.4914,-43.4544,5.4
Biomass,-10.0817,-36.2231,14.312
Biomass,-10.1811,-57.4505,30.0
Biomass,-20.4184,-48.2114,55.0
Hydro,-19.7083,-42.96,140.04
Biomass,-4.8888,-47.3775,10.0
Hydro,-23.8753,-46.4486,889.0
Hydro,-29.5,-50.8333,1.44
Biomass,-21.7932,-49.0027,57.0
Biomass,-18.7921,-52.8859,64.0
Hydro,-27.0372,-49.5708,21.0
Hydro,-21.7592,-48.9906,131.49
Biomass,-21.0013,-48.2761,33.0
Biomass,-22.1616,-50.4744,6.52
Hydro,-19.9833,-47.75,210.0
Biomass,-23.3953,-52.0839,3.4
Hydro,-28.365,-54.3743,3.6
Hydro,-28.443,-54.2889,1.0
Hydro,-13.1975,-58.9839,20.16
Hydro,-20.3822,-51.3636,3444.0
Hydro,-20.8342,-41.1225,3.8
Hydro,-21.85,-42.5833,187.169
Hydro,-19.2008,-52.3542,12.5
Hydro,-19.2836,-52.3983,19.998
Hydro,-15.255,-58.7164,28.0
Biomass,-2.9039,-48.7272,2.7104
Biomass,-2.0315,-48.4021,1.64
Hydro,-19.5317,-42.1231,6.0
Biomass,-20.5265,-51.2345,40.0
Hydro,-13.3669,-57.6175,20.6
Biomass,-10.5586,-37.0292,8.0
Biomass,-23.0957,-49.5836,76.0
Biomass,-21.3441,-47.1555,4.2
Biomass,-21.8278,-47.741,3.025
Biomass,-8.3892,-35.0821,11.2
Biomass,-21.1004,-51.4821,25.0
Biomass,-22.5824,-47.5216,14.0
Biomass,-26.9293,-51.7905,9.8
Hydro,-16.7381,-42.5747,399.0
Hydro,-18.0833,-51.1667,30.0
Hydro,-10.7008,-47.7939,29.064
Biomass,-7.9058,-35.2847,47.0
Hydro,-24.6933,-51.5192,14.0
Hydro,-21.4167,-47.3333,3.88
Hydro,-25.4269,-54.5931,7000.0
Biomass,-21.4717,-46.7957,3.2
Biomass,-14.7542,-57.1856,37.5
Biomass,-19.8893,-49.6895,6.0
Hydro,-15.9403,-39.5206,456.0
Hydro,-23.7519,-46.1394,15.0
Hydro,-29.2607,-53.2359,500.4
Hydro,-17.0906,-54.8307,156.0
Hydro,-21.3,-43.2167,4.04
Biomass,-19.0114,-49.6619,56.0
Hydro,-18.4213,-49.116,2080.5
Biomass,-18.369,-49.2605,56.0
Hydro,-23.6125,-47.3969,56.17
Hydro,-21.2913,-44.6224,52.0
Hydro,-27.2767,-52.3822,1450.0
Hydro,-21.4,-43.0167,24.4
Hydro,-21.35,-42.9667,12.48
Hydro,-21.3,-42.9,24.4
Biomass,-21.5285,-48.3655,1.6
Biomass,-23.1575,-47.7737,3.8
Biomass,-8.2239,-35.2718,33.2
Biomass,-23.0895,-49.9321,4.6
Hydro,-22.425,-48.02,2.0
Biomass,-15.9222,-55.2163,2.8
Hydro,-29.0735,-53.209,180.0
Hydro,-20.0231,-47.4344,424.0
Hydro,-23.195,-46.0278,27.6
Hydro,-22.8167,-46.9,11.8
Biomass,-15.2071,-48.9758,50.0
Hydro,-9.9537,-63.0917,20.0
Biomass,-6.9869,-35.0143,28.8
Hydro,-28.9361,-51.4648,28.0
Biomass,-0.9196,-52.4258,55.0
Biomass,-17.6918,-51.6155,105.0
Hydro,-17.8933,-51.7233,30.0
Hydro,-15.2356,-58.7278,121.5
Hydro,-9.2664,-64.6478,3750.0
Hydro,-23.8133,-47.6731,1.55
Hydro,-28.2931,-53.8742,14.335
Biomass,-21.082,-49.912,19.0
Hydro,-21.5828,-46.7467,3.5
Hydro,-27.7178,-50.6569,18.99
Hydro,-20.12,-42.3939,22.02
Hydro,-21.8344,-46.0919,1.0
Biomass,-19.754,-40.3765,3.5
Hydro,-19.6397,-45.1092,1.548
Hydro,-14.7483,-58.0739,42.0
Hydro,-14.7561,-58.0231,42.0
Hydro,-8.006,-35.6969,1.0
Hydro,-20.3953,-40.5708,4.84
Hydro,-20.4705,-44.2464,3.4
Biomass,-10.5573,-37.0301,1.2
Biomass,-19.9841,-47.7887,7.2
Hydro,-20.7758,-51.6267,1551.2
Hydro,-23.2094,-49.23,100.956
Hydro,-23.9622,-47.39,7.2
Hydro,-11.3033,-59.2236,2.648
Biomass,-28.6338,-49.2327,1.2
Biomass,-24.2436,-50.7414,330.0
Biomass,-27.5585,-50.303,37.882
Biomass,-20.0709,-45.5429,85.0
Biomass,-22.1575,-47.2496,39.6
Biomass,-21.5139,-54.7018,90.0
Hydro,-9.8394,-48.2919,1.776
Biomass,-17.2536,-47.6785,2.0
Hydro,-17.2799,-47.5251,3.992
Hydro,-12.1525,-46.8177,25.6
Hydro,-19.0572,-52.5308,8.838
Hydro,-26.5439,-52.3694,1.0
Hydro,-6.7819,-48.1508,2.07
Hydro,-27.1456,-52.8392,1.0008
Biomass,-10.0085,-67.7578,1.5
Biomass,-7.6571,-35.3309,4.825
Hydro,-22.5667,-44.8631,30.0
Hydro,-22.5167,-48.65,1.68
Hydro,-21.0142,-42.461,1.26
Hydro,-22.5781,-46.4194,1.25
Hydro,-21.6253,-47.0094,32.0
Hydro,-28.9333,-51.7667,19.5
Hydro,-27.4275,-53.5408,1.0
Hydro,-22.1615,-47.9011,2.0
Biomass,-23.5243,-48.9287,3.88
Biomass,-23.6461,-46.6386,4.0
Biomass,-21.5649,-50.9594,15.7
Hydro,-26.5778,-52.4961,30.0
Hydro,-22.3688,-45.3516,1.62
Hydro,-8.6514,-35.2175,5.751
Hydro,-9.144,-38.3134,1479.6
Hydro,-22.7169,-47.6517,2.88
Hydro,-9.7572,-48.3714,902.5
Biomass,-22.6721,-48.8156,4.0
Biomass,-22.5402,-48.7994,38.0
Hydro,-14.4178,-59.5236,2.5
Biomass,-20.7787,-48.1919,16.4
Hydro,-22.125,-41.8333,21.0
Hydro,-22.7906,-46.8972,2.363
Hydro,-27.5278,-51.7903,1140.0
Hydro,-15.5225,-41.5111,1.72
Hydro,-19.6428,-43.6911,2.88
Biomass,-26.7717,-51.0044,3.2
Hydro,-27.0367,-49.575,4.0
Hydro,-18.6806,-48.4908,19.0
Hydro,-14.6828,-46.2961,12.0
Biomass,-18.3495,-49.4084,5.0
Biomass,-20.479,-48.4015,90.0
Hydro,-14.8744,-55.7858,210.9
Biomass,-21.3488,-55.4292,7.4
Hydro,-14.3389,-57.6192,10.5
Biomass,-22.5711,-50.6442,46.82
Hydro,-21.9897,-42.2972,1.0
Hydro,-27.57,-53.7858,16.55
Hydro,-20.2878,-47.0661,492.1
Hydro,-20.3011,-49.1967,1440.0
Hydro,-27.2072,-51.5117,1.71
Biomass,-10.1446,-36.5339,20.5
Biomass,-9.464,-59.6949,2.0
Hydro,-12.8217,-60.2958,1.84
Hydro,-19.5005,-40.9185,189.0
Hydro,-28.0978,-53.0142,2.88
Hydro,-16.2,-47.1667,24.0
Hydro,-24.6,-53.2333,1.0
Hydro,-22.0392,-43.7683,9.54
Biomass,-20.4503,-50.1965,60.0
Hydro,-15.9781,-55.3594,2.0
Biomass,-26.253,-51.0903,16.0
Hydro,-20.865,-42.355,1.26
Hydro,-18.9122,-48.0414,408.0
Hydro,-13.5542,-59.9353,1.94
Biomass,-6.9447,-35.1299,11.7
Biomass,-20.2312,-49.3503,89.0
Hydro,-22.3669,-46.9,7.2
Biomass,-20.4724,-47.8749,4.0
Hydro,-24.4181,-54.0271,3.7
Hydro,-27.7539,-51.3122,13.7
Hydro,-27.3456,-52.7311,74.0
Hydro,-20.775,-46.725,7.36
Hydro,-11.9319,-62.1828,4.8
Hydro,-29.0303,-51.5206,130.0
Hydro,-22.0197,-43.3022,25.0
Biomass,-21.2063,-49.7316,3.5
Biomass,-22.2916,-55.0938,20.0
Biomass,-20.8512,-50.0799,20.0
Biomass,-21.4779,-47.7607,5.52
Hydro,-30.3176,-51.8654,2.25
Hydro,-16.3419,-51.4375,30.0
Hydro,-17.5833,-40.9833,19.1
Biomass,-22.6597,-50.2072,1.52
Biomass,-21.194,-51.2062,4.65
Hydro,-20.4667,-41.4667,25.0
Biomass,-21.9143,-47.498,2.18
Biomass,-22.3462,-47.3239,18.0
Biomass,-16.9647,-50.4381,33.0
Biomass,-21.1815,-48.6447,54.0
Biomass,-16.354,-46.8965,1.0
Hydro,-22.6833,-43.8739,378.42
Hydro,-22.5,-45.3333,10.0
Biomass,-20.581,-49.9424,30.0
Biomass,-20.4503,-50.197,30.0
Biomass,-22.92,-45.4525,3.2
Hydro,-14.8633,-53.29,1.0
Biomass,-20.581,-49.9424,60.0
Biomass,-10.189,-59.4345,1.275
Hydro,-18.1428,-48.27,21.0
Hydro,-21.1189,-50.2011,347.4
Hydro,-28.0411,-49.13,4.1
Biomass,-17.2743,-50.1395,6.2
Hydro,-21.4667,-42.85,29.232
Biomass,-20.8238,-49.7558,15.504
Hydro,-13.5903,-56.2171,14.0
Hydro,-19.1331,-47.6936,510.0
Biomass,-21.9082,-48.1044,3.6
Hydro,-13.9848,-57.067,2.99999
Hydro,-25.0114,-48.6222,23.0
Hydro,-20.7667,-44.6833,2.88
Hydro,-15.1,-58.7333,26.0
Hydro,-9.0004,-36.1129,1.25
Hydro,-21.0897,-42.3425,22.7
Hydro,-23.0684,-49.8381,44.4
Hydro,-27.6367,-51.49,16.0
Biomass,-19.9962,-50.3726,12.0
Biomass,-17.1692,-46.8747,1.2
Biomass,-31.7455,-52.4246,5.8
Hydro,-26.5845,-52.1836,2.0
Hydro,-21.7481,-46.5756,7.8
Hydro,-22.1844,-44.2669,1.92
Hydro,-19.5,-47.5167,23.0
Hydro,-24.8919,-49.5936,1.2
Biomass,-20.9508,-40.9427,3.2
Hydro,-18.5992,-41.8478,20.0
Hydro,-28.9039,-50.8119,24.165
Hydro,-27.5979,-49.74,1.84
Hydro,-26.6667,-49.3333,24.602
Hydro,-20.548,-47.8136,16.5
Hydro,-14.8301,-57.9116,27.99
Hydro,-15.5031,-44.7558,4.2
Biomass,-23.4957,-49.0289,3.7
Biomass,-15.9213,-55.215,5.0
Hydro,-22.6833,-43.7667,25.0
Hydro,-23.41,-45.6006,87.02
Biomass,-22.5463,-51.8189,60.0
Hydro,-23.1869,-49.3839,31.5
Hydro,-13.8517,-53.2558,29.02
Hydro,-19.0,-53.0,21.6
Hydro,-18.6381,-43.9647,4.28
Hydro,-21.9042,-46.2681,1.25
Hydro,-26.4458,-50.9878,10.0
Hydro,-13.0742,-58.9754,15.4
Biomass,-21.724,-54.4916,73.8
Hydro,-26.7546,-52.3838,4.0
Hydro,-27.55,-52.7333,226.0
Hydro,-29.0167,-53.1833,158.0
Hydro,-28.1394,-55.0478,77.0
Hydro,-28.2825,-53.8097,3.2
Hydro,-29.2833,-50.75,1.332
Hydro,-28.8,-50.6,30.0
Biomass,-20.5444,-46.6461,14.09
Biomass,-22.7681,-50.1118,4.16
Hydro,-8.5922,-35.3914,1.224
Biomass,-21.2789,-51.7723,33.75
Hydro,-9.3984,-38.2026,180.001
Hydro,-9.3984,-38.2026,443.0
Hydro,-9.3984,-38.2026,794.2
Hydro,-9.4132,-38.2106,2462.4
Hydro,-20.24,-42.91,1.0
Biomass,-10.288,-36.4903,4.8
Biomass,-22.9696,-47.7851,2.4
Hydro,-13.8688,-40.2351,20.007
Hydro,-8.5164,-35.4839,6.5
Hydro,-12.5852,-38.9986,162.0
Hydro,-21.1986,-41.3764,19.0
Hydro,-24.7875,-51.43,16.04
Hydro,-21.75,-46.6,8.86
Biomass,-9.1941,-48.1335,80.0
Hydro,-22.6083,-46.4417,1.0
Hydro,-12.2391,-48.3824,498.75
Hydro,-16.0033,-55.1153,6.0
Hydro,-22.6864,-43.8253,99.11
Biomass,-23.9052,-53.463,2.4
Hydro,-27.4578,-50.6406,30.0
Hydro,-24.1328,-49.6358,12.44
Hydro,-19.8814,-43.3678,9.4
Biomass,-7.9058,-35.2847,36.5
Hydro,-22.4756,-43.1544,1.0
Hydro,-28.7912,-50.5643,19.0
Hydro,-22.2022,-43.1553,9.0
Hydro,-21.8849,-43.5408,50.0
Hydro,-29.5833,-51.1278,1.4014
Hydro,-18.6889,-49.0089,21.69
Hydro,-23.8359,-47.6565,1.3
Biomass,-10.1561,-36.3391,4.0
Hydro,-22.2833,-46.7833,6.8
Hydro,-26.2439,-52.4381,1.279
Biomass,-20.7255,-50.9526,42.0
Biomass,-20.7263,-50.9525,35.0
Hydro,-19.75,-41.7667,20.0
Hydro,-22.7083,-47.6333,1.12
Hydro,-23.1544,-49.38,81.0
Hydro,-16.5833,-51.8167,18.05
Biomass,-8.224,-35.272,25.0
Hydro,-21.0172,-42.4408,1.26
Hydro,-21.1208,-41.72,20.0
Hydro,-23.383,-46.983,25.024
Biomass,-24.522,-49.9395,9.0
Hydro,-19.08,-42.685,1.25
Hydro,-0.8664,-59.6047,24.96
Hydro,-27.5801,-51.3543,4.0
Biomass,-26.424,-51.3065,2.0
Hydro,-18.7833,-52.3833,17.0
Hydro,-26.9578,-52.3404,16.0
Biomass,-19.4299,-44.325,5.0
Hydro,-18.7414,-52.2867,13.774
Hydro,-19.4103,-54.4931,13.0
Hydro,-17.6103,-54.8269,176.1
Biomass,-8.9378,-35.7506,2.4
Hydro,-20.1242,-48.5719,319.2
Hydro,-19.1167,-42.6592,112.0
Hydro,-11.8142,-46.7831,30.0
Hydro,-23.2092,-47.2964,24.8
Hydro,-22.478,-52.9561,1540.0
Hydro,-24.0625,-47.4158,28.4
Hydro,-19.4736,-52.5397,28.03
Biomass,-18.4581,-52.5995,160.0
Biomass,-21.0999,-49.3177,40.2
Hydro,-15.8356,-54.4083,1.2
Hydro,-21.7906,-46.1244,9.16
Hydro,-26.7625,-53.6656,3.0
Hydro,-13.9972,-45.403,1.76
Hydro,-13.3336,-44.6328,8.0
Hydro,-15.3819,-54.4197,8.12
Hydro,-11.9044,-61.2353,24.743
Biomass,-15.0948,-54.2107,8.0
Hydro,-21.2961,-49.7831,264.0
Biomass,-8.5579,-35.535,8.04
Hydro,-26.65,-52.5333,121.5
Hydro,-16.2089,-47.3217,105.45
Hydro,-18.7342,-51.7952,30.0
Hydro,-22.55,-44.8,30.0
Biomass,-18.4252,-50.4417,80.0
Hydro,-27.0922,-50.722,2.836
Hydro,-28.3118,-53.895,5.982
Biomass,-22.9974,-47.5202,50.0
Hydro,-23.38,-47.0322,22.0
Hydro,-29.0619,-52.2181,7.02
Biomass,-20.0045,-44.5879,3.0
Hydro,-22.5333,-45.3333,3.34
Hydro,-20.4363,-47.8882,16.0
Hydro,-18.8944,-44.7817,83.657
Hydro,-18.8197,-52.1775,18.0
Hydro,-11.9505,-46.7555,9.3
Hydro,-14.3128,-46.2153,13.4
Biomass,-8.5357,-35.3865,6.4
Biomass,-12.7276,-60.1283,2.288
Biomass,-24.9565,-50.111,5.0
Hydro,-12.4533,-45.1917,3.0
Biomass,-26.102,-50.3125,32.5
Hydro,-11.9058,-62.1814,7.14
Hydro,-28.1217,-49.1356,6.85
Hydro,-26.6547,-52.9433,1.18
Hydro,-26.7989,-51.9503,1.2
Biomass,-23.0578,-49.1169,60.0
Hydro,-19.8464,-43.1228,9.0
Hydro,-13.6533,-59.8878,2.135
Hydro,-15.0625,-53.9433,1.0
Hydro,-29.0358,-51.0939,2.2
Hydro,-27.1231,-52.7658,2.08
Hydro,-26.4936,-50.7864,5.5
Biomass,-21.4874,-51.3604,40.0
Biomass,-21.3524,-51.3564,40.0
Hydro,-20.2139,-43.7317,9.28
Hydro,-21.6267,-46.7906,18.06
Hydro,-28.005,-48.8794,1.0
Hydro,-14.6116,-57.7408,5.67
Hydro,-25.1755,-50.9403,1.72
Hydro,-27.2811,-52.7948,8.0
Biomass,-22.5945,-47.3542,53.48
Hydro,-20.2061,-42.8553,140.0
Hydro,-27.1106,-52.4806,14.68
Biomass,-26.976,-49.9905,3.5
Hydro,-26.6825,-52.045,9.6
Hydro,-12.9036,-58.9128,13.0
Hydro,-11.9975,-60.6972,73.5
Hydro,-16.6694,-54.7358,26.6
Biomass,-23.2392,-47.6141,1.28
Hydro,-20.9167,-41.7,55.0
Hydro,-22.6,-52.8694,354.0
Biomass,-21.0409,-48.7108,28.0
Hydro,-16.4811,-51.417,16.0
Biomass,-29.783,-55.792,4.9
Biomass,-23.6903,-52.1983,4.365
Hydro,-13.0194,-58.1864,30.0
Biomass,-21.4274,-54.3595,4.64
Hydro,-11.9858,-62.1772,5.28
Hydro,-23.5633,-45.8364,1.0
Biomass,-8.4215,-35.0052,3.6
Biomass,-9.549,-35.8575,9.9
Hydro,-18.8083,-51.1694,116.0
Hydro,-15.2881,-58.7106,19.0
Hydro,-20.4942,-43.4506,4.24
Hydro,-10.3376,-56.9821,45.0
Hydro,-22.985,-51.823,4.2
Hydro,-14.8672,-53.2975,4.0
Hydro,-8.7748,-54.9504,10.0
Hydro,-14.4467,-59.4856,27.0
Hydro,-25.5328,-51.8156,37.042
Hydro,-8.7735,-54.9572,30.0
Hydro,-26.7572,-49.4556,1.88
Hydro,-26.7567,-49.4461,2.89
Hydro,-26.3669,-52.0072,2.23
Hydro,-29.0836,-52.2082,6.124
Hydro,-22.9833,-46.8333,4.55
Hydro,-19.1156,-42.7186,102.0
Hydro,-22.9042,-50.0003,73.8
Hydro,-27.1044,-51.2861,20.0
Hydro,-18.9492,-49.3831,2.394
Hydro,-24.0722,-52.2917,15.16
Hydro,-25.5333,-53.0333,1078.0
Hydro,-27.1167,-49.5,191.89
Hydro,-25.1667,-50.9403,2.4
Hydro,-25.65,-52.6167,1420.0
Hydro,-25.6625,-51.9656,3.65
Hydro,-8.7464,-55.0325,20.0
Hydro,-26.7833,-52.5,8.2
Hydro,-26.6667,-53.6639,6.7
Hydro,-24.0997,-47.7203,36.87
Hydro,-26.2425,-51.2758,1.19
Hydro,-20.5067,-43.9861,2.46
Hydro,-26.75,-52.4167,1.8
Hydro,-19.1456,-50.7672,93.0
Hydro,-8.7516,-63.4544,216.75
Biomass,-21.3372,-48.293,42.0
Hydro,-23.244,-47.7685,1.0
Hydro,-27.4983,-49.0353,6.304
Hydro,-23.3756,-45.8761,56.05
Hydro,-20.8061,-42.3636,1.1
Hydro,-28.6151,-51.4034,10.5
Hydro,-15.9822,-55.3756,1.75
Hydro,-17.8508,-40.3106,60.0
Hydro,-25.6478,-51.9536,120.168
Hydro,-25.6478,-51.9536,3.6
Hydro,-25.1494,-49.4217,1.4
Hydro,-12.2117,-45.4681,3.97
Biomass,-21.7545,-48.0793,86.4
Hydro,-10.2303,-63.2336,17.01
Biomass,-22.1016,-48.4722,29.0
Biomass,-22.1054,-48.529,55.0
Hydro,-14.3556,-46.1928,13.0
Hydro,-14.3717,-46.2914,11.6
Biomass,-21.1057,-48.068,58.0
Biomass,-21.119,-47.9995,4.0
Biomass,-21.8145,-48.6043,6.4
Hydro,-22.0231,-43.1628,30.0
Hydro,-17.5375,-54.4333,24.0
Hydro,-17.7561,-44.4725,5.335
Biomass,-21.9955,-53.4217,10.0
Biomass,-22.7968,-47.653,4.8
Biomass,-17.8185,-50.5298,4.4
Biomass,-22.8093,-50.0674,1.2
Biomass,-21.0821,-48.0248,2.6
Biomass,-21.5065,-49.2004,46.0
Hydro,-20.4183,-54.4197,1.0
Biomass,-19.3023,-47.464,88.0
Hydro,-26.7666,-52.3178,15.0
Hydro,-26.6119,-52.5297,28.5
Hydro,-12.3453,-61.7697,3.0
Biomass,-21.4315,-54.3718,130.0
Biomass,-22.3313,-47.3959,4.4
Hydro,-13.5436,-59.0303,5.0
Hydro,-13.5517,-59.0367,7.6
Hydro,-26.7522,-49.4189,3.47
Biomass,-25.443,-51.6453,6.4
Biomass,-9.0065,-35.4213,4.6
Biomass,-22.5406,-48.8003,3.04
Hydro,-27.897,-50.2862,6.5
Biomass,-23.2343,-47.6035,2.76
Hydro,-27.7298,-54.4082,1.4
Hydro,-22.0991,-42.2669,30.0
Biomass,-7.5485,-35.0251,20.2
Hydro,-22.3128,-46.1986,1.0
Biomass,-23.748,-52.8733,50.5
Biomass,-23.4091,-53.358,9.0
Biomass,-22.8724,-52.1736,46.0
Biomass,-18.7709,-50.224,41.4
Hydro,-22.0667,-48.0667,4.32
Hydro,-14.3911,-56.8289,14.758
Hydro,-8.8011,-63.9497,3568.0
Hydro,-27.7017,-54.4194,4.5
Biomass,-22.7223,-47.7745,1.16
Biomass,-21.1163,-47.9514,23.0
Hydro,-22.1358,-42.3483,8.0
Hydro,-16.4433,-51.3914,30.0
Hydro,-0.65,-52.5167,373.4
Hydro,-13.2656,-59.0194,16.0
Hydro,-26.5425,-53.565,1.0
Hydro,-13.2295,-59.0317,26.118
Biomass,-18.6793,-48.1485,11.4
Hydro,-16.1167,-55.3667,6.3
Biomass,-9.9092,-36.3241,9.5
Hydro,-22.5169,-43.6922,1.0
Biomass,-8.9799,-36.0533,17.2
Hydro,-13.835,-48.3011,1275.0
Hydro,-18.3609,-43.9579,30.0
Hydro,-18.0667,-47.6667,212.58
Hydro,-28.7931,-50.7046,25.0
Hydro,-28.79,-50.7444,29.0
Biomass,-18.1933,-51.912,8.6
Hydro,-24.1519,-47.5481,24.0
Hydro,-16.305,-55.0561,22.0
Biomass,-24.1866,-48.9634,2.708
Biomass,-19.462,-44.2375,2.4
Biomass,-20.0188,-44.9454,5.0
Biomass,-4.8843,-47.3764,8.0
Hydro,-21.9211,-42.7903,305.7
Biomass,-9.8811,-36.1507,18.0
Biomass,-22.6737,-49.4107,3.864
Hydro,-9.4314,-40.8278,1050.3
Hydro,-12.5292,-46.2689,4.82
Hydro,-21.94,-43.37,60.0
Hydro,-22.6,-46.5,1.0
Hydro,-22.65,-45.3,1.012
Biomass,-17.6183,-54.764,10.0
Hydro,-15.9919,-55.0872,4.5
Biomass,-9.6678,-35.8187,4.0
Biomass,-5.3358,-47.5658,254.84
Biomass,-18.0363,-39.9122,214.08
Hydro,-20.0832,-40.5766,34.515
Biomass,-12.9937,-45.5083,30.0
Hydro,-19.6466,-42.8499,78.0
Hydro,-22.5608,-45.5386,6.82
Hydro,-27.7367,-51.3128,15.0
Biomass,-28.671,-55.9147,12.5
Hydro,-13.4072,-46.3436,14.336
Biomass,-21.0943,-49.011,12.0
Hydro,-20.0833,-53.1747,48.0
Hydro,-16.2875,-52.7231,2.4
Hydro,-13.4122,-46.3692,24.3
Biomass,-23.0252,-47.4389,4.2
Biomass,-21.1235,-48.0094,25.2
Hydro,-24.7331,-53.8928,14.0
Hydro,-19.8167,-43.25,11.0
Hydro,-20.5833,-47.7833,8.05
Hydro,-21.8756,-46.8864,3.0
Hydro,-20.6131,-40.7878,21.0
Hydro,-26.7094,-53.3922,8.7
Hydro,-25.0256,-50.0511,2.3
Biomass,-22.8204,-47.5776,4.8
Hydro,-21.9381,-46.8158,4.0
Hydro,-28.18,-54.825,51.0
Biomass,-22.4835,-48.771,84.805
Biomass,-20.6709,-48.5358,83.0
Biomass,-21.4816,-49.1777,42.5
Biomass,-10.7647,-37.2045,17.5
Hydro,-20.8058,-46.8069,3.2
Hydro,-20.5081,-41.2808,25.0
Biomass,-21.9235,-46.9153,70.0
Biomass,-15.1957,-43.8748,56.0
Hydro,-16.2167,-54.9333,29.1
Biomass,-21.881,-47.2962,70.4
Biomass,-22.6663,-48.5334,14.8
Biomass,-21.3107,-48.1135,73.0
Biomass,-21.3174,-48.1099,39.5
Hydro,-28.1356,-49.1219,2.5
Hydro,-28.7666,-51.8333,16.0
Hydro,-23.2744,-47.2392,1.5
Hydro,-20.325,-40.6347,30.0
Hydro,-12.8098,-48.2393,243.2
Hydro,-27.3197,-49.0367,3.699
Hydro,-27.3897,-49.0178,9.9
Hydro,-21.935,-42.0885,13.2
Hydro,-20.6167,-41.4833,27.42
Biomass,-18.9909,-50.5386,4.2
Hydro,-19.0181,-50.4992,1710.0
Hydro,-15.7533,-55.5458,18.0
Biomass,-23.5384,-52.6406,4.0
Hydro,-27.3233,-49.0267,2.448
Hydro,-21.7433,-47.4189,1.45
Hydro,-12.4167,-45.1167,25.0
Biomass,-23.0832,-49.1589,1.2
Biomass,-7.5052,-34.8669,8.4
Hydro,-12.4703,-46.4467,1.75
Hydro,-27.44,-53.5614,8.806
Hydro,-16.5352,-51.4803,29.328
Biomass,-10.6006,-37.0517,8.0
Hydro,-22.5419,-52.0,525.0
Biomass,-22.7813,-50.5411,24.0
Hydro,-12.8486,-58.9261,30.0
Hydro,-9.341,-56.7774,1819.8
Biomass,-23.2646,-52.4797,8.2
Biomass,-26.25,-49.5085,3.0
Biomass,-27.1166,-51.2233,4.7
Hydro,-26.0494,-52.1767,9.0
Hydro,-29.2667,-50.75,1.0
Hydro,-27.5453,-53.8053,11.8403
Hydro,-20.9167,-42.0167,2.88
Biomass,-20.0816,-46.0347,25.0
Biomass,-1.452,-48.4945,1.5
Biomass,-8.5773,-35.1175,26.0
Biomass,-9.6227,-36.1895,14.0
Biomass,-18.872,-49.2524,15.0
Biomass,-27.0335,-50.8626,4.87
Biomass,-17.761,-50.1541,80.0
Biomass,-17.6819,-50.1031,32.0
Hydro,-25.4644,-51.663,1.268
Hydro,-20.6686,-51.3,811.45
Hydro,-18.215,-45.2592,396.0
Hydro,-3.8322,-49.6522,8535.0
Hydro,-21.9253,-41.9569,2.4
Hydro,-20.18,-42.3642,15.93
Biomass,-22.8585,-51.3775,42.0
Biomass,-19.391,-47.8043,12.0
Biomass,-8.7608,-35.3058,3.0
Hydro,-16.1833,-47.0333,26.0
Biomass,-21.4551,-50.7842,3.6
Biomass,-17.804,-53.2695,72.7
Biomass,-18.5557,-53.1268,79.828
Biomass,-17.7246,-53.0219,72.7
Biomass,-17.5202,-52.0396,79.828
Biomass,-17.2901,-53.2675,34.0
Biomass,-21.322,-50.9411,45.0
Biomass,-8.3456,-35.3386,10.0
Biomass,-8.3233,-35.3473,4.6
Biomass,-26.4773,-49.1505,3.0
Biomass,-11.9377,-55.5019,1.2
Biomass,-30.332,-54.3105,2.22
Biomass,-9.4779,-35.9492,10.0
Biomass,-23.3686,-52.8955,48.6
Biomass,-21.4453,-51.4256,3.0
Biomass,-22.7831,-52.704,16.5
Biomass,-19.464,-42.5275,18.81
Biomass,-21.1413,-48.718,3.8
Biomass,-21.4138,-48.2786,111.0
Biomass,-19.7096,-50.3347,20.0
Biomass,-22.4585,-53.2894,2.4
Biomass,-21.3806,-46.2367,18.5
Biomass,-22.9332,-49.7594,16.0
Biomass,-20.5981,-49.19,4.4
Biomass,-21.172,-47.6189,35.0
Biomass,-22.0095,-47.9926,15.0
Biomass,-19.683,-44.89,4.997
Biomass,-23.874,-51.8365,18.4
Biomass,-23.9886,-51.8386,3.6
Biomass,-18.7002,-49.6764,5.0
Biomass,-20.6158,-48.0004,97.0
Biomass,-19.0657,-50.3626,55.0
Biomass,-19.3468,-48.2325,45.0
Biomass,-19.3468,-48.2322,40.0
Biomass,-17.9662,-50.3068,23.4
Biomass,-20.1454,-44.9056,2.0
Hydro,-20.0431,-41.7478,9.0
Biomass,-16.374,-39.5705,117.045
Biomass,-20.4015,-48.9911,53.0
Biomass,-19.5985,-48.3314,5.0
Biomass,-20.1745,-53.7836,3.5
Biomass,-19.2211,-57.6195,10.0
Biomass,-22.4752,-54.4072,2.0
Hydro,-26.7086,-51.9197,25.0
Biomass,-4.8949,-47.3872,7.2
Biomass,-20.9346,-48.2406,20.0
Biomass,-20.9061,-51.5346,50.0
Biomass,-21.0821,-49.9125,5.0
Biomass,-22.4081,-46.7958,5.8
Biomass,-20.9335,-48.2435,30.0
Biomass,-23.4891,-48.1247,60.0
Biomass,-21.7301,-55.5022,60.0
Biomass,-21.5457,-55.3871,30.0
Hydro,-25.9833,-52.7833,5.28
Biomass,-8.6778,-35.5869,4.225
Hydro,-20.3983,-41.2644,4.5
Hydro,-28.09,-48.9394,3.13
Hydro,-20.0289,-48.2208,380.0
Hydro,-19.9861,-41.7169,7.5
Biomass,-18.2113,-45.9812,48.0
Hydro,-21.7472,-46.6028,15.782
Hydro,-26.4464,-53.405,1.4
Hydro,-27.7904,-51.001,1.0
Hydro,-27.0264,-52.3753,6.075
Hydro,-22.1911,-42.5264,6.0
Hydro,-21.9189,-45.4781,1.808
Hydro,-9.6209,-37.7924,3162.0
Biomass,-21.8553,-48.175,16.0
Hydro,-21.315,-42.9446,8.0
Hydro,-24.5125,-51.774,1.0
Hydro,-26.0044,-51.092,1.0
Biomass,-22.7371,-50.5881,17.0
Biomass,-20.7441,-49.7095,2.76
Hydro,-11.6922,-46.705,14.0
Hydro,-26.0089,-51.057,1.0
Hydro,-19.8511,-50.3456,1396.2
Hydro,-11.93,-62.1008,3.6
Hydro,-27.1382,-52.7004,2.9
Hydro,41.5839,26.1075,114.0
Hydro,41.6334,25.3381,110.0
Hydro,42.232,23.9494,120.0
Hydro,42.0132,24.2574,135.0
Hydro,42.1996,23.8586,375.0
Hydro,42.1603,23.8612,864.0
Hydro,42.2083,23.9158,240.0
Hydro,11.475,-0.546,16.0
Hydro,11.07,0.7,14.0
Hydro,-2.89,29.12,20.0
Hydro,-3.0833,29.3944,10.4
Hydro,-2.9319,29.5194,19.17
Biomass,11.5123,104.7165,2.0
Hydro,10.7041,104.1175,193.0
Hydro,11.2377,104.0343,12.0
Hydro,11.7818,103.0854,338.0
Hydro,12.0752,103.1899,120.0
Hydro,11.6346,103.2612,246.0
Hydro,3.8127,10.1278,154.2
Hydro,9.0594,13.6882,80.0
Hydro,4.078,10.4649,396.0
Hydro,49.4933,-115.3624,24.0
Hydro,49.8822,-81.567,349.0
Hydro,45.4052,-71.8932,2.1
Hydro,48.6581,-71.1708,7.0
Hydro,48.7867,-87.161,45.0
Hydro,61.0351,-137.0509,37.0
Hydro,50.8227,-118.0295,10.0
Biomass,54.921,-112.8622,125.0
Hydro,49.1355,-88.358,69.0
Hydro,45.2258,-76.1981,5.0
Hydro,47.2386,-84.6461,47.0
Biomass,49.1668,-122.9497,3.2
Hydro,45.1829,-76.1267,1.4
Biomass,50.3922,-119.2259,20.0
Hydro,45.4187,-76.347,82.0
Hydro,49.343,-117.7688,185.0
Hydro,49.3734,-125.1506,28.0
Hydro,49.9143,-123.325,49.9
Biomass,47.9927,-66.7225,21.0
Biomass,48.8381,-91.5708,215.0
Hydro,46.9095,-83.2129,162.0
Hydro,44.3235,-78.314,2.0
Hydro,44.8815,-64.2173,4.6
Hydro,44.8732,-64.2288,3.5
Hydro,45.6367,-74.3605,4.8
Hydro,45.6436,-74.3539,1.0
Hydro,49.9278,-126.7602,4.4
Hydro,45.4791,-71.9532,10.6
Hydro,45.2499,-76.759,176.0
Hydro,51.0342,-115.0409,13.0
Hydro,44.1685,-77.5881,5.0
Hydro,47.9901,-55.7997,604.0
Biomass,43.8233,-79.1639,5.0
Hydro,51.1012,-114.2823,17.0
Hydro,45.3141,-73.9088,1877.0
Hydro,47.5561,-72.8362,270.0
Biomass,49.2105,-84.6673,15.0
Hydro,46.5428,-67.6687,112.0
Hydro,45.146,-71.8078,1.6
Hydro,48.4417,-71.7389,1.0
Hydro,47.5739,-78.5576,2.2
Hydro,49.315,-113.5743,3.0
Biomass,44.2271,-78.2873,1.6
Hydro,49.2947,-69.5514,1178.0
Hydro,49.1754,-69.2263,869.0
Hydro,49.2998,-82.5273,5.5
Hydro,44.8843,-79.6761,10.0
Hydro,45.0206,-79.753,8.0
Hydro,46.3839,-81.5781,27.6
Hydro,44.138,-64.9353,10.6
Hydro,49.693,-121.8591,40.6
Hydro,52.3081,-116.3245,120.0
Hydro,46.0761,-79.3968,1.0
Hydro,46.7489,-71.7104,4.8
Hydro,49.0154,-55.4722,14.4
Hydro,62.6718,-114.2615,7.5
Hydro,52.2553,-119.1808,19.0
Hydro,49.4582,-117.4854,16.2
Hydro,49.8113,-121.4585,9.0
Hydro,50.635,-123.405,25.3
Hydro,49.6006,-123.4267,15.0
Hydro,45.0388,-79.3086,1.9
Biomass,43.697,-79.6825,15.1
Hydro,50.0579,-123.1312,8.0
Hydro,49.9783,-123.1417,8.0
Hydro,52.9101,-115.3754,355.0
Hydro,50.7299,-122.24,180.0
Hydro,50.7231,-122.2434,298.0
Hydro,49.3249,-117.6207,140.0
Hydro,49.3231,-117.6198,120.0
Hydro,54.4491,-70.5121,469.0
Biomass,43.6067,-79.6972,5.5
Biomass,45.4807,-71.9524,26.0
Biomass,44.0515,-64.6956,30.0
Hydro,54.0273,-129.8437,7.2
Hydro,45.6611,-76.6318,56.0
Hydro,48.822,-56.8314,1.8
Hydro,45.5895,-75.4223,11.2
Hydro,45.6198,-79.4118,1.1
Biomass,49.0977,-123.0159,8.0
Biomass,47.2847,-79.3356,7.0
Hydro,48.4403,-71.2467,18.4
Biomass,50.7873,-121.3197,5.0
Hydro,45.3047,-76.7087,5.0
Hydro,48.7937,-92.154,8.8
Biomass,49.7456,-84.0736,38.0
Hydro,46.2822,-82.1493,4.2
Hydro,49.1536,-88.3457,92.0
Hydro,49.2964,-82.5373,5.5
Hydro,44.3351,-77.7725,2.0
Hydro,49.1769,-125.3956,6.0
Hydro,47.0959,-52.9372,6.3
Biomass,52.997,-122.4853,61.0
Hydro,50.2625,-94.9744,91.0
Hydro,45.5687,-74.383,753.0
Hydro,49.1458,-82.0308,20.0
Hydro,51.2002,-115.5021,36.0
Hydro,45.3504,-80.0267,1.2
Hydro,53.1092,-120.1942,6.0
Hydro,50.0258,-56.765,127.0
Biomass,48.8757,-123.65,38.0
Biomass,49.2474,-124.8112,17.0
Biomass,49.1184,-123.8964,1.4
Hydro,47.072,-70.877,23.2
Hydro,46.4235,-72.9684,7.9
Hydro,48.4334,-72.1672,16.0
Hydro,50.3135,-64.9098,25.0
Biomass,49.7709,-74.8568,28.0
Biomass,47.8431,-83.428,7.2
Hydro,59.6123,-109.1129,10.0
Hydro,45.4752,-76.2382,192.0
Hydro,45.4191,-75.7139,8.4
Hydro,45.4204,-75.7149,9.3
Hydro,49.9337,-123.291,158.0
Hydro,45.5125,-75.7775,152.0
Hydro,45.5838,-76.6738,144.0
Biomass,55.7235,-121.565,12.0
Hydro,46.3126,-83.0655,1.7
Hydro,48.4262,-71.0763,8.2
Hydro,49.6756,-112.3446,11.0
Hydro,49.1856,-124.7395,6.5
Hydro,53.5294,-63.9651,5428.0
Hydro,47.84,-80.4486,3.0
Hydro,48.3864,-71.1289,5.3
Hydro,47.8929,-73.7183,62.0
Hydro,45.774,-74.6844,10.0
Hydro,48.8425,-72.0661,1.4
Hydro,45.1463,-72.0186,1.6
Hydro,45.8632,-72.4502,29.0
Hydro,48.6511,-71.2034,13.6
Hydro,49.8374,-71.1665,854.4
Hydro,48.7807,-71.6974,305.8
Hydro,48.4506,-71.2536,224.0
Hydro,48.7536,-71.8395,258.0
Hydro,49.3083,-67.86,9.9
Hydro,46.7154,-71.285,25.0
Hydro,46.7904,-72.0082,10.8
Hydro,52.3701,-126.8139,2.0
Hydro,46.5148,-84.3472,52.0
Biomass,53.5956,-113.3322,4.8
Hydro,49.7109,-123.5321,33.0
Hydro,46.4746,-80.8183,4.0
Biomass,48.9561,-57.9496,15.3
Hydro,49.4689,-117.4686,51.0
Hydro,51.2748,-106.8736,186.0
Hydro,44.0744,-64.7707,7.4
Hydro,44.3353,-77.7723,2.0
Hydro,46.4501,-79.8629,8.0
Hydro,49.8772,-123.1599,15.0
Hydro,49.8427,-126.1277,2.8
Hydro,45.4066,-73.5691,11.1
Hydro,46.5547,-75.4999,2.7
Hydro,54.3835,-128.9149,12.0
Hydro,43.1183,-79.2643,23.0
Hydro,43.1189,-79.2612,144.0
Hydro,44.0805,-64.7909,9.1
Hydro,49.1699,-57.4363,129.0
Hydro,46.1827,-77.697,429.0
Hydro,45.3492,-61.5032,2.6
Hydro,52.0527,-114.2229,15.0
Biomass,46.2516,-63.1079,1.2
Biomass,48.8794,-72.2174,26.5
Biomass,45.5658,-71.981,30.0
Hydro,46.2697,-81.7706,18.0
Biomass,50.6894,-120.4053,76.0
Hydro,46.6785,-71.7458,4.8
Hydro,49.2964,-125.2755,6.0
Hydro,49.7676,-122.151,27.0
Hydro,45.8869,-72.4841,16.0
Hydro,45.5844,-75.4178,40.6
Hydro,47.9069,-84.7156,45.0
Hydro,53.689,-103.3475,289.0
Hydro,49.7911,-93.1969,1.8
Hydro,45.4827,-71.6623,2.3
Biomass,43.1216,-79.1739,1.0
Hydro,50.6751,-123.9603,123.0
Hydro,53.4581,-120.3834,2.0
Hydro,52.1818,-76.051,480.0
Hydro,52.1793,-76.0418,768.0
Biomass,43.5741,-80.2323,1.7
Hydro,45.4208,-75.7185,9.2
Hydro,47.3626,-68.3236,9.0
Hydro,50.019,-119.3589,1.1
Hydro,49.2901,-115.1046,12.0
Hydro,46.0602,-79.3894,2.0
Hydro,43.6809,-80.4329,1.0
Biomass,46.2691,-81.7672,25.0
Hydro,44.3398,-80.537,6.0
Hydro,53.9835,-129.7342,7.0
Hydro,44.5356,-78.7373,2.6
Hydro,49.7834,-122.2347,23.0
Hydro,50.1056,-122.9448,7.5
Hydro,56.7172,-130.6866,195.0
Hydro,48.6091,-93.4023,9.4
Hydro,44.3696,-65.7193,2.2
Hydro,44.1865,-77.5945,3.0
Hydro,47.841,-69.5317,2.9
Biomass,54.0673,-124.7484,12.0
Biomass,49.1597,-123.0378,1.0
Hydro,45.4023,-71.8984,2.2
Hydro,49.5793,-123.202,10.0
Hydro,56.0148,-122.1957,2730.0
Hydro,45.4262,-76.2537,1.6
Hydro,47.2402,-84.5835,23.0
Biomass,45.4792,-75.6552,15.0
Hydro,45.9879,-79.419,2.9
Hydro,51.2188,-114.7078,51.0
Hydro,46.5677,-60.5252,3.5
Hydro,48.6439,-85.7659,8.9
Hydro,48.5977,-85.8779,10.0
Hydro,46.0022,-79.4247,1.2
Hydro,44.1525,-77.5819,8.0
Hydro,46.8385,-71.9405,5.0
Biomass,49.6827,-126.1253,90.0
Biomass,51.3047,-116.9761,8.0
Hydro,48.9254,-55.6678,75.0
Hydro,47.0429,-67.7369,66.0
Hydro,53.16,-99.2863,479.0
Hydro,46.6152,-72.6793,67.0
Biomass,55.1602,-118.8184,25.0
Hydro,45.2727,-72.1054,1.7
Hydro,48.1966,-56.8152,41.0
Hydro,50.4616,-96.0095,129.0
Hydro,47.4684,-68.2354,3.0
Biomass,43.1474,-79.5389,1.0
Hydro,44.5672,-65.6346,7.0
Hydro,49.2479,-125.3837,6.0
Hydro,44.2752,-77.7954,4.0
Biomass,43.2534,-79.77,1.6
Hydro,45.0008,-79.2977,1.0
Biomass,49.1385,-123.8571,55.0
Hydro,50.1112,-82.2081,220.0
Hydro,47.9572,-84.8303,12.0
Hydro,51.7849,-67.9119,51.0
Biomass,48.5392,-123.4624,2.0
Hydro,52.9342,-119.4562,2.0
Biomass,45.4634,-72.7809,3.0
Hydro,44.373,-77.7787,18.0
Hydro,47.8628,-53.3758,3.5
Hydro,45.0466,-64.4121,6.8
Hydro,43.199,-79.2646,7.2
Hydro,48.4434,-92.3562,5.4
Hydro,45.8396,-75.6456,114.1
Hydro,44.9538,-76.6087,3.0
Hydro,46.3792,-81.5696,19.3
Hydro,49.0825,-57.2014,75.0
Biomass,53.4153,-117.5717,52.0
Hydro,58.3547,-130.256,3.0
Hydro,47.2134,-84.6188,18.0
Hydro,47.9605,-84.504,23.0
Hydro,45.0036,-64.3764,5.3
Hydro,47.132,-52.9816,8.3
Hydro,51.118,-115.0343,14.0
Hydro,47.3047,-79.6966,9.0
Biomass,49.522,-123.4862,112.0
Hydro,45.4235,-75.7207,12.0
Hydro,45.4217,-75.7197,27.0
Biomass,43.6333,-79.4806,4.7
Biomass,44.8112,-63.7758,2.0
Hydro,52.8413,-119.3524,6.0
Biomass,43.8474,-79.0249,17.8
Biomass,53.9235,-122.6957,32.0
Hydro,50.6335,-115.1392,5.0
Biomass,49.2186,-123.2015,4.0
Hydro,48.7638,-80.6688,29.0
Hydro,49.5772,-81.3821,38.0
Hydro,55.5284,-102.3561,111.0
Hydro,48.5771,-71.6347,463.8
Hydro,50.8282,-123.0568,21.0
Hydro,46.6353,-71.0477,5.9
Hydro,49.3213,-68.3467,1229.0
Hydro,54.5432,-98.0282,115.0
Hydro,48.6987,-71.2125,63.0
Hydro,50.604,-124.0249,62.0
Hydro,45.8781,-76.6961,17.0
Hydro,50.044,-125.3109,126.0
Hydro,44.5476,-76.2367,2.4
Hydro,48.4167,-71.2555,4.9
Hydro,48.4221,-71.2534,4.5
Hydro,48.4297,-124.0523,170.0
Hydro,48.3975,-89.6165,25.0
Hydro,51.0969,-115.0582,19.0
Hydro,49.4131,-82.4299,2.8
Hydro,56.0405,-96.5379,286.0
Hydro,53.5632,-127.9426,896.0
Hydro,49.7725,-94.5035,6.0
Hydro,56.3817,-94.6346,1220.0
Hydro,44.2934,-76.4405,1.9
Hydro,50.1449,-82.2086,232.0
Hydro,50.5199,-126.8755,45.0
Hydro,49.4533,-117.5179,570.0
Biomass,49.2013,-122.9366,14.0
Hydro,50.1051,-121.5671,49.9
Hydro,46.4491,-72.7393,131.0
Hydro,53.7323,-78.5712,1436.0
Hydro,53.7808,-77.5483,2106.0
Hydro,53.7274,-75.9874,2417.0
Hydro,53.8864,-73.466,2779.0
Hydro,48.8473,-79.1497,1.1
Hydro,47.4446,-72.7987,294.0
Hydro,50.6307,-93.2206,29.0
Hydro,50.9989,-59.0621,22.0
Biomass,45.7326,-73.5346,4.0
Biomass,45.6093,-74.2492,10.0
Hydro,50.0173,-125.393,47.0
Biomass,45.3044,-74.9928,4.2
Hydro,54.1693,-72.6146,878.0
Hydro,54.5909,-71.2787,319.0
Hydro,50.8397,-122.8559,25.0
Hydro,49.3706,-122.8736,59.0
Hydro,49.3757,-122.8684,17.8
Hydro,44.421,-78.2722,2.0
Hydro,49.569,-122.3446,27.0
Hydro,56.2508,-101.1171,5.0
Hydro,56.2251,-101.0094,5.1
Hydro,48.1545,-65.3474,1.0
Hydro,44.7267,-65.4967,26.0
Hydro,45.3089,-74.0273,113.0
Biomass,49.7094,-112.7742,4.0
Biomass,43.2608,-79.792,11.4
Hydro,56.5075,-94.1097,1350.0
Hydro,50.0036,-82.1649,205.0
Hydro,48.4008,-53.3786,3.0
Hydro,49.7699,-124.317,37.0
Hydro,44.3114,-78.3143,4.1
Hydro,56.0623,-130.0185,31.0
Hydro,49.2136,-81.0204,18.0
Hydro,56.3978,-94.3687,980.0
Biomass,49.7678,-86.5421,25.0
Hydro,48.3662,-58.2939,6.2
Hydro,49.3277,-121.6013,3.0
Hydro,49.748,-123.5159,10.0
Hydro,49.4617,-117.5004,54.0
Hydro,49.8176,-123.3973,11.0
Hydro,44.09,-64.848,3.9
Hydro,44.1577,-64.9772,7.2
Hydro,47.1389,-79.4541,274.0
Hydro,44.9613,-64.0331,3.0
Hydro,48.8132,-81.4875,14.0
Hydro,45.0275,-64.3967,2.8
Hydro,47.2688,-84.4364,62.0
Biomass,55.337,-123.1823,36.0
Hydro,45.9551,-66.8665,668.0
Hydro,50.3228,-64.4542,40.6
Hydro,44.9877,-62.4841,3.0
Hydro,49.7214,-123.0919,58.0
Hydro,49.1913,-68.3294,184.0
Hydro,50.6398,-68.7267,1596.0
Hydro,50.6467,-68.7395,1064.0
Hydro,50.5837,-93.4554,73.0
Hydro,53.0035,-78.7935,1.1
Biomass,48.7186,-86.3941,15.5
Hydro,46.8941,-71.1587,4.2
Hydro,49.2342,-125.3569,5.0
Hydro,44.4851,-77.6876,1.0
Hydro,45.5432,-75.4203,119.4
Hydro,47.1233,-79.4946,10.0
Hydro,44.9934,-79.2019,3.0
Hydro,63.654,-135.9155,5.0
Hydro,63.6329,-135.9283,10.0
Hydro,49.193,-68.3268,235.0
Hydro,46.7405,-71.6955,8.6
Hydro,53.3687,-120.3754,1.0
Hydro,49.8047,-93.1887,1.1
Hydro,56.6872,-130.7975,66.0
Hydro,49.5158,-123.5015,10.0
Hydro,47.9054,-84.6705,13.0
Hydro,46.2846,-80.8484,3.0
Hydro,50.3981,-95.9977,56.0
Hydro,49.872,-126.2136,3.8
Hydro,45.263,-72.1435,1.8
Hydro,54.4711,-66.6125,18.7
Hydro,46.7173,-75.9825,55.0
Biomass,46.5158,-79.4932,1.6
Hydro,44.9178,-75.8373,2.0
Hydro,44.9397,-64.4315,3.0
Hydro,44.2482,-77.8019,5.0
Hydro,52.0759,-118.5705,2746.0
Hydro,54.3787,-128.8852,8.0
Hydro,44.7116,-63.8962,2.2
Hydro,50.3499,-122.8714,33.0
Hydro,45.1755,-67.2929,3.0
Hydro,48.9062,-72.2053,12.1
Hydro,44.941,-78.7083,4.0
Biomass,46.9697,-65.5943,42.0
Hydro,47.8996,-79.8759,3.0
Hydro,47.9384,-84.8373,16.0
Hydro,48.6036,-68.1376,6.0
Hydro,48.6219,-68.1378,4.0
Hydro,47.2479,-52.8418,12.0
Hydro,46.9872,-70.5492,2.1
Hydro,50.6231,-124.1873,73.0
Hydro,46.6292,-80.6646,1.4
Hydro,52.9345,-132.1282,6.0
Hydro,47.2537,-52.9358,1.1
Hydro,45.1957,-76.9074,170.0
Hydro,48.452,-71.2132,61.2
Hydro,46.344,-81.5734,4.5
Hydro,49.6826,-88.0049,10.0
Biomass,54.0147,-124.0513,1.8
Hydro,47.4055,-65.7918,11.0
Hydro,48.0292,-53.2104,3.7
Hydro,44.9091,-65.0299,7.2
Hydro,53.321,-104.0431,255.0
Hydro,46.0967,-79.4796,2.0
Hydro,49.7717,-94.5243,9.5
Biomass,45.6533,-62.7183,26.0
Hydro,49.6281,-122.4625,17.5
Biomass,53.9792,-122.6936,63.0
Hydro,52.3511,-127.6862,15.0
Hydro,46.1238,-80.0145,10.0
Hydro,49.1651,-82.7136,5.5
Hydro,49.561,-113.896,32.0
Hydro,50.1812,-81.6373,182.0
Hydro,46.3784,-78.7276,243.0
Hydro,49.1448,-68.3894,523.0
Hydro,49.5576,-68.7256,1026.0
Hydro,49.7037,-68.9038,785.0
Hydro,52.9626,-115.5891,20.5
Hydro,44.8117,-65.2186,4.2
Hydro,47.6182,-54.4315,8.0
Hydro,45.3994,-71.8996,1.6
Hydro,45.8097,-75.9309,226.0
Hydro,55.9826,-121.995,694.0
Biomass,56.3711,-117.1856,30.0
Hydro,49.7858,-67.157,2.0
Hydro,49.962,-81.5226,28.0
Hydro,44.3653,-78.2928,8.0
Hydro,48.2614,-69.6265,4.2
Hydro,47.4654,-52.7123,4.9
Hydro,47.2884,-52.821,4.3
Hydro,59.5825,-133.6448,2.1
Hydro,50.5671,-96.1783,84.0
Hydro,49.3074,-88.3103,144.0
Hydro,50.5501,-117.9484,45.0
Hydro,50.6993,-115.1194,15.0
Hydro,50.2981,-95.5481,75.0
Hydro,48.4069,-71.1232,8.0
Biomass,50.3839,-127.4509,26.1
Biomass,45.5982,-61.3601,60.0
Hydro,48.6585,-69.1325,7.5
Hydro,48.6548,-69.1762,11.7
Hydro,48.6913,-69.3389,8.7
Hydro,49.8723,-124.5577,38.0
Biomass,49.8731,-124.5544,48.0
Hydro,47.6007,-79.4524,131.0
Biomass,53.9218,-122.6851,60.0
Hydro,53.6785,-120.911,3.3
Hydro,49.665,-125.0939,24.0
Hydro,49.5077,-71.1824,385.0
Hydro,48.7319,-69.1706,6.5
Hydro,48.7351,-69.0648,5.3
Hydro,47.2763,-79.6714,6.6
Hydro,45.018,-79.6883,8.0
Hydro,50.3884,-127.2335,8.0
Hydro,44.2921,-77.802,10.0
Hydro,47.9336,-78.5761,67.0
Hydro,47.7685,-78.3102,67.0
Hydro,47.7964,-72.9735,204.0
Hydro,47.7866,-73.3753,76.0
Hydro,45.4989,-75.7632,104.0
Hydro,46.1009,-75.648,9.3
Hydro,47.5906,-79.2944,103.0
Hydro,47.5768,-79.3546,176.0
Hydro,49.8876,-56.8359,4.0
Hydro,49.0675,-55.298,15.1
Hydro,46.0458,-73.7294,2.5
Hydro,49.4071,-112.6924,18.0
Hydro,46.4337,-83.3838,46.0
Hydro,46.315,-83.2905,41.0
Hydro,49.7408,-68.5945,1326.0
Hydro,51.0486,-118.1939,2480.0
Biomass,50.9866,-118.1976,1.5
Hydro,45.4422,-75.6959,2.0
Hydro,44.5538,-65.583,3.5
Hydro,48.4112,-68.5532,3.7
Hydro,45.5895,-73.6572,54.0
Hydro,47.8305,-69.53,2.6
Hydro,45.0088,-74.7905,1045.0
Biomass,45.4625,-75.5875,2.4
Hydro,53.7818,-77.5305,5616.0
Hydro,46.6139,-72.6751,230.0
Hydro,45.3418,-71.9935,2.9
Hydro,47.2104,-52.895,3.3
Hydro,50.3854,-63.2607,270.0
Hydro,50.6246,-63.1941,640.0
Hydro,47.6519,-58.713,6.0
Hydro,43.7823,-65.3439,2.0
Hydro,51.0887,-115.3736,50.0
Hydro,49.195,-122.4083,105.0
Hydro,44.9341,-62.5005,7.1
Hydro,50.2727,-122.867,49.9
Hydro,48.4212,-71.0839,38.0
Hydro,45.558,-72.0077,5.7
Biomass,45.2589,-66.0945,29.7
Hydro,46.71,-72.0768,8.2
Biomass,48.7465,-72.5128,42.7
Hydro,45.4959,-73.5153,5.8
Hydro,46.5484,-72.4102,15.0
Biomass,45.8228,-72.3688,7.6
Hydro,46.7982,-70.7366,3.5
Hydro,46.0312,-72.4791,4.2
Hydro,50.1971,-66.6362,30.5
Hydro,50.2123,-66.6583,24.0
Hydro,50.7128,-66.7814,882.0
Hydro,49.3326,-121.8801,6.0
Hydro,49.6775,-123.5481,17.0
Hydro,48.891,-55.8228,5.5
Hydro,48.5113,-81.4434,6.0
Hydro,44.7116,-63.896,3.6
Hydro,52.6678,-76.6326,150.0
Biomass,42.0279,-82.5638,1.6
Biomass,52.0997,-106.7057,1.6
Hydro,46.2659,-83.0127,2.3
Hydro,47.9101,-84.7447,22.0
Hydro,47.4574,-53.0678,3.5
Biomass,49.1864,-122.9777,25.0
Biomass,48.3838,-77.223,35.0
Hydro,47.1227,-70.8286,22.0
Hydro,46.219,-82.4409,7.2
Hydro,50.6727,-121.9241,48.0
Hydro,49.0302,-117.5041,805.0
Hydro,50.1204,-96.0177,165.0
Hydro,44.3215,-77.782,6.0
Hydro,46.5359,-72.7673,200.0
Hydro,46.5338,-72.7656,194.0
Hydro,44.9558,-62.4982,10.0
Hydro,49.8087,-84.499,18.0
Hydro,48.4484,-71.2148,959.1
Hydro,50.296,-118.8133,6.0
Hydro,44.1315,-77.5934,4.0
Hydro,44.21,-77.5975,2.0
Hydro,48.6609,-89.5974,48.0
Hydro,43.1492,-79.0443,450.0
Hydro,43.1456,-79.0436,1499.0
Hydro,43.1446,-79.0599,174.0
Hydro,44.4308,-65.8722,5.3
Hydro,47.266,-67.2434,9.0
Hydro,49.7205,-122.9956,25.0
Biomass,49.5284,-115.7578,51.0
Hydro,50.2221,-95.5687,68.0
Biomass,55.2509,-114.5181,9.0
Hydro,50.0609,-82.1609,267.0
Hydro,49.2857,-81.6376,7.4
Hydro,63.4211,-116.2238,4.3
Hydro,63.439,-116.1873,7.4
Hydro,63.3252,-116.2977,10.2
Hydro,63.5114,-116.0053,8.5
Biomass,42.0644,-82.6805,12.0
Biomass,48.6379,-72.4337,21.0
Hydro,50.2842,-122.9776,13.0
Hydro,50.7716,-118.1041,9.0
Hydro,45.0031,-79.3054,5.0
Hydro,49.4555,-117.5197,54.0
Hydro,49.2876,-125.3092,5.0
Hydro,50.9034,-116.4089,4.0
Hydro,51.0745,-115.4024,112.0
Hydro,49.6761,-123.2614,1.0
Biomass,46.0639,-73.2555,9.4
Hydro,45.1283,-66.8279,15.0
Hydro,49.3665,-113.1087,2.0
Hydro,49.4526,-112.7165,7.0
Hydro,44.3522,-78.2948,3.9
Biomass,43.1003,-81.373,1.3
Hydro,48.5523,-57.2057,18.4
Hydro,49.2288,-122.3561,91.0
Hydro,48.0778,-84.7394,16.0
Hydro,45.4071,-76.5064,182.0
Hydro,46.5213,-80.7104,5.0
Hydro,49.7111,-122.0343,22.0
Hydro,49.9981,-125.5856,64.0
Hydro,48.7443,-92.2839,8.8
Biomass,46.507,-80.9002,1.6
Hydro,44.8569,-79.5396,7.9
Hydro,45.6219,-72.9498,2.3
Hydro,60.4186,-111.3949,18.3
Hydro,49.3336,-112.8871,12.7
Biomass,45.0447,-63.1389,1.2
Biomass,49.4089,-82.4248,15.0
Biomass,46.7094,-79.0954,58.1
Hydro,49.5674,-125.6215,3.1
Biomass,48.7975,-87.1066,20.0
Biomass,53.8615,-101.2175,22.8
Hydro,49.5424,-125.5642,8.2
Hydro,46.5529,-72.7587,5.3
Hydro,45.4796,-76.6894,4.0
Hydro,50.9985,-115.3746,3.0
Biomass,48.3579,-89.2317,62.4
Biomass,48.3596,-89.2217,135.0
Biomass,45.5982,-75.2557,24.0
Hydro,44.6914,-63.8913,4.2
Hydro,46.8097,-67.7665,36.8
Hydro,49.7409,-122.1622,18.0
Hydro,46.7801,-67.6953,20.0
Biomass,49.9014,-119.4994,15.0
Hydro,47.5395,-52.9191,2.6
Hydro,47.2107,-52.8483,6.9
Hydro,49.9705,-68.1591,526.0
Biomass,45.2372,-75.7637,6.0
Hydro,47.7521,-72.8783,302.0
Hydro,49.7038,-122.0796,21.2
Hydro,44.9884,-79.2714,2.0
Hydro,43.8821,-65.9778,2.7
Hydro,48.7468,-80.5817,27.5
Hydro,53.4963,-64.5158,225.0
Hydro,49.1899,-86.1172,5.0
Biomass,47.3702,-68.3318,39.0
Hydro,49.8371,-123.6858,9.0
Biomass,49.2602,-123.2545,2.0
Biomass,53.8926,-122.8149,4.4
Hydro,48.5358,-86.1442,23.0
Hydro,49.7954,-123.5721,10.0
Hydro,49.4601,-117.4842,66.0
Hydro,49.8543,-123.4461,11.0
Hydro,44.1574,-64.9984,5.4
Hydro,50.657,-123.4476,81.4
Hydro,49.7178,-123.0546,25.0
Hydro,48.1835,-56.1725,84.0
Hydro,44.9267,-64.0394,2.0
Hydro,49.566,-122.3503,33.0
Hydro,48.7918,-91.705,10.0
Biomass,53.2063,-114.9826,12.0
Biomass,55.264,-114.5893,4.0
Biomass,53.6934,-111.9786,1.0
Hydro,56.7289,-130.5977,18.0
Hydro,45.9167,-76.9223,11.7
Hydro,46.3163,-81.5207,3.4
Hydro,49.2366,-121.6807,65.0
Hydro,49.8217,-92.8763,1.1
Hydro,50.6605,-121.9833,16.0
Hydro,50.8139,-118.06,8.0
Hydro,49.0041,-117.6129,493.2
Hydro,49.0047,-117.616,335.0
Hydro,44.7808,-79.2937,1.6
Hydro,44.3371,-78.3131,1.3
Hydro,59.6319,-109.0555,8.0
Biomass,43.4375,-80.5801,4.6
Hydro,49.3291,-113.6732,3.0
Hydro,48.9415,-57.9282,9.3
Hydro,48.3472,-81.4806,15.0
Hydro,48.6604,-86.2325,13.5
Hydro,45.6617,-71.4636,4.5
Hydro,43.1547,-79.1924,12.0
Hydro,59.6274,-109.0178,5.0
Hydro,46.4315,-83.3859,239.0
Biomass,42.6039,-81.6116,3.0
Hydro,46.3695,-79.9357,8.7
Hydro,45.498,-71.6201,4.3
Biomass,54.4153,-114.1769,17.0
Biomass,55.0711,-118.6907,48.0
Hydro,44.4075,-65.9491,19.2
Hydro,49.9106,-118.0718,54.0
Hydro,50.1062,-122.9458,7.6
Hydro,49.2189,-82.6888,5.5
Biomass,48.594,-85.3008,7.5
Hydro,45.0623,-64.3807,2.9
Biomass,54.1624,-115.7336,25.0
Hydro,50.1145,-94.8691,68.0
Hydro,60.6984,-135.0435,40.0
Biomass,52.1613,-122.1712,68.0
Hydro,45.0624,-79.3106,2.3
Biomass,45.2816,-75.9593,6.4
Biomass,43.6043,-80.5497,2.9
Hydro,46.5314,-60.4402,200.0
Hydro,55.5383,-98.4938,211.0
Hydro,50.0535,-126.7797,23.0
Biomass,49.3361,-117.7275,78.0
Hydro,4.8811,18.0341,19.3
Hydro,-37.3646,-71.4894,136.0
Hydro,-33.5012,-70.1927,178.0
Hydro,-38.9987,-72.223,3.0
Hydro,-37.7103,-71.8169,324.0
Hydro,-37.3103,-71.6264,320.0
Hydro,-33.6427,-70.6331,5.0
Biomass,-37.2092,-73.2222,24.0
Hydro,-32.917,-70.3289,53.0
Hydro,-37.8676,-71.6138,1.0
Hydro,-40.8878,-72.3382,3.0
Hydro,-41.5281,-72.3417,172.0
Hydro,-40.8192,-72.3999,12.0
Hydro,-33.5286,-70.9528,10.0
Hydro,-32.8535,-70.5061,26.0
Hydro,-34.2756,-70.4523,112.0
Hydro,-18.3695,-69.5469,10.0
Hydro,-35.6615,-71.3551,19.0
Hydro,-35.7872,-70.8084,106.0
Biomass,-37.7917,-72.4842,33.0
Biomass,-37.5151,-72.6565,5.0
Biomass,-37.2895,-72.7114,25.0
Hydro,-35.6853,-71.3699,474.0
Hydro,-42.5976,-73.958,7.0
Hydro,-34.2049,-70.5257,12.0
Hydro,-35.8051,-70.9411,92.0
Biomass,-35.3262,-72.4163,8.0
Biomass,-37.1649,-72.0674,13.0
Biomass,-36.5108,-72.7369,7.1
Hydro,-40.5568,-72.5159,3.0
Hydro,-42.5678,-73.8945,6.0
Hydro,-33.6031,-70.3597,6.0
Hydro,-37.4229,-72.0818,3.0
Hydro,-33.6212,-70.5351,2.0
Hydro,-38.8392,-71.7633,5.0
Hydro,-37.2934,-71.4924,450.0
Hydro,-41.2719,-72.5408,1.0
Hydro,-33.6079,-70.5106,2.0
Biomass,-36.8348,-73.0961,7.2
Biomass,-33.9817,-70.6976,15.6
Biomass,-36.935,-73.1556,14.0
Hydro,-33.5476,-70.5454,28.0
Hydro,-33.6027,-70.3597,12.0
Biomass,-37.2864,-72.351,2.2
Hydro,-40.9178,-72.4036,9.0
Hydro,-40.9178,-72.4036,3.0
Hydro,-35.8104,-70.8357,70.0
Hydro,-32.9011,-70.2697,29.0
Hydro,-32.9011,-70.2697,1.0
Hydro,-41.6813,-72.6455,7.0
Hydro,-34.8335,-70.5537,163.0
Hydro,-34.7515,-70.7143,155.0
Hydro,-30.7004,-71.0373,5.0
Hydro,-37.2441,-72.5302,34.0
Hydro,-40.1363,-72.3961,2.0
Hydro,-33.5927,-70.4696,2.0
Hydro,-40.618,-72.4014,18.0
Hydro,-35.5373,-71.2614,19.0
Hydro,-37.5667,-71.5241,2.0
Hydro,-35.7909,-70.9822,40.0
Hydro,-33.6352,-70.5947,6.0
Hydro,-40.9849,-72.8861,1.0
Hydro,-40.6472,-72.3148,1.0
Hydro,-40.6412,-72.3144,1.0
Hydro,-35.8578,-71.0639,25.0
Hydro,-35.8398,-71.0789,6.0
Hydro,-30.7447,-70.5875,18.0
Hydro,-33.6482,-70.6566,3.0
Hydro,-37.5283,-71.7059,2.0
Hydro,-32.8665,-70.408,40.0
Biomass,-37.169,-72.4087,12.6
Biomass,-38.5419,-72.4674,26.0
Biomass,-38.5407,-72.4682,22.0
Biomass,-34.9882,-72.0199,6.0
Biomass,-32.9557,-70.8043,2.0
Biomass,-32.9567,-70.8046,18.2
Hydro,-35.7324,-71.3979,95.0
Hydro,-38.974,-72.647,1.0
Hydro,-33.5307,-70.2617,31.0
Hydro,-33.5874,-71.0044,3.0
Hydro,-37.5404,-71.7098,55.0
Hydro,-35.5961,-71.2642,6.0
Hydro,-40.3168,-72.2273,1.0
Biomass,-37.0455,-72.4001,11.0
Hydro,-40.8952,-72.3401,7.0
Biomass,-36.6597,-72.4731,14.0
Biomass,-36.662,-72.4822,37.0
Hydro,-35.7859,-70.8076,9.0
Hydro,-38.0452,-71.4713,32.0
Hydro,-37.9099,-71.6087,467.0
Hydro,-35.7338,-71.1555,570.0
Hydro,-40.5567,-72.5161,1.0
Hydro,-37.5404,-71.5965,85.0
Hydro,-40.329,-72.3226,1.0
Hydro,-40.6381,-72.6497,41.0
Hydro,-35.4697,-71.2729,14.0
Hydro,-29.9961,-70.8638,6.0
Hydro,-39.5957,-72.2175,51.0
Hydro,-33.6187,-70.5352,22.0
Hydro,-33.8128,-70.2193,49.0
Hydro,-37.693,-71.8082,1.0
Hydro,-37.336,-71.9567,71.0
Hydro,-37.9969,-71.5199,690.0
Hydro,-34.0409,-71.5902,378.0
Hydro,-39.7834,-72.1159,2.0
Hydro,-37.8138,-72.4155,6.0
Hydro,-28.6762,-70.6451,5.0
Hydro,-37.8096,-72.8336,20.0
Hydro,-38.6009,-72.0473,6.0
Hydro,-35.8503,-71.2806,4.0
Hydro,-40.6191,-72.7038,60.0
Hydro,-37.3603,-71.8657,178.0
Hydro,-34.7347,-70.3825,40.0
Hydro,-35.5982,-71.3556,6.0
Hydro,-35.6146,-71.5413,37.0
Hydro,-32.8323,-70.539,1.0
Hydro,-34.2367,-70.5474,77.0
Hydro,-34.2367,-70.5474,12.0
Biomass,-37.5144,-72.6519,67.2
Biomass,-33.7004,-70.7978,13.8
Hydro,-38.8403,-71.6608,1.0
Hydro,-33.8206,-70.2148,13.0
Hydro,31.4837,103.6032,128.0
Hydro,27.3488,100.5061,4750.0
Hydro,34.5434,102.6284,9.0
Hydro,29.52,103.64,772.0
Hydro,35.2327,103.5145,25.0
Hydro,27.2869,110.0994,140.0
Hydro,32.6,108.88,800.0
Hydro,27.5667,102.1922,33.0
Hydro,32.1131,109.5711,20.0
Hydro,26.0279,117.1125,115.0
Hydro,42.5611,128.2203,6.0
Hydro,42.7547,128.1975,3.0
Hydro,28.4625,108.5092,6.0
Hydro,28.2606,103.6484,13050.0
Hydro,31.9706,110.3322,12.0
Hydro,30.6,115.45,1200.0
Hydro,30.59,115.45,300.0
Hydro,23.86,108.13,192.0
Hydro,33.0527,107.9625,4.0
Hydro,23.927,106.4557,540.0
Hydro,42.73,127.22,1500.0
Hydro,26.9558,109.4709,420.0
Hydro,41.6794,121.0039,9.6
Hydro,33.0178,113.4861,32.0
Hydro,32.1847,104.1042,30.0
Hydro,35.31,100.27,360.0
Hydro,22.1531,100.6931,8.0
Hydro,35.48,113.48,1200.0
Hydro,24.2076,98.7909,16.0
Hydro,24.4244,98.7592,40.0
Hydro,32.52,105.61,700.0
Hydro,36.14,103.41,220.0
Hydro,32.1022,108.4624,140.0
Hydro,33.3948,107.213,27.0
Hydro,31.9743,108.6971,25.0
Hydro,32.76,105.22,300.0
Hydro,29.9036,106.3901,500.0
Hydro,42.3311,85.5104,309.0
Hydro,28.8703,109.6681,54.0
Hydro,31.453,92.3309,10.8
Hydro,41.5575,127.6378,8.0
Hydro,25.316,99.133,18.0
Hydro,27.123,109.503,20.0
Hydro,30.63,110.53,10.0
Hydro,29.4683,111.0192,80.0
Hydro,23.42,111.21,630.0
Hydro,26.4478,101.025,3.0
Hydro,28.6969,102.4475,15.0
Hydro,23.95,106.64,30.0
Hydro,25.9917,110.2656,16.0
Hydro,26.29,110.0231,6.0
Hydro,31.8272,109.0761,12.0
Hydro,33.1144,104.9364,115.0
Hydro,26.71,117.12,400.0
Hydro,48.18,87.152,110.0
Hydro,32.1136,108.4286,10.0
Hydro,32.0149,108.6097,26.0
Hydro,28.37,108.41,75.0
Hydro,31.4047,109.5194,20.0
Hydro,31.5375,108.8703,8.0
Hydro,28.9239,106.6833,8.0
Hydro,30.2686,110.6072,48.0
Hydro,30.7544,108.7092,12.0
Hydro,29.4908,107.7335,6.0
Hydro,31.4383,109.8306,4.0
Hydro,28.967,109.148,120.0
Hydro,32.93,109.7,276.0
Hydro,28.0761,98.9019,24.0
Hydro,24.0256,100.3698,1350.0
Hydro,33.2464,106.7042,3.0
Hydro,27.98,110.27,195.0
Hydro,29.45,102.22,2600.0
Hydro,19.02,108.98,240.0
Hydro,38.4558,100.0247,65.0
Hydro,23.85,108.13,600.0
Hydro,26.82,107.26,200.0
Hydro,33.972,103.512,52.0
Hydro,25.2908,111.6158,37.0
Hydro,39.3828,95.2561,20.0
Hydro,32.56,111.49,900.0
Hydro,28.7,100.3,24.0
Hydro,36.15,104.01,324.5
Hydro,32.3211,108.6056,5.0
Hydro,28.0225,98.8638,24.0
Hydro,18.43,109.43,7.0
Hydro,34.0764,103.8944,5.0
Hydro,34.0392,103.9092,5.0
Hydro,27.5811,103.0447,100.0
Hydro,27.7341,100.2935,120.0
Hydro,26.86,106.15,695.0
Hydro,23.8667,114.9061,20.0
Hydro,25.87,113.31,500.0
Hydro,30.53,110.75,12.0
Hydro,30.1438,109.6162,110.0
Hydro,36.5906,102.8339,4.0
Hydro,31.14,109.05,129.0
Hydro,28.9414,103.1997,8.0
Hydro,38.5557,100.2726,50.0
Hydro,26.82,101.78,3300.0
Hydro,26.1128,99.7686,12.0
Hydro,31.6197,110.1264,7.0
Hydro,23.8017,113.259,140.0
Hydro,23.645,114.675,24.0
Hydro,43.72,126.69,809.0
Hydro,24.4121,115.3607,150.0
Hydro,28.72,110.27,800.0
Hydro,24.5695,101.1765,6.0
Hydro,27.1797,119.6633,30.0
Hydro,29.71,119.65,297.2
Hydro,26.33,98.52,24.0
Hydro,26.9003,98.8456,18.0
Hydro,24.91,117.51,44.0
Hydro,26.6833,117.45,42.0
Hydro,27.2561,118.2705,11.0
Hydro,27.4758,118.4433,5.0
Hydro,27.556,118.384,3.0
Hydro,25.47,116.6617,25.0
Hydro,27.0982,119.4524,80.0
Hydro,26.7747,117.9831,43.0
Hydro,26.88,119.36,13.0
Hydro,27.3447,119.4914,100.0
Hydro,26.53,119.065,66.0
Hydro,26.837,118.754,2.0
Hydro,26.534,119.102,20.0
Hydro,26.812,119.337,9.0
Hydro,26.95,118.95,8.0
Hydro,26.8964,119.2193,16.0
Hydro,28.115,118.5686,6.0
Hydro,25.3686,116.3389,9.0
Hydro,25.1389,116.37,9.0
Hydro,27.2147,117.589,11.0
Hydro,27.03,117.686,16.0
Hydro,27.4206,119.3053,30.0
Hydro,25.73,118.745,25.0
Hydro,27.87,117.97,6.0
Hydro,27.3001,119.5364,15.0
Hydro,26.0193,117.2029,30.0
Hydro,25.2806,117.523,36.0
Hydro,26.41,118.1,60.0
Hydro,29.7096,119.6533,297.2
Hydro,23.6675,106.0892,12.0
Hydro,23.5711,106.0389,12.0
Hydro,31.38,103.52,360.0
Hydro,28.7597,102.8567,21.0
Hydro,28.7253,102.7817,24.0
Hydro,28.6611,102.9133,9.0
Hydro,28.8322,102.8225,24.0
Hydro,33.78,104.3583,66.0
Hydro,32.8547,104.8564,25.0
Hydro,33.9273,104.004,51.0
Hydro,39.4923,97.3423,35.0
Hydro,36.5456,102.8778,12.0
Hydro,33.3,103.3,32.0
Hydro,33.58,103.31,12.0
Hydro,38.4,100.05,123.0
Hydro,36.1175,102.8306,36.0
Hydro,38.5557,100.2728,26.0
Hydro,33.9994,103.5281,12.0
Hydro,34.6166,103.2863,6.0
Hydro,34.4669,103.8311,10.0
Hydro,38.8808,99.7347,5.0
Hydro,34.4672,104.0786,21.0
Hydro,34.6736,105.8431,240.0
Hydro,36.5592,102.8753,8.0
Hydro,32.6014,104.1361,7.0
Hydro,33.1942,105.6108,3.0
Hydro,33.1878,104.4926,9.0
Hydro,38.488,99.9717,6.0
Hydro,37.809,100.0036,8.0
Hydro,33.6245,104.5546,51.0
Hydro,35.023,103.767,20.0
Hydro,39.4572,98.0217,52.0
Hydro,39.5847,97.9994,90.0
Hydro,37.7047,102.5825,23.0
Hydro,35.5278,103.8203,10.0
Hydro,36.1475,103.2667,24.0
Hydro,39.88,96.83,17.0
Hydro,25.1652,98.1672,13.0
Hydro,38.8856,100.3244,8.0
Hydro,38.8597,100.2997,7.0
Hydro,33.7067,104.0956,6.0
Hydro,33.41,104.28,15.0
Hydro,30.0167,102.1167,75.0
Hydro,30.3976,111.3406,252.0
Hydro,30.47,111.14,1200.0
Hydro,22.7049,102.0574,390.0
Hydro,19.1801,108.9683,80.0
Hydro,30.7397,111.2695,3190.0
Hydro,25.59,99.335,750.0
Hydro,33.245,104.019,13.0
Hydro,35.88,102.23,1500.0
Hydro,27.7944,98.5875,24.0
Hydro,27.745,98.6053,24.0
Hydro,29.31,103.48,2100.0
Hydro,27.3744,107.633,3000.0
Hydro,27.8221,101.9025,2400.0
Hydro,27.82,101.88,2400.0
Hydro,24.16,115.57,7.0
Hydro,23.9322,115.0456,26.0
Hydro,24.015,115.11,25.0
Hydro,24.8492,113.5378,20.0
Hydro,30.4226,109.557,28.0
Hydro,23.9108,112.5038,24.0
Hydro,24.6236,106.195,21.0
Hydro,24.0983,105.6508,72.0
Hydro,24.375,110.7486,90.0
Hydro,24.1451,109.755,9.0
Hydro,25.8222,109.8881,11.0
Hydro,25.5761,108.7564,10.0
Hydro,24.701,109.8467,18.0
Hydro,25.8964,110.1326,25.0
Hydro,25.9139,109.875,4.0
Hydro,24.1219,105.7961,48.0
Hydro,23.6253,108.9461,456.0
Hydro,24.2911,104.6928,16.0
Hydro,24.1747,105.9683,230.0
Hydro,23.467,110.25,49.0
Hydro,25.8788,110.1155,10.0
Hydro,24.4811,108.8564,21.0
Hydro,23.78,106.77,66.0
Hydro,25.96,105.25,1040.0
Hydro,23.7657,113.9536,2400.0
Hydro,29.3132,110.4816,33.0
Hydro,41.3149,124.1499,19.5
Hydro,26.52,101.44,3000.0
Hydro,27.1547,100.3927,6.0
Hydro,44.3117,83.8517,13.0
Hydro,44.3117,83.8517,20.0
Hydro,32.29,108.58,12.0
Hydro,25.75,108.6875,8.0
Hydro,25.7661,107.5972,14.0
Hydro,25.38,106.3039,50.0
Hydro,25.475,104.8842,9.0
Hydro,25.7694,104.8628,9.0
Hydro,26.2719,104.5494,180.0
Hydro,27.7614,109.1911,9.0
Hydro,28.1619,106.3747,40.0
Hydro,28.0749,106.459,20.0
Hydro,28.2344,106.3878,20.0
Hydro,25.9803,104.9422,17.0
Hydro,34.2397,111.2776,60.0
Hydro,25.6333,99.005,5.0
Hydro,32.8389,105.1003,72.0
Hydro,28.46,113.01,1200.0
Hydro,28.7697,106.1511,15.0
Hydro,27.3969,102.56,23.0
Hydro,28.3175,104.2661,64.0
Hydro,26.4556,100.3211,30.0
Hydro,39.6406,94.8339,4.0
Hydro,24.23,109.53,228.0
Hydro,26.87,105.86,600.0
Hydro,27.13,109.96,225.0
Hydro,26.8944,119.3279,200.0
Hydro,29.06,115.36,1200.0
Hydro,42.95,127.13,200.0
Hydro,26.4439,101.0236,6.0
Hydro,25.2742,104.3644,8.0
Hydro,34.22,103.53,10.0
Hydro,26.1343,105.1011,9.0
Hydro,25.2,117.467,44.0
Hydro,28.2,100.52,132.0
Hydro,28.3938,100.5511,452.0
Hydro,35.8747,102.4334,225.0
Hydro,23.77,113.74,8.8
Hydro,32.68,110.52,510.0
Hydro,36.1794,103.1797,12.0
Hydro,41.2897,125.3975,223.0
Hydro,23.9,112.57,10.0
Hydro,31.9874,111.1003,60.0
Hydro,29.8206,113.7139,10.0
Hydro,29.724,109.0675,10.0
Hydro,31.54,109.58,15.0
Hydro,30.36,109.7261,90.0
Hydro,30.1917,109.8611,40.0
Hydro,31.9403,110.9719,70.0
Hydro,29.1475,109.2189,27.0
Hydro,30.3272,108.9378,30.0
Hydro,31.6853,110.7678,33.0
Hydro,32.4361,110.7569,10.0
Hydro,30.9647,110.471,18.0
Hydro,32.0875,110.2183,4.0
Hydro,31.8806,110.0644,180.0
Hydro,32.0942,109.9196,45.0
Hydro,29.7553,109.1094,16.0
Hydro,29.7967,109.8386,8.0
Hydro,40.98,111.7,1200.0
Hydro,23.27,114.31,2400.0
Hydro,27.9023,110.9306,7.0
Hydro,28.2,111.2,72.0
Hydro,28.9669,110.0031,20.0
Hydro,29.1367,109.6911,20.0
Hydro,26.8186,109.7239,8.0
Hydro,26.1019,112.6917,30.0
Hydro,26.875,110.0417,25.0
Hydro,26.95,110.0167,25.0
Hydro,26.3569,110.5965,7.0
Hydro,25.4,113.3014,24.0
Hydro,26.7525,111.9678,36.0
Hydro,26.7339,111.1075,9.0
Hydro,27.085,111.0758,16.0
Hydro,28.228,109.968,6.0
Hydro,27.8878,110.0497,13.0
Hydro,26.4792,110.3289,8.0
Hydro,29.6361,109.7989,7.0
Hydro,29.5244,110.1075,12.0
Hydro,29.8153,110.9117,26.0
Hydro,26.0594,111.6577,45.0
Hydro,26.2794,111.5442,25.0
Hydro,28.5506,111.8539,45.0
Hydro,26.075,113.729,10.0
Hydro,26.706,113.6749,69.0
Hydro,26.9,113.29,15.0
Hydro,27.7103,110.5853,8.0
Hydro,28.0,110.9167,7.0
Hydro,29.0753,109.5256,5.0
Hydro,27.6839,110.6197,8.0
Hydro,28.0481,110.9022,6.0
Hydro,27.341,109.303,8.0
Hydro,27.9119,110.7919,10.0
Hydro,26.2613,110.5058,8.0
Hydro,28.5081,110.8014,20.0
Hydro,28.8975,111.4925,180.0
Hydro,27.0542,110.1906,9.0
Hydro,29.6628,111.2369,120.0
Hydro,28.5944,109.4644,33.0
Hydro,27.0828,111.2986,25.0
Hydro,28.69,118.84,270.0
Hydro,27.5167,101.0333,20.0
Hydro,28.6064,101.7055,330.0
Hydro,29.2365,107.8929,300.0
Hydro,29.7389,110.3396,500.0
Hydro,31.48,103.6,96.0
Hydro,27.3103,114.6844,6.0
Hydro,27.4433,114.5316,16.0
Hydro,26.9469,114.5489,15.0
Hydro,25.8472,115.5917,21.0
Hydro,25.63,115.7,7.0
Hydro,25.61,115.78,7.0
Hydro,27.2361,115.8025,6.0
Hydro,26.17,115.75,20.0
Hydro,25.0683,114.798,7.0
Hydro,26.4081,114.2719,8.0
Hydro,26.8997,114.9986,120.0
Hydro,26.15,114.867,25.0
Hydro,27.5178,115.1311,360.0
Hydro,25.4845,115.0008,20.0
Hydro,29.235,114.8461,36.0
Hydro,25.9164,115.1944,35.0
Hydro,25.9442,115.3606,36.0
Hydro,29.5416,110.739,300.0
Hydro,27.52,115.13,360.0
Hydro,30.1,102.7,72.0
Hydro,32.8306,105.0764,25.0
Hydro,28.0641,105.8211,6.0
Hydro,31.01,102.31,20.0
Hydro,25.94,118.04,300.0
Hydro,28.7042,102.1131,3.0
Hydro,48.26,86.399,160.0
Hydro,42.9956,129.6869,16.0
Hydro,43.86,82.847,460.0
Hydro,43.84,82.784,100.0
Hydro,26.81,100.45,2800.0
Hydro,22.05,100.77,1500.0
Hydro,26.417,114.15,36.0
Hydro,22.2003,100.8678,10.0
Hydro,27.1292,102.4394,12.0
Hydro,27.748,100.232,58.0
Hydro,23.22,110.83,25.0
Hydro,32.8477,104.8883,28.0
Hydro,28.1823,101.6316,3600.0
Hydro,28.2485,101.6445,4400.0
Hydro,22.825,103.4953,10.0
Hydro,28.21,119.54,300.0
Hydro,36.3287,102.8785,24.0
Hydro,23.8803,110.0564,7.0
Hydro,35.83,102.7,1020.0
Hydro,28.2144,109.8342,8.0
Hydro,34.92,103.83,300.0
Hydro,29.044,101.576,10.0
Hydro,29.018,101.561,13.0
Hydro,28.8314,101.6158,249.0
Hydro,37.8864,102.1242,8.0
Hydro,22.9034,101.7724,285.0
Hydro,33.1345,107.3222,12.0
Hydro,31.2058,108.39,9.0
Hydro,34.3004,103.4502,15.0
Hydro,36.06,101.95,284.9
Hydro,37.8385,75.5727,150.0
Hydro,44.3558,84.7817,10.0
Hydro,44.3203,84.7814,18.0
Hydro,30.2,102.19,16.0
Hydro,32.15,108.9272,14.0
Hydro,32.31,118.27,658.0
Hydro,31.5402,108.5,8.0
Hydro,40.9022,125.9744,390.0
Hydro,26.6514,98.8975,10.0
Hydro,36.0703,101.1855,4200.0
Hydro,28.2847,103.3828,18.0
Hydro,28.2525,103.3636,24.0
Hydro,23.97,108.61,600.0
Hydro,31.4138,102.9807,10.0
Hydro,27.8106,103.0257,130.0
Hydro,32.8306,105.0764,52.0
Hydro,35.49,103.55,15.0
Hydro,42.58,128.09,20.0
Hydro,28.5289,102.8072,4.0
Hydro,29.0275,102.8039,24.0
Hydro,28.1833,101.3653,120.0
Hydro,45.43,129.79,550.0
Hydro,36.1179,101.8073,1632.0
Hydro,23.5297,100.1603,13.0
Hydro,23.4186,100.0739,10.0
Hydro,24.15,100.0667,18.0
Hydro,24.9281,106.4958,25.0
Hydro,28.76,111.21,270.0
Hydro,34.5806,103.6381,5.0
Hydro,35.679,103.691,15.0
Hydro,35.445,103.8506,12.0
Hydro,23.7292,100.2539,6.0
Hydro,35.93,103.34,1225.0
Hydro,31.8839,103.544,120.0
Hydro,21.5952,100.3553,12.0
Hydro,23.75,113.77,48.0
Hydro,32.9981,104.5589,25.0
Hydro,25.8925,105.8942,3.0
Hydro,31.24,119.38,1200.0
Hydro,27.68,100.29,2400.0
Hydro,29.34,102.25,700.0
Hydro,24.2407,98.1103,240.0
Hydro,26.53,100.42,1900.0
Hydro,39.4208,111.3,420.0
Hydro,22.8748,101.6463,240.0
Hydro,33.4722,104.7264,12.0
Hydro,38.7553,100.1008,157.0
Hydro,25.0277,107.0431,6300.0
Hydro,28.8549,101.5763,18.0
Hydro,36.12,100.92,1280.0
Hydro,34.6081,103.3067,51.0
Hydro,24.82,104.54,450.0
Hydro,26.2,100.82,2160.0
Hydro,29.95,102.23,920.0
Hydro,34.3726,103.1833,12.0
Hydro,28.0994,104.8403,10.0
Hydro,28.3458,103.1406,10.0
Hydro,27.826,102.9953,110.0
Hydro,34.3083,111.4063,10.0
Hydro,29.93,109.2128,30.0
Hydro,26.206,102.666,18.0
Hydro,25.5233,102.4218,42.0
Hydro,33.995,110.983,4.0
Hydro,24.299,98.6228,4.0
Hydro,28.517,103.363,16.0
Hydro,23.0468,103.2845,240.0
Hydro,23.023,104.3933,32.0
Hydro,24.1625,99.5864,12.0
Hydro,24.1564,99.5444,10.0
Hydro,23.0165,104.743,400.0
Hydro,43.58,85.57,50.0
Hydro,28.847,89.8338,20.0
Hydro,24.62,100.45,1605.0
Hydro,31.53,103.67,6.0
Hydro,24.3417,103.8244,15.0
Hydro,27.7017,109.7333,10.0
Hydro,28.7694,103.2167,6.0
Hydro,24.23,110.48,10.0
Hydro,24.662,116.5955,600.0
Hydro,28.2657,101.5217,6.0
Hydro,32.8396,105.0013,240.0
Hydro,27.38,101.55,32.0
Hydro,23.817,112.2335,17.0
Hydro,27.0143,117.6992,30.0
Hydro,32.3605,104.81,20.0
Hydro,26.1219,98.805,15.0
Hydro,24.21,105.25,8.0
Hydro,24.8247,98.035,6.0
Hydro,26.2,108.16,12.0
Hydro,23.068,111.818,12.0
Hydro,26.245,108.0586,4.0
Hydro,24.5519,97.7189,5.0
Hydro,28.83,110.8667,20.0
Hydro,48.26,86.399,250.0
Hydro,36.06,101.27,160.0
Hydro,22.8214,101.1931,16.0
Hydro,27.4936,100.8759,6.0
Hydro,36.59,104.17,120.0
Hydro,28.3347,107.4064,20.0
Hydro,19.01,110.2,80.0
Hydro,27.3657,119.4298,100.0
Hydro,25.8621,105.8979,2.0
Hydro,24.19,105.33,12.0
Hydro,22.6409,100.4287,5850.0
Hydro,30.18,91.352,160.0
Hydro,40.3895,118.2803,150.0
Hydro,32.21,110.15,513.0
Hydro,29.2,108.2,1750.0
Hydro,24.82,105.49,405.0
Hydro,28.5747,103.7031,40.0
Hydro,28.131,109.146,4.0
Hydro,28.058,103.304,180.0
Hydro,32.8964,104.0217,16.0
Hydro,32.2433,104.3309,12.0
Hydro,29.21,102.84,4260.0
Hydro,40.42,124.68,1200.0
Hydro,35.3708,102.9389,9.0
Hydro,30.8038,116.4636,20.0
Hydro,23.63,108.95,456.0
Hydro,30.4331,110.3069,10.0
Hydro,35.5033,103.8317,16.0
Hydro,32.76,105.33,111.0
Hydro,29.71,120.841,4.0
Hydro,37.0831,101.5706,15.0
Hydro,37.1333,102.3,8.0
Hydro,37.2519,101.4169,8.0
Hydro,35.9286,94.7894,8.0
Hydro,37.037,102.028,42.0
Hydro,34.843,100.2255,48.0
Hydro,36.3436,102.7564,7.0
Hydro,37.5975,103.1533,87.0
Hydro,35.3195,100.1605,48.0
Hydro,37.4939,101.3392,10.0
Hydro,26.8618,107.2737,200.0
Hydro,37.88,105.99,272.0
Hydro,24.5623,116.6176,144.0
Hydro,23.603,112.954,44.0
Hydro,23.75,112.85,1280.0
Hydro,27.4538,119.2412,8.0
Hydro,33.787,104.535,5.0
Hydro,37.8414,75.7606,210.0
Hydro,26.2269,111.2619,15.0
Hydro,36.0406,103.4504,5.0
Hydro,24.28,115.21,25.0
Hydro,32.3694,103.0506,15.0
Hydro,25.44,106.72,90.0
Hydro,35.3231,103.8311,12.0
Hydro,34.6461,103.7717,15.0
Hydro,26.6078,109.0475,1000.0
Hydro,28.24,98.53,20.0
Hydro,28.23,98.51,16.0
Hydro,38.3,99.59,112.0
Hydro,34.83,111.34,400.0
Hydro,40.6681,107.2681,10.0
Hydro,31.8939,103.43,150.0
Hydro,32.0781,109.5381,49.0
Hydro,34.37,106.77,7.0
Hydro,33.4148,107.193,6.0
Hydro,32.7228,106.3625,8.0
Hydro,32.1592,109.3764,270.0
Hydro,33.0817,106.0136,40.0
Hydro,32.4075,108.8828,4.0
Hydro,33.5733,107.2767,25.0
Hydro,33.5461,108.6122,14.0
Hydro,32.02,108.16,13.0
Hydro,33.3361,107.7569,18.0
Hydro,32.3236,108.7744,10.0
Hydro,34.5558,108.8317,48.0
Hydro,26.326,100.914,24.0
Hydro,31.29,119.43,100.0
Hydro,26.2333,112.9667,14.0
Hydro,25.6311,106.5489,60.0
Hydro,41.2019,79.175,9.0
Hydro,47.9,87.204,220.0
Hydro,42.6464,80.5917,12.0
Hydro,43.9133,85.591,16.0
Hydro,27.587,114.008,12.0
Hydro,28.49,102.59,10.0
Hydro,26.2414,104.8464,185.0
Hydro,38.4376,113.2555,5.0
Hydro,38.767,113.6436,1.0
Hydro,35.3608,112.5899,6.0
Hydro,38.4242,113.2738,6.0
Hydro,38.4291,113.5161,4.0
Hydro,35.2945,112.6202,9.0
Hydro,35.4541,113.0045,3.0
Hydro,37.45,105.02,153.2
Hydro,28.5583,107.4967,50.0
Hydro,28.5,108.48,1120.0
Hydro,29.33,103.61,480.0
Hydro,26.59,118.08,300.0
Hydro,29.3,102.93,660.0
Hydro,28.585,112.069,45.0
Hydro,42.3583,127.3091,70.0
Hydro,29.492,102.25,5.0
Hydro,33.0399,108.2249,225.0
Hydro,40.27,116.28,800.0
Hydro,28.653,107.969,140.0
Hydro,24.467,101.25,15.0
Hydro,42.1328,127.3197,12.0
Hydro,31.5533,108.5816,16.0
Hydro,25.95,111.68,150.0
Hydro,25.9333,110.55,14.0
Hydro,30.44,110.34,1600.0
Hydro,40.46,124.97,765.0
Hydro,27.68,112.23,30.0
Hydro,26.31,118.81,1400.0
Hydro,26.793,117.8891,48.0
Hydro,31.2389,103.4917,15.0
Hydro,33.084,104.3882,102.0
Hydro,31.8756,103.5686,24.0
Hydro,31.2712,103.3248,11.0
Hydro,30.5563,102.9507,6.0
Hydro,30.4728,102.6871,12.0
Hydro,30.5258,102.6297,13.0
Hydro,32.1667,102.25,8.0
Hydro,31.2625,107.2377,39.0
Hydro,31.03,107.17,30.0
Hydro,29.2536,102.0911,240.0
Hydro,30.5252,101.728,21.0
Hydro,27.1946,102.2811,120.0
Hydro,29.42,102.1922,24.0
Hydro,32.34,104.1,44.0
Hydro,28.8808,102.563,5.0
Hydro,28.7125,101.6762,132.0
Hydro,28.6966,103.4483,20.0
Hydro,27.2059,102.3339,15.0
Hydro,30.46,101.43,48.0
Hydro,32.1111,102.915,20.0
Hydro,31.9667,102.8983,21.0
Hydro,32.0025,102.9172,8.0
Hydro,32.1103,102.9444,21.0
Hydro,29.1072,103.5789,6.0
Hydro,29.2058,102.2136,2.0
Hydro,30.01,102.53,100.0
Hydro,31.79,105.91,66.0
Hydro,31.79,105.91,84.0
Hydro,31.6217,105.9475,87.0
Hydro,31.31,106.2447,108.0
Hydro,31.383,101.58,21.0
Hydro,29.2314,102.0344,240.0
Hydro,31.12,106.336,150.0
Hydro,28.6953,101.7194,110.0
Hydro,28.7003,101.9178,18.0
Hydro,33.0878,104.1908,7.0
Hydro,33.07,104.2314,21.0
Hydro,33.1706,104.2592,10.0
Hydro,32.18,104.2,20.0
Hydro,30.3,102.0833,24.0
Hydro,30.3264,102.0994,30.0
Hydro,31.7947,104.7525,20.0
Hydro,31.7583,104.7367,11.0
Hydro,31.7325,104.725,22.0
Hydro,31.3219,106.0329,120.0
Hydro,28.2267,103.3078,24.0
Hydro,28.4136,103.4328,8.0
Hydro,29.0567,103.1558,40.0
Hydro,29.026,103.026,46.0
Hydro,31.5423,102.8584,16.0
Hydro,30.6489,106.9078,20.0
Hydro,30.1002,102.4104,76.0
Hydro,30.31,102.44,30.0
Hydro,29.5367,102.15,8.0
Hydro,29.64,102.1072,20.0
Hydro,27.4717,102.5853,19.0
Hydro,28.9092,103.5425,36.0
Hydro,29.0853,103.7136,102.0
Hydro,31.58,103.2,420.0
Hydro,28.7189,103.1992,12.0
Hydro,28.3166,102.1684,24.0
Hydro,28.6264,102.2816,6.0
Hydro,30.2,102.09,30.0
Hydro,28.9232,103.6743,40.0
Hydro,28.0637,100.5164,114.0
Hydro,29.5433,100.2931,18.0
Hydro,28.33,99.25,93.0
Hydro,27.2553,102.8819,16.0
Hydro,28.9547,102.7231,93.0
Hydro,30.041,102.3727,18.0
Hydro,32.5144,104.1592,42.0
Hydro,28.78,102.531,5.0
Hydro,31.6025,102.8067,24.0
Hydro,27.465,102.5931,56.0
Hydro,29.2344,101.5819,240.0
Hydro,28.1431,104.8033,3.0
Hydro,31.7086,102.7911,6.0
Hydro,29.2222,102.1756,80.0
Hydro,28.965,102.7267,18.0
Hydro,28.26,99.21,246.0
Hydro,27.2753,102.5897,20.0
Hydro,26.5489,101.4319,8.0
Hydro,30.2256,102.6397,12.0
Hydro,28.971,103.885,25.0
Hydro,30.8122,102.695,10.0
Hydro,31.4547,103.5521,72.0
Hydro,30.18,116.16,108.0
Hydro,28.9558,99.7975,18.0
Hydro,32.37,104.91,48.0
Hydro,32.53,104.54,12.0
Hydro,31.2081,102.45,45.0
Hydro,30.788,106.089,52.0
Hydro,31.5717,103.2025,138.0
Hydro,29.2408,102.23,129.0
Hydro,29.58,103.05,63.0
Hydro,27.6778,101.1578,100.0
Hydro,32.49,104.23,24.0
Hydro,31.7478,102.7331,15.0
Hydro,29.308,102.125,2.0
Hydro,28.7152,102.5974,21.0
Hydro,28.0103,103.2323,52.0
Hydro,31.5653,103.23,36.0
Hydro,35.81,103.01,240.0
Hydro,27.37,107.63,1050.0
Hydro,32.0572,103.0156,10.0
Hydro,23.0943,101.8739,201.0
Hydro,32.1536,109.0967,15.0
Hydro,25.25,98.19,315.0
Hydro,38.8514,99.6769,5.0
Hydro,26.97,106.37,600.0
Hydro,35.87,102.34,225.0
Hydro,28.9817,118.9269,16.0
Hydro,36.23,117.05,1000.0
Hydro,33.7342,107.4269,26.0
Hydro,41.4122,80.5008,11.0
Hydro,40.35,124.73,190.0
Hydro,31.23,103.49,260.0
Hydro,28.1178,120.0339,600.0
Hydro,34.5052,103.7361,12.0
Hydro,43.89,86.2544,9.0
Hydro,24.566,101.158,14.0
Hydro,30.8235,111.0032,22500.0
Hydro,30.47,119.61,1800.0
Hydro,24.3292,105.6239,9.0
Hydro,39.06,111.13,128.0
Hydro,24.941,105.1033,1200.0
Hydro,24.96,105.16,1320.0
Hydro,29.0069,120.7272,5.0
Hydro,31.82,105.87,1100.0
Hydro,31.52,103.67,49.5
Hydro,29.2,121.0,1200.0
Hydro,26.3882,109.8063,6.0
Hydro,29.26,103.63,600.0
Hydro,35.416,101.9,4.0
Hydro,27.58,110.29,180.0
Hydro,26.71,101.85,600.0
Hydro,25.15,105.59,80.0
Hydro,24.63,110.42,12.0
Hydro,28.4656,103.225,44.0
Hydro,28.3069,120.1,48.0
Hydro,26.4441,114.7954,500.0
Hydro,26.5548,119.0314,20.0
Hydro,39.58,111.43,1080.0
Hydro,28.76,109.51,240.0
Hydro,29.6727,103.0358,260.0
Hydro,23.1894,100.59,72.0
Hydro,23.1083,104.5217,10.0
Hydro,31.9179,104.7746,150.0
Hydro,32.3821,102.54,12.0
Hydro,27.32,106.76,1250.0
Hydro,36.4,104.4,140.0
Hydro,36.8246,79.4522,60.0
Hydro,28.78,110.93,1200.0
Hydro,26.088,104.9083,25.0
Hydro,26.57,110.83,100.0
Hydro,29.6044,109.7042,10.0
Hydro,26.48,111.58,12.0
Hydro,35.3237,102.7832,15.0
Hydro,29.1333,99.9061,12.0
Hydro,28.9692,99.7731,12.0
Hydro,28.6437,104.393,6448.0
Hydro,26.3372,104.6411,130.0
Hydro,28.6519,102.6532,10.0
Hydro,31.11,118.29,1000.0
Hydro,36.3503,102.8333,17.0
Hydro,36.37,102.83,10.0
Hydro,29.102,108.445,32.0
Hydro,30.1288,109.8705,10.0
Hydro,25.53,118.53,1200.0
Hydro,38.9342,100.4517,102.0
Hydro,35.221,102.5444,9.0
Hydro,31.0256,102.5006,20.0
Hydro,34.92,112.36,1800.0
Hydro,25.54,102.65,44.0
Hydro,36.6,102.35,22.0
Hydro,24.7043,100.0913,4200.0
Hydro,36.15,104.01,230.0
Hydro,38.133,101.405,21.0
Hydro,30.05,110.89,8.0
Hydro,32.83,108.28,180.0
Hydro,24.87,104.58,234.4
Hydro,38.53,113.27,1200.0
Hydro,28.26,103.65,12600.0
Hydro,29.49,119.21,845.0
Hydro,23.73,114.65,292.0
Hydro,27.05,108.43,7.0
Hydro,41.5292,79.8089,48.0
Hydro,48.2189,87.9333,100.0
Hydro,36.8808,79.5647,150.0
Hydro,36.423,79.5327,75.0
Hydro,43.6075,81.8625,132.0
Hydro,42.2889,85.6278,180.0
Hydro,47.1403,88.8856,140.0
Hydro,43.8195,82.4386,220.0
Hydro,43.72,83.8617,80.0
Hydro,43.7052,83.6712,80.0
Hydro,43.7833,81.9167,135.0
Hydro,41.5642,79.6222,110.0
Hydro,47.9181,88.1253,3.0
Hydro,38.2,77.3333,20.0
Hydro,23.925,101.624,6.0
Hydro,26.3767,100.12,18.0
Hydro,32.6139,107.4692,10.0
Hydro,37.909,102.205,5.0
Hydro,29.9867,109.7981,26.0
Hydro,29.7383,109.5792,25.0
Hydro,43.8194,83.2867,11.0
Hydro,25.8764,103.1097,12.0
Hydro,29.1,90.377,510.0
Hydro,27.1567,101.4983,7.0
Hydro,28.165,101.296,120.0
Hydro,27.1944,118.1844,10.0
Hydro,28.2956,106.1138,9.0
Hydro,35.7,100.27,1200.0
Hydro,36.06,103.27,440.0
Hydro,26.25,113.47,6.0
Hydro,24.05,107.51,1210.0
Hydro,27.4933,99.0258,24.0
Hydro,27.4933,101.9417,24.0
Hydro,23.1008,101.3947,120.0
Hydro,28.92,102.22,240.0
Hydro,34.285,111.366,9.0
Hydro,30.5811,110.1169,50.0
Hydro,27.2433,102.8292,6.0
Hydro,43.1125,81.8936,100.0
Hydro,27.8097,104.5167,13.0
Hydro,27.4367,104.0222,5.0
Hydro,24.4572,97.6808,12.0
Hydro,24.4561,98.7033,3.0
Hydro,24.7878,97.9606,5.0
Hydro,26.5829,106.1379,360.0
Hydro,29.24,107.89,600.0
Hydro,31.32,119.77,1000.0
Hydro,28.4536,109.1017,120.0
Hydro,29.1739,108.8917,12.0
Hydro,29.3078,108.985,3.0
Hydro,29.1494,108.8606,3.0
Hydro,23.1356,102.9503,10.0
Hydro,28.8283,102.4898,14.0
Hydro,28.1223,98.9111,24.0
Hydro,23.3433,107.1101,60.0
Hydro,27.1,109.16,8.0
Hydro,41.38,126.51,400.0
Hydro,31.12,103.49,135.0
Hydro,26.0753,99.0786,8.0
Hydro,23.0711,101.4442,99.0
Hydro,24.6594,98.5221,120.0
Hydro,25.2072,98.1889,168.0
Hydro,24.775,98.6861,81.0
Hydro,26.035,100.9392,8.0
Hydro,25.7244,98.8767,8.0
Hydro,26.0248,100.9595,42.0
Hydro,25.8528,100.0861,4.0
Hydro,28.9761,99.0125,100.0
Hydro,26.8269,100.5892,21.0
Hydro,24.4704,97.7168,70.0
Hydro,24.7133,97.5828,180.0
Hydro,25.953,103.6003,24.0
Hydro,27.9014,98.9508,60.0
Hydro,27.774,99.2624,16.0
Hydro,27.7089,99.2847,14.0
Hydro,26.1206,99.4336,10.0
Hydro,23.0753,103.1742,12.0
Hydro,23.465,105.5,18.0
Hydro,25.09,97.75,14.0
Hydro,25.0808,97.7181,20.0
Hydro,23.7722,99.4247,12.0
Hydro,25.5803,99.3405,900.0
Hydro,24.26,104.01,25.0
Hydro,23.3333,102.4333,5.0
Hydro,27.0133,103.629,130.0
Hydro,26.4594,99.3572,12.0
Hydro,27.32,99.17,10.0
Hydro,26.0606,103.0239,24.0
Hydro,27.8958,98.6925,12.0
Hydro,23.6484,98.9388,102.0
Hydro,23.3491,100.0466,12.0
Hydro,24.5269,101.3236,49.0
Hydro,23.0353,101.5122,130.0
Hydro,26.1,102.44,96.0
Hydro,26.555,99.0769,6.0
Hydro,26.157,102.778,30.0
Hydro,26.2106,113.5319,24.0
Hydro,23.0139,103.9522,30.0
Hydro,22.8647,104.2614,16.0
Hydro,23.0139,103.9522,16.0
Hydro,22.7569,104.3819,25.0
Hydro,24.3083,98.3145,36.0
Hydro,23.1308,103.0619,12.0
Hydro,27.7033,104.0119,65.0
Hydro,28.032,104.4901,24.0
Hydro,24.3544,98.8111,11.0
Hydro,23.2353,103.9103,5.0
Hydro,24.3297,99.945,68.0
Hydro,23.15,101.61,190.0
Hydro,25.57,102.43,114.0
Hydro,28.0744,104.2383,60.0
Hydro,26.9594,98.8425,30.0
Hydro,26.9119,100.6536,19.0
Hydro,23.3597,99.3508,18.0
Hydro,25.1922,98.6497,24.0
Hydro,24.9985,98.3599,10.0
Hydro,27.0258,103.2878,180.0
Hydro,26.2667,104.5476,180.0
Hydro,24.1936,98.6612,8.0
Hydro,24.1272,98.7086,14.0
Hydro,23.06,104.42,15.0
Hydro,27.2018,103.43,78.0
Hydro,23.2803,99.1403,10.0
Hydro,28.23,104.178,64.0
Hydro,25.1061,98.1803,24.0
Hydro,24.7994,97.8886,5.0
Hydro,25.1152,101.5141,20.0
Hydro,25.1964,98.0406,12.0
Hydro,25.2817,98.0606,14.0
Hydro,25.2803,98.0897,36.0
Hydro,24.6989,97.8033,14.0
Hydro,25.8603,102.2294,9.0
Hydro,23.9833,99.2403,17.0
Hydro,24.2222,99.4156,50.0
Hydro,27.49,103.5,68.0
Hydro,24.3297,100.0433,40.0
Hydro,24.2016,102.2025,210.0
Hydro,23.7947,100.8211,6.0
Hydro,29.7903,119.3593,5.0
Hydro,29.1,108.445,16.0
Hydro,25.53,113.65,15.0
Hydro,31.4667,103.1514,195.0
Hydro,29.18,92.517,540.0
Hydro,24.7806,97.9281,7.0
Hydro,37.77,114.06,1000.0
Hydro,29.7959,118.8453,32.0
Hydro,29.9219,119.5142,14.0
Hydro,27.6853,120.0678,8.0
Hydro,29.21,115.5,180.0
Hydro,29.1333,99.5,24.0
Hydro,29.25,103.07,246.0
Hydro,23.8467,98.9833,40.0
Hydro,23.846,98.983,16.0
Hydro,27.7073,104.6726,15.0
Hydro,27.45,104.4,20.0
Hydro,28.33,111.13,948.0
Hydro,36.11,101.87,190.0
Hydro,29.97,91.877,100.0
Hydro,27.3336,109.9128,18.0
Hydro,27.923,110.2214,16.0
Hydro,29.3,108.49,24.0
Hydro,24.947,113.781,10.0
Hydro,31.6417,109.8267,7.0
Hydro,31.04,103.57,760.0
Hydro,26.6661,106.1219,18.0
Hydro,7.7918,-74.7732,26.0
Hydro,6.3771,-75.4478,306.0
Hydro,6.8145,-75.2406,270.0
Hydro,6.32,-75.1659,560.0
Hydro,4.9008,-73.2969,1000.0
Hydro,4.7247,-73.4831,1200.0
Hydro,6.2944,-75.0259,170.0
Hydro,5.5606,-74.8866,396.0
Hydro,6.9394,-75.1398,660.0
Hydro,6.2108,-74.8405,1246.0
Hydro,7.1003,-73.4056,820.0
Hydro,6.7244,-75.2817,40.0
Hydro,-4.3012,15.2067,15.0
Hydro,-2.97,16.08,120.0
Hydro,-3.8988,13.7654,74.0
Hydro,-4.0767,12.1569,10.0
Hydro,10.3916,-84.4383,4.7
Hydro,9.9221,-83.6423,210.0
Hydro,10.4755,-84.9989,157.5
Hydro,9.866,-83.7771,18.6
Hydro,9.8944,-83.7869,4.4
Hydro,9.8407,-83.8037,102.0
Hydro,10.4695,-85.0763,180.0
Hydro,10.313,-84.172,14.0
Hydro,9.9853,-84.339,30.0
Hydro,9.8546,-83.685,50.0
Hydro,10.3916,-84.4383,38.0
Hydro,9.6314,-84.198,134.0
Hydro,9.7757,-83.8414,120.0
Hydro,10.313,-84.172,17.0
Hydro,10.4645,-85.1034,32.0
Hydro,10.2204,-84.3056,23.2
Hydro,10.222,-84.3058,65.2
Hydro,9.9443,-84.3506,97.4
Hydro,5.6058,-3.1691,20.0
Hydro,5.5819,-3.1591,30.0
Hydro,6.2422,-7.0453,165.0
Hydro,7.0304,-5.473,174.0
Hydro,6.2093,-5.0829,210.0
Hydro,46.3113,16.4945,76.0
Hydro,43.5745,16.7115,40.8
Hydro,46.3205,16.7489,76.0
Hydro,45.2989,15.2633,55.5
Hydro,44.09,16.2204,7.5
Hydro,43.805,15.9626,7.2
Hydro,43.4307,16.8849,46.4
Hydro,45.3485,15.3452,42.3
Hydro,44.0019,16.0192,24.0
Hydro,43.6737,16.784,237.0
Hydro,45.6143,15.4778,5.5
Hydro,43.7951,16.5968,60.0
Hydro,44.9429,14.9276,216.0
Hydro,44.6895,15.2706,22.5
Hydro,46.3479,16.2684,94.0
Hydro,45.2286,14.6736,90.0
Hydro,43.4581,16.7027,522.0
Hydro,49.1245,16.1242,480.0
Hydro,50.0854,17.1794,650.0
Hydro,48.6333,14.2375,1.5
Hydro,48.6259,14.304,120.0
Hydro,49.6066,14.1816,364.0
Hydro,49.8237,17.4342,144.0
Hydro,49.8465,14.4219,22.5
Hydro,49.8465,14.4219,45.0
Hydro,-2.9347,16.1278,120.0
Hydro,-5.5267,13.6206,1775.0
Hydro,-6.3581,22.4472,64.0
Hydro,-10.7184,27.2839,42.0
Hydro,-10.752,27.245,68.0
Hydro,-3.8945,13.7643,74.0
Hydro,-10.7452,27.2447,68.0
Hydro,-10.3044,25.4068,260.0
Hydro,-10.5024,25.4458,228.0
Hydro,-1.2258,29.46,13.8
Hydro,-2.6334,28.9027,81.0
Hydro,-4.7779,14.9059,75.0
Hydro,-4.7779,14.9059,150.0
Biomass,56.1214,9.0068,88.0
Hydro,18.5464,-70.3772,49.49
Hydro,18.9228,-71.01,81.6
Hydro,19.3104,-70.7437,96.0
Hydro,-1.9,-78.4833,10.0
Hydro,-1.7167,-78.7667,18.0
Hydro,-0.1443,-77.617,1500.0
Hydro,-0.25,-78.45,20.92
Hydro,0.2147,-78.9122,65.0
Hydro,-2.595,-78.2274,1100.0
Hydro,-2.7833,-79.0,24.0
Hydro,-2.8167,-79.0,14.4
Hydro,-1.5833,-79.4333,15.0
Hydro,-2.5938,-78.5666,487.0
Hydro,23.9721,32.8828,550.0
Hydro,25.3177,32.5544,86.0
Hydro,23.9721,32.8828,2100.0
Hydro,26.1522,32.1453,64.0
Hydro,13.6231,-88.5602,180.2
Hydro,13.9386,-88.9014,170.0
Hydro,13.9908,-88.7579,99.4
Hydro,14.2279,-89.4727,19.7
Hydro,1.5758,10.4687,120.0
Hydro,8.3932,39.352,64.0
Hydro,11.8196,36.9181,460.0
Hydro,9.558,37.3663,134.0
Hydro,9.558,37.3663,100.0
Hydro,7.8349,37.3236,184.0
Hydro,7.7571,37.5624,420.0
Hydro,6.8482,37.3018,1870.0
Hydro,8.4684,39.1588,43.2
Hydro,7.1761,39.4311,153.0
Hydro,13.3492,38.7405,300.0
Hydro,11.4887,37.5999,84.4
Biomass,-16.4299,179.3887,10.0
Hydro,-17.6671,177.9413,40.0
Biomass,-17.5442,177.682,5.0
Biomass,-17.5893,177.5355,9.3
Hydro,-17.7401,177.5469,3.0
Hydro,-17.7569,178.0498,160.0
Hydro,-17.8331,178.027,6.0
Hydro,60.5,26.5,24.0
Hydro,63.7833,25.9667,44.8
Hydro,62.55,29.25,4.6
Hydro,60.4567,22.6869,1.3
Hydro,62.8924,27.677,6.5
Hydro,61.4991,23.7871,4.19
Hydro,65.3333,25.2833,32.5
Biomass,62.8924,27.677,118.1
Biomass,64.1333,25.3667,154.0
Hydro,65.7,25.1667,2.5
Hydro,63.3667,23.4833,1.5
Hydro,61.3167,22.1333,72.0
Biomass,61.2167,26.0333,3.5
Biomass,61.2167,26.0333,19.0
Hydro,65.7667,24.4,6.7
Hydro,63.0167,25.4167,6.8
Hydro,63.75,25.3333,6.3
Hydro,63.6167,29.1167,8.5
Hydro,61.1669,28.7745,192.0
Hydro,60.7,26.85,17.0
Hydro,67.5167,24.7833,106.0
Hydro,61.3403,21.5375,1.0
Biomass,64.6667,27.1333,2.8
Biomass,61.118,28.5076,85.0
Hydro,62.8924,27.677,5.5
Hydro,66.3333,28.15,26.0
Hydro,62.95,25.2,1.8
Hydro,63.5,22.5333,3.7
Hydro,61.9,27.85,1.4
Hydro,66.3833,23.7,2.8
Hydro,61.0,28.5167,1.2
Hydro,66.35,26.85,5.4
Biomass,61.8162,25.2353,25.0
Hydro,63.5,22.5167,7.6
Hydro,62.8,30.15,32.0
Hydro,62.8924,27.677,4.5
Hydro,64.15,28.95,11.5
Hydro,63.4667,23.3,2.1
Biomass,61.1,22.1667,19.0
Biomass,64.2273,27.7285,85.0
Hydro,60.8833,26.6,19.1
Hydro,67.4167,26.6,9.8
Biomass,65.7364,24.5637,75.0
Biomass,60.4034,25.105,19.04
Hydro,65.3333,25.2833,38.0
Hydro,62.4,23.8667,4.5
Hydro,62.8924,27.677,5.6
Hydro,61.6,26.7333,1.6
Biomass,63.8333,23.0333,30.0
Biomass,63.8333,23.0333,19.5
Hydro,67.1108,27.5106,25.0
Hydro,61.2565,22.3564,45.0
Hydro,61.7971,24.3723,8.5
Biomass,60.4667,26.9167,72.0
Hydro,60.9,26.6333,3.2
Hydro,63.5333,28.9667,2.0
Biomass,62.8799,27.6768,20.5
Hydro,67.4167,26.6,15.0
Hydro,67.4167,26.6,27.0
Biomass,65.9667,29.1833,6.0
Biomass,60.9,26.6333,76.0
Hydro,60.9,26.6333,30.0
Biomass,61.0587,28.1887,119.0
Biomass,61.0587,28.1887,67.3
Hydro,64.2,24.5,21.0
Hydro,64.2,29.5833,3.2
Hydro,63.3667,30.7,16.0
Hydro,65.3333,25.2833,38.5
Hydro,62.26,27.5436,1.9
Hydro,60.8949,26.3387,30.0
Hydro,67.4167,26.6,11.0
Hydro,61.1454,23.5502,70.0
Hydro,65.0261,25.4706,42.0
Hydro,65.9667,29.1833,1.3
Hydro,63.0,22.8,25.0
Hydro,64.5667,26.6667,81.0
Hydro,63.75,25.3333,3.0
Hydro,66.0833,24.8,124.0
Biomass,65.0124,25.4682,105.0
Biomass,65.0124,25.4682,28.0
Hydro,64.7,24.5833,1.0
Hydro,65.35,26.0833,42.1
Hydro,62.4333,28.6,6.8
Hydro,62.8,30.15,85.0
Hydro,63.3167,30.15,15.0
Hydro,62.8167,30.4167,2.4
Hydro,63.85,23.3667,2.3
Hydro,66.5,25.7167,14.0
Biomass,63.7019,22.7097,116.0
Hydro,66.5,25.7167,131.0
Biomass,61.4833,21.7833,81.4
Hydro,61.9,23.05,11.0
Hydro,67.4167,26.6,35.0
Hydro,62.6667,29.6667,6.9
Biomass,61.6886,27.2723,59.7
Hydro,65.4667,27.5167,60.0
Biomass,62.2333,25.7333,80.0
Biomass,61.1272,21.5113,71.5
Biomass,61.1272,21.5113,75.0
Biomass,63.1,28.1833,8.5
Hydro,62.4167,30.45,3.3
Hydro,62.25,30.5,1.6
Hydro,62.3667,29.4333,1.2
Biomass,60.3833,23.1333,13.5
Hydro,66.6667,27.4167,130.0
Hydro,64.6167,28.4833,37.9
Hydro,62.5667,26.4,1.8
Biomass,61.4333,29.3667,34.5
Hydro,62.5667,26.4,1.8
Hydro,65.6167,25.3167,1.42
Biomass,64.1333,28.4167,1.3
Biomass,61.0,28.3,35.7
Hydro,61.2104,28.7834,61.5
Hydro,62.4833,22.9,133.0
Hydro,61.4991,23.7871,8.6
Hydro,61.5037,23.7659,3.01
Hydro,61.2642,24.0312,3.0
Biomass,60.3923,25.6651,11.3
Biomass,60.3923,25.6651,7.8
Biomass,65.0124,25.4682,195.0
Biomass,65.8481,24.1466,39.3
Biomass,62.9167,30.25,105.0
Hydro,64.3333,25.85,3.7
Hydro,64.7333,26.5,57.8
Hydro,63.096,21.6158,3.6
Hydro,67.4167,26.6,21.0
Hydro,66.5,25.7167,101.0
Biomass,65.7364,24.5637,90.0
Hydro,63.9,25.7833,1.8
Hydro,61.0667,26.6333,3.0
Hydro,62.3833,30.4667,1.5
Hydro,60.9333,26.6167,32.9
Hydro,61.0833,26.1333,9.5
Biomass,64.0833,24.55,6.2
Hydro,42.777,1.677,104.0
Hydro,43.976,4.817,126.0
Hydro,43.0398,-0.0753,1.6
Hydro,44.3009,0.3577,1.177
Biomass,43.5361,5.3984,4.245
Hydro,44.8674,3.1442,11.68
Hydro,44.4614,1.2406,1.8
Biomass,49.4624,3.4535,1.26
Hydro,46.112,5.422,32.0
Hydro,45.1704,6.0178,5.3
Biomass,49.1599,6.0462,1.06
Hydro,48.4228,-0.6245,1.4
Biomass,49.9003,2.2907,2.83
Hydro,47.0767,4.0922,1.9
Biomass,43.5876,7.1054,11.44
Hydro,42.7845,0.1782,10.255
Hydro,42.9795,-0.2738,2.0
Hydro,44.4548,1.5482,2.4
Hydro,43.0403,-0.7361,1.228
Hydro,49.1984,6.2102,4.1
Hydro,45.104,1.954,47.5
Biomass,48.9518,2.2406,10.3
Hydro,44.783,6.548,38.0
Hydro,45.4894,6.3328,6.286
Hydro,42.8744,0.6955,5.3
Biomass,44.8759,2.4647,4.41
Biomass,50.7409,2.3196,8.9
Hydro,42.9143,0.3356,10.495
Hydro,45.8699,5.6901,4.543
Hydro,42.887,-0.411,88.0
Hydro,43.1005,-0.4746,1.148
Hydro,45.4095,6.1709,8.5
Hydro,43.0303,-0.3973,1.12
Hydro,45.0792,1.1985,1.126
Biomass,43.6533,0.5751,1.067
Hydro,43.6121,6.9118,2.4
Hydro,43.3594,1.4775,2.273
Hydro,42.7019,1.4432,3.2
Hydro,45.365,2.646,29.0
Hydro,45.1776,6.7466,11.6
Hydro,43.7488,3.1047,1.3
Hydro,44.676,4.787,140.0
Hydro,45.645,6.445,575.0
Hydro,44.824,4.811,198.0
Hydro,45.413,2.4978,235.0
Hydro,45.011,4.839,180.0
Hydro,44.768,2.684,406.0
Hydro,46.5326,1.6014,8.0
Hydro,42.9745,0.1329,2.13
Hydro,43.5244,-0.8463,7.905
Biomass,49.3852,2.231,2.478
Hydro,43.1001,-1.3716,3.78
Hydro,44.003,7.137,50.0
Hydro,45.3429,1.8153,8.0
Biomass,48.234,4.7152,1.5
Hydro,45.4357,5.9806,1.2
Biomass,43.4923,-1.4662,3.567
Hydro,42.9519,0.0232,3.014
Hydro,43.735,5.753,44.0
Hydro,45.121,5.319,39.0
Hydro,43.0775,1.6098,2.49
Biomass,46.3692,-0.6137,2.126
Hydro,44.8542,0.4864,1.4
Hydro,43.797,1.5859,4.6
Hydro,42.7854,2.1372,12.4
Hydro,42.9554,0.338,9.5
Biomass,50.5409,1.9089,1.0
Biomass,50.69,2.4088,3.193
Hydro,43.1723,1.5878,8.0
Hydro,46.6795,0.5662,1.16
Hydro,46.2948,6.6664,2.4
Biomass,44.8579,-0.5736,1.253
Hydro,46.7304,5.9553,5.277
Hydro,49.4027,3.6594,2.52
Biomass,45.6027,5.2738,14.6
Biomass,47.5647,6.9062,8.862
Hydro,44.9354,5.3043,9.8
Biomass,49.8414,2.3826,1.903
Hydro,45.4623,6.651,9.5
Hydro,43.612,2.5118,4.1
Hydro,45.654,5.605,70.0
Hydro,45.725,5.698,90.0
Hydro,44.8996,6.649,10.875
Hydro,45.4541,6.5694,1.0
Hydro,43.921,5.925,30.0
Hydro,44.0062,2.6383,2.3
Hydro,44.0521,1.66,1.061
Hydro,45.7924,1.6312,12.8
Hydro,43.1411,-0.4466,9.8
Biomass,43.1526,0.0292,1.67
Hydro,44.096,4.724,156.0
Hydro,45.151,2.01,293.0
Hydro,45.3846,6.0021,485.0
Hydro,45.482,6.535,320.0
Hydro,45.215,6.712,123.0
Hydro,44.696,2.585,119.0
Hydro,44.4476,6.0616,139.0
Hydro,43.3763,2.4714,1.11
Hydro,44.4939,1.8384,8.5
Biomass,50.9501,1.8759,1.043
Biomass,42.748,2.7564,22.485
Hydro,42.9617,0.2164,9.91
Hydro,44.5849,2.066,5.3
Hydro,41.7322,9.0412,3.49
Hydro,43.845,6.4904,1.3
Hydro,44.505,2.874,42.0
Hydro,43.0546,-0.3726,1.62
Hydro,43.878,6.538,68.0
Hydro,43.1371,0.851,1.9
Hydro,42.9166,1.0552,13.29
Hydro,42.38,9.134,54.5
Hydro,43.6156,2.2382,1.315
Hydro,44.157,1.5439,2.218
Hydro,43.7932,3.6295,3.0
Biomass,44.8544,-0.5215,4.268
Biomass,46.8989,4.7747,1.165
Biomass,45.5837,5.9088,10.336
Hydro,46.2801,1.8891,6.3
Biomass,47.67,-0.6537,1.902
Biomass,47.1413,0.9398,1.021
Biomass,48.1077,-0.7997,9.0
Hydro,48.3849,6.3186,1.5009
Hydro,43.2951,-0.897,9.4
Hydro,48.4943,2.7131,3.0
Biomass,45.0113,5.0967,3.915
Hydro,43.848,6.544,24.3
Biomass,48.0976,5.1399,4.2
Hydro,45.879,5.811,90.0
Hydro,46.3327,6.6413,1.77
Hydro,47.0563,3.9403,6.26
Hydro,46.5743,-1.2548,1.6
Hydro,46.1002,3.7168,8.8
Hydro,46.8153,0.5526,2.4
Hydro,46.0068,1.6256,10.236
Hydro,46.2225,5.8722,1.4
Biomass,46.6124,3.459,1.2
Hydro,42.9129,0.6341,11.0
Hydro,46.211,5.465,23.0
Hydro,44.3711,0.3866,1.5
Biomass,45.7859,3.1156,18.62
Biomass,45.171,-0.2346,1.2
Hydro,46.294,5.592,41.0
Biomass,47.7068,-1.02,1.063
Biomass,47.8962,-3.9075,2.895
Hydro,47.9686,6.8651,4.615
Biomass,47.2305,-1.7304,6.3
Hydro,43.0287,1.589,1.18
Hydro,47.0516,5.479,1.3
Biomass,49.2361,2.8967,3.35
Hydro,44.9969,3.564,1.72
Biomass,46.1372,3.4831,1.065
Hydro,45.79,5.025,85.0
Hydro,43.3905,2.279,1.725
Hydro,44.3037,4.7423,348.0
Biomass,50.5928,1.6061,1.56
Biomass,47.3231,5.0374,9.02
Hydro,45.2044,5.8371,3.2
Biomass,44.4318,4.7088,1.9
Biomass,50.2994,3.3894,6.37
Biomass,47.3344,5.3791,1.415
Hydro,48.6126,-1.2793,1.6
Biomass,51.0306,2.337,7.15
Hydro,42.955,0.565,37.3
Hydro,46.455,1.613,72.0
Hydro,45.082,2.194,35.0
Biomass,43.9956,4.9328,1.67
Hydro,44.6548,2.5787,12.1
Hydro,48.4832,7.7308,1.125
Hydro,44.6192,2.5196,1.95
Biomass,49.2717,-0.6229,1.432
Hydro,44.672,6.65,25.0
Hydro,45.7111,1.7405,4.28
Hydro,47.915,7.571,175.0
Hydro,45.7431,1.9351,2.3
Biomass,48.7931,0.1124,1.095
Hydro,45.8905,2.1825,2.1
Biomass,45.8905,2.1825,3.49
Biomass,47.2295,2.8663,1.067
Hydro,42.9654,1.6102,6.24
Hydro,44.0215,7.5448,8.5
Biomass,49.4937,-1.3081,2.376
Hydro,42.463,2.1949,10.0
Biomass,14.6409,-61.0692,6.6
Hydro,42.8607,0.7473,10.6
Biomass,43.4534,4.8995,40.462
Biomass,48.588,2.7654,1.672
Biomass,47.0169,3.0902,3.26
Biomass,49.8873,1.4359,2.001
Hydro,44.5079,0.9804,7.0
Hydro,46.053,5.813,420.0
Hydro,48.404,7.728,140.5
Hydro,45.146,6.051,1690.0
Hydro,43.9165,1.8862,6.2
Hydro,48.6926,7.8845,1.1
Hydro,46.5061,1.6202,9.0
Hydro,42.7767,0.4407,3.1
Hydro,43.6395,3.5736,3.2
Hydro,42.1921,9.3824,2.1
Hydro,44.606,2.605,45.0
Biomass,49.4853,0.2219,1.063
Hydro,45.071,2.067,40.0
Biomass,50.1424,3.0976,1.067
Hydro,45.5205,3.8348,2.72
Hydro,44.9219,3.0745,74.0
Hydro,45.467,4.248,37.0
Biomass,46.737,4.7519,1.897
Hydro,42.8567,0.3213,6.5
Biomass,48.0915,-2.811,1.065
Biomass,48.9802,1.179,8.75
Hydro,42.7522,0.3912,1.312
Hydro,45.06,1.994,25.0
Hydro,45.7642,6.6156,8.5
Biomass,50.4451,2.6423,1.75
Hydro,48.5028,-2.6463,2.7
Hydro,42.588,1.797,93.3
Biomass,48.6213,-1.1828,1.215
Biomass,48.998,3.0133,1.9
Biomass,48.8231,2.2645,55.0
Biomass,47.6173,-1.456,2.134
Hydro,46.2184,5.5632,3.6
Hydro,43.681,5.656,78.0
Hydro,49.0644,6.0867,4.0
Hydro,43.2701,-0.4069,1.129
Hydro,47.655,7.52,153.7
Hydro,46.2384,0.6985,5.1
Hydro,44.5658,3.888,3.7
Hydro,43.0609,0.9998,1.24
Hydro,48.0184,6.9255,4.256
Hydro,45.5299,5.7378,7.0
Biomass,43.5547,5.2024,1.091
Hydro,45.0601,6.2836,5.2
Hydro,42.5377,2.094,9.07
Hydro,45.5275,6.4611,1.9
Hydro,47.4459,6.6096,1.65
Hydro,44.7659,6.617,2.095
Biomass,45.2097,5.744,5.7
Biomass,49.0371,4.3337,9.1
Biomass,47.6899,-2.5187,1.115
Biomass,43.8005,2.0196,3.675
Biomass,49.1832,5.8724,1.675
Hydro,42.9332,1.1708,3.6
Hydro,44.6943,2.8677,9.5
Hydro,43.7049,5.0886,1.6
Hydro,44.891,3.003,21.0
Hydro,45.5637,6.7617,4.3
Hydro,44.7238,3.8338,8.0
Hydro,45.4344,2.5496,11.1
Hydro,43.9706,7.3049,7.6
Biomass,45.1106,-0.2861,8.74
Hydro,44.662,2.583,45.0
Hydro,44.9744,2.1934,2.8
Hydro,43.01,-0.973,10.673
Hydro,42.8923,-0.4198,19.739
Biomass,47.5441,0.0063,9.19
Hydro,44.8504,1.9809,2.155
Biomass,43.5635,3.9025,1.954
Hydro,45.2362,5.9815,3.96
Hydro,44.9443,1.9359,5.1
Biomass,43.6896,1.7946,1.021
Hydro,45.8115,5.7724,4.95
Hydro,46.3006,1.8404,13.7
Hydro,43.7033,3.1508,1.67
Hydro,43.3739,6.3755,2.8
Biomass,47.9889,0.2,14.375
Hydro,45.8737,1.3248,2.2
Biomass,49.0361,2.415,17.6
Hydro,42.4418,2.513,8.7
Hydro,43.8103,2.3271,1.25
Biomass,46.2205,0.6375,2.8
Biomass,43.4032,5.3154,3.38
Biomass,43.3404,-0.4283,5.85
Hydro,44.2255,2.1472,1.2
Biomass,48.9314,6.1108,1.008
Biomass,50.3367,3.1689,3.35
Hydro,43.048,-0.886,27.4
Hydro,43.0554,-0.8787,15.909
Biomass,45.8544,1.249,1.5
Hydro,43.0496,2.2393,1.16
Hydro,45.0905,5.9188,15.9
Hydro,44.5968,2.2161,8.1
Biomass,46.6749,5.5582,1.0
Hydro,44.663,2.664,28.6
Hydro,42.7302,0.4323,7.7
Hydro,43.1074,-0.077,1.2
Hydro,43.0418,-0.6556,1.105
Hydro,42.79,0.41,49.3
Biomass,47.0175,-0.1809,2.126
Hydro,42.091,9.316,39.0
Hydro,48.263,4.2773,4.4
Hydro,42.8322,0.0177,3.071
Hydro,42.7199,1.7426,2.06
Hydro,45.618,6.79,297.0
Hydro,48.154,7.589,156.2
Hydro,45.392,2.364,150.0
Hydro,44.499,4.708,295.0
Hydro,44.8722,5.7726,366.0
Hydro,44.734,2.641,910.0
Hydro,43.7514,6.0888,131.8
Biomass,48.4623,1.4458,8.7
Hydro,4.9917,-53.6455,4.48
Hydro,43.167,0.9413,1.8
Hydro,43.877,5.863,55.0
Hydro,45.215,2.038,30.0
Hydro,46.6793,5.778,1.1
Biomass,50.6744,3.0604,1.25
Hydro,47.4421,6.7707,1.7
Hydro,43.458,2.3893,3.317
Hydro,45.801,1.803,56.0
Biomass,-21.32,55.47,11.2
Hydro,44.4975,1.3894,1.96
Hydro,46.5324,-0.7483,1.472
Hydro,49.1081,6.1959,4.0
Hydro,44.6766,4.2604,3.9
Hydro,46.1954,0.7055,14.1
Hydro,43.0912,0.7558,4.7
Hydro,44.1468,2.1715,4.4
Hydro,43.1932,-0.251,1.4
Hydro,44.9731,5.6106,1.2
Hydro,45.0431,6.1821,5.38
Hydro,43.571,2.94,99.0
Hydro,44.0226,1.3638,2.35
Hydro,44.5114,1.9032,2.25
Biomass,43.9523,1.2374,7.6
Biomass,48.3901,2.9618,6.3
Hydro,42.8658,1.7708,1.585
Biomass,43.6132,3.8694,3.666
Hydro,43.7241,2.3217,1.45
Biomass,48.2167,4.2856,2.11
Hydro,45.5313,6.3673,3.81
Biomass,44.0411,-0.8884,12.0
Biomass,49.1679,6.866,1.737
Hydro,45.9191,5.8448,5.8
Hydro,47.0345,6.2758,1.1
Hydro,46.277,5.554,28.0
Hydro,45.4864,6.5373,4.5
Hydro,48.045,7.1421,1.185
Hydro,44.371,6.498,3.6
Hydro,48.5912,6.1369,3.196
Hydro,48.6901,6.176,1.5
Hydro,44.9279,5.8283,7.0
Biomass,43.1651,3.02,2.284
Hydro,42.772,2.213,97.0
Hydro,46.0912,5.3735,2.63
Biomass,43.7123,7.2375,12.992
Biomass,47.5675,5.9482,2.75
Hydro,47.3471,6.7644,4.9
Biomass,50.4288,2.8754,8.325
Hydro,46.7695,6.0355,1.1
Biomass,50.004,3.0158,1.021
Hydro,42.5014,2.2744,5.658
Biomass,43.8445,4.3476,11.382
Hydro,43.921,5.925,187.0
Hydro,47.774,7.523,156.0
Hydro,41.946,8.935,42.5
Hydro,43.5411,2.9176,6.4
Hydro,42.5962,2.2423,10.86
Hydro,41.8407,9.069,1.4
Hydro,43.156,-0.5869,5.7
Hydro,42.804,0.56,30.0
Biomass,44.129,4.8104,1.0
Hydro,42.6757,1.8767,5.2
Hydro,42.689,1.912,88.8
Biomass,47.8825,1.9166,12.0
Hydro,45.0405,5.9651,1.3
Hydro,43.494,-0.7801,1.6
Hydro,45.9203,6.6877,104.0
Hydro,44.479,3.986,109.4
Hydro,44.06,2.769,446.9
Hydro,42.821,0.01,189.2
Hydro,43.3667,-0.5868,2.4
Hydro,45.954,6.7398,3.1
Hydro,42.7179,1.774,2.24
Hydro,46.3411,0.7312,1.152
Hydro,45.506,1.6949,1.2
Hydro,45.702,4.842,84.0
Biomass,44.3609,4.6872,12.0
Hydro,44.07,2.805,66.5
Biomass,48.1802,2.249,4.97
Hydro,48.3118,-2.0078,5.0
Hydro,43.2471,-0.6633,1.236
Hydro,43.0837,0.7971,4.55
Hydro,43.0911,0.6255,7.015
Hydro,43.5311,2.4094,1.573
Hydro,47.3853,6.7628,2.0
Hydro,45.4199,6.0209,13.335
Biomass,44.255,-1.0878,2.5
Hydro,49.1737,1.41,6.09
Hydro,42.5158,1.7918,1.208
Hydro,42.733,0.553,95.0
Hydro,49.2998,1.2407,9.999
Hydro,45.3501,6.7208,4.932
Hydro,42.4199,2.4409,1.16
Hydro,44.514,1.1878,4.7
Hydro,45.7077,6.4651,14.7
Hydro,43.699,6.051,41.0
Hydro,47.9093,-3.1271,1.15
Hydro,45.5436,6.3021,124.2
Hydro,49.906,4.625,808.0
Hydro,48.284,7.678,167.8
Hydro,43.8484,1.7151,1.325
Hydro,48.8003,-0.2895,6.6
Biomass,48.3462,6.6317,6.176
Biomass,47.6292,7.0884,2.71
Hydro,49.9343,4.6924,1.2
Biomass,48.2063,7.2867,1.413
Hydro,43.0584,1.6007,1.5
Hydro,46.0451,4.0801,2.4
Hydro,44.7926,5.4359,1.2
Hydro,44.0273,7.2923,2.008
Biomass,44.4426,4.7873,1.737
Hydro,43.527,5.073,159.0
Hydro,43.692,5.385,141.0
Hydro,45.031,6.079,116.0
Hydro,44.9026,5.7866,101.0
Hydro,44.9026,5.7866,122.0
Hydro,43.737,6.134,132.3
Hydro,44.83,2.74,183.0
Hydro,45.2184,6.4726,145.4
Hydro,44.47,6.269,384.0
Hydro,44.21,5.921,214.0
Hydro,44.945,2.219,106.5
Hydro,48.526,7.797,148.0
Hydro,45.202,6.576,742.3
Hydro,45.7367,3.9618,5.4
Hydro,43.602,6.841,21.7
Hydro,44.047,7.586,50.0
Hydro,45.006,5.687,60.0
Hydro,45.3146,6.2362,8.6
Hydro,43.5066,2.5008,1.094
Biomass,48.4831,3.5535,1.095
Hydro,42.7599,0.5761,1.43
Biomass,47.4739,-0.4858,2.97
Hydro,45.0397,5.8221,11.499
Hydro,45.0453,4.7436,3.0
Hydro,44.9289,6.2441,4.405
Hydro,46.4087,5.8761,1.6
Hydro,43.6597,6.8033,9.6
Hydro,44.2894,6.841,2.56
Hydro,45.7797,1.5295,3.33
Hydro,44.7936,6.0261,4.08
Hydro,45.7102,3.5096,3.6
Biomass,48.3492,-0.5744,1.415
Biomass,43.1196,0.7268,1.74
Hydro,44.4734,2.9816,1.544
Hydro,46.0192,2.8311,8.8
Hydro,45.857,6.741,12.0
Hydro,45.6707,3.6136,1.09
Biomass,48.2434,-2.5508,1.6
Hydro,42.9756,1.1531,4.79
Hydro,45.3235,2.1151,1.0
Biomass,49.5056,0.4998,18.484
Hydro,45.2719,6.3455,3.9
Hydro,46.1387,6.4645,3.673
Hydro,45.2803,6.4175,3.15
Hydro,45.8223,1.7051,10.8
Biomass,45.6956,-0.3948,1.0
Hydro,43.6865,7.1823,2.8
Hydro,44.8849,5.845,2.2
Hydro,45.0098,5.3463,2.4
Hydro,43.0002,1.1292,3.107
Hydro,45.841,1.4954,3.17
Hydro,44.8566,2.3054,2.61
Hydro,43.5567,5.5224,1.49
Biomass,43.6121,4.8564,4.999
Hydro,43.8162,7.1996,8.1
Hydro,43.8448,3.5064,4.6
Hydro,45.2201,4.1348,12.3
Hydro,44.7984,6.1126,10.0
Hydro,43.7915,-0.4666,1.49
Biomass,48.9097,2.3332,13.4
Hydro,44.559,6.8207,3.61
Biomass,-21.325,55.4909,2.13
Hydro,45.9602,1.6139,6.4
Hydro,46.0634,6.3723,6.0
Hydro,46.3045,3.306,1.825
Hydro,45.8977,1.3959,2.13
Biomass,43.3561,-1.5553,1.119
Biomass,45.2776,5.548,1.8
Hydro,45.3876,6.2382,1.348
Biomass,46.8024,0.6456,1.065
Hydro,44.821,4.5719,1.496
Hydro,43.7594,1.6866,1.586
Biomass,48.8642,2.6766,11.52
Hydro,45.3454,6.2602,4.326
Biomass,49.3814,1.09,1.105
Hydro,43.787,5.774,97.0
Hydro,45.2106,5.96,2.875
Hydro,45.5844,6.9414,6.2
Hydro,44.7999,2.7431,1.9
Biomass,50.8923,2.1517,1.5
Hydro,45.3191,6.2942,11.8
Biomass,-20.9511,55.5908,1.898
Biomass,45.3441,4.8089,14.6
Hydro,44.138,5.979,88.0
Hydro,44.4131,4.3317,1.12
Biomass,48.9903,2.3813,4.4
Hydro,45.2129,5.6513,10.1
Biomass,45.6828,5.1256,1.064
Hydro,45.846,5.418,45.0
Biomass,47.7822,7.4003,11.7
Hydro,46.372,5.642,44.0
Hydro,44.817,5.908,76.0
Hydro,42.5155,2.1488,14.528
Hydro,43.4532,2.5599,1.35
Hydro,43.2269,1.5735,1.05
Hydro,43.5842,2.1714,1.042
Biomass,48.8174,7.7393,2.4
Biomass,43.3933,5.3809,3.326
Hydro,42.5763,2.3226,4.447
Hydro,45.1402,2.0225,4.6
Hydro,45.971,5.834,45.0
Hydro,46.054,6.8123,1.765
Biomass,48.6452,2.708,1.415
Biomass,47.5131,0.4774,1.26
Hydro,47.328,6.8684,1.1
Hydro,42.953,-0.069,57.0
Hydro,42.9494,-0.0718,1.05
Biomass,48.5716,7.7678,19.446
Hydro,44.537,2.6555,1.246
Hydro,44.7187,2.4077,1.08
Biomass,42.1844,9.4658,1.688
Hydro,42.847,1.595,1.7
Hydro,46.2627,2.517,5.5
Hydro,44.0996,7.5403,3.2
Hydro,42.553,2.267,41.1
Biomass,49.0533,6.6686,2.72
Hydro,43.6459,1.9251,1.55
Hydro,42.5036,2.23,7.83
Hydro,43.0833,0.9816,1.925
Hydro,43.596,1.4323,9.01
Hydro,45.6665,6.4618,1.2
Hydro,45.347,2.349,22.0
Hydro,44.06,2.769,27.0
Hydro,44.845,0.633,32.0
Hydro,45.5271,3.3419,9.3
Hydro,45.4242,1.5653,2.8
Hydro,45.213,6.721,357.0
Hydro,48.0201,7.5743,140.5
Hydro,46.397,5.666,285.0
Hydro,45.416,2.372,30.0
Hydro,43.0886,0.7013,8.2
Hydro,45.1232,6.4235,1.88
Hydro,44.4003,4.4055,1.2
Biomass,48.6807,2.5625,2.7
Hydro,43.0551,1.6343,2.1
Hydro,47.3405,6.9306,6.3
Hydro,45.495,4.826,72.0
Hydro,45.1153,5.8407,1.079
Biomass,48.5244,2.6979,14.302
Biomass,43.971,4.9031,4.64
Hydro,45.6866,6.418,9.0
Biomass,48.584,2.3673,21.166
Hydro,45.0001,6.3639,4.659
Hydro,45.2454,5.889,1.875
Hydro,45.7274,6.5193,8.4
Hydro,45.5574,6.8693,9.3
Hydro,44.0976,2.7161,11.26
Hydro,44.3499,2.0311,1.134
Biomass,45.9872,4.7309,7.823
Biomass,48.6784,2.2233,3.605
Hydro,42.9429,-0.0167,8.2
Hydro,44.0797,1.2896,1.468
Hydro,45.9869,4.0494,58.0
Hydro,45.987,4.048,58.0
Biomass,49.2885,2.493,14.3
Hydro,43.725,5.827,32.5
Biomass,46.2508,5.2232,1.39
Hydro,48.0106,7.5852,2.7
Hydro,45.2928,1.4406,2.82
Hydro,45.2787,2.9771,1.241
Hydro,41.8845,9.167,3.4
Hydro,48.093,6.62,1.005
Hydro,45.4523,6.3254,5.88
Hydro,48.163,6.4795,1.15
Biomass,48.4218,2.1378,2.126
Biomass,49.8907,4.4031,1.48
Biomass,49.38,0.6558,1.063
Biomass,5.1636,-52.6702,2.0
Hydro,5.0627,-53.0476,113.6
Hydro,0.455,10.281,57.6
Hydro,-1.7733,13.552,160.0
Hydro,0.621,10.407,68.4
Hydro,41.5841,41.8903,16.0
Hydro,41.7914,43.302,21.0
Hydro,42.2629,42.9582,80.0
Hydro,42.3202,42.704,68.8
Hydro,42.7584,42.0309,1300.0
Hydro,41.5489,44.1235,112.0
Hydro,41.5461,44.1277,110.0
Hydro,42.589,42.8519,113.0
Hydro,41.6831,44.8266,18.0
Hydro,42.2006,42.7258,48.0
Hydro,41.7048,44.9328,14.0
Hydro,42.3637,43.0034,38.4
Hydro,42.6524,41.7619,220.0
Hydro,42.1545,42.7088,256.0
Hydro,41.8226,44.76,36.2
Hydro,42.1349,44.7721,130.0
Hydro,51.5365,14.3829,17.8
Hydro,48.1769,12.8405,45.0
Hydro,48.3067,11.8588,27.0
Biomass,50.1294,8.7679,12.4
Biomass,48.7912,11.5068,15.1
Biomass,51.604,7.2508,14.0
Biomass,51.614,7.4813,20.0
Biomass,51.637,7.6188,17.7
Biomass,50.0226,8.3772,12.6
Biomass,52.3048,13.636,17.1
Biomass,49.5164,8.4602,17.9
Hydro,48.7508,11.2732,23.7
Hydro,48.7359,11.0209,18.9
Hydro,51.0932,7.8627,15.0
Biomass,48.6285,10.2009,14.0
Biomass,53.3,14.25,17.8
Biomass,48.397,9.9648,13.2
Biomass,50.4978,11.6562,12.9
Biomass,49.5154,9.3252,28.4
Biomass,51.9201,11.8018,10.2
Biomass,51.5152,12.3248,40.0
Biomass,52.8515,13.7781,20.0
Biomass,48.6283,10.2008,15.7
Biomass,51.4662,13.5046,12.6
Biomass,52.1827,14.2584,18.3
Biomass,51.4901,10.4129,53.5
Biomass,51.8554,6.8887,11.4
Biomass,53.1511,12.3771,19.7
Biomass,51.8848,8.9567,19.9
Biomass,49.9713,8.0606,12.4
Biomass,48.4933,11.1766,9.6
Biomass,51.205,6.7085,12.1
Biomass,50.7021,8.0732,14.0
Biomass,49.0115,9.6718,18.8
Biomass,53.7419,12.783,9.8
Biomass,51.35,7.45,20.0
Biomass,51.8712,12.6185,18.1
Biomass,51.4899,10.4131,18.1
Hydro,48.7345,11.1438,20.2
Hydro,50.5244,11.7144,79.8
Biomass,49.9882,9.1558,2.0
Hydro,48.0638,10.1284,50.0
Hydro,47.7393,10.8257,10.3
Hydro,48.5275,9.3488,11.0
Hydro,49.8109,6.8439,24.0
Hydro,48.634,12.4837,15.0
Hydro,47.8002,10.9026,16.6
Biomass,53.2656,13.95,20.0
Biomass,51.4067,8.6012,18.0
Hydro,48.3206,13.3161,40.4
Hydro,48.3586,11.8822,26.0
Hydro,48.5967,10.8789,9.7
Biomass,53.3422,7.2062,20.0
Biomass,53.149,12.3797,18.6
Hydro,49.9767,7.1278,18.4
Hydro,48.2935,13.1585,36.5
Hydro,51.8991,9.9245,220.0
Hydro,48.6961,12.7978,12.6
Hydro,48.5584,10.4118,10.1
Hydro,50.1239,7.2259,16.4
Hydro,47.9609,12.1561,38.2
Hydro,48.154,12.3111,25.0
Hydro,53.426,10.3359,119.1
Hydro,48.9748,12.344,25.0
Hydro,50.5098,11.0209,1052.0
Hydro,48.6225,12.398,14.8
Biomass,52.4253,13.5173,16.5
Biomass,47.7971,10.8587,9.8
Hydro,50.6286,6.4518,16.0
Biomass,48.8971,8.725,12.3
Hydro,51.1671,9.0468,40.0
Hydro,50.6038,11.4752,377.6
Hydro,47.7546,8.1879,100.0
Hydro,48.6032,10.5827,10.0
Hydro,48.7503,11.4122,19.8
Hydro,48.5196,13.7085,66.0
Hydro,47.5699,7.8101,46.7
Hydro,47.5524,7.6581,37.9
Biomass,51.9154,8.4003,12.1
Biomass,49.2613,11.4516,15.6
Hydro,48.5797,13.4083,53.7
Hydro,48.084,10.8649,16.7
Hydro,50.3659,7.5817,16.0
Hydro,51.4105,7.4531,153.0
Hydro,46.9684,10.0599,247.0
Hydro,48.1539,12.6524,18.5
Hydro,47.6178,8.1926,150.0
Hydro,49.53,12.2848,127.0
Hydro,48.6679,12.66,12.6
Biomass,52.577,9.1101,20.0
Hydro,47.5559,8.0494,104.4
Hydro,50.2747,7.459,20.0
Hydro,47.8739,11.871,136.0
Hydro,50.5194,12.8798,1045.2
Hydro,48.547,10.8651,11.3
Hydro,48.2704,10.9773,12.0
Hydro,52.5219,10.3604,16.4
Hydro,47.9963,11.4854,11.2
Biomass,53.5319,10.0746,20.0
Hydro,50.0874,7.1358,16.4
Hydro,48.2486,12.6883,26.1
Hydro,48.6039,12.3023,16.2
Hydro,51.0915,13.6098,39.8
Hydro,47.7447,12.1357,36.6
Hydro,47.6413,12.199,30.0
Hydro,47.5547,11.2914,12.8
Hydro,48.6464,10.8791,11.9
Hydro,50.0531,9.5814,164.0
Hydro,49.9523,6.1783,1096.0
Hydro,48.5533,13.4337,43.2
Hydro,47.9536,12.7499,19.4
Hydro,48.4413,11.9923,22.3
Hydro,49.7943,10.1813,12.6
Hydro,47.6927,10.7976,19.2
Hydro,48.2106,10.9049,12.1
Hydro,48.505,9.2869,90.0
Hydro,51.2248,7.9928,138.0
Hydro,47.5863,8.1321,79.5
Hydro,48.6924,10.8978,10.9
Hydro,48.8314,8.1122,146.0
Hydro,47.5714,8.3383,19.0
Hydro,47.5854,7.8327,30.0
Hydro,47.5585,7.9557,36.8
Hydro,47.8383,12.1533,35.1
Hydro,47.6515,10.7355,45.5
Hydro,48.6732,8.3557,65.0
Biomass,49.5349,8.4636,59.2
Hydro,48.1802,10.8833,12.2
Hydro,48.1484,10.867,12.0
Hydro,50.6285,6.4791,14.0
Hydro,48.4356,13.4415,48.0
Hydro,49.567,6.5923,12.1
Hydro,48.2493,12.8647,23.2
Biomass,49.0393,8.3113,78.0
Hydro,48.8966,12.5575,21.5
Hydro,47.5654,7.954,360.0
Hydro,48.008,10.1185,12.3
Hydro,48.0574,12.2209,25.0
Hydro,49.728,6.6245,18.8
Hydro,48.2518,12.5873,85.3
Hydro,47.8032,10.9043,10.5
Biomass,53.0867,14.3194,13.3
Biomass,52.0778,13.5173,16.0
Hydro,48.2374,10.9272,12.4
Hydro,48.0613,10.1284,14.2
Hydro,48.4735,11.9548,25.0
Hydro,48.5152,12.101,18.0
Hydro,47.716,10.8258,10.1
Hydro,48.7781,11.6012,23.3
Hydro,47.5985,8.171,24.0
Hydro,47.6314,11.3371,124.0
Hydro,51.1671,9.0468,480.0
Hydro,51.1671,9.0468,143.0
Hydro,48.057,12.2207,24.1
Hydro,47.6453,7.9182,910.0
Hydro,51.7422,10.9188,79.7
Biomass,51.9848,9.8228,16.8
Biomass,48.267,9.7262,21.2
Hydro,53.0611,8.8649,9.9
Biomass,50.0405,8.2532,31.7
Hydro,49.8798,6.9488,20.0
Hydro,47.6879,8.2516,220.0
Biomass,52.7271,12.0112,138.9
Hydro,49.9511,7.0232,13.6
Biomass,48.4554,11.7995,528.0
Hydro,6.2998,0.0594,1038.0
Hydro,8.1822,-2.1661,400.0
Hydro,6.1201,0.1255,160.0
Hydro,40.4738,22.2421,108.0
Hydro,40.0966,21.8039,154.0
Hydro,38.7413,21.3654,320.0
Hydro,38.8904,21.4996,437.0
Hydro,37.7654,21.9829,70.0
Hydro,39.2514,20.8657,10.0
Hydro,39.4646,21.3021,160.0
Hydro,40.5664,21.6759,320.0
Hydro,39.6871,20.8421,210.0
Hydro,39.2413,21.7479,130.0
Hydro,41.3371,24.4546,108.0
Hydro,40.3013,22.1004,124.0
Hydro,39.1871,21.0263,334.0
Hydro,40.3954,22.1913,315.0
Hydro,39.1463,22.0629,10.0
Hydro,38.6788,21.3254,150.0
Hydro,39.3136,21.413,160.0
Hydro,41.3537,24.3629,381.0
Hydro,14.29,-90.505,90.0
Biomass,14.12,-90.93,119.0
Hydro,15.4,-89.763,4.6
Hydro,15.28,-90.491,300.0
Hydro,15.44,-89.74,9.7
Biomass,14.33,-90.787,27.5
Hydro,14.69,-91.532,48.1
Hydro,14.36,-90.91,3.5
Hydro,14.18,-90.603,11.0
Hydro,14.66,-91.628,3.8
Biomass,14.54,-91.588,33.4
Hydro,14.96,-91.945,2.3
Hydro,14.65,-91.573,26.0
Hydro,14.33,-90.749,2.0
Hydro,14.39,-90.711,60.0
Biomass,14.27,-91.096,78.0
Hydro,14.76,-90.5,39.0
Hydro,14.25,-90.277,15.0
Biomass,14.35,-91.065,28.0
Biomass,14.12,-90.932,145.0
Hydro,15.11,-90.191,12.0
Hydro,14.67,-91.547,13.5
Hydro,15.59,-89.728,26.1
Hydro,14.4,-90.703,5.8
Biomass,14.49,-91.398,76.9
Hydro,15.5,-90.874,85.0
Hydro,14.56,-91.363,7.3
Biomass,14.33,-90.993,82.0
Hydro,15.06,-89.711,12.8
Hydro,14.32,-90.463,12.5
Hydro,15.5,-90.174,68.1
Hydro,15.36,-88.726,10.0
Biomass,14.37,-90.806,5.0
Hydro,15.1,-90.118,3.9
Biomass,14.24,-90.842,104.5
Biomass,14.35,-91.064,44.0
Hydro,14.72,-91.523,6.0
Hydro,15.3,-90.143,17.0
Hydro,15.41,-89.779,16.5
Biomass,14.15,-90.841,86.8
Biomass,14.51,-91.586,50.0
Hydro,15.6,-90.398,2.1
Hydro,15.62,-91.085,94.0
Hydro,10.9333,-14.3,45.0
Hydro,9.95,-12.995,15.0
Hydro,10.5283,-12.6635,75.0
Hydro,9.9211,-13.0986,28.32
Hydro,10.4627,-13.2765,240.0
Hydro,10.75,-11.1167,15.0
Biomass,5.8803,-57.1497,30.0
Biomass,15.2834,-87.8882,4.0
Hydro,14.9816,-88.0232,29.0
Biomass,15.4065,-88.0008,26.0
Hydro,15.1891,-85.7507,6.1
Hydro,15.2517,-87.5725,12.8
Hydro,15.6056,-88.1572,8.0
Hydro,14.7792,-88.3486,22.5
Hydro,15.0293,-87.7455,300.0
Hydro,14.2247,-88.1607,12.8
Hydro,15.7544,-86.3632,6.0
Biomass,13.2432,-87.3529,12.0
Hydro,15.5598,-87.2165,5.2
Hydro,13.6869,-87.3605,30.0
Hydro,15.0404,-87.982,80.0
Hydro,15.0615,-85.8342,2.77
Biomass,14.248,-86.9936,8.0
Hydro,64.5386,-21.695,8.0
Hydro,65.4158,-19.8198,150.0
Hydro,64.1052,-19.8335,270.0
Hydro,64.2355,-19.3707,95.0
Hydro,64.9471,-15.7931,690.0
Hydro,64.2009,-19.2406,210.0
Hydro,65.5069,-14.3656,27.0
Hydro,65.8182,-17.314,14.0
Hydro,64.0944,-21.0107,14.6
Hydro,64.1733,-19.1272,150.0
Hydro,64.129,-21.0266,26.0
Hydro,64.1672,-19.6212,120.0
Hydro,64.1966,-19.0341,90.0
Hydro,64.0875,-21.0077,48.0
Hydro,10.4547,77.0078,60.0
Hydro,32.2258,77.207,192.0
Hydro,16.33,75.8863,290.0
Hydro,31.2717,76.4938,134.0
Hydro,31.2412,77.8769,16.95
Biomass,18.0845,76.1851,10.0
Biomass,19.5867,74.7061,17.0
Biomass,16.7708,74.9191,24.0
Biomass,16.2804,75.225,28.0
Hydro,33.1815,75.3155,450.0
Hydro,32.8063,76.1418,180.0
Hydro,18.1396,82.1221,510.0
Hydro,32.1686,76.4695,12.0
Hydro,24.1917,81.2875,315.0
Hydro,24.1917,81.2875,30.0
Hydro,24.1917,81.2875,60.0
Hydro,24.223,81.2747,20.0
Hydro,22.9417,79.925,90.0
Hydro,31.4306,78.241,300.0
Hydro,31.9546,76.7986,66.0
Biomass,16.6505,74.8209,22.8
Biomass,16.2774,74.7111,15.0
Hydro,13.7008,75.6373,26.0
Hydro,31.4107,76.4328,1379.0
Biomass,21.0813,79.7708,10.0
Hydro,19.5555,73.8087,34.0
Hydro,18.1012,73.7252,16.0
Hydro,19.5132,73.4173,15.0
Hydro,11.331,77.758,30.0
Hydro,11.2428,77.8659,30.0
Hydro,11.3842,77.7145,30.0
Hydro,18.455,73.3907,300.0
Hydro,18.4426,73.3498,80.0
Hydro,18.9368,73.4527,75.0
Biomass,25.2267,74.6216,10.0
Hydro,32.1121,76.6537,6.0
Hydro,23.3256,81.0333,20.0
Hydro,32.4584,76.532,70.0
Hydro,32.4734,76.2552,300.0
Hydro,32.5966,75.9857,540.0
Hydro,32.4733,76.44,231.0
Hydro,32.7369,76.2477,36.0
Hydro,11.4645,76.0376,3.75
Hydro,32.9578,75.1705,32.8
Hydro,30.5559,77.7915,240.0
Hydro,29.976,78.2203,144.0
Hydro,34.4903,76.1137,44.0
Hydro,27.2093,88.6659,110.0
Biomass,16.5471,77.0825,24.0
Biomass,18.4271,74.6338,30.0
Biomass,14.3277,75.8808,24.0
Hydro,31.4133,76.8686,990.0
Hydro,30.4561,77.7368,33.75
Hydro,30.4354,77.6821,51.0
Hydro,29.8783,80.5727,280.0
Hydro,27.4028,88.5247,96.0
Biomass,19.4496,75.0382,12.96
Hydro,17.8994,81.8296,25.0
Hydro,26.2325,94.2612,75.0
Hydro,16.3537,74.0095,24.0
Biomass,14.6284,75.8448,22.0
Hydro,33.3691,75.7985,390.0
Hydro,19.7197,76.733,22.5
Hydro,32.2417,76.2787,10.5
Hydro,34.2236,74.7781,15.0
Hydro,24.6997,75.5529,115.0
Hydro,31.268,76.492,77.65
Hydro,31.5425,77.7786,22.5
Hydro,16.1424,74.6447,32.0
Hydro,19.5334,73.6509,250.0
Hydro,30.5307,77.4968,60.0
Hydro,23.4263,91.8223,15.0
Hydro,15.2615,76.3379,36.0
Biomass,16.6038,74.4045,24.0
Hydro,22.604,82.5977,120.0
Biomass,17.1202,76.4004,25.5
Biomass,19.2829,77.1384,18.9
Hydro,21.5337,83.8754,347.5
Biomass,13.9808,76.6279,25.0
Hydro,10.207,76.7137,75.0
Hydro,9.8503,77.0555,780.0
Hydro,22.2791,76.4728,1000.0
Hydro,25.0369,75.6778,99.0
Biomass,27.601,72.2242,50.0
Hydro,27.0297,88.8747,36.0
Hydro,14.2273,74.7994,139.2
Hydro,27.1598,88.2924,96.0
Hydro,10.4104,77.0435,400.0
Hydro,23.3045,73.8254,240.0
Hydro,14.8901,74.3916,150.0
Hydro,9.3275,76.9717,50.0
Hydro,15.2761,74.5268,855.0
Hydro,15.2761,74.5268,100.0
Hydro,8.9553,77.0697,15.0
Hydro,17.7384,73.917,4.0
Biomass,17.1657,74.2459,16.0
Hydro,25.9552,92.5171,100.0
Hydro,31.5156,78.1073,1000.0
Hydro,34.5605,76.1299,3.75
Biomass,14.7753,75.3131,18.0
Hydro,18.3803,73.6116,16.0
Hydro,25.5177,92.6679,50.0
Hydro,30.3508,77.6017,72.0
Hydro,28.9232,80.0243,41.4
Hydro,30.5085,77.8001,120.0
Hydro,18.7817,73.3558,72.0
Hydro,34.649,74.7514,330.0
Biomass,12.4806,77.0411,26.0
Hydro,14.955,74.5904,120.0
Hydro,8.5319,77.3125,100.0
Hydro,31.382,76.8761,800.0
Biomass,16.0327,74.4583,20.0
Biomass,16.589,74.2993,20.0
Biomass,16.689,74.1201,17.5
Biomass,12.1056,76.7606,16.0
Hydro,25.5177,92.6679,200.0
Biomass,12.702,76.9787,26.0
Hydro,26.497,86.9549,20.0
Hydro,30.2594,78.4971,400.0
Hydro,31.268,76.492,77.65
Hydro,17.4599,73.684,1956.0
Hydro,30.4289,77.6296,30.0
Hydro,11.2861,76.6511,555.0
Biomass,16.2651,75.5302,16.5
Hydro,9.9356,77.1068,21.0
Hydro,11.5484,75.8988,125.0
Hydro,11.5484,75.8988,100.0
Hydro,25.7848,91.7895,60.0
Hydro,31.7196,77.212,126.0
Hydro,14.1704,74.8388,55.0
Biomass,17.4462,75.7161,31.5
Hydro,24.587,93.6696,105.0
Hydro,34.2189,74.5281,105.0
Hydro,16.3125,77.7773,240.0
Hydro,11.6425,77.7583,120.0
Hydro,9.9624,76.957,180.0
Hydro,17.8608,81.6814,460.0
Hydro,18.5323,82.4645,114.75
Hydro,12.2135,77.0225,4.5
Hydro,25.5623,77.8348,60.0
Biomass,20.8558,78.5814,15.0
Hydro,23.5443,74.5062,140.0
Hydro,23.7872,86.8284,63.2
Hydro,32.0041,77.2494,186.0
Hydro,15.3773,76.4591,9.0
Hydro,30.7294,78.4238,394.0
Hydro,13.6763,75.0462,9.0
Hydro,19.2345,73.8144,6.0
Hydro,9.3294,76.8798,12.0
Hydro,25.1001,78.3717,30.6
Hydro,11.8014,77.8085,250.0
Hydro,11.6137,76.6919,36.0
Hydro,31.9553,75.836,207.0
Hydro,15.2666,76.3288,28.3
Biomass,15.8555,75.1002,11.2
Hydro,25.2354,92.2279,126.0
Hydro,16.5678,79.3442,815.6
Hydro,16.626,79.4909,50.0
Biomass,21.0582,79.485,10.0
Biomass,20.8062,79.0548,18.9
Biomass,22.9649,78.8132,10.0
Hydro,16.2365,76.3369,11.6
Hydro,9.9533,76.9792,45.0
Hydro,31.564,77.98,1500.0
Hydro,26.0132,91.8239,40.0
Hydro,34.2154,77.1842,45.0
Hydro,18.2172,77.9576,10.0
Hydro,27.5882,91.981,6.0
Hydro,16.5697,79.3389,60.0
Hydro,16.5697,79.3389,90.0
Hydro,24.4375,82.9655,99.0
Hydro,22.2418,76.1619,520.0
Hydro,19.4834,75.3696,12.0
Hydro,10.0314,77.0548,37.5
Hydro,23.6815,86.7473,80.0
Hydro,9.9731,77.0281,30.0
Hydro,8.7065,77.3627,32.0
Hydro,31.7398,77.2576,520.0
Biomass,18.9057,76.7282,30.0
Hydro,27.2387,93.8107,110.0
Hydro,11.3646,76.6045,30.0
Hydro,29.9274,78.0415,20.4
Hydro,18.6814,73.4948,10.0
Hydro,21.4813,79.2086,160.0
Hydro,14.6859,77.7147,20.0
Hydro,9.6266,77.1905,161.0
Hydro,18.9766,78.2563,36.0
Hydro,31.9667,75.9469,396.0
Hydro,10.3118,76.617,32.0
Hydro,10.3118,76.617,16.0
Hydro,16.3328,77.7036,234.0
Hydro,16.7739,80.0525,120.0
Hydro,23.1975,86.097,900.0
Hydro,11.5336,76.6011,59.2
Hydro,11.5336,76.6011,150.0
Hydro,24.9174,75.5794,172.0
Hydro,16.4072,73.9616,4.8
Hydro,24.7635,78.2322,45.0
Biomass,12.7145,77.4524,11.0
Hydro,29.5169,78.7574,198.0
Hydro,27.114,88.1376,50.0
Hydro,31.4,77.5927,412.02
Hydro,27.3426,93.8168,405.0
Hydro,27.2949,88.2921,60.0
Biomass,18.5354,76.245,12.5
Hydro,32.4404,75.7305,600.0
Hydro,21.2759,85.0355,250.0
Hydro,24.1778,83.0361,300.0
Hydro,25.1732,75.832,6.0
Hydro,21.8376,73.7559,250.0
Hydro,21.8301,73.7501,1200.0
Hydro,9.3098,77.0727,300.0
Biomass,17.708,75.1361,18.0
Hydro,33.142,74.8097,690.0
Biomass,16.3918,75.0411,24.0
Biomass,17.1354,74.4272,19.7
Biomass,16.9171,74.4821,10.0
Biomass,16.881,74.5898,12.5
Hydro,31.2642,78.4835,120.0
Biomass,16.2478,74.5003,26.0
Hydro,10.4558,76.8302,30.0
Biomass,19.6125,74.1924,16.0
Hydro,9.976,77.0309,48.0
Hydro,8.6895,77.3048,20.0
Hydro,32.6762,75.8215,120.0
Hydro,32.6029,75.9006,9.0
Hydro,31.9894,76.8072,110.0
Hydro,14.2352,74.7673,1035.0
Hydro,14.2352,74.7673,240.0
Hydro,12.3409,77.1906,17.2
Biomass,16.7493,74.5854,36.0
Hydro,10.3046,76.7305,54.0
Hydro,10.3575,76.879,70.0
Biomass,15.6933,74.7162,22.0
Biomass,17.8676,74.8405,20.0
Hydro,18.6609,78.0876,15.0
Hydro,12.3082,77.165,42.0
Biomass,19.3804,74.8397,16.0
Hydro,30.2313,78.7924,330.0
Hydro,16.0869,78.9007,770.0
Hydro,16.0929,78.9118,900.0
Hydro,33.9594,77.7142,4.0
Hydro,23.457,85.555,130.0
Hydro,9.62,77.2726,35.0
Hydro,19.9214,73.0575,6.0
Hydro,15.2615,76.3379,36.0
Hydro,29.0057,80.0946,94.2
Hydro,27.3403,88.2332,97.0
Hydro,22.5616,77.9635,13.5
Hydro,26.4875,88.3155,67.5
Hydro,27.2517,88.4604,510.0
Hydro,26.9279,88.4562,160.0
Hydro,27.0017,88.443,132.0
Hydro,27.5981,88.6505,1200.0
Hydro,30.3787,78.4795,1000.0
Hydro,32.659,76.7817,4.5
Hydro,15.8094,74.1588,60.0
Hydro,24.3249,85.5198,4.0
Hydro,24.3588,92.8837,60.0
Biomass,15.6609,76.8756,28.0
Hydro,32.3367,75.5819,91.35
Hydro,27.2614,88.5572,8.0
Hydro,18.0723,75.1197,12.0
Hydro,21.2323,73.5917,5.0
Hydro,21.2478,73.5866,300.0
Hydro,25.6593,91.9003,96.0
Hydro,26.0069,91.8114,11.2
Hydro,19.4269,82.8594,600.0
Hydro,18.8315,82.5934,320.0
Hydro,18.0313,82.0179,240.0
Hydro,34.198,75.1245,105.0
Hydro,34.1442,74.1857,480.0
Hydro,34.0921,74.0318,240.0
Hydro,11.3727,76.0584,3.75
Hydro,10.0537,77.5905,13.5
Hydro,19.7674,73.502,60.0
Hydro,13.6576,74.9484,460.0
Biomass,17.7382,75.3218,19.8
Hydro,18.121,74.0968,9.0
Hydro,30.5669,79.5468,400.0
Hydro,17.1401,73.866,16.0
Hydro,30.3033,77.5684,62.4
Biomass,17.1653,74.2456,16.0
Hydro,2.5113,99.259,180.0
Hydro,-3.1141,119.6042,126.0
Hydro,-2.5213,121.357,130.0
Hydro,-6.6247,107.5564,3.85
Hydro,-4.9822,104.8051,92.8
Hydro,-5.2779,119.5817,20.1
Hydro,-6.9039,107.6186,19.2
Hydro,-6.7004,107.3671,1008.0
Hydro,-7.7201,111.6715,3.2
Hydro,-8.1408,111.1317,2.7
Hydro,-6.523,107.389,186.0
Hydro,-7.5097,109.2778,8.04
Hydro,-7.0069,110.7964,1.117
Hydro,0.2905,100.8814,114.0
Hydro,-6.9039,107.6186,18.9
Hydro,-6.9039,107.6186,19.56
Hydro,-2.8194,121.5783,165.0
Hydro,3.0824,98.065,82.0
Hydro,-8.1613,112.2173,4.5
Hydro,-0.2923,100.152,123.0
Hydro,-7.854,112.3316,23.0
Hydro,-3.766,102.435,215.475
Hydro,-7.7891,111.6167,2.2
Hydro,-7.3927,109.6054,180.9
Hydro,-7.5694,109.8006,1.4
Hydro,-6.9039,107.6186,6.87
Hydro,-3.5156,115.0074,30.0
Hydro,-6.9126,107.3663,700.72
Hydro,-7.4733,109.3331,1.0
Hydro,-8.1764,112.551,29.0
Hydro,-7.4764,110.2622,1.4
Hydro,2.5196,99.2793,286.0
Hydro,-0.6909,100.6034,175.0
Hydro,1.7427,98.7792,50.0
Hydro,-8.1606,112.4443,105.0
Hydro,2.5479,99.3028,317.0
Hydro,-6.9485,110.4069,12.0
Hydro,-8.0657,111.9025,36.0
Hydro,-6.9039,107.6186,18.36
Hydro,-8.0776,112.3311,54.0
Hydro,-8.1136,112.2869,6.3
Hydro,35.9564,51.089,90.0
Hydro,32.6053,48.464,520.0
Hydro,27.0517,53.6208,10.0
Hydro,38.8658,46.5308,130.0
Hydro,28.678,57.7406,32.0
Hydro,35.807,51.7914,115.5
Hydro,32.4858,48.1341,400.0
Hydro,31.8055,50.0893,2000.0
Hydro,31.6001,50.471,765.0
Hydro,32.453,50.147,39.0
Hydro,35.7898,51.6785,45.0
Hydro,30.5959,50.2417,75.0
Hydro,32.029,49.399,2000.0
Hydro,36.7434,49.4022,87.0
Hydro,33.2923,47.1982,480.0
Hydro,32.0549,49.607,2000.0
Hydro,38.9669,48.0733,13.0
Hydro,36.2179,51.3047,1040.0
Hydro,32.2607,48.9241,1016.0
Hydro,34.5649,44.5156,27.0
Hydro,35.1129,45.7053,248.0
Hydro,35.9542,44.571,400.0
Hydro,34.207,42.355,660.0
Hydro,34.1115,44.9737,50.0
Hydro,36.6254,42.8178,1052.0
Hydro,36.6254,42.8179,62.0
Hydro,34.1943,43.8542,75.0
Hydro,52.7056,-8.6128,86.0
Hydro,51.8833,-8.6333,27.0
Hydro,53.0242,-6.4164,292.0
Biomass,53.2735,-8.0403,137.0
Hydro,44.4742,7.0183,19.0
Hydro,37.1183,15.1394,500.0
Hydro,46.1507,9.6301,56.0
Hydro,45.7089,7.1399,126.5
Hydro,44.1705,11.0888,281.0
Hydro,42.6564,12.2358,80.0
Hydro,45.9955,10.5229,95.0
Hydro,46.7782,11.6321,89.0
Hydro,46.2921,8.3038,68.0
Hydro,41.4686,14.1454,113.0
Hydro,46.4927,11.3336,121.0
Hydro,46.6253,10.9159,87.0
Hydro,39.9888,15.8085,83.0
Hydro,46.0767,10.3496,130.0
Hydro,46.6487,11.0051,175.0
Hydro,46.3128,9.3963,60.0
Hydro,45.9422,10.6403,229.9
Hydro,46.3371,10.6129,98.0
Hydro,46.171,10.348,950.0
Hydro,44.2256,7.3817,125.0
Hydro,44.2256,7.3842,1064.0
Hydro,45.9767,12.3033,210.0
Hydro,42.5427,12.7208,295.0
Hydro,45.6891,10.6609,137.2
Hydro,46.286,10.2653,655.0
Hydro,37.9544,13.2808,80.0
Hydro,45.0911,9.9052,76.0
Hydro,46.4394,9.3595,117.6
Hydro,46.6124,11.1559,120.0
Hydro,46.2693,9.8692,188.0
Hydro,39.0095,16.6206,75.0
Hydro,46.3063,9.3823,164.34
Hydro,46.1556,9.6439,56.0
Hydro,42.5831,13.6383,110.0
Hydro,39.4929,16.3838,101.44
Hydro,45.0253,6.8573,150.0
Hydro,44.9121,9.3444,92.0
Hydro,41.3816,14.0903,1005.0
Hydro,44.55,11.1,139.0
Hydro,45.8858,10.8412,117.0
Hydro,46.0702,8.7339,1000.0
Hydro,45.4837,7.3693,135.0
Hydro,46.0442,10.3521,544.0
Hydro,42.785,13.5111,490.0
Hydro,46.0677,10.9826,377.0
Hydro,46.6879,10.5466,101.6
Hydro,46.3706,13.0436,220.0
Hydro,46.169,9.8691,144.0
Hydro,46.2083,12.3031,213.5
Hydro,46.3346,11.0643,161.0
Hydro,40.1272,9.1402,240.0
Hydro,39.1756,16.7808,395.0
Hydro,45.8695,10.8756,110.0
Hydro,44.1264,10.3934,67.0
Hydro,45.8249,7.3255,130.0
Hydro,45.1623,7.0085,230.0
Hydro,46.1596,9.935,327.1
Hydro,42.0154,14.3535,60.0
Hydro,18.4122,-77.0696,4.8
Hydro,18.1598,-77.7609,6.4
Hydro,18.3751,-77.0514,3.6
Hydro,36.1325,137.7182,623.0
Hydro,37.453,139.6019,460.0
Hydro,35.3246,138.1796,87.0
Hydro,32.195,131.323,180.0
Hydro,42.9157,141.1537,50.0
Hydro,33.7657,133.3411,615.0
Hydro,35.2121,138.2246,62.0
Hydro,34.0412,135.9753,350.0
Hydro,36.8295,139.6632,1050.0
Hydro,42.9871,141.1562,120.0
Hydro,36.0335,138.7054,470.0
Hydro,35.7175,138.8742,800.0
Hydro,34.8806,135.8463,466.0
Hydro,35.2624,133.4918,1200.0
Hydro,35.7329,137.1396,288.0
Hydro,35.7329,137.1396,66.0
Hydro,36.1379,136.9104,215.0
Hydro,36.1538,137.7463,245.0
Hydro,34.5625,132.5167,620.0
Hydro,35.8894,136.6881,220.0
Hydro,42.6066,142.5569,200.0
Hydro,43.4879,142.2196,30.0
Hydro,37.0938,139.9116,675.0
Hydro,32.4206,130.7021,500.0
Hydro,35.1306,134.7108,1280.0
Hydro,36.8459,138.7662,1000.0
Hydro,35.7387,136.6709,1500.0
Hydro,42.6741,142.6779,44.0
Hydro,37.1529,139.2504,560.0
Hydro,35.2406,134.8617,1932.0
Hydro,35.195,137.4627,780.0
Hydro,34.1178,135.8211,1206.0
Hydro,32.2478,131.3735,900.0
Hydro,36.1412,136.8212,59.0
Hydro,37.2147,139.2139,182.0
Hydro,35.0908,137.8047,350.0
Hydro,37.3448,139.9087,1000.0
Hydro,34.821,133.4028,303.0
Hydro,36.4739,137.6897,1280.0
Hydro,35.1258,137.7606,1125.0
Hydro,37.055,138.6828,177.0
Hydro,36.9937,139.8671,900.0
Hydro,37.3354,139.3004,65.0
Hydro,37.3113,139.2837,395.0
Hydro,42.4481,142.6236,200.0
Hydro,43.4437,142.2883,57.0
Hydro,36.8014,139.0406,1200.0
Hydro,36.2683,136.6483,250.0
Hydro,33.328,130.1066,600.0
Hydro,43.2407,142.9388,40.0
Hydro,43.4331,142.884,40.0
Hydro,35.3478,140.3739,51.0
Hydro,36.9114,139.0564,240.0
Hydro,35.2404,137.3913,61.0
Hydro,35.5954,136.4563,70.0
Hydro,49.6588,83.347,675.0
Hydro,43.9226,77.0978,364.0
Hydro,50.399,81.069,720.0
Hydro,49.9012,82.7183,331.0
Hydro,-0.7967,37.7497,225.0
Hydro,-0.8093,37.6867,94.2
Hydro,-0.64,37.91,168.0
Hydro,-0.806,37.811,72.0
Hydro,-0.879,37.588,40.0
Hydro,-0.3426,34.8521,60.0
Hydro,-0.7854,37.2654,20.0
Hydro,1.9138,35.3443,106.0
Hydro,41.163,75.803,40.0
Hydro,41.4986,72.3641,800.0
Hydro,41.3121,72.1917,240.0
Hydro,41.4033,72.2322,450.0
Hydro,41.6568,72.6359,1200.0
Hydro,41.1877,72.1604,180.0
Hydro,18.2606,104.5625,157.0
Hydro,18.3149,102.3251,60.0
Hydro,18.7942,102.1162,100.0
Hydro,20.9239,100.8979,5.0
Hydro,20.1828,101.9338,14.5
Hydro,19.2885,103.3417,44.0
Hydro,15.4919,106.2788,155.0
Hydro,19.3394,102.6107,735.0
Hydro,19.0133,102.8733,19.2
Hydro,19.2954,102.3441,5.0
Hydro,19.2047,102.3109,14.0
Hydro,20.3457,104.3813,9.36
Hydro,18.4375,102.947,1070.0
Hydro,18.2997,102.4033,40.0
Hydro,18.2098,104.5389,280.0
Hydro,15.1217,106.6067,15.0
Hydro,15.3755,107.4064,250.0
Hydro,15.15,106.7103,14.8
Hydro,15.5034,106.2764,121.0
Hydro,56.7405,24.7113,240.0
Hydro,56.583,25.2394,894.0
Hydro,56.852,24.2724,402.0
Hydro,-28.7804,28.4535,72.0
Hydro,6.5119,-10.6767,60.0
Hydro,54.8741,24.0,100.8
Hydro,54.799,24.2475,900.0
Hydro,49.9518,6.1784,1296.0
Hydro,41.3371,20.6347,42.0
Hydro,41.9712,22.5781,12.6
Hydro,41.8792,21.1921,80.0
Hydro,41.9528,21.2982,9.6
Hydro,41.7791,20.8563,19.2
Hydro,41.4936,20.5054,84.0
Hydro,41.9249,21.2647,36.4
Hydro,41.4035,21.9373,116.0
Hydro,41.7166,20.7219,12.8
Hydro,41.7707,20.8377,150.0
Hydro,-18.7942,48.6193,58.0
Hydro,-19.0119,47.7033,8.9
Hydro,-18.9213,47.9295,24.0
Hydro,-20.2003,47.1328,16.5
Hydro,-19.2478,47.8339,5.25
Hydro,-15.8957,34.7538,128.0
Biomass,-15.7833,35.0,10.0
Hydro,-15.558,34.787,124.0
Hydro,-15.55,34.7833,91.6
Hydro,1.1472,111.8743,103.0
Hydro,5.4297,101.2092,48.0
Hydro,5.1545,102.6054,250.0
Hydro,5.2153,101.098,120.0
Hydro,5.0229,102.9109,400.0
Hydro,5.625,101.7031,600.0
Hydro,4.3945,101.1947,54.0
Biomass,5.8402,118.1179,12.0
Hydro,5.407,101.301,348.0
Hydro,5.1333,115.95,66.0
Hydro,14.3582,-11.3492,62.3
Hydro,13.1956,-10.4289,200.0
Hydro,11.6383,-8.23,44.0
Hydro,12.6379,-7.9254,5.2
Hydro,-20.3655,57.6782,30.0
Biomass,-20.2753,57.7567,24.65
Hydro,-20.3611,57.6978,10.0
Biomass,-20.212,57.6917,39.7
Biomass,-20.2613,57.3936,13.0
Biomass,-20.0328,57.6192,12.0
Biomass,-20.4467,57.6717,12.5
Hydro,-20.3425,57.4614,11.383
Hydro,21.8395,-104.8038,960.0
Hydro,18.8452,-99.4619,7.0
Hydro,21.1979,-104.1047,750.0
Biomass,17.4559,-91.42,2.5
Biomass,20.5959,-100.4716,1.1
Biomass,20.5055,-103.2596,2.9
Biomass,20.0592,-97.0476,9.6
Biomass,19.6062,-96.8993,4.2
Biomass,16.2767,-92.4541,13.1
Biomass,25.7854,-109.0018,14.0
Biomass,22.939,-99.017,7.5
Hydro,25.8537,-107.9021,92.0
Hydro,16.4018,-92.7784,900.0
Biomass,19.5268,-103.4368,15.5
Biomass,25.852,-100.2956,17.0
Hydro,16.9575,-93.0258,5.2
Hydro,27.5445,-105.4141,25.0
Hydro,19.9266,-101.6704,18.0
Biomass,18.6063,-96.6858,12.8
Hydro,22.5881,-99.381,18.0
Hydro,17.9505,-99.9943,600.0
Biomass,18.6421,-96.7292,20.0
Hydro,18.8715,-97.1256,10.0
Hydro,18.4195,-95.1538,26.0
Hydro,20.7847,-103.3247,51.2
Hydro,27.5763,-105.382,3.0
Hydro,17.4101,-99.2437,8.0
Hydro,20.2048,-100.8865,2.5
Biomass,18.1612,-95.1866,5.5
Hydro,18.803,-97.179,4.0
Hydro,19.958,-97.4453,36.0
Biomass,18.3734,-95.7425,24.2
Hydro,19.2688,-102.0799,80.0
Hydro,19.166,-102.0116,60.0
Biomass,18.9114,-96.7786,8.0
Biomass,21.0762,-101.7327,1.7
Biomass,24.3196,-107.3684,9.6
Hydro,26.5073,-108.5756,59.4
Hydro,22.1,-99.1524,1.4
Hydro,19.9779,-97.1767,10.0
Biomass,31.5554,-106.486,6.4
Biomass,21.9661,-102.2129,3.2
Hydro,26.5584,-99.1694,31.5
Hydro,20.8468,-99.4584,292.0
Biomass,22.0179,-98.1801,8.0
Hydro,19.0914,-102.0827,4.1
Hydro,20.0171,-105.2216,1.2
Hydro,18.8327,-97.1004,2.6
Hydro,19.2541,-103.3701,9.2
Hydro,18.8455,-97.0684,1.6
Hydro,18.8421,-97.071,4.4
Biomass,15.089,-92.4963,12.0
Hydro,25.0971,-107.3913,90.0
Hydro,18.2711,-101.8939,1200.0
Biomass,18.0502,-96.1527,13.5
Biomass,21.9209,-99.3924,6.4
Biomass,18.0053,-93.5875,14.0
Biomass,18.8499,-98.9633,3.4
Biomass,18.8727,-97.024,6.8
Biomass,21.7739,-98.4543,21.8
Biomass,22.7266,-98.98,5.8
Biomass,19.3772,-96.3704,9.0
Biomass,21.5013,-104.8875,10.0
Biomass,18.8976,-96.7922,10.0
Biomass,18.5866,-96.6583,4.0
Biomass,18.6541,-99.1873,8.6
Biomass,19.4281,-96.4006,21.5
Biomass,18.5113,-96.5426,7.3
Biomass,18.7506,-96.7715,7.0
Biomass,19.3298,-101.9139,5.5
Biomass,19.4549,-96.9586,3.3
Biomass,19.7854,-104.2372,6.1
Biomass,18.6372,-95.5189,6.5
Biomass,21.9861,-98.9587,16.0
Biomass,21.9946,-99.0111,9.0
Biomass,19.3883,-103.5731,5.5
Biomass,20.5442,-104.0531,4.5
Biomass,18.7742,-96.7785,8.0
Biomass,22.5322,-99.3354,49.3
Biomass,18.864,-96.9168,5.2
Biomass,17.9461,-94.2827,14.0
Biomass,18.6096,-95.5285,10.0
Biomass,18.2782,-88.683,9.0
Biomass,19.6398,-102.492,9.1
Biomass,20.6693,-103.7183,12.0
Biomass,18.2648,-96.1624,12.0
Biomass,18.5113,-98.6078,15.0
Hydro,18.9054,-97.0132,1.6
Hydro,14.9613,-92.2545,21.0
Hydro,21.6526,-105.0253,2.2
Biomass,18.863,-97.0677,10.0
Hydro,29.4485,-101.0602,66.0
Hydro,18.0457,-102.1825,320.0
Hydro,21.4279,-104.4507,750.0
Hydro,19.9825,-100.2524,74.0
Hydro,26.8444,-108.3687,422.0
Hydro,20.6979,-103.27,5.3
Hydro,17.1806,-93.5973,1080.0
Hydro,20.9088,-103.7059,70.0
Hydro,16.9428,-93.1012,2400.0
Hydro,20.0144,-97.4062,220.0
Hydro,18.7015,-100.6699,30.0
Hydro,19.6898,-97.1452,15.0
Hydro,27.2251,-109.1068,9.6
Hydro,20.2171,-97.9872,109.0
Hydro,27.825,-109.8947,19.2
Hydro,18.8343,-97.103,1.3
Hydro,20.2389,-97.8924,37.0
Biomass,18.2583,-96.1546,40.0
Biomass,25.739,-100.0675,9.2
Biomass,25.7994,-100.2905,1.6
Hydro,19.9237,-102.2536,12.6
Hydro,28.978,-109.642,135.0
Hydro,18.9241,-98.3427,4.1
Hydro,24.4633,-105.975,14.0
Hydro,18.8446,-97.0612,11.3
Hydro,19.291,-102.7738,19.0
Biomass,24.7657,-107.7018,7.0
Hydro,20.5769,-103.1462,9.0
Hydro,24.5707,-106.8084,100.0
Hydro,24.8163,-107.1513,14.0
Hydro,19.4026,-101.3199,2.6
Biomass,18.0899,-93.3562,25.2
Hydro,16.3145,-92.4261,2.2
Biomass,20.667,-103.7224,25.0
Biomass,19.6844,-103.2444,10.5
Hydro,17.6868,-97.6178,2.5
Hydro,18.2324,-96.4115,354.0
Hydro,20.21,-97.9477,39.0
Hydro,19.4023,-96.9936,1.6
Hydro,19.6297,-101.2589,1.1
Hydro,18.8371,-97.0339,36.0
Hydro,20.7008,-103.245,240.0
Hydro,19.3607,-102.0697,8.4
Hydro,17.4463,-93.4628,420.0
Hydro,47.8381,27.2246,16.0
Hydro,47.2778,29.123,48.0
Hydro,42.6718,18.9951,307.0
Hydro,43.2725,18.8422,360.0
Hydro,32.6935,-5.8883,92.0
Hydro,32.2076,-6.5318,92.0
Hydro,32.4756,-7.6374,128.0
Hydro,34.5983,-5.199,240.0
Hydro,33.9307,-4.6781,240.0
Hydro,32.107,-6.464,135.0
Hydro,32.9359,-8.0637,17.0
Hydro,34.0417,-5.9077,8.3
Hydro,33.1545,-8.115,22.0
Hydro,31.846,-7.0783,67.0
Hydro,34.1616,-4.7492,40.6
Hydro,32.7256,-7.9266,32.0
Hydro,31.355,-8.136,8.8
Hydro,30.9125,-6.76,10.0
Hydro,34.663,-2.9382,23.0
Hydro,34.9416,-5.8398,36.0
Hydro,32.2065,-6.531,464.0
Hydro,33.1545,-8.115,20.8
Hydro,-15.5859,32.7047,2075.0
Hydro,-19.1557,33.145,44.0
Hydro,-25.2185,32.1342,166.0
Hydro,19.57,97.316,28.0
Hydro,19.56,97.359,168.0
Hydro,20.91,97.975,54.0
Hydro,19.16,96.717,30.0
Hydro,21.81,95.589,56.0
Hydro,18.42,96.364,60.0
Hydro,18.9,96.221,74.0
Hydro,20.48,94.255,75.0
Hydro,19.78,96.333,280.0
Hydro,18.51,96.354,65.0
Hydro,22.35,96.323,25.0
Hydro,19.68,96.291,75.2
Hydro,23.7,97.507,600.0
Hydro,24.42,97.525,240.0
Hydro,23.31,95.358,30.0
Hydro,21.67,96.473,790.0
Hydro,19.07,95.442,25.0
Hydro,18.42,96.387,20.0
Hydro,21.57,96.873,18.0
Hydro,21.4,86.897,12.0
Hydro,-17.3861,14.2137,240.0
Hydro,27.9388,85.945,45.0
Hydro,27.9212,85.1462,14.1
Hydro,27.4268,83.7918,15.0
Hydro,27.976,83.568,144.0
Hydro,27.55,86.169,60.0
Hydro,27.59,85.155,60.0
Hydro,27.509,85.0519,32.0
Hydro,27.9262,84.4965,69.0
Hydro,28.189,84.4195,70.0
Hydro,28.272,83.7411,14.8
Hydro,27.7806,85.917,10.05
Hydro,27.9629,85.1707,24.0
Hydro,-38.0714,175.6433,192.0
Hydro,-38.6158,176.1425,78.0
Hydro,-38.3918,176.0222,74.0
Hydro,-44.656,170.3551,220.0
Hydro,-44.564,170.1972,540.0
Hydro,-45.1793,169.307,432.0
Hydro,-41.0861,172.7325,32.0
Hydro,-43.364,171.5269,39.0
Hydro,-43.6333,171.65,29.0
Hydro,-37.9243,175.5393,96.0
Hydro,-45.5214,167.2778,800.0
Hydro,-38.3521,175.7465,352.0
Hydro,-38.1141,176.8162,60.0
Hydro,-38.408,176.0886,106.0
Hydro,-44.3416,170.1813,688.0
Hydro,-45.4167,169.95,12.0
Hydro,-39.7583,174.4833,32.0
Hydro,-39.0333,177.3667,42.0
Hydro,-44.0138,170.4604,179.0
Hydro,-38.8068,177.1508,60.0
Hydro,-38.292,175.6835,54.0
Hydro,-45.8816,169.9774,83.0
Hydro,-44.6747,170.3989,90.0
Hydro,-38.3918,175.8082,98.0
Hydro,12.7158,-86.2798,54.4
Hydro,13.1068,-86.0516,50.0
Hydro,9.138,4.7883,540.0
Hydro,9.8641,4.6124,760.0
Hydro,9.9724,6.8353,600.0
Hydro,39.6178,125.6647,10.0
Hydro,39.662,125.8124,300.0
Hydro,40.9923,126.5531,225.0
Hydro,40.7238,128.2671,12.0
Hydro,38.8921,127.4562,400.0
Hydro,38.2021,125.7837,81.0
Hydro,40.5662,127.2338,346.7
Hydro,40.6604,127.5171,202.3
Hydro,39.7371,125.5004,20.0
Hydro,40.4615,124.9627,700.0
Hydro,40.3527,124.7352,190.0
Hydro,42.0628,129.6913,36.0
Hydro,41.349,129.3901,482.0
Hydro,38.5979,125.4621,400.0
Hydro,41.3814,126.5149,400.0
Hydro,60.8648,9.279,103.0
Hydro,70.372,26.7876,60.0
Hydro,69.7049,23.8185,180.0
Hydro,58.295,6.4531,183.0
Hydro,60.4602,5.4377,9.0
Hydro,61.2768,7.1547,108.0
Hydro,60.1261,12.4564,5.0
Hydro,59.0568,6.6587,17.0
Hydro,63.9333,9.7667,10.0
Hydro,61.8117,5.6615,157.0
Hydro,60.8971,6.2015,15.0
Hydro,64.6101,12.578,36.0
Hydro,62.6646,8.5244,352.0
Hydro,60.8629,7.3017,1398.0
Hydro,60.8261,9.5448,85.0
Hydro,69.0437,18.5897,2.0
Hydro,68.0662,17.7754,38.0
Hydro,60.2026,10.2499,1.0
Hydro,60.2278,10.3753,3.0
Hydro,69.4332,17.4829,10.0
Hydro,62.4475,7.4875,17.0
Hydro,58.9458,8.4821,13.0
Hydro,59.99,11.2648,36.0
Hydro,58.4068,7.5282,70.0
Hydro,66.0627,13.9978,29.0
Hydro,60.4321,6.4184,117.0
Hydro,59.5393,5.5952,6.0
Hydro,64.2215,12.0369,60.0
Hydro,61.0586,7.8191,240.0
Hydro,59.2765,11.1305,62.0
Hydro,58.5962,8.7164,102.0
Hydro,63.3729,10.4098,140.0
Hydro,64.0433,11.0835,14.0
Hydro,62.8021,10.0122,92.0
Hydro,59.1593,6.6173,16.0
Hydro,60.8876,8.4604,2.0
Hydro,59.1233,7.5106,443.0
Hydro,61.4358,5.9152,15.0
Hydro,62.2845,6.6772,4.0
Hydro,64.2663,12.2944,4.0
Hydro,64.0381,11.5525,4.0
Hydro,61.7336,6.5086,25.0
Hydro,59.5576,7.8115,25.0
Hydro,67.0882,16.0569,31.0
Hydro,61.3375,5.412,171.0
Hydro,58.9671,9.3137,8.0
Hydro,59.6906,6.5701,37.0
Hydro,68.6564,18.7843,6.0
Hydro,68.8741,19.5607,30.0
Hydro,59.9396,9.3392,17.0
Hydro,68.6026,15.4734,5.0
Hydro,62.6797,8.1373,5.0
Hydro,67.0239,15.3217,4.0
Hydro,62.623,8.8895,160.0
Hydro,58.6659,6.5031,200.0
Hydro,67.1611,15.4057,4.0
Hydro,58.9516,8.3953,39.0
Hydro,61.8037,9.3037,14.0
Hydro,59.297,9.2199,18.0
Hydro,60.2486,5.7382,35.0
Hydro,62.2313,10.3421,12.0
Hydro,61.2359,6.1984,100.0
Hydro,60.2941,5.9238,5.0
Hydro,61.0192,8.1309,6.0
Hydro,69.3807,19.6447,6.0
Hydro,62.2171,6.9098,6.0
Hydro,59.901,9.929,78.0
Hydro,60.6566,6.1121,446.0
Hydro,67.1193,16.0771,60.0
Hydro,66.3703,13.6567,22.0
Hydro,60.6778,10.3526,6.0
Hydro,60.957,9.3008,20.0
Hydro,62.3575,6.8948,8.0
Hydro,59.178,8.0128,130.0
Hydro,59.217,8.4518,60.0
Hydro,58.6299,8.6888,14.0
Hydro,59.3229,9.5375,5.0
Hydro,63.987,11.102,49.0
Hydro,68.2762,16.6251,14.0
Hydro,67.9507,15.654,11.0
Hydro,61.5049,7.7003,273.0
Hydro,63.0273,11.6968,3.0
Hydro,61.5801,6.4998,9.0
Hydro,60.5121,5.7255,11.0
Hydro,59.2414,9.5607,1.0
Hydro,61.941,7.8813,85.0
Hydro,59.8467,8.4274,50.0
Hydro,63.4369,11.7341,22.0
Hydro,60.1671,11.5293,44.0
Hydro,62.2828,6.8848,5.0
Hydro,59.6578,9.6515,17.0
Hydro,70.0147,29.1153,5.0
Hydro,59.3674,7.8963,9.0
Hydro,59.929,9.9635,15.0
Hydro,62.4772,6.8586,5.0
Hydro,62.256,5.5839,6.0
Hydro,60.9297,8.4229,11.0
Hydro,66.8138,13.966,32.0
Hydro,63.1163,9.675,90.0
Hydro,59.9294,9.9465,24.0
Hydro,63.0577,11.4394,26.0
Hydro,60.4397,5.8595,4.0
Hydro,59.6577,9.2079,40.0
Hydro,63.109,8.559,1.0
Hydro,62.5024,7.7718,6.0
Hydro,62.5024,7.7718,160.0
Hydro,58.5294,8.3377,42.0
Hydro,59.6576,6.0967,42.0
Hydro,61.5815,9.8421,100.0
Hydro,59.9138,9.8857,4.0
Hydro,59.7331,7.5464,6.0
Hydro,58.4651,6.5443,6.0
Hydro,59.2048,7.8318,19.0
Hydro,58.5066,7.4195,62.0
Hydro,67.3558,14.8521,12.0
Hydro,63.1653,11.2307,40.0
Hydro,58.995,7.5473,60.0
Hydro,60.8324,5.8825,35.0
Hydro,60.7053,8.9718,188.0
Hydro,60.2113,10.2367,20.0
Hydro,61.5662,7.8624,45.0
Hydro,59.6042,8.712,150.0
Hydro,59.2239,6.2193,6.0
Hydro,59.3748,6.4495,9.0
Hydro,60.5579,6.2112,43.0
Hydro,60.1851,10.2411,32.0
Hydro,59.3105,9.0452,20.0
Hydro,59.3213,9.657,11.0
Hydro,60.5744,8.411,348.0
Hydro,59.346,7.2493,460.0
Hydro,61.3119,7.8316,56.0
Hydro,60.9002,5.6179,3.0
Hydro,58.419,6.1095,4.0
Hydro,60.3122,5.6698,5.0
Hydro,60.0561,9.5393,7.0
Hydro,58.9829,7.6694,55.0
Hydro,61.0698,6.5948,73.0
Hydro,61.2171,10.4394,124.0
Hydro,58.4653,6.544,190.0
Hydro,63.0578,11.4394,5.0
Hydro,68.6576,18.82,105.0
Hydro,61.8428,6.6285,17.0
Hydro,62.8053,7.7004,6.0
Hydro,58.3904,7.8944,53.0
Hydro,58.8976,8.2598,65.0
Hydro,59.0003,6.075,38.0
Hydro,58.3258,6.3517,7.0
Hydro,61.5266,7.2879,320.0
Hydro,60.1891,6.3831,44.0
Hydro,63.1403,10.9664,8.0
Hydro,62.2462,6.8901,7.0
Hydro,59.9314,9.9476,101.0
Hydro,60.5545,6.0227,30.0
Hydro,61.2567,8.7586,22.0
Hydro,61.2567,8.7586,3.0
Hydro,62.676,8.157,6.0
Hydro,61.1832,7.2349,6.0
Hydro,69.666,21.1067,9.0
Hydro,59.2428,9.8119,7.0
Hydro,60.2221,10.3687,7.0
Hydro,59.7308,7.4255,72.0
Hydro,61.5177,6.6154,97.0
Hydro,59.7393,6.5187,5.0
Hydro,59.1984,9.6096,12.0
Hydro,64.5228,12.4264,5.0
Hydro,67.6232,15.9902,352.0
Hydro,65.204,12.7936,163.0
Hydro,60.9838,5.6986,4.0
Hydro,69.7142,22.1694,64.0
Hydro,59.6581,6.9834,50.0
Hydro,66.4177,14.523,4.0
Hydro,59.5118,6.5846,1444.0
Hydro,58.9281,7.0838,90.0
Hydro,68.3268,14.6523,8.0
Hydro,60.4647,5.9085,56.0
Hydro,67.4482,15.7505,34.0
Hydro,60.4986,7.1447,580.0
Hydro,65.3752,12.7007,10.0
Hydro,66.337,14.1667,115.0
Hydro,69.6606,22.22,9.0
Hydro,58.245,7.5141,38.0
Hydro,69.2343,20.5261,10.0
Hydro,60.8318,7.1186,5.0
Hydro,68.2394,14.5326,53.0
Hydro,59.807,5.9818,2.0
Hydro,58.3588,6.3034,24.0
Hydro,59.4627,7.9391,51.0
Hydro,62.6648,10.1463,83.0
Hydro,59.6635,6.0654,20.0
Hydro,58.7638,7.5096,22.0
Hydro,61.1355,8.8793,60.0
Hydro,67.124,16.0969,140.0
Hydro,69.8295,25.1672,2.0
Hydro,61.0656,12.5818,15.0
Hydro,60.6643,8.681,6.0
Hydro,69.3871,17.7976,6.0
Hydro,59.0538,6.6258,264.0
Hydro,60.8744,5.5905,275.0
Hydro,58.7647,6.3684,29.0
Hydro,60.1318,6.3305,307.0
Hydro,61.3467,6.5565,60.0
Hydro,69.3993,29.7872,26.0
Hydro,61.117,10.4709,42.0
Hydro,61.846,8.9611,9.0
Hydro,60.8366,5.8599,2.0
Hydro,66.3008,14.2484,1.0
Hydro,63.7265,10.8685,46.0
Hydro,60.0493,9.2006,72.0
Hydro,61.1822,7.6355,118.0
Hydro,63.0293,11.687,260.0
Hydro,66.052,13.782,378.0
Hydro,61.5761,9.7978,343.0
Hydro,64.5433,12.455,51.0
Hydro,63.1517,11.2396,70.0
Hydro,60.6044,9.0697,299.0
Hydro,58.3567,7.9045,56.0
Hydro,68.1743,17.9191,9.0
Hydro,60.2385,9.0008,302.0
Hydro,59.8385,6.8805,50.0
Hydro,60.8933,6.0563,93.0
Hydro,60.1201,6.5566,240.0
Hydro,60.9727,8.0747,56.0
Hydro,63.8451,10.6878,50.0
Hydro,61.235,11.5091,96.0
Hydro,65.8873,13.8012,188.0
Hydro,61.4833,9.3125,150.0
Hydro,61.9342,8.0307,109.0
Hydro,60.0825,9.8155,39.0
Hydro,66.3034,14.2624,570.0
Hydro,61.0213,6.5673,100.0
Hydro,61.8123,11.1214,114.0
Hydro,61.8123,11.1214,113.0
Hydro,59.8215,6.8176,192.0
Hydro,59.0257,7.0853,56.0
Hydro,58.4062,8.6377,65.0
Hydro,59.877,8.5929,206.0
Hydro,59.2764,11.1337,90.0
Hydro,59.4828,6.6726,674.0
Hydro,62.1868,10.6171,78.0
Hydro,68.4087,17.8011,75.0
Hydro,67.325,15.7073,229.0
Hydro,66.3106,13.5635,60.0
Hydro,67.1944,15.7086,88.0
Hydro,69.3153,20.3582,83.0
Hydro,58.554,7.3762,120.0
Hydro,68.2038,17.3607,360.0
Hydro,69.3729,29.694,54.0
Hydro,59.6189,9.6677,102.0
Hydro,59.6365,11.1542,240.0
Hydro,58.7683,7.0202,250.0
Hydro,59.7776,7.7258,140.0
Hydro,59.6471,6.3538,310.0
Hydro,68.0645,16.6638,88.0
Hydro,61.4459,6.0097,107.0
Hydro,58.3002,7.9675,125.0
Hydro,60.9261,5.9781,198.0
Hydro,59.6852,6.5196,66.0
Hydro,68.7408,18.643,170.0
Hydro,61.0514,7.6418,42.0
Hydro,59.6496,6.8166,350.0
Hydro,59.4976,8.6343,118.0
Hydro,66.9709,14.1516,128.0
Hydro,66.7282,13.9135,780.0
Hydro,63.2793,10.4728,42.0
Hydro,61.7688,5.3076,140.0
Hydro,59.5813,9.2572,111.0
Hydro,63.1783,9.7708,61.0
Hydro,60.4986,7.1443,720.0
Hydro,63.3904,11.9106,60.0
Hydro,59.5686,9.2645,70.0
Hydro,59.0521,6.6524,130.0
Hydro,58.8794,6.8212,140.0
Hydro,59.4479,8.0354,480.0
Hydro,58.6648,6.7084,1130.0
Hydro,60.9961,10.0577,170.0
Hydro,63.0024,9.0191,169.0
Hydro,64.7041,12.8358,203.0
Hydro,62.1088,6.5594,64.0
Hydro,61.3103,7.8316,440.0
Hydro,60.1292,6.6412,258.0
Hydro,62.6187,10.2545,40.0
Hydro,60.5743,8.4096,206.0
Hydro,60.5277,7.7524,42.0
Hydro,60.265,8.9308,150.0
Hydro,59.5423,11.1704,252.0
Hydro,59.8468,8.4274,224.0
Hydro,60.855,5.6951,55.0
Hydro,62.9957,11.8285,45.0
Hydro,59.6246,7.8508,375.0
Hydro,59.3021,9.2047,42.0
Hydro,61.1975,8.3808,66.0
Hydro,32.4348,71.3706,184.0
Hydro,31.7131,73.9783,13.0
Hydro,35.2101,72.5459,36.6
Hydro,34.8617,72.0359,20.0
Hydro,33.7793,72.259,1450.0
Hydro,30.4451,70.9811,1368.0
Hydro,33.1373,73.6416,1000.0
Hydro,36.166,74.1755,14.0
Hydro,34.3421,73.4286,147.0
Hydro,32.5834,73.4843,22.0
Hydro,31.4498,74.2783,14.0
Hydro,34.0889,72.6861,3478.0
Hydro,34.1642,71.3582,243.0
Hydro,9.1771,-78.8844,260.0
Hydro,9.2703,-82.5154,222.4
Hydro,8.679,-82.2626,300.0
Hydro,8.543,-82.298,120.0
Hydro,9.2637,-79.9308,22.5
Hydro,8.7164,-82.3646,47.2
Hydro,8.6777,-82.3476,54.8
Hydro,9.2106,-79.6165,36.0
Hydro,-5.3392,151.1341,1.5
Hydro,-5.2448,141.1364,57.0
Hydro,-6.0161,144.0579,12.0
Hydro,-6.2505,145.9805,75.0
Hydro,-9.4791,147.4465,1.5
Hydro,-6.2482,145.9744,18.0
Hydro,-25.4591,-54.6289,210.0
Hydro,-25.4081,-54.5889,7000.0
Hydro,-27.4827,-56.725,1550.0
Hydro,-12.4644,-74.7865,798.0
Hydro,-8.813,-77.8526,247.0
Hydro,-16.2457,-71.3472,145.0
Hydro,-11.3248,-75.3006,143.0
Hydro,-12.8374,-75.9774,220.0
Hydro,-11.7812,-76.308,20.0
Hydro,-11.8113,-76.6248,258.0
Hydro,-13.1739,-72.564,189.0
Hydro,-11.8865,-76.4556,120.0
Hydro,-4.6796,-80.5204,26.4
Hydro,-8.4438,-77.5425,115.0
Hydro,-12.3477,-74.6431,210.0
Hydro,-13.7219,-70.4532,114.0
Hydro,-10.723,-75.6455,130.0
Hydro,8.0046,124.2868,80.0
Hydro,8.0528,124.2709,180.0
Hydro,8.1336,124.1983,158.1
Hydro,8.1937,124.1915,309.0
Hydro,16.4588,120.7452,105.0
Hydro,14.9098,121.1603,246.0
Hydro,16.8861,120.5304,70.0
Hydro,16.3944,120.729,132.0
Hydro,14.1463,121.4729,22.8
Hydro,14.2992,121.4705,35.0
Biomass,14.5481,120.9969,15.0
Hydro,15.8462,121.1998,165.0
Hydro,14.3168,121.4739,739.2
Hydro,16.8293,121.4537,360.0
Hydro,15.8107,121.109,132.0
Hydro,7.7156,125.0236,255.0
Biomass,10.9844,122.7711,8.3
Hydro,16.1462,120.6837,411.0
Hydro,15.6854,121.4748,1.0
Hydro,54.2695,18.51,7.0
Hydro,53.84,20.4041,2.0
Hydro,50.7558,17.8332,2.0
Hydro,51.9886,15.0541,88.0
Hydro,52.4882,20.9237,21.0
Biomass,50.8959,20.6118,10.0
Hydro,54.285,17.3132,4.0
Hydro,51.736,15.2584,2.0
Hydro,51.6725,15.2919,3.0
Hydro,51.9518,14.7215,1.0
Hydro,50.3905,18.1133,2.0
Hydro,50.4712,17.9809,2.0
Hydro,50.4483,17.9577,2.0
Hydro,49.432,22.4014,8.0
Hydro,49.4183,20.3232,93.0
Hydro,50.9374,17.3401,4.0
Hydro,54.3007,19.849,3.0
Hydro,49.8069,19.2023,13.0
Hydro,49.7809,19.2115,540.0
Biomass,50.4374,21.3404,205.0
Hydro,52.0293,15.0719,3.0
Hydro,51.1294,15.5766,2.0
Hydro,51.4739,20.0061,4.0
Hydro,49.3959,22.4541,198.0
Hydro,49.4068,20.3336,2.0
Hydro,54.2742,18.5633,4.0
Hydro,54.3202,17.2311,3.0
Hydro,49.7479,19.2063,21.0
Hydro,52.6555,19.1338,160.0
Hydro,51.6218,14.764,2.0
Hydro,54.2847,18.4482,7.0
Hydro,51.6154,15.3168,2.0
Hydro,54.7224,18.0825,716.0
Hydro,54.0251,16.7069,157.0
Hydro,41.3545,-8.1028,2.0
Hydro,41.8693,-8.2029,630.0
Hydro,41.738,-7.8534,68.0
Hydro,40.2938,-7.9245,1.5
Hydro,41.4564,-7.8103,10.0
Hydro,38.2788,-7.9093,3.4
Hydro,39.4699,-31.1415,1.5
Hydro,41.3736,-8.4142,1.2
Hydro,41.0939,-8.0278,3.1
Hydro,41.125,-7.9475,1.0
Hydro,40.1115,-7.7297,2.0
Hydro,39.4795,-7.9979,80.7
Hydro,41.358,-8.4491,3.8
Hydro,41.7277,-7.1954,9.9
Hydro,39.8533,-8.2188,44.0
Hydro,41.5413,-7.7891,10.1
Hydro,41.5814,-7.6801,3.1
Hydro,39.5264,-7.6103,1.6
Hydro,37.5497,-8.7131,1.4
Hydro,40.5317,-7.3296,40.0
Hydro,32.7289,-17.1751,4.7
Hydro,41.2468,-7.9745,2.0
Hydro,41.6204,-7.7394,10.0
Hydro,41.3728,-8.3444,1.6
Hydro,41.6529,-8.2309,62.0
Hydro,40.8072,-8.2438,5.5
Hydro,41.5444,-8.0167,1.1
Hydro,41.0912,-7.2715,7.2
Hydro,41.5053,-7.9694,1.1
Hydro,40.6703,-8.2469,4.2
Biomass,40.9821,-8.5465,1.1
Biomass,39.4723,-8.3327,9.0
Biomass,40.0522,-8.8763,70.0
Biomass,39.6622,-7.672,30.0
Biomass,41.6996,-8.7139,38.8
Biomass,40.5848,-7.7916,4.0
Biomass,40.0576,-8.8595,95.0
Biomass,40.687,-8.5897,35.1
Biomass,38.4935,-8.8108,53.9
Hydro,41.3965,-8.1793,2.4
Hydro,41.6305,-7.7949,6.6
Hydro,40.3984,-7.6869,13.2
Hydro,41.5781,-8.1528,10.0
Hydro,40.9205,-7.963,8.5
Hydro,40.7422,-8.3194,7.0
Hydro,40.6292,-7.8255,2.4
Hydro,32.7432,-16.9069,2.4
Hydro,32.6547,-17.0218,1.7
Hydro,41.202,-7.0936,36.0
Hydro,41.6934,-8.0279,780.0
Hydro,41.8792,-8.7061,7.0
Hydro,41.075,-8.0233,4.6
Hydro,40.8378,-7.7843,3.2
Hydro,41.3769,-8.3283,1.2
Hydro,38.955,-8.1102,1.4
Hydro,41.0642,-7.6148,2.2
Hydro,41.5811,-8.1428,4.0
Hydro,39.9447,-7.2011,2.5
Hydro,32.7215,-17.1789,7.3
Hydro,40.0655,-7.8055,7.9
Hydro,41.8595,-8.2704,44.1
Hydro,41.3948,-8.1974,2.8
Hydro,40.3885,-7.5445,6.5
Hydro,39.0152,-7.9756,6.1
Hydro,40.2597,-7.1389,5.7
Hydro,41.6587,-7.9797,1.6
Hydro,39.0542,-8.1766,3.6
Hydro,41.9376,-6.7752,1.4
Hydro,41.825,-6.9544,8.7
Hydro,38.1852,-8.1153,2.5
Hydro,41.0558,-8.2487,5.6
Hydro,41.8842,-8.6785,1.9
Hydro,40.7428,-8.4608,2.6
Hydro,41.7688,-7.95,54.0
Hydro,40.7523,-8.173,3.4
Hydro,41.9146,-8.5902,4.0
Hydro,38.1101,-7.6296,10.0
Hydro,38.418,-8.3919,2.0
Hydro,40.2975,-8.2487,9.6
Hydro,41.231,-8.4136,1.6
Hydro,41.5489,-8.5372,4.9
Hydro,40.9199,-7.9648,5.2
Hydro,40.8243,-7.0832,6.8
Hydro,41.4807,-7.1878,1.0
Hydro,41.5767,-8.1681,2.8
Hydro,40.3848,-7.705,20.3
Hydro,41.6062,-8.4271,2.2
Hydro,39.565,-7.8122,41.0
Hydro,41.902,-6.7389,2.9
Hydro,40.3096,-8.2488,24.0
Hydro,41.7556,-7.1764,10.0
Hydro,41.0991,-8.0826,3.1
Hydro,32.8555,-17.1546,3.2
Hydro,40.7422,-8.3194,73.6
Hydro,41.4384,-8.3741,1.0
Hydro,37.9303,-8.0812,1.7
Hydro,41.5842,-8.4802,1.8
Hydro,40.3967,-7.6625,12.8
Hydro,40.3964,-7.6622,10.0
Hydro,41.6917,-8.0912,42.0
Hydro,40.0897,-7.8579,24.4
Hydro,32.6616,-16.9503,1.7
Hydro,40.8174,-7.0293,10.0
Hydro,41.5558,-8.2189,8.8
Hydro,41.1274,-8.4324,3.8
Hydro,37.9921,-7.6045,1.7
Hydro,32.7435,-17.019,4.9
Hydro,40.2758,-7.6118,7.2
Hydro,32.6632,-16.9601,24.0
Hydro,41.1697,-7.7886,8.5
Hydro,40.6024,-8.2945,3.2
Hydro,40.7604,-8.0438,9.6
Hydro,40.647,-8.3177,5.2
Hydro,40.5763,-8.2807,7.0
Biomass,39.6566,-7.657,6.0
Biomass,40.886,-8.4285,10.0
Biomass,40.0529,-8.8762,34.3
Biomass,39.8163,-8.1062,3.0
Biomass,40.3659,-7.3541,2.0
Biomass,40.6852,-8.591,12.5
Biomass,39.4723,-8.3327,13.7
Biomass,40.3778,-8.1864,9.0
Biomass,39.6621,-7.6715,13.0
Biomass,38.4916,-8.8113,12.5
Hydro,41.2872,-7.7495,8.5
Hydro,41.7061,-7.1175,8.5
Hydro,41.8126,-8.3538,22.0
Hydro,41.8478,-6.9361,2.2
Hydro,37.7465,-25.3072,1.7
Hydro,41.054,-7.7462,5.7
Hydro,40.8988,-7.9438,4.4
Hydro,40.7981,-7.0148,1.35
Hydro,38.2478,-8.2951,1.0
Hydro,41.4419,-7.4985,3.2
Hydro,41.1208,-7.7761,25.0
Hydro,39.5914,-7.7092,1.9
Hydro,41.6794,-7.9823,90.0
Hydro,40.3797,-7.7283,23.4
Hydro,40.9952,-8.2106,4.0
Hydro,40.9869,-7.5358,58.0
Hydro,40.8094,-8.0508,2.4
Hydro,45.5879,23.6279,149.0
Hydro,45.4472,23.7683,509.0
Hydro,46.6679,23.059,219.0
Hydro,44.6733,22.532,1161.0
Hydro,44.3074,22.5672,245.0
Hydro,45.3391,22.7213,335.0
Hydro,45.426,22.4757,138.0
Hydro,46.9386,26.1029,208.0
Hydro,45.6892,23.6094,149.0
Hydro,45.3667,24.6307,219.0
Hydro,41.7778,48.2932,1.8
Hydro,43.3525,43.7175,60.0
Hydro,43.6551,43.3969,27.0
Hydro,64.5126,34.6901,27.0
Hydro,44.8922,39.6479,48.0
Hydro,58.6944,99.1489,2997.0
Hydro,69.6433,30.1375,56.0
Hydro,56.2861,101.7842,4500.0
Hydro,50.27,130.3136,2010.0
Biomass,61.3032,47.1207,320.0
Biomass,64.5931,40.5623,36.0
Biomass,64.4304,40.832,224.0
Hydro,56.1373,47.4661,1370.0
Hydro,42.9772,46.8708,1000.0
Hydro,43.1831,46.8342,72.0
Hydro,43.1897,46.8348,9.0
Hydro,46.8712,46.8712,1786.0
Hydro,43.01,44.6861,8.0
Hydro,45.0683,41.5967,30.0
Hydro,45.1108,41.5506,14.2
Hydro,42.7662,44.6326,45.0
Hydro,52.7769,157.5739,2.0
Hydro,44.2764,42.4722,37.0
Hydro,44.6006,42.2319,87.0
Hydro,43.1541,46.8521,44.0
Hydro,42.4542,47.0317,17.8
Hydro,42.9025,44.4601,22.8
Hydro,42.5298,46.9177,100.0
Hydro,42.4318,46.9879,15.0
Hydro,52.6019,157.5031,24.8
Hydro,44.3397,42.5067,184.0
Hydro,52.6281,157.4469,18.4
Hydro,44.6647,42.0286,78.0
Hydro,69.1175,29.2419,47.0
Hydro,52.2367,104.3217,662.4
Hydro,66.6692,31.3894,96.0
Hydro,42.7452,46.8316,400.0
Hydro,68.9386,28.6006,11.2
Hydro,58.1146,56.3289,543.0
Hydro,43.3304,43.6463,65.1
Hydro,66.8638,32.376,152.0
Hydro,62.0583,150.4167,900.0
Hydro,62.1948,34.2617,25.6
Hydro,43.6629,40.1744,28.9
Hydro,55.9367,92.2956,6000.0
Hydro,65.0334,33.6675,180.0
Hydro,66.3608,31.0914,80.0
Hydro,66.9441,88.3384,600.0
Hydro,61.0585,28.8734,118.0
Hydro,61.7617,31.0025,4.8
Hydro,44.592,40.1052,9.44
Hydro,52.9704,91.4955,321.0
Hydro,57.8092,114.0322,86.0
Hydro,64.4153,34.469,63.0
Hydro,43.0672,46.83,220.0
Hydro,59.3678,28.2106,124.8
Hydro,67.3812,32.5273,26.0
Hydro,67.2816,32.4598,60.0
Hydro,67.2203,32.4383,155.5
Hydro,56.6506,43.3756,520.0
Hydro,60.8064,33.7044,99.0
Hydro,55.6997,52.2786,1205.0
Hydro,69.1253,35.1469,26.5
Hydro,68.8217,32.8192,52.7
Hydro,54.8503,82.9864,480.0
Hydro,45.3156,41.5311,3.68
Hydro,63.9174,34.1782,80.0
Hydro,62.4841,33.6737,25.0
Hydro,43.7085,44.5176,2.62
Hydro,55.406,56.5556,166.4
Hydro,64.9117,34.2617,48.0
Hydro,64.9407,34.5407,84.0
Hydro,69.0228,29.0056,43.2
Hydro,58.0821,38.8249,366.4
Hydro,52.0481,47.7622,1403.0
Hydro,45.0175,41.6727,15.0
Hydro,68.8426,35.5683,204.9
Hydro,68.9869,35.6978,150.0
Hydro,58.8345,57.7925,28.0
Hydro,61.1044,28.8394,122.0
Hydro,44.7417,41.9011,11.76
Hydro,53.1484,48.4297,2.04
Hydro,64.2218,34.3363,30.0
Hydro,42.7053,43.9744,15.0
Hydro,44.2269,42.3436,15.9
Hydro,52.6137,157.5746,2.0
Hydro,52.6054,157.4958,24.8
Hydro,52.6286,157.4468,18.4
Hydro,47.6061,42.1122,211.5
Hydro,57.5275,38.2978,120.0
Hydro,57.9683,102.6958,3840.0
Hydro,60.9204,34.1905,160.0
Hydro,68.6067,31.7478,268.0
Hydro,58.8532,60.7552,7.0
Hydro,69.0912,35.0418,130.0
Hydro,63.0315,112.474,680.0
Hydro,59.9117,32.3433,86.0
Hydro,48.8244,44.6767,2671.0
Hydro,56.7919,54.0839,1020.0
Hydro,64.4892,34.662,40.0
Hydro,52.9564,56.4147,45.0
Hydro,64.83,32.0083,18.0
Hydro,56.4822,38.1856,1200.0
Hydro,43.3226,43.6907,30.6
Hydro,43.8983,41.8825,320.0
Hydro,53.7698,127.3054,1330.0
Hydro,53.4265,49.4794,2467.0
Hydro,68.9717,28.7803,30.5
Hydro,-1.582,29.655,12.0
Hydro,-1.582,29.655,2.5
Hydro,-1.477,29.75,11.5
Hydro,-1.989,29.633,28.0
Hydro,-2.509,28.875,29.8
Hydro,-2.633,28.903,43.8
Hydro,12.3664,-12.1901,120.0
Hydro,43.9645,19.4102,420.0
Hydro,44.6684,22.5268,1086.0
Hydro,44.3065,22.5667,270.0
Hydro,43.9645,19.4102,614.0
Hydro,9.0713,-11.7229,50.0
Hydro,49.0088,19.9122,735.0
Hydro,48.0299,17.2254,24.0
Hydro,48.9638,18.1454,16.5
Hydro,47.88,17.5384,720.0
Hydro,48.6605,17.855,25.5
Hydro,49.2594,18.6815,31.5
Hydro,49.0057,18.235,15.0
Hydro,48.861,17.9689,25.5
Hydro,48.1912,19.8296,45.06
Hydro,49.1281,19.0941,24.75
Hydro,49.132,18.9114,38.4
Hydro,49.0986,19.4889,198.0
Hydro,48.4884,17.7938,43.2
Hydro,49.1928,18.5083,93.6
Hydro,49.1275,18.3642,67.5
Hydro,48.7725,17.8516,25.5
Hydro,49.3756,19.557,21.75
Hydro,49.1331,18.4538,55.2
Hydro,48.8616,21.0911,60.0
Hydro,49.1072,18.9916,38.4
Hydro,48.9022,18.056,16.5
Hydro,46.4026,16.0339,116.0
Hydro,46.448,15.787,126.0
Hydro,46.1027,13.6708,180.0
Hydro,-28.217,28.3631,7.0
Hydro,-28.5651,29.0842,1000.0
Hydro,-30.624,25.504,360.0
Biomass,-33.315,26.4908,3.5
Biomass,-25.772,31.0406,10.1
Hydro,-28.772,20.7431,12.57
Hydro,-34.1972,18.9736,400.0
Hydro,-29.9934,24.7338,240.0
Hydro,36.5847,128.7739,90.0
Hydro,36.3174,126.9401,2.6
Hydro,36.3995,126.487,7.5
Biomass,36.959,126.7825,105.0
Hydro,37.9672,127.6699,62.0
Hydro,35.3774,128.551,5.0
Hydro,37.7232,127.421,400.0
Hydro,36.4052,129.016,600.0
Hydro,36.0154,128.4004,3.0
Hydro,37.0071,127.9926,400.0
Hydro,36.4783,127.4801,90.0
Hydro,35.7324,128.415,2.86
Hydro,37.2768,127.6815,5.0
Hydro,35.8417,128.4615,3.0
Hydro,36.8108,127.7947,2.8
Hydro,36.4634,127.0969,3.0
Hydro,36.2387,128.3483,3.0
Hydro,35.5901,128.3543,5.0
Hydro,35.5337,128.0316,100.0
Hydro,38.1174,127.7785,108.0
Hydro,36.5384,128.8813,50.0
Hydro,37.4041,127.5367,3.0
Hydro,34.9734,126.6313,1.0
Biomass,35.8311,128.4896,3.0
Hydro,35.9632,127.705,600.0
Hydro,36.3591,128.3068,3.0
Hydro,37.5286,127.2803,120.0
Hydro,35.4127,128.876,600.0
Hydro,35.2563,127.7763,700.0
Hydro,36.1408,128.3525,3.0
Hydro,36.4727,127.26,2.3
Hydro,35.0673,126.7634,1.0
Hydro,34.9191,126.857,34.0
Hydro,37.9445,127.8115,200.0
Hydro,37.836,127.6779,48.0
Hydro,38.0163,128.5467,1000.0
Hydro,36.5678,128.8761,800.0
Hydro,37.3263,127.6052,5.0
Biomass,37.6167,-4.3225,20.0
Hydro,43.0952,-4.0004,360.6
Hydro,42.4333,-8.1443,67.6
Hydro,41.2117,-6.6856,1226.43
Hydro,43.4486,-6.7053,56.04
Hydro,41.798,1.9543,67.52
Hydro,39.7799,-5.0876,198.01
Hydro,43.1,-2.75,82.7
Hydro,43.1258,-4.0566,61.15
Hydro,42.7333,0.7167,15.88
Hydro,42.6263,-7.7135,331.01
Hydro,37.8333,-5.2333,14.86
Hydro,39.7167,-1.1,14.91
Hydro,42.629,-0.3214,61.4
Hydro,40.419,-2.9226,27.94
Hydro,40.364,-2.8289,215.0
Hydro,40.3664,-2.7565,54.45
Hydro,40.4153,-4.5016,61.95
Hydro,42.8878,-8.9567,10.0
Hydro,39.55,-2.0833,15.89
Hydro,39.25,-0.7667,70.17
Hydro,41.9753,1.2561,24.774
Hydro,42.6563,-5.1753,20.216
Hydro,42.5046,0.8006,32.48
Hydro,41.8749,0.8781,58.65
Hydro,43.3514,-5.1292,15.2
Hydro,41.9763,0.6116,107.4
Hydro,39.888,-4.4539,80.73
Hydro,42.2917,-8.1136,135.59
Hydro,41.5756,-6.1891,195.29
Hydro,39.6643,-7.5332,495.18
Hydro,42.6758,-1.2395,20.4
Hydro,42.0208,-6.417,33.32
Hydro,39.3711,-5.0166,50.4
Hydro,39.3711,-5.0166,51.7
Hydro,39.2167,-1.05,120.54
Hydro,42.1142,-7.209,268.02
Hydro,39.5333,-1.6,13.99
Hydro,42.4496,-6.9476,130.66
Hydro,38.7288,-2.005,23.11
Hydro,43.3891,-6.8232,61.94
Hydro,36.9402,-3.361,12.56
Hydro,42.3764,-0.0026,14.0
Hydro,40.5175,-2.7925,40.8
Hydro,42.5899,0.4927,87.6
Hydro,42.3161,0.7463,35.85
Hydro,43.427,-8.0671,54.4
Hydro,41.2331,0.5472,52.52
Hydro,42.1538,-8.1933,160.61
Hydro,40.2211,-6.133,110.4
Hydro,39.877,-0.0558,25.71
Hydro,38.3119,-3.0422,15.2
Hydro,40.1935,-6.1634,52.21
Hydro,37.641,-6.0724,207.99
Hydro,42.7163,-0.5256,88.85
Hydro,37.2667,-4.4143,76.71
Hydro,39.2438,-0.9317,953.32
Hydro,28.3504,-14.1076,52.09
Hydro,39.2628,-0.9192,634.0
Hydro,42.9036,-5.1437,83.19
Hydro,42.7713,-0.3345,24.0
Hydro,38.732,-5.5439,22.0
Hydro,42.5741,0.1824,41.4
Hydro,42.5741,0.1824,40.8
Hydro,42.7238,-0.2817,52.69
Hydro,42.4075,-7.5316,49.38
Hydro,42.8206,-6.4875,82.46
Hydro,40.3236,-4.2032,24.32
Hydro,41.6167,0.6167,11.93
Hydro,42.4951,1.211,52.4
Hydro,42.4637,-7.7237,181.02
Hydro,39.2438,-0.9317,877.95
Hydro,43.2347,-8.0171,25.6
Hydro,42.3227,0.2438,66.97
Hydro,41.3217,-0.3508,27.716
Hydro,41.3687,0.2765,322.36
Hydro,42.5758,1.1423,92.42
Hydro,42.4768,-7.2746,44.29
Hydro,42.5787,0.7587,219.14
Hydro,41.9397,1.1954,37.62
Hydro,36.9402,-3.361,12.8
Hydro,43.1504,-4.3817,20.8
Hydro,42.8384,0.739,46.14
Hydro,42.3746,-7.2351,25.77
Hydro,42.3094,-8.2049,17.6
Hydro,42.3167,-7.0274,88.12
Hydro,43.2518,-6.0163,49.54
Hydro,42.3921,-7.2191,312.41
Hydro,39.037,-5.2342,55.2
Hydro,42.4496,-6.9476,36.46
Hydro,42.3826,-7.5684,28.64
Hydro,41.2422,0.4309,261.28
Hydro,41.9781,-6.1404,34.56
Hydro,41.5278,-5.9877,326.57
Hydro,41.9443,-8.0349,52.82
Hydro,43.2364,-6.8475,157.24
Hydro,42.1795,-7.1122,62.88
Hydro,42.4171,-7.7498,34.36
Hydro,42.5103,-5.873,34.68
Hydro,43.4949,-7.2421,53.15
Hydro,41.947,2.3844,55.56
Hydro,41.045,-6.8067,516.39
Hydro,41.4833,0.4667,19.25
Hydro,41.4744,0.4534,44.24
Hydro,40.7149,-4.0053,81.54
Hydro,42.4139,-6.9191,44.25
Hydro,42.7778,-3.0458,27.78
Hydro,42.1677,-7.1744,213.64
Hydro,41.9791,2.5274,88.55
Hydro,42.4143,-7.6533,438.45
Hydro,36.9083,-4.7631,376.88
Hydro,42.8368,-8.8498,73.04
Hydro,43.2207,-5.4278,124.17
Hydro,42.637,1.2512,150.88
Hydro,41.7167,0.7667,11.92
Hydro,42.0748,0.9162,32.32
Hydro,42.2312,-7.8303,13.12
Hydro,39.5357,-5.9891,130.36
Hydro,39.7778,-5.6124,247.17
Hydro,41.9974,-6.2738,65.1
Hydro,42.3589,-7.851,86.48
Hydro,42.702,0.7956,21.86
Hydro,39.2077,-1.2401,215.81
Hydro,41.2702,-6.3208,10.9
Hydro,41.2669,-6.3078,850.88
Hydro,7.6642,80.6772,40.0
Hydro,6.9788,80.4546,35.0
Hydro,6.8691,80.5277,60.0
Hydro,7.7183,80.2744,1.5
Hydro,7.6674,80.6668,11.0
Hydro,7.0611,80.5971,201.0
Hydro,6.617,80.2757,80.0
Hydro,6.9768,80.4553,2.0
Hydro,7.6994,80.7699,25.0
Hydro,6.9181,80.4949,100.0
Hydro,7.1966,80.6121,3.2
Hydro,9.919,80.4894,50.0
Hydro,6.5842,80.8081,75.0
Hydro,7.2024,80.9259,126.0
Hydro,7.2013,80.9506,52.0
Hydro,6.9778,80.4567,124.0
Hydro,6.4319,80.8506,6.0
Hydro,7.3989,80.6522,40.0
Hydro,7.0433,80.658,150.0
Hydro,7.1999,80.8069,210.0
Hydro,6.9083,80.5247,50.0
Hydro,15.2396,32.4649,15.2
Hydro,15.2381,32.4857,15.2
Hydro,14.9222,35.9083,11.01
Biomass,10.4333,32.2,26.0
Hydro,18.6667,32.05,1250.0
Hydro,11.7988,34.3882,233.6
Hydro,13.5667,33.6333,15.0
Biomass,14.0724,32.4672,100.0
Hydro,-26.5895,31.324,15.0
Hydro,-26.3763,31.1552,20.8
Hydro,-26.0785,31.2616,15.0
Biomass,-26.0333,31.85,14.0
Biomass,-26.1778,31.9073,17.0
Biomass,-26.7729,31.9416,13.0
Hydro,65.5065,15.621,86.0
Hydro,66.6314,19.8199,150.0
Hydro,61.3468,16.075,32.0
Hydro,60.5637,17.442,116.0
Hydro,56.4833,13.5,7.0
Hydro,63.6833,12.6333,25.0
Biomass,59.5883,16.5136,94.0
Hydro,64.102,17.2891,27.0
Hydro,60.15,16.1667,22.0
Hydro,60.1454,16.1679,15.0
Hydro,60.1454,16.1679,24.0
Hydro,56.75,13.2833,8.0
Hydro,65.4023,18.6727,107.0
Hydro,65.1167,21.1,42.0
Hydro,62.5204,17.3875,166.0
Hydro,64.55,15.2333,21.0
Hydro,61.2667,16.85,16.2
Hydro,63.5667,18.55,17.0
Hydro,60.065,15.9237,78.0
Hydro,60.065,15.9237,42.0
Hydro,61.15,14.1833,15.0
Hydro,65.8078,21.6716,80.0
Hydro,63.2909,18.7153,5.0
Hydro,60.4858,15.4371,47.0
Hydro,59.6167,13.4667,20.0
Hydro,60.4858,15.4371,22.0
Hydro,63.25,18.25,2.0
Hydro,61.3956,16.4041,72.0
Hydro,60.5089,14.2246,9.0
Hydro,58.753,17.0079,3.0
Hydro,59.5254,13.4813,6.6
Hydro,60.9667,12.4667,24.0
Hydro,60.4858,15.4371,44.0
Hydro,63.2713,17.1987,158.0
Hydro,57.4536,12.0056,2.4
Hydro,59.5072,13.3139,4.7
Hydro,61.1667,15.1333,3.7
Hydro,64.5,14.15,22.0
Hydro,65.1141,19.4644,220.0
Hydro,63.1419,16.1611,78.0
Hydro,65.4763,15.8566,60.0
Hydro,65.572,15.1816,66.0
Hydro,63.4,19.05,12.0
Hydro,63.55,18.6167,17.0
Hydro,63.3333,19.1,14.0
Hydro,59.55,12.55,16.0
Hydro,64.9654,17.5797,108.0
Hydro,60.1667,15.0667,24.0
Hydro,60.0167,18.5333,80.0
Hydro,64.0155,19.5619,223.0
Hydro,66.8857,19.8186,871.0
Hydro,62.55,15.8333,12.0
Hydro,58.2804,12.2787,184.0
Hydro,62.9509,16.6681,151.0
Hydro,61.2833,13.15,6.5
Hydro,64.1167,16.1667,15.0
Hydro,59.4589,18.5942,10.7
Hydro,57.4536,12.0056,26.0
Biomass,59.3623,17.8241,75.0
Hydro,60.9511,12.5432,127.8
Biomass,58.743,17.0006,35.0
Hydro,62.3913,17.3063,96.0
Biomass,59.1497,18.1167,20.0
Hydro,65.0959,17.1173,26.0
Hydro,63.7167,13.15,14.0
Hydro,56.1522,14.8325,1020.0
Hydro,56.5121,13.0437,31.4
Hydro,63.5423,16.7629,296.0
Hydro,59.5833,13.6833,22.0
Hydro,62.0411,14.9004,103.0
Hydro,59.6553,12.5852,3.5
Hydro,63.1462,16.0706,250.2
Hydro,60.45,14.55,5.6
Hydro,60.5315,17.4156,28.0
Hydro,60.5638,17.4422,30.0
Hydro,64.7507,20.9528,140.0
Hydro,59.95,12.75,55.0
Hydro,61.95,15.5167,57.0
Hydro,56.5121,13.0437,11.3
Hydro,61.25,16.6333,11.2
Hydro,60.55,17.7667,44.0
Hydro,63.6366,16.7762,98.0
Hydro,58.9167,12.3,5.5
Hydro,58.4331,16.9667,1.0
Hydro,63.5548,16.8289,165.0
Hydro,66.2242,20.86,222.0
Hydro,61.3167,16.4333,2.7
Hydro,62.5667,16.4167,9.0
Hydro,66.5024,20.3797,486.0
Hydro,66.8094,19.8968,332.0
Hydro,58.1356,12.1199,46.0
Hydro,60.5167,14.9667,11.0
Hydro,61.4167,16.4,13.6
Hydro,64.8,16.0167,10.0
Hydro,62.35,17.0333,21.0
Hydro,66.6855,20.3359,463.0
Hydro,63.2395,15.2372,155.0
Hydro,63.3683,16.9876,135.0
Biomass,58.5371,15.0365,3.7
Hydro,59.8386,13.5436,33.0
Hydro,63.4402,16.8804,115.0
Hydro,60.45,14.4833,24.0
Hydro,63.2207,15.3219,70.0
Hydro,62.4333,16.4833,16.0
Hydro,61.5,14.8333,10.0
Hydro,59.7667,12.3167,3.0
Hydro,56.9333,13.0667,1.4
Hydro,58.275,12.2727,104.0
Hydro,66.7667,17.5333,19.0
Hydro,62.5167,15.7833,35.0
Hydro,63.9304,19.6661,69.0
Hydro,66.959,19.8023,430.0
Hydro,66.4288,20.6518,282.0
Hydro,67.732,17.49,304.0
Hydro,57.0167,14.9,17.0
Hydro,64.7129,18.2534,45.0
Hydro,66.9764,18.5748,214.0
Hydro,64.2167,20.3167,61.0
Hydro,62.3913,17.3063,11.0
Hydro,62.3667,16.9667,46.0
Hydro,60.4,15.8,38.0
Hydro,60.0667,13.4667,13.6
Hydro,56.5333,13.1833,12.5
Hydro,60.3833,17.2333,20.0
Hydro,61.0831,14.3167,35.0
Hydro,62.9764,16.6584,142.0
Hydro,64.947,16.8273,130.0
Hydro,64.2861,17.2427,57.0
Hydro,65.0521,17.2328,54.0
Hydro,63.5985,16.1218,112.0
Hydro,63.8803,20.0184,599.0
Hydro,63.1625,15.6245,47.0
Hydro,63.0287,16.5716,80.0
Hydro,62.0272,14.284,36.0
Hydro,64.2167,15.9,14.0
Hydro,56.4833,13.5833,2.8
Hydro,62.4165,16.4952,119.0
Hydro,61.3811,13.7312,300.0
Hydro,64.4735,18.8815,118.0
Hydro,65.0959,17.1173,100.0
Hydro,60.4167,17.3,43.0
Biomass,59.8514,17.6783,130.0
Hydro,65.0193,19.6856,134.0
Hydro,58.3557,12.3729,35.0
Biomass,59.352,18.101,130.0
Hydro,67.4931,18.3549,325.0
Hydro,62.3,17.1667,10.0
Hydro,65.8453,21.5545,33.0
Hydro,64.55,16.75,20.0
Biomass,59.3532,18.0985,389.0
Hydro,47.3925,8.0442,16.93
Hydro,47.0378,7.272,15.2
Hydro,46.2389,7.8747,29.2
Hydro,46.5285,8.6088,60.0
Hydro,47.5908,8.1295,84.9
Hydro,47.5908,8.1295,28.4
Hydro,47.1674,9.4779,3.56
Hydro,46.7713,8.6696,120.0
Hydro,46.7713,8.6696,1.73
Hydro,46.2106,7.2578,52.0
Hydro,46.7713,8.6696,13.0
Hydro,47.5356,7.7147,35.0
Hydro,47.234,7.731,28.5
Hydro,47.3383,7.2449,1.03
Hydro,46.4114,8.6174,140.0
Hydro,47.5525,8.2286,19.5
Hydro,47.5525,8.2286,6.2
Hydro,46.3335,8.9798,324.0
Hydro,46.372,8.9161,141.0
Hydro,46.1855,7.2512,1285.0
Hydro,46.3336,8.0086,340.0
Hydro,46.8188,8.6505,8.7
Hydro,47.3511,8.3421,20.0
Hydro,46.2885,8.4958,1.28
Hydro,46.2334,10.1421,50.0
Hydro,46.2334,10.1421,1.62
Hydro,46.3339,9.5179,100.0
Hydro,46.3452,8.6062,114.0
Hydro,46.3053,8.5539,1.38
Hydro,46.477,8.8013,2.0
Hydro,46.0581,7.243,8.7
Hydro,46.1604,5.9766,54.0
Hydro,46.0615,6.9586,260.5
Hydro,46.3087,7.4356,66.0
Hydro,46.9242,8.3879,18.24
Hydro,47.4017,8.4001,2.94
Hydro,47.5748,8.4733,46.9
Hydro,47.1631,8.7848,135.0
Hydro,47.0906,9.343,1.45
Hydro,46.9688,7.4391,11.5
Hydro,46.422,8.1454,64.0
Hydro,46.6721,9.688,65.0
Hydro,46.0731,7.4034,306.0
Hydro,46.1573,7.2092,140.0
Hydro,46.7272,8.3337,10.3
Hydro,46.1882,8.0702,11.33
Hydro,47.1892,8.9964,1.9
Hydro,46.2743,8.6821,8.94
Hydro,46.1961,8.1505,46.0
Hydro,46.1825,8.8573,132.5
Hydro,46.5654,8.3278,32.5
Hydro,46.5654,8.3278,35.3
Hydro,46.5654,8.3278,348.0
Hydro,46.2468,9.1493,37.5
Hydro,46.7401,8.6247,6.6
Hydro,46.8365,8.0423,1.2
Hydro,47.1324,7.2441,12.7
Hydro,46.6167,8.3077,100.0
Hydro,46.617,8.3063,55.0
Hydro,46.9768,8.765,8.8
Hydro,46.6196,8.5698,2.0
Hydro,46.7741,9.2046,49.5
Hydro,46.7086,8.226,62.0
Hydro,46.882,8.6161,12.0
Hydro,47.0203,7.2355,8.3
Hydro,46.5496,7.6604,19.0
Hydro,46.4947,7.6733,1.03
Hydro,46.4947,7.6733,1.5
Hydro,46.882,8.6161,1.18
Hydro,47.6097,8.2375,42.6
Hydro,46.6667,7.5333,1.3
Hydro,46.7126,6.3789,28.0
Hydro,47.1528,6.9969,5.6
Hydro,46.2521,7.0114,24.0
Hydro,46.7737,9.1085,5.1
Hydro,47.5598,8.0622,110.0
Hydro,46.2213,7.0148,90.0
Hydro,46.2364,7.0269,2.6
Hydro,46.9559,6.7478,1.6
Hydro,46.5048,7.0621,8.56
Hydro,47.3667,8.55,5.0
Hydro,46.9763,9.0459,1.0
Hydro,46.8489,9.0118,1000.0
Hydro,46.8489,9.0118,34.4
Hydro,47.062,9.0553,1.42
Hydro,46.313,9.1967,25.0
Hydro,46.9664,9.0371,3.5
Hydro,46.0906,7.0637,22.0
Hydro,46.8842,10.4627,84.0
Hydro,46.35,7.9667,7.2
Hydro,46.9481,7.4474,1.16
Hydro,47.0456,9.4232,3.3
Hydro,46.4882,7.0437,31.0
Hydro,46.7336,6.5082,15.5
Hydro,46.2555,6.9607,9.8
Hydro,46.7429,8.9872,1.6
Hydro,46.1822,7.248,392.0
Hydro,47.5233,7.6175,1.07
Hydro,47.0031,7.241,15.0
Hydro,46.2815,7.6953,8.2
Hydro,46.8702,8.3744,31.95
Hydro,46.8702,8.3744,1.97
Hydro,46.8877,8.4173,8.7
Hydro,46.5296,8.9436,102.0
Hydro,46.4076,8.6477,54.0
Hydro,47.1094,8.362,1.0
Hydro,47.1094,8.362,1.15
Hydro,46.7395,8.8287,6.48
Hydro,46.4426,8.8395,72.9
Hydro,47.0456,9.4232,4.5
Hydro,46.2253,7.3037,10.6
Hydro,46.1879,8.7491,3.1
Hydro,46.805,10.3327,300.0
Hydro,47.0906,9.343,5.0
Hydro,46.6826,9.3157,26.0
Hydro,46.4699,8.2416,39.5
Hydro,46.5333,9.2,19.06
Hydro,47.1385,8.8974,66.24
Hydro,46.1728,7.2236,258.0
Hydro,47.0998,9.0641,4.5
Hydro,46.5136,8.6783,44.0
Hydro,46.6826,9.3157,90.0
Hydro,46.9157,8.8842,9.3
Hydro,46.5403,7.0861,2.9
Hydro,46.2351,9.1262,20.8
Hydro,47.6973,8.6349,28.9
Hydro,46.95,9.75,6.1
Hydro,46.6816,8.7786,150.0
Hydro,46.5285,8.6088,1.93
Hydro,46.2042,6.1355,8.7
Hydro,47.1745,8.8978,51.52
Hydro,46.3659,9.2216,83.0
Hydro,46.6847,7.6911,18.66
Hydro,46.2403,7.8744,185.0
Hydro,46.2403,7.8744,1.27
Hydro,46.5136,8.6783,14.0
Hydro,46.0156,8.9453,5.0
Hydro,46.5431,7.9015,4.3
Hydro,47.2605,9.5027,1.22
Hydro,46.2521,7.0114,10.61
Hydro,46.1814,8.851,4.25
Hydro,46.6972,9.4394,4.6
Hydro,46.4226,8.8431,2.9
Hydro,46.5824,9.6173,69.5
Hydro,47.2476,9.1705,1.8
Hydro,47.492,8.2541,1.0
Hydro,46.3015,7.702,23.9
Hydro,46.8333,8.1806,54.0
Hydro,46.8333,8.1806,12.0
Hydro,47.0326,9.4341,1.2
Hydro,46.1201,8.7118,119.0
Hydro,46.1927,6.0281,102.8
Hydro,46.1367,7.0391,92.0
Hydro,46.2163,7.5854,50.0
Hydro,47.011,8.6454,20.4
Hydro,47.4705,8.3164,25.35
Hydro,47.4705,8.3164,2.1
Hydro,47.479,8.2184,1.59
Hydro,46.9032,8.3942,6.6
Hydro,47.2557,7.8163,12.0
Hydro,46.0824,7.9572,74.0
Hydro,46.6128,9.1779,22.0
Hydro,35.8853,38.7472,75.0
Hydro,35.8722,38.5667,800.0
Hydro,36.3814,38.1833,630.0
Hydro,22.8554,120.535,2.0
Hydro,23.8542,120.8701,1000.0
Hydro,24.3108,120.7214,1.0
Hydro,23.8544,120.8705,1000.0
Hydro,23.8364,120.8678,1602.0
Hydro,23.8117,120.8539,13.0
Hydro,23.8693,121.5097,9.5
Hydro,24.2033,121.0071,180.0
Hydro,24.8858,120.9964,18.0
Hydro,38.2674,69.1237,600.0
Hydro,37.8839,68.937,210.0
Hydro,40.2759,69.815,126.0
Hydro,37.4897,71.553,10.0
Hydro,38.3717,69.3481,3015.0
Hydro,38.0435,69.0583,700.0
Hydro,38.586,68.7785,11.0
Hydro,38.6122,68.7767,14.4
Hydro,-5.2981,38.6041,21.0
Hydro,-7.6354,36.8837,204.0
Hydro,-8.575,35.8513,180.0
Hydro,-7.1363,35.9838,80.0
Hydro,-3.8213,37.4679,8.0
Hydro,-5.3491,38.6503,68.0
Hydro,6.1555,101.273,72.0
Hydro,17.2426,98.9723,744.0
Hydro,16.5362,101.65,40.0
Biomass,16.7023,102.8557,20.0
Biomass,14.5254,102.2459,22.0
Hydro,14.8073,101.5453,1000.0
Biomass,14.8418,99.6976,27.0
Biomass,14.8418,99.6976,10.8
Hydro,15.2819,105.4683,136.0
Hydro,8.9723,98.807,240.0
Hydro,17.7634,100.5636,500.0
Hydro,14.407,99.1291,720.0
Biomass,9.1401,99.3331,8.8
Hydro,15.2063,105.4292,36.0
Hydro,14.799,98.5966,300.0
Hydro,7.424,1.435,65.6
Hydro,36.7996,9.7726,4.8
Hydro,36.672,8.7884,1.2
Hydro,36.592,8.706,1.2
Hydro,36.7611,9.0024,1.0
Hydro,36.3144,8.7026,13.0
Hydro,36.59,9.397,33.0
Hydro,41.3668,35.7244,700.0
Hydro,40.9368,36.6491,138.0
Hydro,37.4825,38.3186,2400.0
Hydro,38.1602,41.2026,198.0
Hydro,37.3731,36.4615,510.0
Hydro,37.0542,37.8901,672.0
Hydro,41.3507,41.6834,300.0
Hydro,41.3391,35.0033,513.0
Hydro,41.1696,41.8697,670.0
Hydro,39.8756,28.5754,29.0
Hydro,38.348,40.0197,110.0
Hydro,36.5285,33.1943,159.0
Hydro,40.0332,31.016,278.0
Hydro,40.9367,36.6493,500.0
Hydro,39.2731,33.5184,128.0
Hydro,37.5302,41.8529,1200.0
Hydro,38.2264,39.1353,1800.0
Hydro,36.8697,38.0307,192.0
Hydro,38.8055,38.7591,1330.0
Hydro,40.242,38.1859,124.0
Hydro,37.6766,36.8505,248.0
Hydro,41.4683,41.7137,115.0
Hydro,40.7702,34.7913,202.0
Hydro,36.9086,31.5316,540.0
Hydro,40.04,31.4144,160.0
Hydro,37.5009,36.5967,284.0
Hydro,37.0368,35.3414,169.0
Hydro,39.1278,40.0855,170.0
Hydro,0.3055,30.098,11.0
Hydro,0.4982,33.1374,250.0
Hydro,-0.8815,29.6707,10.0
Biomass,0.44,33.2,12.0
Hydro,0.4503,33.1857,205.0
Hydro,0.3241,30.046,10.5
Hydro,0.4432,33.1852,180.0
Hydro,47.8675,35.0897,1538.0
Hydro,48.5136,27.4733,702.0
Hydro,48.5136,27.4733,648.0
Hydro,48.5485,34.541,357.0
Hydro,46.7786,33.3697,343.0
Hydro,49.7665,31.4717,528.0
Hydro,50.5883,30.5118,440.0
Hydro,50.6113,30.4902,235.0
Hydro,49.0748,33.2531,625.0
Hydro,47.7968,31.1811,313.0
Biomass,54.6221,-6.7398,1.0
Biomass,52.586,-1.2375,2.5
Biomass,52.8543,-2.8986,1.1
Biomass,52.839,-2.93,1.0
Biomass,51.3875,-3.4066,35.0
Hydro,56.7839,-4.7711,2.0
Hydro,57.6108,-4.916,3.0
Biomass,56.4529,-4.3342,5.6
Hydro,57.4574,-4.5453,20.0
Biomass,54.626,-5.8729,1.2
Biomass,54.0326,-1.3805,1.1
Hydro,56.9748,-5.12,1.3
Hydro,56.3492,-4.7007,2.1
Hydro,57.2559,-5.0186,1.5
Hydro,57.0604,-4.9225,1.3
Biomass,52.175,-1.679,1.6
Hydro,56.5256,-4.1335,2.0
Hydro,56.5583,-5.6873,1.5
Biomass,51.8206,-0.7382,5.0
Biomass,54.7581,-3.3309,5.0
Biomass,52.6438,-1.558,1.5
Biomass,55.9903,-3.6789,2.0
Biomass,51.5097,-2.6908,6.5
Biomass,51.5097,-2.6908,6.5
Biomass,54.6193,-5.7889,2.1
Biomass,51.0112,-2.1828,1.5
Hydro,57.6778,-5.7076,1.5
Biomass,54.3073,-7.6639,2.5
Biomass,53.048,-0.8107,20.3
Biomass,55.7181,-4.7186,2.2
Biomass,53.568,-1.5146,9.0
Biomass,51.2917,-1.0343,1.2
Biomass,51.5182,0.0885,19.0
Biomass,51.5178,0.0935,8.0
Hydro,52.9122,-1.2087,1.7
Hydro,56.6439,-3.8218,1.1
Hydro,56.3299,-4.7172,1.3
Biomass,52.1299,1.4303,4.6
Biomass,52.13,1.4303,2.0
Biomass,52.1253,1.4428,1.8
Hydro,57.0045,-3.0814,2.0
Biomass,52.4624,-1.8417,10.3
Hydro,57.6692,-4.3504,3.5
Biomass,53.4201,-1.3985,33.0
Biomass,53.1213,-3.323,3.0
Biomass,53.508,-1.3157,4.0
Biomass,50.7771,-2.3941,1.1
Hydro,56.2112,-5.2805,2.2
Biomass,53.4274,-2.1143,2.0
Biomass,53.5423,-0.5096,40.0
Biomass,51.5128,-2.67,10.0
Biomass,52.2543,0.727,5.0
Biomass,50.8736,-0.8489,2.2
Biomass,53.7782,-0.6639,3.5
Biomass,51.3917,-2.0373,1.5
Biomass,52.7752,-2.2312,1.3
Biomass,51.1028,-0.3263,4.5
Biomass,52.9625,-2.6624,2.4
Hydro,56.1744,-4.5474,1.1
Hydro,56.8315,-3.9299,1.9
Biomass,51.7383,-3.436,1.0
Biomass,53.8143,-1.5426,2.0
Biomass,51.9469,-0.0487,1.1
Biomass,52.0025,-0.1428,2.3
Biomass,55.5796,-4.6395,26.0
Biomass,51.1444,-3.0969,3.3
Biomass,51.4772,-3.1365,2.0
Hydro,56.6868,-5.5073,1.35
Biomass,51.2184,-1.1299,1.5
Biomass,53.7485,-2.9288,1.0
Biomass,53.0709,-0.0531,3.0
Hydro,54.941,-3.9278,12.0
Hydro,56.5431,-4.4651,11.0
Biomass,51.7996,-1.3303,2.1
Hydro,57.9768,-4.5832,10.0
Biomass,51.696,-0.1116,1.5
Hydro,57.1582,-4.9317,20.0
Hydro,56.3944,-4.4925,2.0
Biomass,55.5605,-2.6533,10.0
Biomass,51.4045,-0.4407,1.7
Biomass,54.668,-1.5666,18.0
Hydro,57.4917,-5.2603,2.0
Hydro,56.9537,-5.0076,3.0
Hydro,56.3,-5.5833,40.0
Hydro,57.55,-2.6167,61.2
Biomass,51.1725,-2.0152,1.5
Biomass,52.519,-1.7116,2.4
Biomass,52.9523,-1.0578,2.0
Biomass,51.7267,-0.2575,3.0
Biomass,56.0769,-3.8639,15.0
Biomass,52.4686,-2.082,1.1
Biomass,51.611,-1.1033,2.3
Hydro,56.394,-5.115,440.0
Hydro,56.4112,-5.1135,440.0
Hydro,56.9562,-4.211,2.5
Hydro,57.7633,-5.0392,3.3
Hydro,57.346,-4.7627,17.0
Hydro,57.346,-4.7627,2.1
Biomass,55.9704,-3.9575,2.4
Hydro,56.3734,-4.0411,4.0
Biomass,50.4514,-4.1128,3.9
Biomass,52.2563,-1.187,1.0
Biomass,54.6477,-1.2058,5.1
Hydro,57.5167,-4.9333,38.0
Biomass,52.6969,-0.1371,1.8
Biomass,51.6265,-0.0415,3.0
Biomass,55.9704,-3.9575,1.0
Biomass,50.4167,-4.1137,1.5
Hydro,56.8322,-5.0801,1.9
Biomass,56.1897,-3.0559,5.5
Biomass,51.0801,-2.5561,3.0
Hydro,53.1181,-4.1032,1800.0
Hydro,53.1186,-4.1139,1728.0
Biomass,51.2839,1.3457,16.0
Hydro,53.1912,-3.8426,32.0
Hydro,56.1726,-4.8768,1.4
Biomass,50.7508,-1.6781,1.5
Hydro,56.2149,-5.1533,3.0
Hydro,54.941,-3.9278,2.0
Biomass,54.8563,-3.3586,1.0
Hydro,54.941,-3.9278,14.0
Hydro,56.4044,-4.925,1.5
Biomass,51.5212,0.1375,1.4
Biomass,52.8746,-2.2467,2.6
Biomass,50.786,-1.8569,3.2
Hydro,56.1778,-5.3402,1.9
Hydro,52.2946,-3.6144,2.9
Biomass,52.3979,0.1297,38.0
Biomass,55.9697,-3.958,2.4
Biomass,53.7585,-0.3304,25.0
Biomass,53.7585,-0.3304,3.0
Biomass,50.7077,-3.4406,2.0
Biomass,55.0346,-7.2512,15.0
Biomass,52.3334,1.1278,14.3
Biomass,53.703,-2.7373,1.9
Hydro,57.3272,-4.7946,7.5
Biomass,52.1972,-4.1689,3.2
Biomass,52.568,0.0621,1.5
Biomass,52.4119,-0.7662,1.5
Biomass,53.7164,-1.2819,79.0
Hydro,52.9807,-3.9686,360.0
Hydro,56.2441,-4.2164,16.5
Hydro,57.2618,-4.4835,300.0
Hydro,57.2461,-4.4901,5.0
Hydro,57.6813,-5.5196,2.0
Hydro,57.1859,-4.4818,2.4
Hydro,56.6785,-4.5085,7.9
Biomass,51.6645,-3.2693,1.4
Hydro,56.8878,-4.5765,2.0
Biomass,53.5411,-0.5056,14.0
Biomass,55.834,-4.2447,5.0
Biomass,55.5945,-4.6302,1.0
Hydro,56.238,-5.0681,1.0
Hydro,57.1437,-4.6592,100.0
Biomass,57.4549,-3.123,1.5
Hydro,54.941,-3.9278,24.0
Hydro,57.1971,-4.8694,37.0
Biomass,52.0207,-0.5994,16.0
Biomass,50.6756,-1.2524,2.2
Biomass,54.2195,-7.5402,1.5
Biomass,53.3525,-2.7467,5.0
Biomass,54.491,-6.8121,3.0
Biomass,54.02,-0.9579,1.0
Hydro,57.2016,-4.7213,36.0
Biomass,51.0051,-3.8238,1.3
Biomass,51.2168,-1.0653,1.2
Biomass,52.724,-1.3125,2.0
Biomass,50.7219,-1.2896,1.0
Hydro,57.6499,-5.4127,2.0
Biomass,51.9421,0.6578,2.0
Biomass,55.5471,-4.6814,2.6
Biomass,51.4592,-0.4595,1.8
Biomass,50.6928,-3.3841,1.0
Biomass,53.3308,-1.3323,6.5
Biomass,53.819,-0.1465,22.0
Biomass,54.664,-3.5473,49.0
Biomass,54.5822,-1.185,5.1
Biomass,53.2827,-2.8189,21.5
Biomass,56.1782,-3.2115,2.0
Hydro,56.6302,-4.1868,1.4
Hydro,56.6003,-4.3052,1.0
Hydro,55.8681,-6.0909,2.0
Hydro,57.0363,-5.6812,25.0
Hydro,57.2799,-4.455,4.0
Hydro,57.0721,-4.774,20.0
Biomass,57.7054,-4.1599,5.0
Hydro,57.8235,-5.0553,2.5
Hydro,56.6061,-4.1769,1.2
Biomass,52.0568,1.1979,2.6
Biomass,53.2138,-0.7981,12.0
Hydro,56.6139,-4.0027,2.0
Hydro,55.0736,-4.1408,24.0
Hydro,57.7203,-5.6792,1.25
Hydro,56.2727,-5.4897,2.08
Hydro,57.4632,-4.5121,20.0
Biomass,53.7424,-0.2835,9.0
Biomass,51.5359,-0.0056,3.0
Hydro,56.6214,-5.5289,3.5
Hydro,56.7146,-4.9634,19.5
Biomass,53.7815,-1.4912,4.0
Hydro,58.0287,-4.4146,4.0
Biomass,54.8548,-1.8143,1.0
Biomass,54.9733,-2.0818,1.5
Biomass,53.3361,-0.5363,1.1
Biomass,53.2638,-2.4824,5.0
Hydro,57.9695,-5.0632,1.2
Hydro,56.1725,-5.1883,1.0
Hydro,56.3745,-3.9975,3.0
Biomass,54.2912,-1.5425,1.5
Biomass,55.779,-3.678,12.5
Biomass,55.7884,-3.9822,17.0
Biomass,51.5611,-2.9625,9.0
Hydro,57.2202,-4.6474,17.0
Hydro,52.1203,-3.7699,4.4
Hydro,52.9438,-3.6712,4.5
Hydro,57.4036,-5.304,1.0
Hydro,57.4667,-4.0833,1.2
Hydro,56.7298,-4.9172,2.0
Hydro,56.824,-4.372,2.2
Hydro,56.0696,-5.3294,6.0
Hydro,54.9667,-3.4667,46.0
Hydro,54.9667,-3.4667,2.0
Biomass,56.0969,-3.4694,1.7
Biomass,53.4443,-1.4523,8.0
Biomass,50.8832,-2.3022,1.3
Hydro,56.5419,-4.5174,4.0
Hydro,56.0328,-5.787,2.4
Biomass,56.9152,-2.3876,1.2
Hydro,52.946,-3.9879,35.3
Hydro,58.2603,-4.9819,4.0
Biomass,52.8353,0.0816,1.5
Biomass,51.5633,-3.7479,40.0
Biomass,51.8101,-2.282,2.1
Biomass,53.0336,0.1569,1.4
Biomass,52.4546,0.3521,2.4
Biomass,52.5594,-0.1752,1.0
Biomass,52.4284,0.0878,14.4
Biomass,52.5711,-1.5867,2.0
Biomass,53.1334,-0.4721,6.5
Biomass,55.9255,-3.0834,1.5
Biomass,52.0672,-0.8149,7.0
Biomass,57.5182,-4.0889,2.0
Hydro,56.9107,-4.9852,1.75
Hydro,57.3387,-4.9449,2.4
Hydro,55.9846,-4.821,15.0
Hydro,56.847,-4.9453,1.1
Biomass,54.2175,-6.3367,2.0
Biomass,53.5745,-0.7941,4.0
Biomass,50.828,-4.352,1.4
Biomass,52.2365,-0.8819,1.9
Biomass,52.7686,1.3564,2.0
Biomass,52.5169,-2.0288,40.0
Hydro,57.5294,-4.5585,18.0
Biomass,52.455,-1.0283,4.0
Biomass,50.1422,-5.3398,1.0
Hydro,56.6991,-3.7406,15.0
Biomass,51.6908,-2.5877,1.5
Biomass,52.6841,-2.01,6.0
Biomass,54.6058,-1.5803,2.8
Biomass,53.5369,-1.1374,2.0
Biomass,53.5369,-1.1374,3.0
Biomass,58.4347,-3.0855,3.5
Biomass,55.9566,-2.7707,1.5
Biomass,53.2904,-0.8382,1.2
Hydro,56.6333,-4.3667,45.0
Biomass,51.7671,0.0003,3.0
Biomass,51.5241,0.1364,1.4
Biomass,52.7008,1.2028,1.5
Biomass,53.5041,-2.1807,2.0
Biomass,54.3203,-6.2893,1.1
Hydro,52.4076,-3.8772,55.975
Biomass,51.3823,0.7588,25.0
Hydro,57.3167,-4.5048,1.9
Hydro,57.2135,-4.4506,3.0
Hydro,56.4049,-4.9226,2.0
Hydro,56.9166,-4.3855,2.0
Hydro,57.4231,-5.4216,1.4
Biomass,52.9572,-0.0129,10.5
Biomass,57.5264,-3.2078,8.3
Biomass,51.7749,0.0171,2.3
Biomass,53.4251,-2.4195,41.6
Biomass,51.8978,-2.1717,3.6
Biomass,53.4953,-2.2873,2.0
Biomass,53.992,-0.4985,2.0
Biomass,50.789,-0.7373,1.0
Hydro,57.9333,-4.4,18.6
Biomass,52.893,-1.4795,7.5
Biomass,53.5909,-0.3571,1.5
Biomass,52.999,-0.3827,40.0
Hydro,56.2512,-4.7117,152.5
Biomass,52.4791,0.9544,44.2
Biomass,53.6027,-1.3407,6.0
Biomass,53.3944,-2.2461,2.0
Biomass,54.2703,-0.7586,2.0
Biomass,57.4947,-3.2089,12.5
Biomass,52.7013,1.195,1.0
Hydro,57.0569,-4.23,4.0
Biomass,51.3561,1.244,1.2
Biomass,53.0346,0.0312,1.4
Biomass,51.9485,0.3275,1.0
Biomass,52.9759,-1.0396,2.0
Hydro,55.6667,-3.85,6.0
Biomass,51.5072,-3.6713,3.0
Hydro,57.3,-6.25,2.4
Hydro,56.0093,-5.1199,8.0
Biomass,53.1583,-1.0285,2.2
Biomass,53.3631,-0.9601,3.0
Biomass,52.5427,-2.3814,1.2
Biomass,52.5428,-2.3818,2.2
Biomass,51.5679,-1.8085,1.2
Biomass,52.2572,0.6371,1.4
Biomass,54.5815,-1.2469,4.8
Biomass,53.4226,-1.3734,42.0
Biomass,51.8459,0.0918,1.2
Biomass,52.8404,-1.0338,6.8
Biomass,52.4486,0.7253,41.5
Biomass,53.8819,-2.9975,9.0
Biomass,53.8948,-3.0151,1.9
Biomass,51.4604,0.3497,43.0
Hydro,55.0736,-4.1408,33.0
Hydro,57.554,-4.5984,15.0
Biomass,51.9188,-0.5656,1.1
Biomass,51.382,-0.5722,2.4
Biomass,54.8371,-6.1986,3.0
Hydro,56.7075,-4.021,34.0
Hydro,56.373,-3.8393,1.9
Biomass,54.8521,-7.4065,2.1
Hydro,57.3742,-5.3271,2.0
Biomass,51.5485,-2.9492,18.0
Biomass,53.2632,-3.4263,1.0
Biomass,51.614,-1.1122,2.4
Biomass,51.1839,-2.9829,1.6
Biomass,55.0951,-3.5336,1.2
Biomass,51.8499,-0.9785,2.0
Biomass,51.5675,-3.7626,14.0
Biomass,56.1417,-3.3051,12.5
Biomass,52.2622,-0.5634,2.0
Biomass,53.8146,-0.9922,18.0
Biomass,53.3546,-2.7513,20.0
Biomass,52.3867,-2.6987,1.1
Biomass,50.8923,-3.3801,2.0
Biomass,54.5674,-1.0967,38.0
Biomass,51.9461,-2.0833,1.6
Biomass,53.877,-1.3939,1.0
Biomass,51.1117,-2.4819,1.0
Hydro,44.5281,-121.1528,3.0
Hydro,35.0314,-81.4936,12.0
Hydro,37.151,-119.5047,12.8
Biomass,35.4721,-119.4329,1.0
Biomass,35.2143,-119.203,1.0
Biomass,35.1731,-119.1164,1.0
Biomass,35.1697,-119.1056,2.0
Hydro,29.594,-98.0407,2.8
Hydro,36.2399,-106.423,15.6
Hydro,42.9506,-85.4859,1.4
Biomass,41.6919,-90.8664,1.0
Biomass,41.1533,-81.5689,1.8
Biomass,31.5825,-87.4889,69.0
Biomass,31.5825,-87.4889,48.0
Hydro,34.8158,-118.6867,19.6
Hydro,48.1802,-116.9986,42.0
Hydro,44.562,-83.8045,8.0
Hydro,42.5484,-106.7175,41.4
Hydro,46.8016,-122.3102,50.0
Hydro,45.1875,-89.7553,4.2
Hydro,44.5192,-73.4648,2.1
Hydro,34.1637,-84.7282,86.6
Hydro,42.5638,-85.954,2.6
Hydro,40.8966,-79.479,13.6
Hydro,40.956,-79.5507,17.8
Hydro,40.7164,-79.5772,9.2
Hydro,40.6829,-79.6653,9.2
Hydro,44.6603,-74.8603,4.0
Hydro,61.0844,-146.3533,6.5
Hydro,39.216,-120.8036,1.0
Hydro,42.7778,-112.8764,92.4
Hydro,37.866,-107.8831,3.6
Hydro,29.4498,-101.0601,66.0
Hydro,43.0022,-71.4721,16.0
Hydro,43.3571,-115.4515,40.0
Hydro,44.1353,-70.2015,3.6
Biomass,44.5063,-70.2395,80.0
Hydro,38.0719,-120.5394,1.4
Hydro,58.3176,-134.101,4.0
Hydro,44.7975,-69.8867,29.0
Hydro,35.1677,-84.2956,93.6
Hydro,45.1576,-92.7162,2.4
Hydro,44.2539,-88.4096,2.2
Hydro,32.6391,-97.2429,1.3
Hydro,45.7517,-91.2028,1.4
Hydro,43.595,-115.9233,15.0
Biomass,33.6417,-94.1083,156.5
Hydro,41.949,-74.2063,4.6
Hydro,44.0786,-111.4973,6.7
Hydro,41.2372,-84.3998,3.6
Hydro,30.2934,-97.7844,18.0
Hydro,36.4237,-79.9525,1.2
Hydro,43.5978,-71.7177,8.4
Hydro,44.9439,-70.9975,6.7
Hydro,34.1548,-117.9093,3.0
Biomass,39.2997,-76.4942,3.0
Hydro,35.0075,-82.9975,1296.0
Hydro,40.5264,-123.7256,1.5
Hydro,36.9091,-119.0877,31.0
Hydro,36.9089,-119.0876,97.2
Hydro,43.1269,-72.7761,2.4
Hydro,33.4587,-87.3568,53.9
Hydro,43.6136,-70.5525,4.0
Hydro,43.561,-116.1213,4.1
Hydro,44.0867,-70.2297,1.5
Hydro,37.0217,-88.2211,130.0
Hydro,40.1671,-111.4995,1.0
Hydro,32.662,-85.0916,173.0
Hydro,39.3631,-106.8219,5.0
Hydro,38.2089,-79.8,2862.0
Hydro,40.5345,-121.9591,3.2
Hydro,35.2427,-83.072,9.0
Hydro,42.6839,-72.9599,600.0
Hydro,33.1662,-117.0166,1.4
Hydro,43.0191,-74.7413,20.0
Hydro,38.2026,-120.077,10.0
Hydro,36.4215,-93.8474,112.0
Hydro,55.3798,-131.4703,5.4
Hydro,40.7441,-80.3178,1.2
Hydro,43.9767,-75.9072,9.0
Hydro,40.0074,-121.2494,117.9
Hydro,44.0525,-73.1762,5.7
Hydro,43.9275,-75.3331,2.0
Hydro,39.1192,-81.7375,42.0
Hydro,43.1375,-72.4464,40.8
Hydro,44.0623,-121.3133,1.1
Hydro,43.5317,-75.9531,36.0
Hydro,44.5802,-69.5545,4.2
Hydro,44.3889,-71.1645,30.3
Hydro,41.9439,-86.3289,7.2
Hydro,40.8014,-121.4481,1.8
Hydro,44.0384,-99.4463,538.3
Hydro,44.7514,-122.2832,18.0
Hydro,37.2042,-119.2396,88.4
Hydro,37.2,-119.3069,66.6
Hydro,37.2001,-119.3068,110.0
Hydro,37.1485,-119.3866,174.5
Hydro,37.139,-119.4898,100.0
Hydro,37.2096,-119.3289,75.0
Hydro,40.6467,-123.498,5.0
Hydro,45.4917,-91.0469,7.7
Hydro,48.0592,-114.0708,4.1
Hydro,37.1428,-118.3241,3.2
Hydro,45.7883,-88.0415,4.4
Hydro,45.7881,-88.0408,16.0
Biomass,42.8656,-114.7914,1.6
Hydro,40.421,-105.2238,4.5
Biomass,40.7656,-86.8797,6.0
Hydro,44.0274,-112.7194,2.6
Hydro,44.4306,-89.7808,5.6
Hydro,37.2736,-118.5733,7.3
Hydro,37.302,-118.532,8.4
Hydro,37.323,-118.5017,8.2
Hydro,37.3344,-118.4797,4.5
Hydro,37.3499,-118.4628,1.6
Hydro,55.4765,-133.1477,4.5
Hydro,39.8149,-122.3323,6.1
Hydro,43.9305,-116.4372,10.2
Hydro,47.5497,-121.7105,3.7
Hydro,47.5213,-111.2614,24.0
Hydro,44.0001,-75.8132,6.0
Hydro,43.5912,-75.3442,5.7
Hydro,42.0145,-71.5444,1.6
Hydro,44.5065,-74.7534,15.0
Hydro,34.571,-93.1944,75.0
Hydro,45.8614,-94.3592,18.0
Hydro,42.4423,-74.4479,1000.0
Hydro,42.6998,-114.8226,1.3
Hydro,42.9138,-115.071,75.0
Hydro,57.0516,-135.2297,15.9
Hydro,38.4532,-107.3375,86.4
Biomass,38.1739,-113.2972,3.2
Hydro,34.8839,-84.2822,23.5
Hydro,42.2086,-72.6014,3.1
Biomass,48.6067,-93.4066,52.3
Hydro,43.5377,-116.0938,3.3
Hydro,44.3594,-72.8167,8.8
Hydro,44.1706,-72.0994,1.1
Hydro,45.6441,-121.941,1162.0
Hydro,43.6877,-70.6116,7.2
Hydro,36.4403,-82.4381,105.9
Hydro,42.6525,-71.3224,22.9
Hydro,35.5881,-118.5248,12.0
Hydro,37.9858,-111.4383,4.2
Hydro,40.0047,-105.3325,5.0
Hydro,40.0111,-105.3347,3.0
Hydro,40.0111,-105.3347,3.5
Hydro,39.9913,-105.5,3.3
Hydro,48.9871,-117.3478,1118.6
Biomass,35.2964,-84.7569,63.2
Hydro,39.4484,-120.6534,3.6
Hydro,48.7809,-117.4183,90.0
Hydro,41.2792,-122.3292,5.0
Hydro,34.4555,-82.1993,1.4
Hydro,43.4179,-108.1775,15.0
Hydro,59.7786,-150.9401,126.0
Hydro,46.3758,-94.1817,2.9
Hydro,37.2208,-77.5245,2.9
Hydro,45.6603,-69.8122,3.6
Hydro,35.7428,-81.8372,27.7
Biomass,41.6292,-84.6694,1.2
Hydro,41.5016,-111.9934,1.8
Hydro,46.1206,-111.4077,9.7
Hydro,34.1388,-94.6845,100.0
Hydro,43.3085,-73.6366,11.8
Hydro,44.8367,-116.8975,675.0
Hydro,44.2114,-75.0594,16.0
Hydro,45.9472,-88.2189,5.3
Biomass,31.1754,-81.5216,72.2
Hydro,43.9205,-69.9678,19.6
Hydro,41.8396,-86.3511,4.4
Hydro,30.7507,-98.4176,54.9
Hydro,36.8082,-80.9387,8.4
Biomass,30.0688,-83.5253,69.4
Hydro,39.9106,-121.3277,66.0
Hydro,44.5082,-109.1707,18.0
Hydro,34.1623,-84.0774,131.2
Hydro,36.3635,-92.5763,340.0
Hydro,41.659,-73.492,7.2
Hydro,40.8579,-121.7225,3.0
Hydro,34.7939,-83.5406,6.0
Hydro,40.1757,-121.1907,40.0
Hydro,34.1697,-81.9025,15.0
Hydro,44.5119,-92.9394,2.5
Hydro,36.7858,-80.9333,21.6
Hydro,42.5609,-114.0575,9.9
Hydro,42.9449,-115.9779,82.8
Hydro,44.2591,-85.9396,20.1
Hydro,42.1658,-121.685,1.1
Hydro,39.6551,-105.7088,300.0
Hydro,48.0844,-116.0531,265.2
Hydro,42.5875,-72.5793,61.8
Hydro,42.2,-72.61,2.6
Hydro,44.5776,-72.6119,1.6
Hydro,44.695,-73.6219,5.5
Hydro,35.4923,-83.9806,156.6
Hydro,45.3569,-88.2306,6.4
Hydro,47.6008,-121.6886,6.0
Biomass,34.1358,-118.1267,1.1
Hydro,38.2268,-121.0245,10.8
Hydro,38.8288,-120.5371,157.8
Hydro,39.0488,-121.317,7.2
Hydro,44.9993,-71.5302,1.1
Hydro,37.8997,-86.7058,87.9
Hydro,29.8706,-98.1947,6.0
Hydro,46.649,-111.7279,49.8
Hydro,18.2961,-66.6432,18.0
Hydro,18.2397,-66.6691,3.6
Biomass,42.7167,-114.6167,2.2
Biomass,42.4249,-114.2292,2.4
Hydro,40.0855,-121.1482,73.8
Hydro,40.086,-121.1494,117.9
Hydro,18.0447,-66.106,10.0
Hydro,44.286,-122.0414,114.3
Hydro,34.4425,-93.0262,56.0
Hydro,40.3242,-105.2089,2.6
Hydro,34.6121,-84.6733,500.0
Hydro,43.6262,-73.3073,1.9
Hydro,42.9094,-85.4989,1.6
Hydro,44.5256,-116.0483,12.4
Hydro,34.5872,-118.6566,1682.0
Hydro,43.8656,-89.9514,15.0
Hydro,46.3156,-87.5128,2.0
Hydro,43.4956,-70.4472,6.6
Hydro,41.2972,-111.5888,2.1
Hydro,43.3812,-72.5982,1.7
Hydro,35.2531,-83.0983,6.4
Hydro,34.5414,-80.8756,45.0
Hydro,47.4193,-121.7819,30.0
Hydro,44.9367,-91.8883,6.0
Hydro,43.0967,-73.4602,1.1
Hydro,36.0972,-85.8274,140.0
Hydro,39.7889,-121.6574,6.4
Biomass,25.7486,-80.1528,4.8
Hydro,41.8288,-74.1319,3.2
Biomass,37.7197,-120.8986,1.5
Hydro,44.49,-73.1875,7.5
Hydro,45.5136,-87.8011,7.8
Hydro,46.2668,-119.5898,12.0
Hydro,44.0995,-70.2209,28.4
Hydro,44.7533,-74.2169,3.0
Hydro,44.9318,-74.1125,1.6
Hydro,44.9099,-74.0858,1.7
Hydro,35.0191,-83.7914,13.2
Hydro,36.3208,-87.2219,36.0
Hydro,45.6375,-84.4814,1.5
Hydro,47.8347,-120.0133,59.2
Hydro,42.1919,-72.6097,1.6
Hydro,35.4478,-83.9383,140.0
Hydro,36.1682,-83.4977,135.0
Hydro,35.0642,-81.5458,4.3
Hydro,44.0183,-111.5836,3.6
Hydro,55.1169,-131.5459,1.3
Hydro,39.1779,-120.8909,44.0
Hydro,35.1018,-85.2295,159.6
Hydro,42.1596,-72.5828,2.4
Hydro,47.9951,-119.6404,2456.2
Hydro,35.5453,-84.0503,49.8
Hydro,38.7718,-120.8132,7.0
Hydro,43.1287,-71.4599,1.7
Hydro,44.9308,-91.3889,21.6
Hydro,43.4914,-112.0454,8.0
Biomass,37.6335,-122.1397,2.1
Hydro,45.9467,-92.5383,1.2
Hydro,39.5248,-91.644,58.0
Hydro,44.6356,-73.12,3.0
Hydro,37.075,-80.5847,74.8
Biomass,43.2172,-89.4792,2.0
Hydro,42.667,-114.7801,2.5
Hydro,38.9236,-122.5667,2.5
Hydro,43.2512,-122.3379,15.0
Hydro,43.2669,-122.4098,26.0
Biomass,33.7061,-91.2371,28.0
Biomass,46.4231,-116.9764,113.8
Hydro,43.4405,-71.596,2.4
Hydro,34.9953,-81.8344,1.2
Hydro,42.1171,-72.8647,33.0
Hydro,47.5375,-111.195,60.4
Hydro,37.5035,-79.3006,1.5
Hydro,40.4046,-122.1219,12.1
Hydro,39.3308,-121.1917,315.0
Hydro,38.1446,-120.3805,253.0
Hydro,42.1569,-72.4227,1.2
Biomass,41.5556,-81.5892,1.0
Hydro,44.5839,-74.9583,36.0
Hydro,33.9972,-81.0494,10.6
Hydro,41.4639,-97.3283,45.6
Biomass,33.3602,-88.46,128.6
Hydro,39.0096,-121.0591,1.5
Hydro,44.2735,-88.3005,6.2
Hydro,44.3251,-72.001,167.8
Hydro,40.4644,-79.3657,15.0
Hydro,39.6572,-76.1752,530.8
Hydro,41.8436,-85.6694,1.2
Hydro,37.4379,-118.557,37.5
Hydro,44.4726,-83.5719,9.0
Hydro,60.3923,-149.6656,19.4
Hydro,41.9789,-122.3353,20.0
Hydro,41.9757,-122.3581,27.0
Hydro,43.8997,-75.6603,3.3
Hydro,45.6652,-121.5238,2.6
Hydro,36.2895,-85.9442,99.9
Hydro,45.164,-91.1574,35.3
Hydro,42.4519,-76.4851,1.9
Hydro,33.859,-117.6106,2.9
Hydro,42.4044,-71.6872,3.2
Hydro,36.4434,-118.0439,1.6
Hydro,44.1307,-122.2439,26.0
Hydro,40.8713,-121.9487,5.0
Hydro,40.5708,-122.0209,1.4
Hydro,35.4346,-80.9588,350.0
Hydro,46.6926,-120.7372,1.7
Hydro,46.4661,-122.1097,70.0
Hydro,33.9249,-117.9552,3.1
Hydro,42.8056,-73.7226,11.6
Hydro,39.8259,-121.4097,73.8
Hydro,33.4394,-111.9461,3.0
Hydro,43.4373,-85.6645,8.9
Hydro,38.5106,-107.6253,28.0
Hydro,46.1063,-88.3345,1.0
Hydro,42.6225,-114.5009,2.3
Hydro,43.2469,-73.8281,59.0
Hydro,37.5929,-79.3808,7.5
Hydro,47.4181,-123.2252,43.2
Hydro,47.3698,-123.1603,84.6
Hydro,41.8347,-112.0521,30.0
Biomass,38.8206,-77.0183,14.1
Hydro,43.1033,-73.5369,10.5
Biomass,44.5401,-87.8056,1.4
Hydro,36.5378,-85.4517,54.0
Hydro,45.6144,-121.1369,6.5
Hydro,33.9865,-91.3158,102.6
Hydro,39.4931,-77.8269,1.9
Hydro,39.605,-77.9231,1.0
Hydro,46.0,-92.3725,1.0
Hydro,35.2503,-93.1686,160.8
Hydro,41.8217,-74.0497,4.8
Biomass,41.4928,-90.6275,1.6
Hydro,35.197,-114.5707,254.8
Hydro,41.3878,-88.7897,3.6
Hydro,39.8693,-121.6318,18.4
Biomass,30.8606,-93.3756,61.5
Hydro,39.53,-121.0958,2.0
Hydro,34.5583,-80.8914,45.0
Hydro,39.523,-79.413,20.0
Hydro,40.4044,-111.5284,4.8
Hydro,39.2981,-120.8443,5.5
Hydro,44.1346,-70.2037,6.5
Hydro,42.5731,-72.7073,4.8
Hydro,42.5995,-72.7335,4.8
Hydro,42.6198,-72.7376,4.8
Hydro,42.6912,-72.9561,17.5
Hydro,44.0381,-75.6806,12.0
Hydro,34.2119,-93.111,68.0
Hydro,44.8281,-91.5111,12.3
Hydro,33.8181,-96.5692,101.6
Hydro,41.3243,-73.1021,8.6
Biomass,41.5734,-93.5577,2.8
Hydro,44.7224,-122.2511,100.0
Hydro,34.2056,-117.3344,276.2
Hydro,43.6411,-72.4061,3.0
Hydro,43.9242,-122.8055,15.0
Hydro,44.004,-76.0413,4.2
Hydro,48.7139,-121.1317,182.4
Hydro,43.9786,-75.8861,1.2
Hydro,33.6808,-117.0698,29.7
Hydro,44.1519,-75.3217,1.8
Hydro,42.836,-114.268,4.8
Hydro,39.6208,-106.0662,1.8
Hydro,37.8966,-119.9675,156.8
Hydro,37.7864,-84.7028,28.2
Hydro,41.8453,-89.4813,3.0
Hydro,44.2081,-72.0581,5.0
Hydro,43.0906,-74.767,5.0
Biomass,36.5489,-82.5667,50.0
Hydro,44.8867,-89.6272,4.4
Hydro,37.696,-120.4202,170.8
Hydro,38.2467,-120.0341,72.0
Hydro,43.7867,-122.9581,7.5
Hydro,18.3359,-66.6663,15.0
Hydro,35.9623,-83.5393,150.8
Hydro,32.7116,-114.9427,5.7
Hydro,32.7054,-115.031,10.0
Hydro,46.4492,-120.5342,2.5
Hydro,32.7054,-115.1261,9.2
Hydro,46.4231,-120.56,1.6
Hydro,32.7053,-115.2191,19.6
Hydro,38.4044,-107.8102,2.4
Hydro,32.6731,-115.392,4.0
Hydro,39.2569,-120.7674,49.2
Hydro,39.2574,-120.767,53.1
Hydro,44.0274,-112.7194,3.6
Hydro,44.6647,-89.6511,7.2
Hydro,29.6402,-98.0459,3.6
Hydro,44.3364,-75.5027,1.0
Biomass,45.4005,-122.7658,1.6
Hydro,39.217,-120.8356,22.0
Hydro,39.2184,-120.8352,27.3
Hydro,42.1495,-72.6109,1.2
Hydro,46.5143,-116.2977,465.0
Hydro,43.3189,-73.9208,22.0
Hydro,43.1897,-71.7483,1.0
Hydro,43.9097,-75.2008,6.0
Hydro,28.8295,-100.5522,9.6
Hydro,42.5146,-122.7571,2.8
Hydro,44.3263,-72.0359,2.2
Hydro,32.6995,-115.2824,2.4
Hydro,44.7989,-74.9856,4.0
Hydro,34.2619,-118.6242,1.2
Hydro,42.2248,-121.7955,3.2
Hydro,43.4472,-71.6579,6.4
Hydro,40.9648,-111.4339,4.4
Hydro,43.814,-84.3767,4.8
Hydro,46.4974,-84.332,41.8
Hydro,39.543,-121.4922,644.1
Hydro,44.6384,-75.4905,2.5
Hydro,43.9228,-75.2779,3.0
Hydro,61.4752,-149.1501,44.4
Hydro,38.7936,-120.6192,20.0
Hydro,45.2178,-116.3158,2.6
Hydro,36.5928,-106.7321,8.0
Hydro,38.331,-120.6699,102.5
Hydro,46.991,-122.1749,22.8
Hydro,33.1534,-107.192,27.9
Hydro,41.6928,-85.965,3.4
Hydro,35.3514,-94.2943,32.4
Hydro,44.5442,-68.4306,8.9
Hydro,43.9275,-75.2883,2.0
Hydro,46.3784,-119.2545,2.2
Hydro,36.696,-77.56,2.5
Biomass,33.1165,-117.3215,3.2
Hydro,43.0092,-74.5372,4.0
Hydro,44.7866,-71.1243,3.0
Biomass,45.8044,-87.0891,122.4
Hydro,40.3768,-105.5097,45.0
Hydro,34.1035,-117.5257,23.9
Hydro,35.3069,-95.3572,90.0
Hydro,37.5843,-120.2686,94.5
Biomass,43.03,-87.9409,2.2
Hydro,44.6534,-72.9961,3.5
Hydro,34.3061,-81.3308,587.2
Hydro,26.5575,-99.1642,31.5
Hydro,41.9856,-122.3605,2.1
Hydro,44.3968,-122.3502,4.1
Hydro,35.3944,-80.0753,31.4
Hydro,44.0597,-111.3535,9.0
Hydro,41.9573,-73.3693,9.0
Hydro,45.268,-122.3201,19.2
Hydro,43.625,-116.8997,1.1
Hydro,43.2899,-73.6658,5.0
Hydro,43.9135,-111.2833,7.4
Biomass,30.6818,-81.4554,96.9
Hydro,42.6857,-72.9776,11.2
Hydro,43.2742,-122.449,11.0
Hydro,34.6,-80.8928,42.3
Hydro,44.4555,-83.6763,6.0
Hydro,44.5275,-74.8492,24.0
Hydro,45.8683,-90.5844,1.5
Hydro,45.4918,-91.0472,22.0
Hydro,45.9135,-90.4475,1.2
Hydro,40.9146,-109.4217,151.8
Hydro,44.2217,-75.0742,5.0
Hydro,40.365,-105.236,94.5
Hydro,39.2851,-119.5933,2.0
Hydro,46.2275,-113.2947,2.0
Hydro,31.6028,-84.1376,5.4
Biomass,32.2544,-84.0667,85.1
Hydro,38.7067,-121.1584,198.6
Hydro,46.6668,-92.2939,12.0
Hydro,34.1552,-117.3971,3.0
Hydro,35.4507,-83.805,254.7
Hydro,42.027,-110.064,10.0
Hydro,44.4354,-83.4407,9.0
Hydro,34.3182,-118.4944,10.1
Hydro,34.5148,-118.6092,9.0
Hydro,39.4588,-105.0657,3.1
Hydro,39.551,-121.2788,41.9
Hydro,46.3838,-115.9493,1.2
Hydro,43.4425,-75.2159,3.4
Hydro,39.8693,-121.6319,14.5
Hydro,35.8693,-95.2269,44.8
Hydro,35.7917,-84.2431,153.3
Hydro,43.1609,-73.5841,5.0
Hydro,36.4982,-82.5086,59.4
Hydro,48.0122,-106.4123,179.7
Hydro,43.0653,-98.5539,320.0
Hydro,44.4146,-122.6712,20.0
Hydro,45.0933,-83.5025,2.0
Biomass,34.6968,-92.165,1.3
Hydro,42.7876,-73.6917,3.3
Hydro,37.8304,-120.807,5.3
Hydro,34.1039,-118.4134,2.0
Hydro,35.2194,-83.3708,1.0
Hydro,44.4372,-73.9725,2.0
Hydro,42.4766,-106.7959,66.8
Biomass,43.4597,-85.9761,5.8
Hydro,42.2143,-83.4407,1.6
Hydro,39.078,-120.4061,15.3
Hydro,41.8203,-86.2592,1.3
Hydro,36.9977,-119.7035,37.5
Hydro,36.7151,-80.9856,5.4
Hydro,43.3241,-76.419,1.3
Biomass,43.1244,-89.545,2.0
Hydro,42.8489,-123.1778,1.6
Hydro,31.4033,-86.4795,3.0
Hydro,44.2218,-69.7857,1.0
Hydro,42.5914,-72.7308,3.5
Hydro,44.7264,-108.8644,2.9
Hydro,47.4945,-101.4115,583.4
Hydro,43.1655,-71.5094,12.4
Hydro,18.0941,-66.7346,7.2
Hydro,18.0727,-66.7305,5.04
Biomass,32.6792,-117.2467,6.1
Hydro,36.4991,-77.8115,177.6
Hydro,35.1381,-81.5975,6.7
Hydro,41.1365,-111.8314,4.0
Hydro,38.2192,-80.8906,80.0
Hydro,42.8488,-97.4815,132.3
Hydro,21.9178,-159.6294,8.7
Hydro,43.4202,-112.1019,23.4
Hydro,43.2597,-70.8597,2.1
Hydro,39.6919,-105.6978,1.2
Biomass,31.077,-87.1116,103.4
Biomass,31.166,-85.0951,101.2
Biomass,32.2268,-88.0252,87.5
Biomass,33.1421,-91.975,25.0
Biomass,31.6285,-90.0809,81.5
Biomass,29.6807,-81.6809,79.8
Biomass,44.6119,-123.9319,37.3
Biomass,46.154,-123.4066,36.0
Biomass,39.9503,-77.1253,3.3
Hydro,44.4122,-71.7228,4.8
Hydro,43.6368,-72.9758,2.0
Hydro,36.9366,-111.4839,1312.0
Hydro,38.1483,-81.2147,6.2
Hydro,44.0006,-75.9612,32.6
Hydro,42.4673,-104.9555,38.0
Hydro,43.2358,-78.3906,1.5
Hydro,59.5357,-135.2123,4.0
Hydro,32.6097,-85.0805,38.6
Hydro,41.9886,-73.0194,3.2
Hydro,42.5025,-74.9836,1.4
Hydro,48.6981,-121.2086,207.3
Hydro,44.49,-73.1693,3.0
Hydro,44.4083,-71.1954,2.2
Hydro,40.37,-123.4347,2.0
Hydro,43.6126,-75.3391,2.0
Hydro,42.5367,-111.794,33.0
Hydro,41.8592,-74.5106,18.0
Hydro,43.3234,-76.4208,10.0
Hydro,40.1464,-105.8683,1.2
Hydro,47.9575,-118.9773,6809.0
Hydro,45.3547,-87.6494,7.5
Hydro,39.1017,-108.3456,1.5
Hydro,45.3019,-89.7917,17.2
Hydro,40.6192,-111.7821,2.0
Hydro,44.8117,-95.5345,1.3
Hydro,30.556,-98.3384,54.0
Hydro,33.477,-81.9827,1.2
Hydro,34.5592,-80.8917,12.0
Hydro,35.8067,-85.6341,33.7
Hydro,44.5002,-71.9989,1.9
Hydro,40.9153,-74.181,12.3
Hydro,45.6472,-68.7044,138.0
Biomass,41.5367,-85.9272,3.0
Hydro,42.7481,-73.6902,6.0
Hydro,56.9863,-135.1227,18.6
Hydro,39.8788,-106.3327,26.0
Hydro,44.4494,-122.5494,80.0
Hydro,42.1212,-122.5479,17.2
Biomass,45.3903,-92.1625,3.2
Hydro,38.6472,-82.8594,70.2
Hydro,35.5207,-91.9953,96.0
Hydro,34.2079,-118.3516,1.0
Hydro,43.0168,-71.5679,3.5
Hydro,39.8893,-121.2792,22.0
Hydro,39.9456,-105.3565,7.8
Hydro,42.2899,-104.7606,6.4
Hydro,44.1529,-70.2094,19.2
Hydro,34.4213,-86.3939,115.2
Hydro,29.4952,-97.6249,2.4
Hydro,29.4681,-97.4919,2.4
Hydro,47.9084,-121.8144,111.8
Hydro,33.7845,-86.0524,72.9
Hydro,36.9274,-119.0203,135.0
Hydro,42.2119,-72.6036,33.4
Hydro,44.3117,-75.445,1.4
Hydro,36.1097,-117.9567,5.6
Hydro,36.7817,-78.9236,1.6
Hydro,38.957,-121.0419,13.6
Hydro,40.2687,-121.0895,5.3
Hydro,39.4128,-84.5558,2.2
Hydro,44.2965,-75.3665,3.4
Hydro,47.5722,-121.6897,6.0
Hydro,44.6192,-74.9733,7.2
Hydro,43.4866,-85.6299,31.5
Hydro,42.7936,-72.9144,33.6
Hydro,33.2583,-85.616,135.0
Hydro,45.4592,-69.8658,76.4
Hydro,38.2623,-93.4062,161.4
Hydro,34.3564,-82.8219,420.0
Biomass,28.3761,-81.5906,3.2
Hydro,44.7602,-92.8677,4.4
Hydro,40.9293,-121.5445,10.0
Hydro,40.9607,-121.5487,10.0
Hydro,45.5711,-89.4806,1.7
Hydro,40.8741,-121.9204,6.8
Hydro,46.7659,-111.8873,17.7
Hydro,35.9483,-79.3244,1.5
Hydro,38.1478,-81.1753,102.0
Hydro,39.5657,-120.5817,10.0
Hydro,42.6051,-114.093,7.6
Hydro,42.7628,-114.3958,1.2
Hydro,34.1683,-114.2774,19.5
Hydro,44.5138,-109.1296,5.0
Hydro,45.2439,-116.7008,391.5
Hydro,37.0293,-118.9683,1053.0
Hydro,46.1311,-88.225,2.8
Hydro,44.9824,-93.2542,13.7
Hydro,43.0336,-74.9834,1.6
Hydro,44.0217,-75.6511,5.4
Hydro,44.6172,-75.4042,1.0
Hydro,44.7052,-75.0079,3.0
Hydro,37.6215,-120.7462,1.0
Biomass,41.0328,-87.0725,1.7
Hydro,43.4436,-76.4961,11.9
Hydro,45.2794,-88.1997,7.0
Hydro,43.9247,-75.3731,6.0
Hydro,44.6389,-73.7492,15.0
Hydro,35.6008,-80.2339,33.0
Hydro,33.8165,-83.5049,1.4
Hydro,35.3943,-81.201,1.8
Hydro,44.9336,-73.0511,11.1
Hydro,44.5306,-74.9331,6.0
Hydro,39.6419,-104.9138,2.0
Hydro,43.7107,-122.4238,30.0
Hydro,43.1139,-71.894,1.2
Hydro,43.8525,-70.7969,10.5
Hydro,35.1509,-84.1775,165.6
Hydro,44.3629,-85.82,17.0
Hydro,46.5628,-87.5686,3.4
Hydro,37.5035,-79.3006,1.8
Hydro,45.2236,-91.1272,33.9
Hydro,34.5275,-82.375,4.0
Hydro,44.2965,-75.3361,1.0
Biomass,44.115,-88.2172,1.2
Biomass,44.054,-88.085,1.0
Hydro,33.2553,-87.4495,46.9
Hydro,46.9915,-112.0047,38.4
Hydro,39.8272,-76.3318,247.3
Biomass,44.4356,-93.9064,8.0
Hydro,43.1017,-71.4657,1.6
Hydro,36.0155,-114.738,1039.4
Hydro,36.0155,-114.738,1039.4
Biomass,37.2914,-77.2816,47.6
Hydro,33.5907,-111.344,129.5
Hydro,43.9041,-116.2442,9.4
Biomass,27.9389,-82.4389,2.5
Hydro,43.2958,-73.5956,44.0
Hydro,60.6128,-145.6794,1.2
Hydro,48.3415,-114.0144,428.0
Hydro,44.0703,-73.1961,5.7
Hydro,43.1709,-78.6916,3.0
Hydro,41.7437,-111.7832,6.6
Hydro,41.7464,-111.746,1.4
Hydro,44.563,-69.6192,15.4
Hydro,41.9711,-85.5381,2.2
Hydro,39.2056,-111.3344,2.8
Biomass,33.9254,-118.4298,33.0
Biomass,44.0569,-122.9555,65.0
Hydro,46.2498,-118.8798,603.0
Hydro,42.161,-72.5076,3.7
Hydro,39.0788,-122.5356,2.9
Hydro,43.061,-74.7643,6.0
Hydro,30.7316,-98.3854,15.0
Biomass,34.2528,-85.3275,70.4
Hydro,40.401,-121.9655,7.6
Hydro,48.6081,-93.4043,14.2
Biomass,30.2178,-93.7422,48.0
Biomass,35.212,-77.1144,38.1
Biomass,33.8872,-80.6397,109.6
Hydro,44.5037,-70.221,3.1
Hydro,44.4705,-70.1873,9.2
Biomass,30.5966,-87.3264,82.8
Biomass,32.4187,-86.4718,89.8
Biomass,31.9033,-93.1739,78.8
Biomass,34.3533,-78.2137,51.5
Hydro,44.5034,-70.2491,6.6
Biomass,32.1004,-81.1242,154.0
Biomass,33.2553,-94.0696,65.0
Biomass,33.9961,-95.1114,68.0
Biomass,32.5292,-90.7742,50.5
Hydro,42.1634,-72.8275,2.8
Biomass,31.7416,-81.4079,14.5
Hydro,42.07,-90.6977,1.2
Hydro,41.933,-122.4368,18.0
Hydro,35.6439,-118.4822,11.8
Hydro,44.4183,-111.396,4.8
Hydro,35.7716,-82.6183,1.2
Hydro,36.1564,-86.6186,28.0
Hydro,37.1479,-119.2567,199.8
Hydro,33.6602,-82.1961,361.9
Hydro,30.7086,-84.8639,43.5
Hydro,43.1106,-71.9489,3.2
Hydro,40.9923,-121.9752,168.6
Hydro,46.5716,-87.4105,3.2
Hydro,43.3121,-75.109,9.0
Hydro,38.834,-120.5318,161.6
Hydro,33.2444,-79.9909,145.2
Hydro,40.9594,-100.3979,21.6
Biomass,31.6593,-81.8439,69.5
Hydro,45.051,-91.274,59.8
Hydro,34.9594,-82.9147,774.0
Hydro,42.0936,-122.0703,98.7
Hydro,45.7164,-120.6941,2160.0
Hydro,36.5994,-78.3005,296.8
Hydro,40.6936,-99.8178,21.6
Hydro,40.6839,-99.7447,22.5
Hydro,45.2875,-88.1603,3.4
Biomass,41.4915,-78.6758,54.0
Hydro,42.9204,-73.5089,4.0
Hydro,32.3242,-86.7843,82.0
Hydro,38.8503,-120.3819,10.0
Hydro,32.6189,-86.2548,100.0
Hydro,35.6547,-79.0683,4.4
Hydro,40.5966,-111.4236,13.0
Hydro,40.6469,-122.627,154.4
Hydro,44.1427,-121.2697,5.0
Hydro,20.8886,-156.3569,4.5
Biomass,34.0325,-117.6089,1.0
Hydro,21.9361,-159.5286,2.0
Hydro,44.0117,-75.7967,6.0
Hydro,39.5589,-121.2961,1.1
Hydro,41.1128,-87.8681,1.2
Hydro,38.974,-95.2351,7.0
Biomass,36.4769,-77.6414,28.3
Hydro,59.4072,-135.3408,3.0
Hydro,44.2746,-88.3191,4.8
Biomass,44.2826,-88.2534,44.6
Hydro,36.6994,-96.9278,37.0
Hydro,36.4651,-118.862,2.3
Hydro,36.4613,-118.8799,1.8
Hydro,36.4861,-118.8356,4.8
Hydro,40.7035,-99.1008,1.5
Hydro,40.0941,-123.509,4.9
Hydro,39.5318,-121.4912,10.0
Hydro,44.7053,-73.5967,12.4
Hydro,37.0131,-88.2692,218.6
Biomass,37.8948,-86.6854,88.0
Hydro,40.3965,-91.3719,124.8
Hydro,34.7981,-82.8872,157.6
Hydro,37.0925,-119.5528,22.6
Hydro,37.0718,-119.558,139.5
Hydro,35.4407,-118.7965,9.5
Hydro,35.4603,-118.7796,26.4
Hydro,35.7762,-118.4362,40.3
Hydro,40.6119,-122.4464,117.0
Hydro,55.3446,-131.6334,4.2
Biomass,43.6319,-112.2797,1.8
Hydro,36.1508,-96.2517,70.0
Hydro,40.6778,-121.8733,1.5
Hydro,43.6258,-89.7808,9.7
Hydro,44.2769,-88.3344,2.1
Hydro,33.4852,-81.9912,2.2
Hydro,43.9173,-75.6338,1.6
Hydro,36.8882,-119.1588,48.6
Hydro,45.808,-88.1251,7.2
Hydro,41.2114,-101.6681,50.0
Hydro,41.3686,-73.0856,2.3
Biomass,42.2219,-89.0933,3.0
Hydro,45.392,-84.3333,1.8
Hydro,46.7266,-92.4486,2.4
Hydro,48.6802,-121.7233,12.0
Hydro,42.1743,-106.8805,36.0
Hydro,43.6142,-75.3327,1.0
Hydro,42.9457,-114.7957,1.3
Hydro,45.8883,-91.0769,3.4
Hydro,37.6697,-120.4436,4.5
Hydro,46.8328,-122.3196,64.0
Hydro,43.849,-73.4207,3.8
Hydro,43.8439,-73.4312,5.2
Hydro,44.5975,-122.6854,1.0
Hydro,45.4644,-91.0836,3.4
Biomass,38.3689,-122.7658,4.4
Hydro,39.4625,-119.0667,1.8
Hydro,31.8477,-83.942,17.2
Hydro,40.4936,-111.3125,1.5
Hydro,58.2325,-134.0533,14.3
Hydro,33.0586,-117.1194,42.0
Hydro,35.4259,-82.184,3.6
Hydro,39.7203,-79.8561,51.2
Hydro,33.8553,-117.4537,4.9
Hydro,39.1972,-123.1856,3.5
Hydro,42.6033,-111.7053,1.7
Hydro,42.6474,-114.8903,2.4
Hydro,36.9614,-84.27,70.0
Hydro,42.6994,-71.1653,14.8
Hydro,32.9633,-86.5187,177.0
Hydro,44.1011,-122.6892,15.9
Biomass,31.2434,-89.0456,50.4
Hydro,35.4845,-94.3929,1.3
Hydro,37.0933,-79.4025,40.0
Hydro,43.3558,-122.2494,32.0
Hydro,43.2806,-122.4025,38.5
Hydro,33.9406,-87.1077,181.0
Hydro,43.143,-79.022,240.0
Hydro,33.0685,-96.9638,2.8
Hydro,48.4098,-115.3143,525.0
Hydro,43.5241,-75.9703,8.0
Hydro,47.4706,-123.1153,1.4
Hydro,39.6988,-121.571,2.0
Hydro,44.2799,-88.2556,3.3
Hydro,40.585,-111.8006,4.8
Hydro,45.975,-94.3691,4.6
Hydro,47.8217,-117.9167,43.2
Hydro,43.0403,-74.8506,13.0
Hydro,46.5838,-118.0273,810.0
Hydro,42.6296,-114.6616,1.5
Hydro,45.7736,-87.9894,9.0
Hydro,43.4252,-114.0256,2.8
Hydro,33.3208,-83.8419,14.4
Hydro,43.4732,-71.5336,1.2
Hydro,34.7792,-81.4561,18.0
Hydro,41.5697,-88.0789,16.0
Hydro,35.6184,-79.0912,1.2
Hydro,44.5467,-69.6292,7.2
Hydro,33.4259,-86.3375,128.1
Hydro,38.1944,-81.3706,14.4
Hydro,47.8344,-117.8361,70.0
Hydro,43.9808,-75.6247,3.3
Biomass,46.1039,-122.9184,45.0
Hydro,43.9153,-122.7531,120.0
Hydro,35.7575,-81.0894,25.8
Hydro,38.9827,-120.3245,74.1
Hydro,42.6717,-122.6772,49.0
Hydro,40.7576,-121.4145,1.1
Hydro,44.4631,-83.7208,4.0
Hydro,42.4771,-114.3801,2.8
Hydro,48.5478,-121.7407,111.2
Hydro,43.8844,-75.4306,1.0
Hydro,46.6595,-117.4294,810.0
Hydro,42.8658,-114.9062,13.5
Hydro,44.0249,-73.1768,2.4
Hydro,39.1937,-108.0441,5.6
Hydro,46.5635,-118.5397,810.0
Hydro,43.4687,-112.0625,8.0
Hydro,43.4684,-112.0626,3.0
Hydro,42.8416,-114.9036,60.0
Hydro,44.6694,-73.5075,6.7
Hydro,36.1357,-118.7889,2.6
Hydro,43.3743,-72.3476,1.2
Hydro,43.528,-116.0583,101.2
Hydro,43.8942,-86.4447,1978.8
Hydro,38.0427,-119.172,3.0
Hydro,38.6767,-78.4989,1.6
Hydro,43.6186,-75.3586,5.6
Hydro,43.6189,-75.3055,3.0
Biomass,31.5461,-84.0675,1.9
Biomass,42.8869,-87.8422,5.1
Hydro,44.8773,-74.3063,1.0
Hydro,45.4879,-111.6338,8.8
Hydro,43.2547,-114.3569,9.0
Hydro,40.9211,-79.2817,6.0
Hydro,47.6164,-119.2992,26.8
Hydro,37.2203,-119.338,190.0
Hydro,38.8556,-104.9331,5.6
Biomass,32.1575,-93.5562,172.0
Hydro,39.2559,-111.6215,1.2
Hydro,39.2559,-111.6215,1.6
Hydro,30.5553,-98.2576,39.6
Hydro,42.6366,-114.5578,1.2
Hydro,36.2317,-95.1822,128.4
Hydro,38.7795,-84.964,69.1
Biomass,34.605,-79.785,51.4
Hydro,38.2526,-81.5695,14.4
Hydro,42.626,-112.1493,1.6
Hydro,35.7025,-82.7106,5.0
Hydro,30.3899,-97.9073,108.0
Hydro,44.3606,-72.3356,5.0
Hydro,32.6804,-85.9114,210.6
Hydro,36.6641,-79.8836,1.3
Hydro,40.3441,-105.5343,8.1
Hydro,43.6334,-72.3172,1.5
Hydro,46.5035,-122.5885,162.0
Hydro,46.5717,-87.4764,8.0
Hydro,45.9402,-119.2988,990.5
Hydro,45.94,-119.2991,10.0
Hydro,37.5752,-108.574,1.2
Hydro,37.5221,-120.3101,9.0
Hydro,44.2603,-72.0592,10.4
Biomass,32.1761,-85.0272,120.5
Hydro,44.1112,-70.3907,1.4
Hydro,42.8765,-73.6802,4.0
Hydro,45.6072,-68.5453,4.0
Hydro,38.7914,-84.173,105.0
Hydro,35.8853,-84.3003,72.0
Hydro,45.1069,-87.6378,1.8
Hydro,44.8842,-91.9294,5.4
Hydro,37.523,-120.3299,3.4
Hydro,45.1786,-89.685,2.3
Hydro,45.9567,-122.5544,136.0
Hydro,44.5485,-69.7104,2.8
Hydro,44.5699,-69.6818,1.6
Hydro,44.5344,-69.6522,1.8
Biomass,39.8078,-104.9542,15.0
Hydro,35.6497,-82.5992,2.4
Hydro,48.5953,-118.0603,1.6
Hydro,43.7719,-117.155,1.8
Hydro,45.9553,-88.1958,9.6
Hydro,43.0987,-73.5253,2.2
Hydro,39.0248,-120.5964,122.4
Hydro,45.4807,-121.5998,3.3
Hydro,37.51,-118.5692,37.5
Hydro,44.2924,-72.6824,3.2
Hydro,42.7401,-114.1612,1.4
Hydro,44.9421,-68.645,7.8
Hydro,44.6967,-73.6122,6.0
Hydro,34.088,-117.0395,3.0
Biomass,38.3569,-78.6767,1.4
Hydro,32.1009,-87.3998,101.1
Hydro,39.2731,-77.7844,2.8
Hydro,42.5268,-114.0369,59.5
Hydro,33.6894,-83.9903,1.0
Hydro,44.6414,-73.1134,7.4
Hydro,43.4031,-70.9865,1.4
Hydro,42.7503,-71.5053,3.0
Hydro,43.4003,-76.4739,10.0
Hydro,42.6699,-113.4832,27.7
Hydro,42.2608,-111.6656,3.1
Hydro,44.6611,-84.1317,5.0
Hydro,35.0647,-83.9258,1.8
Biomass,41.2033,-95.9292,3.0
Hydro,32.806,-86.4449,170.0
Hydro,37.8094,-120.2993,100.0
Hydro,37.8164,-120.312,2.9
Hydro,34.3074,-117.3235,32.7
Hydro,41.5377,-74.7714,7.3
Hydro,41.4872,-97.6078,8.4
Hydro,47.6536,-117.4206,14.8
Biomass,36.7056,-121.7714,1.8
Hydro,40.8468,-121.9564,2.6
Hydro,38.5131,-122.1044,11.5
Hydro,43.6107,-75.3413,12.6
Hydro,43.46,-116.4725,1.7
Hydro,44.2859,-72.7103,1.2
Hydro,33.9684,-84.3827,16.8
Hydro,33.5536,-111.4431,63.5
Hydro,47.5817,-111.0609,63.0
Hydro,44.5618,-72.6024,1.8
Hydro,38.4518,-107.5393,173.2
Hydro,43.8719,-75.1364,8.0
Biomass,44.7881,-89.6917,23.4
Hydro,46.5347,-122.4247,300.0
Hydro,37.8297,-84.7247,2.1
Hydro,41.8056,-85.7505,1.6
Hydro,39.0942,-106.3523,200.0
Hydro,35.3339,-80.9867,60.0
Hydro,48.7339,-116.1752,3.9
Hydro,42.7213,-73.6806,3.0
Hydro,40.9764,-121.2558,29.9
Hydro,39.8076,-76.2993,1072.0
Hydro,38.1471,-120.4464,3.6
Hydro,34.7956,-92.3569,45.4
Hydro,45.2257,-109.7625,12.0
Hydro,35.7986,-120.8833,4.4
Hydro,34.7553,-83.5011,4.8
Hydro,35.2715,-83.6762,43.2
Biomass,41.3556,-84.1025,2.8
Hydro,34.1484,-93.7152,25.5
Hydro,35.4189,-80.0917,108.8
Hydro,39.239,-121.2704,46.7
Hydro,39.2364,-121.2717,10.2
Hydro,36.8061,-107.6131,30.0
Hydro,34.6642,-81.4486,4.4
Hydro,41.0289,-121.8924,1.2
Hydro,41.8194,-74.6358,25.0
Hydro,44.2772,-88.2678,8.2
Hydro,38.1496,-120.8149,3.0
Hydro,39.4636,-119.0652,4.0
Hydro,39.6672,-80.8642,37.4
Hydro,37.9469,-120.5282,300.0
Hydro,42.7818,-73.6961,11.4
Hydro,38.8352,-121.093,12.7
Hydro,43.59,-71.733,1.4
Hydro,48.6759,-121.2408,2.3
Hydro,44.9376,-72.18,4.0
Hydro,43.1853,-75.0169,1.7
Hydro,38.5714,-78.5936,1.4
Hydro,37.2544,-79.8756,3.6
Hydro,37.9385,-92.8477,3.0
Hydro,35.0017,-85.6218,103.9
Hydro,38.6373,-121.2202,13.4
Hydro,47.7697,-117.5372,37.6
Hydro,45.0717,-83.4381,1.2
Hydro,29.5376,-97.9321,2.4
Hydro,48.9078,-121.8142,1.5
Hydro,44.8053,-74.9975,5.0
Hydro,36.2491,-92.2401,80.4
Hydro,42.7124,-73.9573,1.2
Hydro,36.2242,-84.0914,131.4
Hydro,45.2433,-122.2799,40.8
Hydro,39.4616,-105.677,5.5
Hydro,43.0451,-114.5588,1.3
Hydro,43.8025,-70.4499,2.2
Hydro,32.4988,-84.9956,29.6
Hydro,34.1944,-118.3903,9.0
Hydro,41.0864,-100.7594,26.2
Hydro,42.6107,-72.4716,1168.0
Hydro,40.7803,-86.76,7.3
Hydro,45.7412,-87.8628,6.3
Hydro,45.1025,-83.5189,4.0
Hydro,44.7439,-75.0042,2.0
Hydro,42.9544,-114.4626,1.0
Hydro,34.9592,-84.0876,15.9
Hydro,47.9605,-115.7336,569.5
Hydro,40.1533,-83.1267,5.2
Hydro,37.0987,-121.0477,25.2
Hydro,44.4504,-100.3866,786.1
Hydro,40.0753,-121.1614,1.4
Hydro,45.122,-122.0699,51.0
Hydro,40.6564,-86.7528,11.8
Hydro,42.387,-71.8025,3.5
Hydro,35.0947,-84.6478,19.0
Hydro,35.0823,-84.4912,23.0
Hydro,35.075,-84.4833,28.8
Hydro,44.8719,-88.1439,2.0
Hydro,44.8764,-88.1475,1.1
Hydro,44.7041,-75.487,3.5
Hydro,38.2832,-85.7792,109.6
Hydro,36.2972,-86.6556,103.7
Hydro,32.5163,-84.9969,60.0
Hydro,40.6705,-121.8906,5.0
Hydro,42.2678,-111.7485,30.0
Hydro,44.49,-121.2988,4.3
Biomass,35.2625,-80.8117,5.2
Biomass,41.8054,-71.5142,3.2
Hydro,46.5964,-120.6775,1.6
Hydro,44.8844,-68.6639,3.9
Hydro,44.8803,-68.6647,2.7
Hydro,38.2044,-92.6239,208.0
Hydro,44.27,-75.1992,1.8
Hydro,43.3161,-76.4153,6.0
Hydro,43.3156,-76.4172,3.0
Hydro,44.4778,-70.2008,10.2
Hydro,43.5933,-72.3506,1.8
Hydro,41.0163,-92.4149,3.2
Hydro,43.6416,-117.2437,4.3
Hydro,39.0034,-120.7467,6.1
Hydro,44.9716,-116.835,190.0
Hydro,35.8214,-81.1922,36.0
Biomass,34.1405,-119.1845,1.5
Hydro,35.4693,-93.8175,100.0
Hydro,36.659,-93.1235,16.0
Biomass,30.6944,-83.3031,69.9
Hydro,47.1596,-119.8963,6.6
Hydro,45.4817,-122.0832,23.7
Hydro,45.449,-122.1513,11.8
Biomass,45.4144,-123.8042,1.0
Biomass,39.9886,-75.0833,5.6
Biomass,31.4894,-87.8989,15.6
Hydro,46.5958,-121.5694,27.5
Hydro,20.8867,-156.3378,1.3
Hydro,43.3348,-111.2058,176.4
Biomass,41.0772,-95.87,1.5
Hydro,38.2569,-120.8507,23.6
Hydro,44.63,-74.8258,3.0
Hydro,45.1058,-87.6514,2.1
Hydro,37.4778,-120.4445,2.7
Hydro,34.2953,-114.1402,120.0
Hydro,34.2613,-81.3309,15.0
Hydro,40.8833,-74.23,2.4
Hydro,45.9908,-88.2105,12.0
Hydro,43.9574,-70.0242,13.5
Hydro,57.9572,-136.2201,2.4
Hydro,44.6944,-121.2314,109.8
Hydro,34.6165,-82.4479,3.3
Hydro,34.6424,-82.4544,2.0
Hydro,43.1304,-71.4536,2.7
Hydro,43.2858,-71.595,4.6
Hydro,43.2832,-71.6008,3.4
Hydro,36.4675,-95.0414,130.1
Hydro,42.6689,-71.5756,2.2
Hydro,33.8361,-117.1831,7.9
Hydro,44.0572,-90.0217,20.0
Hydro,45.6676,-121.5485,1.8
Hydro,44.6381,-73.1625,6.3
Hydro,44.1586,-75.7088,3.6
Hydro,36.7803,-80.0281,14.0
Hydro,38.0321,-120.3265,1.6
Hydro,43.2271,-76.3021,3.2
Hydro,35.0683,-88.2494,240.0
Hydro,34.702,-82.4621,1.0
Hydro,44.2334,-74.5662,2.7
Hydro,46.316,-94.4849,1.6
Hydro,43.219,-108.7877,1.6
Hydro,32.7366,-114.7139,33.0
Hydro,45.8275,-88.2483,3.2
Biomass,34.2212,-91.9074,85.0
Hydro,36.8326,-119.327,165.0
Hydro,41.2543,-111.8485,1.8
Hydro,41.1921,-79.4335,30.0
Hydro,36.6669,-80.4479,11.1
Hydro,41.2436,-111.9465,5.0
Hydro,40.9908,-121.4982,69.2
Hydro,40.9974,-121.7481,80.1
Hydro,40.9864,-121.8494,103.4
Hydro,40.9862,-121.9776,141.6
Hydro,40.9226,-121.9929,79.2
Hydro,40.8475,-121.9908,109.8
Hydro,44.7214,-69.412,1.1
Hydro,43.694,-72.955,3.6
Biomass,39.3246,-82.974,92.8
Biomass,32.4868,-92.1496,84.2
Biomass,33.6942,-117.9381,7.5
Biomass,33.6433,-117.9556,16.0
Hydro,37.4142,-118.5239,3.2
Hydro,39.7229,-121.4698,142.8
Hydro,31.3611,-86.5183,5.2
Hydro,40.3651,-105.3251,38.2
Hydro,40.4579,-121.8427,1.1
Hydro,44.6328,-71.2474,10.5
Hydro,37.9442,-119.2161,11.3
Hydro,44.3364,-89.8672,6.7
Hydro,43.5836,-75.3392,1.0
Biomass,48.0931,-122.7958,7.9
Biomass,32.1561,-81.1586,72.3
Hydro,37.257,-119.1589,10.8
Hydro,47.7033,-116.9539,14.5
Hydro,45.1136,-87.7586,1.3
Hydro,46.3785,-119.2544,2.3
Hydro,39.3618,-123.1279,9.4
Hydro,60.5887,-145.6045,6.0
Biomass,37.8258,-122.2961,4.6
Hydro,43.3099,-89.7278,33.4
Hydro,47.2872,-93.4983,1.0
Hydro,46.7261,-88.6625,2.2
Hydro,46.6451,-119.908,955.6
Hydro,43.6628,-73.034,6.9
Hydro,43.2919,-75.1477,19.0
Hydro,42.7307,-122.5151,3.8
Hydro,42.7312,-122.514,32.0
Hydro,42.7306,-122.4185,7.2
Hydro,42.7331,-122.5151,1.0
Hydro,45.1868,-68.4649,1.0
Hydro,55.0913,-131.545,3.9
Hydro,42.1579,-72.4864,3.2
Hydro,19.7264,-155.0908,3.1
Hydro,44.522,-75.1881,8.2
Hydro,37.1854,-113.3583,2.3
Hydro,35.2713,-83.676,1.4
Hydro,46.9825,-119.2578,9.4
Hydro,41.7987,-71.8868,2.5
Hydro,37.8777,-119.9532,115.5
Hydro,33.051,-117.175,1.4
Hydro,35.0558,-85.3879,1713.6
Hydro,38.9153,-81.9081,47.4
Hydro,37.0784,-80.5727,1.0
Hydro,41.9153,-72.6936,8.0
Hydro,47.5344,-111.2045,59.0
Hydro,44.5236,-73.4617,2.6
Hydro,44.5178,-74.8228,25.0
Hydro,39.001,-120.7251,79.2
Hydro,32.937,-117.1137,4.6
Hydro,44.0927,-94.1088,6.8
Hydro,44.3164,-88.3147,2.4
Hydro,44.835,-74.9803,2.0
Hydro,33.3944,-117.1889,5.9
Hydro,42.176,-72.4095,3.6
Hydro,39.0673,-108.5928,1.4
Biomass,37.9369,-121.3294,4.8
Hydro,34.4272,-92.8941,9.0
Hydro,37.4639,-79.1856,12.5
Hydro,35.7742,-81.4378,25.5
Biomass,34.5136,-91.5331,18.0
Hydro,34.0256,-82.5953,628.0
Biomass,43.3144,-90.3731,1.8
Hydro,41.4625,-74.7578,10.8
Hydro,35.43,-118.8222,14.0
Hydro,34.0047,-118.0992,1.9
Hydro,45.3,-122.35,18.8
Hydro,42.2006,-72.5944,6.9
Biomass,33.9617,-117.4559,1.4
Hydro,36.4789,-77.6722,100.0
Hydro,40.8821,-121.9484,2.0
Hydro,38.8965,-120.3783,25.5
Hydro,30.7975,-94.1756,8.0
Hydro,43.1427,-79.0394,2429.1
Hydro,45.0038,-74.7994,912.0
Hydro,35.3445,-94.7755,110.0
Hydro,43.1611,-77.615,8.5
Hydro,43.1522,-77.6098,3.0
Hydro,43.1803,-77.6278,43.6
Hydro,44.213,-92.4802,2.6
Hydro,39.9052,-121.3452,126.0
Biomass,42.5003,-114.615,3.2
Hydro,42.6325,-114.5388,2.1
Hydro,42.6207,-114.5315,1.9
Hydro,38.7834,-120.7785,3.0
Hydro,47.3461,-120.0917,629.4
Hydro,42.4511,-89.0756,1.1
Hydro,47.7197,-122.9431,1.6
Hydro,35.9601,-77.8024,1.6
Hydro,34.3555,-85.3039,847.8
Hydro,47.5336,-120.2953,1299.6
Hydro,41.5826,-73.4349,31.0
Hydro,34.2572,-82.6097,3.9
Hydro,43.613,-85.4795,6.8
Hydro,43.2746,-71.604,4.3
Hydro,39.1343,-120.9533,12.1
Hydro,43.2361,-70.8172,1.4
Hydro,33.6711,-111.1618,36.0
Hydro,48.7326,-121.0679,450.0
Hydro,44.6058,-121.2773,372.5
Hydro,46.6184,-120.4778,12.9
Biomass,44.5513,-70.5414,102.6
Hydro,44.5486,-70.6283,44.5
Hydro,37.767,-119.1233,13.1
Hydro,46.7392,-119.1122,6.1
Hydro,38.8414,-104.9738,1.0
Hydro,47.5699,-111.1225,52.8
Hydro,18.2436,-65.7852,5.0
Hydro,44.3356,-71.8742,190.8
Hydro,42.5867,-114.0675,8.4
Hydro,44.9789,-93.2478,9.6
Biomass,37.7397,-122.3925,2.1
Hydro,39.9244,-76.39,417.5
Hydro,46.5063,-84.3493,23.7
Hydro,36.2647,-95.1036,259.2
Hydro,43.8954,-73.1007,1.3
Hydro,58.3269,-134.4631,8.5
Hydro,43.227,-70.8109,1.2
Hydro,38.4979,-120.2181,42.0
Hydro,34.8522,-82.484,2.4
Hydro,34.0533,-81.2172,207.3
Hydro,31.0609,-94.1062,52.0
Hydro,34.1275,-117.7958,9.9
Hydro,34.1242,-117.8051,1.0
Hydro,34.3128,-118.4928,5.6
Hydro,34.5902,-118.4547,65.5
Hydro,34.5343,-118.5251,46.0
Hydro,34.2043,-117.8557,5.0
Hydro,37.2032,-119.4975,2.8
Hydro,37.2537,-119.5194,4.0
Hydro,38.1861,-120.15,16.2
Hydro,45.2333,-88.0678,3.8
Hydro,43.6773,-84.3802,3.6
Hydro,34.1452,-117.0585,3.2
Hydro,34.1072,-117.0991,3.1
Hydro,34.4617,-118.7511,1.3
Hydro,35.4475,-83.8639,45.0
Hydro,45.618,-94.2008,9.3
Hydro,46.5392,-90.3742,1.6
Hydro,46.7091,-92.4217,1.6
Hydro,42.8992,-73.5989,16.0
Hydro,42.785,-73.708,42.0
Hydro,36.5768,-79.4325,4.5
Hydro,43.0968,-73.5821,2.0
Hydro,41.6651,-72.1221,2.0
Hydro,39.2721,-120.9325,1.0
Hydro,41.4614,-90.5803,1.4
Hydro,42.8708,-72.9273,4.0
Hydro,44.0411,-84.3418,1.2
Hydro,47.6777,-114.2339,207.6
Hydro,42.1561,-106.9085,51.6
Hydro,42.9153,-76.7867,5.1
Hydro,41.8389,-79.0056,469.0
Hydro,34.0969,-118.4795,8.5
Hydro,43.9775,-75.8942,2.0
Hydro,40.7175,-122.4223,714.0
Hydro,38.492,-108.0023,2.8
Hydro,38.4505,-107.7767,4.8
Hydro,44.6295,-69.5835,8.8
Hydro,48.9477,-117.7954,1.6
Hydro,44.9108,-72.9736,25.2
Biomass,44.1835,-123.2005,1.6
Hydro,41.4484,-73.2953,37.2
Hydro,42.7297,-72.9303,7.2
Hydro,43.2797,-73.7094,36.3
Hydro,39.5701,-107.2269,14.4
Hydro,44.5029,-109.1812,3.0
Hydro,42.5975,-114.4033,11.5
Hydro,33.4879,-81.9925,2.1
Hydro,31.088,-91.6189,192.0
Biomass,37.5426,-122.2311,1.2
Hydro,43.8986,-73.0531,2.2
Hydro,55.3814,-131.5178,2.1
Hydro,33.1403,-83.2028,45.0
Hydro,32.7792,-114.6344,4.4
Hydro,44.033,-121.3297,5.4
Hydro,44.6856,-75.0029,3.0
Hydro,37.0568,-119.8997,2.1
Hydro,43.5708,-70.5583,16.8
Hydro,46.7844,-122.7197,1.0
Hydro,40.9769,-122.4563,4.2
Hydro,43.2939,-122.4728,18.0
Hydro,39.5804,-121.1195,12.1
Hydro,43.9599,-84.336,1.2
Hydro,44.4695,-71.1781,15.0
Hydro,43.9921,-72.1282,1.5
Hydro,48.9595,-116.5574,38.1
Hydro,37.0413,-79.5356,547.5
Hydro,37.1696,-88.4195,75.9
Hydro,40.5449,-111.5029,1.2
Hydro,58.1415,-133.737,78.2
Hydro,47.5401,-121.837,12.8
Hydro,47.5445,-121.8414,38.7
Hydro,37.5736,-79.3715,5.0
Hydro,42.6446,-111.6967,14.5
Hydro,43.3061,-122.5014,11.0
Hydro,43.9206,-75.2433,16.0
Hydro,61.0828,-146.3033,12.0
Biomass,44.7035,-69.6474,107.1
Hydro,43.2511,-70.8408,1.3
Hydro,40.3954,-121.8792,6.7
Biomass,32.5433,-117.0678,1.5
Hydro,38.4833,-107.755,4.0
Hydro,38.4703,-107.7714,3.5
Hydro,44.5133,-74.8831,21.0
Biomass,32.4119,-84.9761,3.6
Hydro,33.4665,-111.7811,1.4
Biomass,25.5498,-80.3363,8.0
Hydro,45.2063,-109.1652,2.0
Hydro,44.2678,-75.1961,4.0
Hydro,55.5633,-132.8911,2.0
Hydro,47.6992,-121.7833,16.8
Hydro,42.4937,-114.3102,8.0
Hydro,43.3044,-73.6399,13.8
Hydro,36.5232,-82.0902,38.5
Hydro,40.08,-111.6048,3.6
Hydro,39.3246,-120.6448,7.0
Hydro,39.3246,-120.6454,3.7
Hydro,39.3377,-120.6355,6.6
Hydro,44.4783,-103.8547,4.0
Hydro,38.3914,-120.0008,5.9
Hydro,43.2339,-73.7556,56.0
Hydro,33.4538,-80.164,2.0
Hydro,44.5127,-109.1299,4.5
Hydro,42.5014,-120.9894,1.2
Hydro,40.6281,-122.4675,180.0
Hydro,38.1865,-120.1117,6.0
Hydro,34.2253,-119.0858,1.0
Hydro,46.5565,-68.3255,1.5
Hydro,45.4117,-92.6469,23.2
Biomass,30.7108,-91.3236,12.5
Hydro,33.4261,-79.93,84.0
Hydro,40.6236,-111.7533,1.0
Hydro,39.4704,-120.1046,3.6
Hydro,38.139,-120.3703,81.9
Hydro,44.4553,-74.7614,26.0
Hydro,33.5626,-82.0512,17.6
Hydro,43.4461,-71.6446,1.9
Hydro,44.5153,-89.585,4.8
Hydro,41.3833,-73.1714,30.5
Hydro,33.5661,-111.536,13.0
Hydro,43.2978,-73.8853,38.5
Hydro,44.8747,-88.1586,1.0
Hydro,44.9127,-68.6838,2.4
Hydro,42.9375,-73.6544,3.4
Hydro,44.9094,-68.6833,1.8
Hydro,43.8974,-75.04,1.8
Hydro,37.6936,-93.7691,52.0
Hydro,45.0811,-121.8866,12.0
Hydro,39.5869,-122.5332,5.0
Hydro,42.9051,-110.8934,1.5
Hydro,39.4326,-105.1263,1.0
Hydro,41.8482,-74.0467,14.4
Hydro,42.3514,-73.7339,6.0
Hydro,44.6422,-74.9765,4.0
Hydro,39.2527,-106.3748,2.5
Hydro,45.354,-122.619,15.4
Hydro,47.5025,-119.2917,92.0
Hydro,46.5646,-90.4161,1.4
Hydro,43.2435,-116.3791,25.0
Hydro,55.6152,-131.3561,22.6
Hydro,46.0608,-122.2017,240.0
Hydro,46.0594,-122.2594,72.0
Hydro,42.7284,-110.9166,1.7
Hydro,41.5717,-74.7828,8.0
Hydro,46.305,-94.3775,1.8
Biomass,42.8289,-78.055,1.4
Hydro,29.5481,-97.9996,2.4
Hydro,36.597,-93.3086,200.0
Hydro,37.5237,-107.7828,4.6
Hydro,41.5725,-72.0458,1.6
Hydro,44.3083,-75.3083,1.1
Hydro,33.9892,-83.4984,2.3
Hydro,34.7313,-83.3755,72.0
Hydro,43.98,-75.6131,1.5
Hydro,37.5208,-90.8347,408.0
Hydro,40.1063,-108.7112,2.3
Hydro,43.927,-75.3219,4.0
Hydro,33.8343,-117.4971,2.9
Hydro,35.595,-95.0511,39.0
Hydro,35.2139,-83.0028,10.8
Hydro,41.539,-72.0509,1.4
Hydro,36.4156,-119.0069,20.1
Hydro,57.6861,-152.895,33.6
Hydro,34.7504,-83.4063,16.0
Hydro,38.9737,-104.9011,26.6
Hydro,42.2214,-72.8596,1.5
Hydro,45.614,-121.1346,1819.7
Hydro,44.2174,-75.7952,1.3
Hydro,39.5149,-121.6301,115.1
Hydro,39.5287,-121.5464,3.4
Hydro,47.5932,-115.3582,98.1
Hydro,46.655,-92.3333,72.6
Hydro,45.4111,-91.2183,1.4
Hydro,35.234,-83.1254,21.6
Hydro,42.7405,-114.8367,6.8
Hydro,40.1998,-123.5231,1.3
Biomass,45.71,-119.9011,4.8
Hydro,41.999,-71.5174,1.2
Hydro,32.5354,-85.8876,91.0
Hydro,48.318,-111.1018,7.5
Hydro,46.658,-121.1287,13.8
Hydro,38.4493,-120.4926,52.2
Hydro,35.2067,-80.0648,84.0
Hydro,45.3705,-121.7565,1.2
Hydro,35.1967,-86.2783,45.7
Hydro,39.8935,-121.5934,1.8
Hydro,43.2727,-122.4475,42.6
Hydro,31.1735,-93.5659,81.0
Hydro,45.4411,-89.7306,2.6
Hydro,18.1318,-66.4879,8.64
Hydro,18.1664,-66.5116,1.92
Biomass,33.7683,-118.2836,38.4
Hydro,37.4295,-108.5749,11.4
Hydro,40.7335,-80.3148,5.2
Hydro,45.9479,-91.8884,1.2
Hydro,43.2758,-75.1567,21.9
Hydro,38.2392,-107.7581,8.0
Hydro,40.7973,-122.7626,140.0
Hydro,35.247,-83.1281,3.0
Hydro,35.4856,-80.1758,42.0
Hydro,34.7133,-83.3519,44.8
Biomass,36.1871,-119.3751,2.8
Hydro,36.0586,-118.9241,1.4
Hydro,36.1631,-118.7071,8.4
Hydro,37.8761,-120.605,29.9
Hydro,43.642,-117.2327,7.0
Hydro,37.6115,-120.5947,3.3
Hydro,47.6053,-112.0969,13.0
Hydro,35.3348,-82.1864,5.4
Hydro,42.608,-72.5615,5.7
Hydro,35.245,-82.3894,5.0
Hydro,41.665,-86.1322,4.8
Hydro,44.9156,-93.1994,18.0
Hydro,42.5892,-114.3553,52.7
Hydro,45.8728,-88.0708,9.2
Hydro,47.4446,-121.6878,24.0
Hydro,46.0883,-118.2547,2.2
Hydro,56.2164,-131.5043,22.6
Biomass,33.3281,-86.3568,17.9
Biomass,32.8772,-117.2347,3.0
Hydro,40.5381,-110.0661,1.2
Hydro,44.5107,-73.9131,2.6
Hydro,38.8643,-120.4443,38.6
Hydro,44.7145,-74.9966,3.0
Hydro,39.5441,-111.4187,1.3
Hydro,44.088,-70.2124,1.6
Hydro,48.649,-121.6907,104.8
Hydro,44.0869,-70.2293,1.0
Hydro,38.2683,-112.4806,2.5
Hydro,43.8836,-75.4281,1.5
Hydro,37.6508,-120.4706,4.4
Hydro,47.6544,-117.4189,10.0
Hydro,37.546,-118.59,37.5
Hydro,42.8643,-114.8855,8.3
Hydro,42.9126,-73.6805,16.4
Hydro,39.1438,-108.0048,9.9
Hydro,44.2144,-74.9914,1.5
Hydro,34.9214,-81.7456,1.1
Hydro,43.5527,-112.051,8.0
Hydro,42.7674,-114.9247,18.0
Hydro,42.7664,-114.9082,16.5
Hydro,41.7871,-89.6775,2.2
Hydro,47.6822,-117.3319,17.6
Hydro,37.3777,-107.5787,5.8
Hydro,42.9044,-73.5625,2.5
Hydro,33.9001,-117.829,4.1
Hydro,43.4486,-76.5056,8.0
Hydro,34.0114,-118.4168,10.1
Hydro,39.3125,-119.585,2.4
Hydro,42.7717,-72.5146,35.9
Biomass,36.1852,-119.6815,1.0
Biomass,36.1852,-119.6815,1.0
Biomass,36.1852,-119.6815,1.0
Hydro,46.6964,-89.2089,12.0
Hydro,42.9197,-76.5477,1.7
Hydro,42.8075,-73.8427,11.6
Hydro,40.4591,-121.8671,8.5
Hydro,40.4519,-121.8621,1.0
Hydro,34.6853,-118.7881,74.2
Hydro,44.6253,-72.5309,1.8
Hydro,37.0692,-121.0772,424.0
Biomass,37.8258,-122.2961,6.6
Hydro,33.8447,-112.2714,40.0
Hydro,19.7203,-155.1189,1.0
Hydro,19.713,-155.1486,10.4
Hydro,22.1963,-159.5561,3.6
Hydro,41.56,-74.1952,2.4
Hydro,33.3498,-83.1574,321.2
Hydro,41.4679,-75.1309,40.0
Hydro,45.2667,-117.2127,1.1
Hydro,32.5839,-86.2831,225.0
Hydro,31.6245,-85.0652,168.0
Hydro,35.6946,-83.0503,108.0
Hydro,44.0696,-122.835,8.0
Hydro,46.8731,-119.9703,1098.0
Hydro,40.7904,-111.4043,1.9
Hydro,41.5984,-73.922,2.0
Hydro,34.404,-82.2336,6.2
Hydro,38.7221,-123.0112,2.7
Hydro,44.7242,-121.2477,19.6
Hydro,43.4833,-73.7986,2.9
Hydro,40.54,-78.0346,2.8
Hydro,39.3022,-119.5604,2.6
Hydro,36.3413,-82.1264,57.6
Biomass,44.0647,-92.4692,2.0
Hydro,44.3813,-72.7677,5.5
Hydro,34.3355,-80.7021,90.5
Hydro,42.9019,-76.8623,1.5
Hydro,43.3272,-78.2394,4.0
Hydro,43.9758,-75.8747,8.1
Hydro,35.6197,-84.7855,174.6
Hydro,44.9575,-89.6367,5.4
Hydro,46.1592,-88.2353,1.8
Hydro,42.9528,-84.9025,4.3
Hydro,35.5531,-95.1708,70.0
Hydro,41.1376,-111.8849,3.8
Hydro,47.4335,-121.6483,4.3
Hydro,34.1721,-85.7538,87.6
Hydro,47.9469,-119.8653,774.0
Hydro,43.6669,-70.6021,7.7
Hydro,44.8874,-72.0554,1.4
Hydro,44.4056,-72.1881,1.0
Hydro,41.8596,-74.5103,7.5
Hydro,43.9829,-75.6206,4.4
Hydro,45.2497,-68.6483,13.0
Hydro,32.9187,-85.1887,73.3
Hydro,38.4209,-120.5496,13.6
Biomass,47.6611,-122.4464,4.6
Biomass,30.3419,-94.0656,57.7
Biomass,47.2661,-122.4283,64.0
Biomass,32.4541,-87.9759,47.4
Biomass,37.5392,-76.8053,101.0
Hydro,44.7639,-69.7183,12.0
Biomass,32.2752,-92.7277,66.4
Hydro,44.0661,-73.2158,3.0
Hydro,34.8069,-87.3819,404.0
Hydro,35.1276,-92.7903,32.4
Hydro,40.5976,-122.5387,3.5
Hydro,45.4821,-87.8022,9.0
Hydro,46.4983,-90.9039,1.0
Hydro,35.7574,-91.6369,4.3
Hydro,35.744,-91.7654,3.5
Hydro,35.8436,-91.8505,4.3
Hydro,38.7653,-120.7874,266.5
Hydro,33.9347,-116.6405,1.3
Hydro,44.4889,-89.5756,5.1
Hydro,55.3281,-131.5308,4.8
Hydro,31.8694,-97.3667,41.8
Hydro,36.3417,-82.1264,10.6
Hydro,43.6679,-72.3036,35.6
Hydro,40.4329,-78.0029,21.7
Hydro,40.035,-106.2053,3.5
Hydro,44.9589,-69.8703,13.0
Hydro,39.3578,-81.3179,44.0
Hydro,34.7978,-87.6254,666.7
Hydro,42.6289,-114.1747,8.4
Hydro,38.5274,-81.9139,24.5
Hydro,47.9344,-91.7639,4.0
Hydro,44.3939,-89.825,8.8
Biomass,44.3953,-89.826,72.3
Hydro,42.5042,-78.0828,1.0
Hydro,38.8899,-121.0985,16.4
Hydro,44.9378,-91.3406,39.4
Hydro,36.8691,-85.147,270.0
Biomass,45.1554,-67.4012,68.3
Hydro,39.5538,-121.2041,67.2
Hydro,37.8607,-120.8792,2.8
Biomass,40.785,-81.9514,1.0
Hydro,43.9947,-70.0619,19.4
Hydro,44.3097,-72.5753,1.0
Hydro,35.0218,-81.0078,60.0
Hydro,45.0703,-69.9064,72.0
Hydro,47.3851,-123.6052,12.8
Hydro,45.9628,-122.3355,134.0
Hydro,44.7661,-74.9997,2.0
Hydro,41.0006,-75.0314,453.0
Hydro,32.5743,-85.8901,50.5
Hydro,18.1106,-66.8711,25.0
Hydro,18.0536,-66.8837,9.0
Hydro,45.3074,-107.9575,268.8
Hydro,46.9749,-122.6358,12.0
Hydro,34.6815,-83.3426,22.5
Hydro,33.9117,-117.8192,5.1
Hydro,40.1136,-76.712,19.6
Hydro,39.8016,-79.3682,12.2
Hydro,47.7916,-121.8,7.5
Biomass,42.8131,-85.9861,3.2
Biomass,37.4325,-121.9528,1.6
Biomass,-30.3301,-57.622,10.0
Biomass,-30.9392,-55.5583,12.0
Hydro,-33.056,-57.4524,333.0
Hydro,-32.8319,-56.4221,152.0
Biomass,-31.6987,-55.9331,10.0
Biomass,-33.2505,-54.4018,14.0
Biomass,-34.8189,-54.9721,1.2
Biomass,-32.3035,-58.0887,5.0
Biomass,-34.2196,-58.0495,180.0
Biomass,-31.0751,-55.7559,7.5
Hydro,-32.8736,-56.8061,108.0
Hydro,-31.2749,-57.9382,945.0
Biomass,-33.1148,-58.2567,161.0
Biomass,-31.6416,-55.9031,12.0
Hydro,41.4471,69.5578,39.0
Hydro,41.627,69.969,620.0
Hydro,40.1924,69.3048,126.0
Hydro,41.5581,69.7708,120.0
Hydro,41.599,69.8644,165.0
Hydro,41.5542,69.6811,70.0
Hydro,8.3039,-62.6677,2930.0
Hydro,7.747,-71.4668,514.0
Hydro,8.16,-62.8,2196.0
Hydro,8.8246,-70.5145,240.0
Hydro,8.6226,-70.2075,80.0
Hydro,7.8535,-71.7146,300.0
Hydro,7.8997,-63.0322,2530.0
Hydro,8.8363,-70.0989,25.0
Hydro,7.7659,-62.9982,8851.0
Hydro,16.2266,107.2728,170.0
Hydro,15.7998,107.6171,210.0
Hydro,14.0148,108.6796,173.0
Hydro,13.5809,108.2592,3.0
Hydro,20.321,105.3281,80.0
Hydro,11.3711,108.33,33.0
Hydro,21.8612,103.8286,220.0
Hydro,19.6053,104.859,18.0
Hydro,22.859,106.6998,18.0
Hydro,19.3404,104.4873,320.0
Hydro,16.3172,107.5028,44.0
Hydro,11.8713,106.9768,4.0
Hydro,12.5305,107.9243,280.0
Hydro,12.2852,108.0383,86.0
Hydro,15.2714,108.5186,2.6
Hydro,21.5438,106.5105,4.5
Hydro,11.9689,106.8435,77.0
Hydro,21.4707,104.1852,4.0
Hydro,21.4572,104.2104,8.0
Hydro,22.2985,103.1613,90.0
Hydro,22.4144,103.9066,30.0
Hydro,19.8782,105.2731,97.0
Hydro,11.7219,108.2468,34.0
Hydro,12.0838,108.5953,6.0
Hydro,11.8529,108.6058,160.0
Hydro,12.1161,108.5852,7.5
Hydro,12.1333,108.313,5.0
Hydro,11.4219,107.8754,10.0
Hydro,11.6499,108.3202,300.0
Hydro,14.1847,108.1064,14.0
Hydro,12.0252,107.1834,18.0
Hydro,14.7979,108.0074,3.2
Hydro,14.7275,108.3694,22.0
Hydro,15.459,107.9124,190.0
Hydro,15.4642,107.929,18.0
Hydro,12.1958,107.9268,13.0
Hydro,14.5281,108.2191,8.1
Hydro,11.9645,107.6675,16.0
Hydro,14.6651,108.1593,2.2
Hydro,14.5759,108.3049,15.6
Hydro,14.526,108.2992,3.6
Hydro,14.6613,107.9367,15.0
Hydro,14.7684,108.0027,30.0
Hydro,11.9902,107.6597,144.0
Hydro,14.7473,107.8358,7.5
Hydro,14.7135,107.8211,2.4
Hydro,11.9522,107.4042,7.5
Hydro,12.1139,107.6336,6.0
Hydro,11.8186,107.459,28.0
Hydro,13.7659,108.5236,18.0
Hydro,13.6786,108.5649,24.0
Hydro,13.3473,108.5323,10.0
Hydro,13.3381,108.5587,20.0
Hydro,14.9785,108.3013,125.0
Hydro,11.5827,107.6726,75.0
Hydro,14.1565,108.7727,9.9
Hydro,11.7129,108.0579,70.0
Hydro,11.8722,107.8887,180.0
Hydro,11.8851,107.7286,340.0
Hydro,11.7927,107.5534,150.0
Hydro,12.6712,107.9075,12.0
Hydro,12.6757,107.9041,16.0
Hydro,12.5992,108.9397,28.0
Hydro,12.7999,108.9287,5.0
Biomass,13.4257,108.42,12.0
Hydro,11.8284,108.6906,5.4
Hydro,11.8319,108.7073,5.1
Hydro,11.336,107.935,475.0
Hydro,21.2658,104.5407,8.4
Hydro,21.5067,104.3622,5.0
Hydro,21.8778,103.942,18.0
Hydro,18.0464,105.8334,14.0
Hydro,21.5565,105.73,1.89
Hydro,20.8082,105.3233,1920.0
Hydro,12.6497,107.9091,29.0
Hydro,19.8381,105.0846,180.0
Hydro,21.6965,103.8776,520.0
Hydro,16.4601,107.4233,81.0
Hydro,18.446,105.1513,33.0
Hydro,13.7389,107.8508,1.2
Hydro,13.9757,107.7278,10.8
Hydro,13.9756,107.7928,7.5
Hydro,14.0222,107.649,7.5
Hydro,14.2274,107.8294,720.0
Hydro,18.1953,105.928,2.3
Hydro,17.9168,105.9706,6.0
Hydro,14.6967,107.8258,1.0
Hydro,12.452,108.3372,12.0
Hydro,12.2117,108.2847,18.0
Hydro,13.5017,108.85,18.0
Hydro,22.1379,102.9839,1200.0
Hydro,22.31,103.8599,2.4
Biomass,10.3492,105.57,10.0
Hydro,22.5404,103.7142,32.0
Hydro,21.8718,103.9062,13.5
Hydro,22.6846,106.599,6.0
Hydro,21.4687,103.0584,9.3
Hydro,22.6722,106.505,6.0
Hydro,22.1379,102.9839,5.0
Hydro,22.2016,105.7776,3.2
Hydro,21.5935,104.1444,200.0
Hydro,21.5001,104.0908,32.0
Hydro,22.5643,103.6805,7.5
Hydro,21.3557,103.4076,18.0
Hydro,21.6315,104.1718,14.0
Hydro,21.4049,103.9836,32.0
Hydro,21.3412,104.3498,24.0
Hydro,19.4142,104.1123,18.0
Hydro,21.3198,104.3022,10.0
Hydro,22.5496,104.8767,12.0
Hydro,21.7981,103.2935,44.0
Hydro,22.4932,103.234,66.0
Hydro,22.2985,103.1613,84.0
Hydro,21.4452,104.1691,15.0
Hydro,19.5184,105.0377,32.0
Hydro,22.5069,103.6906,9.3
Hydro,21.8093,104.4361,8.4
Hydro,21.7938,104.3324,48.0
Hydro,22.5546,103.7434,72.0
Hydro,22.4734,103.8729,10.5
Hydro,22.4754,103.8595,8.0
Hydro,23.1433,105.5154,110.0
Hydro,15.0809,108.4118,16.5
Hydro,21.476,104.0403,22.0
Hydro,14.4084,107.863,100.0
Hydro,11.9631,107.4493,5.0
Hydro,14.209,107.8141,3.6
Hydro,19.6605,104.9386,3.0
Hydro,21.0315,104.2138,21.0
Hydro,14.2152,107.7222,260.0
Hydro,14.1063,107.6577,108.0
Hydro,13.9678,107.4953,360.0
Hydro,13.9308,107.4678,63.0
Hydro,22.2481,103.8963,22.0
Hydro,21.4971,103.996,2400.0
Hydro,13.0226,108.9039,220.0
Hydro,15.7258,107.6512,156.0
Hydro,15.7646,107.6802,49.0
Hydro,15.8077,107.7472,57.0
Hydro,15.8186,107.7787,29.0
Hydro,22.7148,104.535,16.0
Hydro,15.9332,107.8081,63.0
Hydro,12.3729,108.8374,37.0
Hydro,12.9281,108.9936,70.0
Hydro,19.6106,105.5416,2.0
Hydro,11.8331,108.6841,7.5
Hydro,15.3312,108.1478,190.0
Hydro,15.4443,108.143,62.0
Hydro,12.8935,107.8123,64.0
Hydro,12.7524,107.8768,220.0
Hydro,12.8072,107.8551,80.0
Hydro,11.7689,106.7564,51.0
Hydro,22.2647,103.9622,34.5
Hydro,22.4344,103.821,18.0
Hydro,21.3884,104.231,20.0
Hydro,21.2235,104.4954,14.0
Hydro,11.9921,108.3708,3.1
Hydro,22.4875,103.6653,7.5
Hydro,20.8944,104.5229,3.6
Hydro,22.2987,104.0221,60.0
Hydro,16.3164,107.6374,21.0
Hydro,15.2624,108.1466,3.0
Hydro,21.7471,105.0233,120.0
Hydro,11.8578,107.0193,150.0
Hydro,21.458,103.0782,6.0
Hydro,22.8297,106.6189,3.5
Hydro,14.6941,108.2299,220.0
Hydro,22.5041,105.9936,2.4
Hydro,14.2875,108.7222,20.0
Hydro,11.1048,106.9848,400.0
Hydro,22.36,105.3985,342.0
Hydro,14.3656,108.6943,66.0
Hydro,14.3611,108.7203,28.0
Hydro,21.3412,104.3498,6.6
Hydro,12.1526,108.3787,19.5
Hydro,15.86,107.6538,30.0
Hydro,-15.7688,26.0203,120.0
Hydro,-15.8089,28.4199,990.0
Hydro,-16.5222,28.7619,930.0
Hydro,-12.9884,30.8649,12.0
Biomass,-15.8333,27.7667,12.237
Hydro,-17.9167,25.85,108.0
Hydro,-16.5222,28.7619,750.0
CCUS,37.792519,-86.69423,0.1
CCUS,34.928611,-110.258611,0.1
CCUS,37.036435,-82.144217,0.1
CCUS,37.319659,-97.433597,0.1
CCUS,32.809575,-100.9307056,0.1
CCUS,36.85479722,-107.6983472,0.1
CCUS,37.30745,-109.3378278,0.1
CCUS,41.712614,-108.79482,0.1
CCUS,33.647396,-87.195723,0.1
CCUS,31.578581,-91.172386,0.1
CCUS,30.53,-88.556111,0.1
CCUS,37.08158333,-81.9609,0.1
CCUS,33.347691,-87.49419,0.1
CCUS,31.589822,-91.154311,0.1
CCUS,49.9476,19.0632,0.1
CCUS,35.69060135,112.1750412,0.1
CCUS,47.83117,1.938112,0.1
CCUS,52.66256,-114.667908,0.1
CCUS,48.575622,-102.942431,0.1
CCUS,48.549909,-102.239482,0.1
CCUS,45.097,-105.109,0.1
CCUS,41.002159,-73.908508,0.1
CCUS,37.449965,138.850413,0.1
CCUS,38.908484,-84.853985,0.1
CCUS,39.912682,-80.76458,0.1
CCUS,49.9476,19.0632,0.1
CCUS,37.165836,-101.251679,0.1
CCUS,38.40745,-87.95868,0.1
CCUS,37.26265,-87.578917,0.1
CCUS,38.187413,-87.879005,0.1
CCUS,39.041661,-88.893386,0.1
CCUS,41.137084,122.137069,0.1
CCUS,43.006987,142.08831,0.1
CCUS,28.394151,-96.186152,0.1
CCUS,33.113913,-80.533211,0.1
CCUS,30.030999,-94.86129,0.1
CCUS,52.050455,-112.734195,0.1
CCUS,51.191544,12.356714,0.1
CCUS,40.435449,-107.593316,0.1
CCUS,33.592869,-118.174017,0.1
CCUS,30.4658,-90.767859,0.1
CCUS,46.106511,-118.915757,0.1
CCUS,40.10099,-88.229099,0.1
CCUS,39.979384,-107.510387,0.1
CCUS,49.414461,-103.438402,0.1
CCUS,40.824822,-81.865536,0.1
CCUS,43.409338,-0.634186,0.1
CCUS,53.107152,6.050072,0.1
CCUS,31.005154,-88.008941,0.1
CCUS,59.064553,-118.880284,0.1
CCUS,45.044878,-84.487203,0.1
CCUS,33.205873,-97.729303,0.1
CCUS,39.876963,-88.89341,0.1
CCUS,52.309312,-113.549264,0.1
CCUS,-24.34121895,150.6085205,0.1
CCUS,39.748189,-80.541217,0.1
CCUS,33.45438,-101.862836,0.1
CCUS,37.290102,-82.615054,0.1
CCUS,29.865913,-93.967359,0.1
CCUS,42.53944,-87.90444,0.1
CCUS,35.215,139.72028,0.1
CCUS,33.243601,-86.469014,0.1
CCUS,27.794879,-82.40066,0.1
CCUS,59.34833,18.07028,0.1
CCUS,50.994088,6.667984,0.1
CCUS,35.35792923,139.8679047,0.1
CCUS,-37.913772,145.15598,0.1
CCUS,32.939747,129.59783,0.1
CCUS,-38.272924,146.391758,0.1
CCUS,33.632011,-87.060964,0.1
CCUS,53.565104,8.145691,0.1
CCUS,-26.783583,151.91512,0.1
CCUS,-33.211619,151.542258,0.1
CCUS,55.45437622,8.453642845,0.1
CCUS,30.920613,-101.935292,0.1
CCUS,31.927655,-102.212316,0.1
CCUS,53.321801,-5.809636,0.1
CCUS,45.871514,22.053591,0.1
CCUS,36.260007,-101.009301,0.1
CCUS,-8.945793,126.429718,0.1
CCUS,41.514815,-108.615272,0.1
CCUS,40.14480209,-108.9541397,0.1
CCUS,42.847634,-105.973604,0.1
CCUS,54.570961,-115.520025,0.1
CCUS,36.08712387,138.0771027,0.1
CCUS,56.549197,3.209986,0.1
CCUS,-38.131486,146.363143,0.1
CCUS,48.859252,-111.721966,0.1
CCUS,37.4316,108.92,0.1
CCUS,29.477664,-95.635021,0.1
CCUS,48.955353,2.729149,0.1
CCUS,29.804012,-101.167563,0.1
CCUS,24.807775,49.356405,0.1
CCUS,-26.783863,151.915747,0.1
CCUS,24.214745,120.479255,0.1
CCUS,36.47430676,127.9467773,0.1
CCUS,70.6877507,23.597363,0.1
CCUS,58.188087,2.731416,0.1
CCUS,37.46,118.49,0.1
CCUS,35.759809,-117.376175,0.1
CCUS,-12.36519,-38.273056,0.1
CCUS,-25.595699,-42.331474,0.1
CCUS,17.638724,-92.941641,0.1
CCUS,42.613066,-6.563108,0.1
CCUS,-38.530524,142.811616,0.1
CCUS,39.330467,110.151331,0.1
CCUS,37.539456,-105.104697,0.1
CCUS,53.841572,-113.112056,0.1
CCUS,45.019154,-84.529174,0.1
CCUS,60.81358337,5.028857231,0.1
CCUS,37.45,129.165,0.1
CCUS,59.840298,10.836658,0.1
CCUS,53.341915,3.896861,0.1
CCUS,45.119225,124.798169,0.1
CCUS,39.88403,-88.887398,0.1
CCUS,34.233333,132.216667,0.1
CCUS,39.1037941,117.2521591,0.1
CCUS,43.38488,-84.630136,0.1
CCUS,-20.77690888,115.460907,0.1
CCUS,44.99508667,9.939902306,0.1
CCUS,40.566917,18.031435,0.1
CCUS,51.961685,4.09398,0.1
CCUS,-33.501991,116.330709,0.1
CCUS,50.382708,10.92342,0.1
CCUS,37.046926,-95.608486,0.1
CCUS,30.808782,-102.617342,0.1
CCUS,64.036435,-21.396845,0.1
CCUS,49.096174,-103.030653,0.1
CCUS,49.095559,-103.07764,0.1
CCUS,53.788356,-112.961851,0.1
CCUS,38.586201,-85.412379,0.1
CCUS,35.475659,140.028774,0.1
CCUS,33.020082,130.421904,0.1
CCUS,42.261909,-110.194623,0.1
CCUS,53.717405,-1.279432,0.1
CCUS,60.803324,5.027942,0.1
CCUS,51.387226,-3.406614,0.1
CCUS,53.799307,-113.093229,0.1
CCUS,38.655582,-3.986858,0.1
CCUS,38.27881,-89.667328,0.1
CCUS,39.886528,116.5325,0.1
CCUS,28.276608,79.168361,0.1
CCUS,5.83516,100.49881,0.1
CCUS,40.540775,-89.679655,0.1
CCUS,34.61697769,135.4057465,0.1
CCUS,60.803324,5.027942,0.1
CCUS,28.87176,105.442141,0.1
CCUS,40.104766,-88.241923,0.1
CCUS,33.872884,130.752913,0.1
CCUS,41.082047,-101.14317,0.1
CCUS,39.509213,-112.580616,0.1
CCUS,47.065786,-101.212171,0.1
CCUS,38.905411,-84.851392,0.1
CCUS,-38.255862,146.592067,0.1
CCUS,26.143917,50.639774,0.1
CCUS,47.37694168,-101.1572266,0.1
CCUS,-22.465016,-43.804919,0.1
CCUS,24.136783,52.738073,0.1
CCUS,37.788156,-84.713791,0.1
CCUS,60.803324,5.027942,0.1
CCUS,60.803324,5.027942,0.1
CCUS,50.08917,8.95,0.1
CCUS,-38.23505402,146.5717468,0.1
CCUS,51.957395,4.027916,0.1
CCUS,42.09222,-71.48306,0.1
CCUS,39.596175,-78.745581,0.1
SMR,57.0,160.0,70.0
SMR,36.972222,122.52889,400.0
Hydrogen,65.58545581,22.15766136,4.5
Hydrogen,38.67206718,-4.053051263,20.0
Hydrogen,39.71851895,2.869601784,2.5
Hydrogen,37.41648724,140.516114,10.0
Hydrogen,47.42132666,9.374711401,2.0
Hydrogen,53.90340529,12.28316893,2.0
Hydrogen,48.58559709,8.958276022,1.3
Hydrogen,54.74515917,8.575170399,1.125
Hydrogen,59.01999057,-2.989136035,1.0
Hydrogen,47.53989242,7.712353516,1.3
Hydrogen,52.1503721,10.3593147,0.7
Hydrogen,0.0,0.0,0.25
Hydrogen,35.66706289,139.7494925,0.005
Hydrogen,36.73076822,137.2188241,0.005
Hydrogen,35.64821955,136.050882,0.005
Hydrogen,48.3059078,14.286198,6.0
Hydrogen,0.0,0.0,4.0
Hydrogen,43.85734939,-79.33112419,2.5
Hydrogen,49.1996961,7.6087847,2.5
Hydrogen,54.72670653,9.347591285,1.0
Hydrogen,58.39337285,24.5106866,1.0
Hydrogen,56.97288026,24.08787472,0.728
Hydrogen,49.8808904,1.1415922,0.5
Hydrogen,53.0038078,-2.2877425,0.5
Hydrogen,0.0,0.0,0.5
Hydrogen,43.31136409,-0.362005309,0.75
Hydrogen,47.20726589,7.534500701,0.35
Hydrogen,0.0,0.0,0.276
Hydrogen,58.05926991,12.81683708,0.276
Hydrogen,0.0,0.0,0.25
Hydrogen,0.0,0.0,0.2
Hydrogen,0.0,0.0,0.15
Hydrogen,0.0,0.0,0.081
Hydrogen,0.0,0.0,0.005
Hydrogen,0.0,0.0,1.0
Hydrogen,35.61528621,138.6942969,1.5
Hydrogen,0.0,0.0,0.05
Hydrogen,0.0,0.0,0.045
Hydrogen,0.0,0.0,0.1
Hydrogen,53.91224209,9.13196747,2.4
Hydrogen,51.49141758,6.723969506,2.0
Hydrogen,0.0,0.0,1.5
Hydrogen,56.63941921,9.79841809,1.5
Hydrogen,0.0,0.0,1.0
Hydrogen,0.0,0.0,1.0
Hydrogen,49.2644733,9.401743,0.8
Hydrogen,63.34327247,10.37333,0.7
Hydrogen,47.99027408,13.55381783,0.6
Hydrogen,59.1649151,-2.788356039,0.7
Hydrogen,54.72670653,9.347591285,0.225
Hydrogen,0.0,0.0,0.2
Hydrogen,48.7494007,2.350108197,0.192
Hydrogen,31.25068451,121.4364995,0.113
Hydrogen,0.0,0.0,0.05
Hydrogen,0.0,0.0,0.033
Hydrogen,0.0,0.0,0.038
Hydrogen,0.0,0.0,0.025
Hydrogen,0.0,0.0,0.018
Hydrogen,0.0,0.0,0.005
Hydrogen,0.0,0.0,0.005
Hydrogen,0.0,0.0,0.001
Hydrogen,0.0,0.0,0.1
Hydrogen,0.0,0.0,0.0625
Hydrogen,0.0,0.0,0.047
Hydrogen,0.0,0.0,0.005
Hydrogen,0.0,0.0,0.005
Hydrogen,0.0,0.0,0.005
Hydrogen,10.42109784,-85.42096886,0.005
Hydrogen,-21.22472701,-68.25178996,0.05
Hydrogen,0.0,0.0,1.25
Hydrogen,0.0,0.0,0.2
Hydrogen,53.56142698,9.977259977,0.185
Hydrogen,0.0,0.0,0.01
Hydrogen,0.0,0.0,0.005
Hydrogen,0.0,0.0,0.005
Hydrogen,53.71192125,13.29163746,1.0
Hydrogen,0.0,0.0,0.5
Hydrogen,50.73127486,4.219267381,0.3
Hydrogen,0.0,0.0,0.02
Hydrogen,46.47409854,11.31719371,1.5
Hydrogen,52.36999214,13.52429883,0.5
Hydrogen,0.0,0.0,0.021
Hydrogen,0.0,0.0,0.1
Hydrogen,52.8518701,7.6764179,6.3
Hydrogen,0.0,0.0,0.431
Hydrogen,53.20031054,12.23511242,2.0
Hydrogen,0.0,0.0,1.0
Hydrogen,0.0,0.0,0.6
Hydrogen,0.0,0.0,0.2
Hydrogen,0.0,0.0,0.18
Hydrogen,53.82325973,9.289435519,0.04
Hydrogen,0.0,0.0,0.1
Hydrogen,50.86056156,6.980581616,10.0
Hydrogen,53.51426977,9.950046941,5.0
Hydrogen,51.60030557,7.138382801,0.165
Hydrogen,0.0,0.0,0.14
Hydrogen,0.0,0.0,0.12
Hydrogen,0.0,0.0,0.108
Hydrogen,0.0,0.0,0.1
Hydrogen,0.0,0.0,0.03
Hydrogen,63.844239,-22.4317498,6.0
Hydrogen,53.54591627,10.00251676,0.6
Hydrogen,0.0,0.0,0.5
Hydrogen,0.0,0.0,0.3
Hydrogen,0.0,0.0,0.124
Hydrogen,0.0,0.0,0.05
Hydrogen,0.0,0.0,0.01
Hydrogen,0.0,0.0,0.3
Hydrogen,0.0,0.0,0.087
Hydrogen,0.0,0.0,0.1
Hydrogen,0.0,0.0,0.01
Hydrogen,-45.86627843,-67.48912491,0.828
Hydrogen,0.0,0.0,0.2
Hydrogen,0.0,0.0,0.006
Hydrogen,0.0,0.0,0.046
Hydrogen,0.0,0.0,2.042
Hydrogen,0.0,0.0,0.034
Hydrogen,49.99621073,8.245269018,6.0
Hydrogen,28.42927593,77.14838872,0.12
Hydrogen,28.62986571,77.17691407,0.1
Hydrogen,49.10645566,7.07085165,0.138
Hydrogen,0.0,0.0,0.092
Hydrogen,34.0090636,35.70256741,0.114
Hydrogen,45.19199534,5.749916925,0.055
Hydrogen,58.34140301,8.580593718,0.05
Hydrogen,41.37341688,23.44195112,0.025
Hydrogen,0.0,0.0,0.08
Hydrogen,51.24091437,4.407831171,1.0
Hydrogen,0.0,0.0,0.431
Hydrogen,0.0,0.0,0.431
Hydrogen,0.0,0.0,1.292
Hydrogen,53.1028443,6.8694863,1.0
Hydrogen,70.76517495,29.08368726,2.5
Hydrogen,55.6255437,12.4550501,2.0
Hydrogen,0.0,0.0,0.25
Hydrogen,0.0,0.0,0.1
Hydrogen,59.13990876,9.654776822,24.0
Hydrogen,56.17696925,-3.017429263,0.37
Hydrogen,0.0,0.0,0.015
Hydrogen,52.46241628,-1.8405931,3.0
Hydrogen,52.48255651,7.299667812,10.0
Hydrogen,38.4925329,106.2384696,30.0
Hydrogen,46.93631592,-2.069927077,0.75
Hydrogen,47.65850999,-2.763749947,1.0
Hydrogen,50.04225873,12.03042693,8.8
Hydrogen,0.0,0.0,0.072
Hydrogen,0.0,0.0,0.005
Hydrogen,51.96820553,4.034828645,2.5
Hydrogen,0.0,0.0,0.1
Hydrogen,47.40165693,8.395091995,2.5
Hydrogen,43.62943289,1.368626138,2.0
Hydrogen,36.07416384,103.8324382,4.6
Hydrogen,47.79744501,3.566269916,1.0
Hydrogen,37.04655681,-95.60394915,0.1
Hydrogen,30.1841002,-91.00383772,0.1
Hydrogen,29.88732774,-93.92935053,0.1
Hydrogen,49.48378963,0.54835583,0.1
Hydrogen,53.7965498,-113.0917523,0.1
Hydrogen,51.29734424,11.99738132,1.3
Hydrogen,46.3821767,-72.37264273,20.0
Hydrogen,41.56089297,115.7331071,6.0
Hydrogen,40.81,114.87944,9.26
Hydrogen,47.25231837,11.32808286,3.1
Hydrogen,-23.97787754,28.91676165,3.5
Hydrogen,-33.35578065,-70.73649242,0.6
Hydrogen,51.264018,7.1780374,2.5
Hydrogen,52.15234346,10.40665988,2.5
Hydrogen,41.56089297,115.7331071,4.0
Hydrogen,24.76562573,55.36765017,1.25
Hydrogen,0.0,0.0,1.25
Hydrogen,0.0,0.0,1.0
Hydrogen,-33.86856466,151.2046106,0.5
Hydrogen,0.0,0.0,0.22
Hydrogen,28.52296439,-16.26463933,0.025
Hydrogen,53.83935195,-113.1210722,0.1
Hydrogen,53.99249384,-113.1269395,0.1
Hydrogen,53.19809945,5.790371769,1.4
Hydrogen,36.24766995,-115.355277,0.1
Hydrogen,-52.02782333,-72.3950138,1.0
Hydrogen,41.3904683,2.169883854,2.5
Hydrogen,38.68908417,-4.106411493,0.06
Hydrogen,40.56579153,-96.81326421,0.1
Hydrogen,40.75417084,115.0326023,4.139
Hydrogen,40.75417084,115.0326023,9.838
Hydrogen,52.03502549,5.099206478,2.5
Hydrogen,0.0,0.0,1.5
Hydrogen,53.0019687,6.292133564,1.3
Hydrogen,-37.8648151,144.83405,0.2
Hydrogen,36.56322284,110.1008251,0.1
Hydrogen,-32.15125666,115.8107427,0.1
Hydrogen,51.88051045,4.315640317,0.1
Hydrogen,0.0,0.0,0.1
Hydrogen,45.622681,122.848434,6.0
Hydrogen,33.87253337,-117.9602586,0.1
Hydrogen,56.56530195,9.02965887,6.0
Hydrogen,40.78163215,114.8676578,20.0
Hydrogen,35.65882038,136.0632417,0.005
Hydrogen,0.0,0.0,0.052
Hydrogen,56.54516778,9.152295859,10.0
Hydrogen,48.73108142,9.318047704,0.5
Hydrogen,45.7761475,3.095197185,2.0
Hydrogen,33.83353983,-116.5509007,2.0
Hydrogen,43.32559953,-3.113953019,2.5
Hydrogen,27.64358906,-80.78992526,25.0
Hydrogen,40.12213,-3.84704,0.015
Hydrogen,36.83002722,118.1110954,0.1
Hydrogen,45.58298539,84.89650728,0.1
Hydrogen,47.26341678,-101.7969258,0.1
Hydrogen,24.33491011,54.47101004,0.1
Hydrogen,40.151128,-74.213226,0.175
Hydrogen,0.0,0.0,1.0
Hydrogen,51.55934334,-1.782009364,0.1
Hydrogen,35.443707,139.638031,2.0
Hydrogen,46.4966066,20.7015134,2.0
Hydrogen,53.92702726,-122.6941359,0.1
Hydrogen,23.04822731,120.1520254,25.0
Hydrogen,53.48853771,9.132394116,3.895
Hydrogen,40.51381489,116.1215243,6.816
Hydrogen,46.59498321,13.85629418,2.0
Hydrogen,47.5602883,7.629416874,2.5
Hydrogen,46.12903202,15.09450548,0.15
Hydrogen,46.3746747,15.05297235,0.1
Hydrogen,0.0,0.0,0.35
Hydrogen,47.27377389,-2.21032493,1.5
Hydrogen,45.15573304,10.78972903,0.1
Hydrogen,63.8413308,23.12696039,9.0
Hydrogen,38.6260157,-90.19539681,0.1
Hydrogen,41.82754999,83.39490166,260.0
Hydrogen,0.0,0.0,0.1
Hydrogen,36.73162032,-119.7740255,7.5
Hydrogen,-13.37649265,-72.07907968,25.0
Hydrogen,43.60769064,2.24104035,0.43
Hydrogen,67.46500889,32.48146993,1.0
Hydrogen,53.53951134,8.591532904,1.0
Hydrogen,51.32471117,12.02431106,1.0
Hydrogen,10.33779801,-75.49612978,0.05
Hydrogen,30.95768278,-81.64722855,40.0
Hydrogen,28.33215605,73.28154584,2.1
Hydrogen,60.55783959,16.29933502,17.0
Hydrogen,0.0,0.0,0.1
Hydrogen,36.37933532,-97.76301183,0.1
Hydrogen,0.0,0.0,0.1
Hydrogen,0.0,0.0,3.75
Hydrogen,0.0,0.0,0.5
Hydrogen,0.0,0.0,3.24
Hydrogen,0.0,0.0,1.44
Hydrogen,-22.36264868,122.7386707,1.4
Hydrogen,-37.80845507,144.9404822,0.0
Hydrogen,51.48694451,6.866316126,20.0
Hydrogen,-33.20572411,-70.67851224,0.0
Hydrogen,0.0,0.0,0.9
Hydrogen,52.55462082,-1.463244089,0.9
Hydrogen,38.57136364,-7.912554052,0.3
Hydrogen,35.66380216,139.7201748,0.1
Hydrogen,59.12122228,9.6305157,5.5
Hydrogen,-29.95893926,-71.33903611,0.15
Hydrogen,52.8528701,7.6764179,1.3
Hydrogen,29.63339263,32.30080635,15.0
Hydrogen,43.13197818,1.62004782,0.1
Hydrogen,35.18803153,128.5907537,0.1
Hydrogen,38.4925329,106.2384696,120.0
Hydrogen,36.18514022,-5.492609168,5.0
Hydrogen,57.41699384,16.67301902,0.7
Hydrogen,47.61924509,6.865037852,1.0
Hydrogen,50.71575454,-1.984281274,0.9
Hydrogen,50.16067155,19.44741613,2.0
Hydrogen,47.50354502,-111.2870428,0.1
Hydrogen,10.36885657,-75.49611306,0.022
Hydrogen,43.793467,1.61243,5.0
Hydrogen,52.48255651,7.299667812,4.0
Hydrogen,48.26239816,15.68860188,0.7
Hydrogen,47.308332,18.909671,10.0
Hydrogen,47.31983205,5.038166514,1.0
Hydrogen,23.473324,77.947998,10.0
Hydrogen,40.23697399,97.54262857,12.1
Hydrogen,48.8572442,2.351150657,2.5
Hydrogen,35.762928,114.980511,2.4
Hydrogen,40.78163215,114.8676578,9.0
Hydrogen,-3.548662523,-38.81062022,3.0
Hydrogen,52.55390743,-1.459806532,1.0
Hydrogen,38.06765298,23.50601299,1.0
Hydrogen,-8.393468198,-34.96769705,0.9
Hydrogen,-25.91829834,113.5523059,0.348
Hydrogen,6.168167174,-75.61993832,0.0
Hydrogen,46.93631592,-2.069927077,1.75
Hydrogen,47.93365445,-2.676585757,5.0
Hydrogen,35.28736183,-84.75784536,15.8
Hydrogen,35.28736183,-84.75784536,8.5
Hydrogen,21.18090152,72.71930875,0.0065
Hydrogen,48.96409174,1.868283911,1.0
Hydrogen,52.25720524,6.208756306,0.5
Hydrogen,43.44070904,-76.41302569,1.0
Hydrogen,63.8413308,23.12696039,0.1
Hydrogen,47.26375901,15.19674482,1.0
Hydrogen,30.0306919,76.31095506,1.8
Hydrogen,39.96497328,-0.258763322,8.0
Hydrogen,32.37807754,-82.58400853,2.5
Hydrogen,48.66413062,11.97302149,5.0
Hydrogen,43.8984136,116.0348102,2.3
Hydrogen,39.62170645,109.7280467,69.0
Hydrogen,4.680877492,-74.07044244,0.165
Hydrogen,-37.37730001,-73.03154511,0.025
Hydrogen,-23.39908036,-69.25218282,0.02
Hydrogen,60.52674111,27.14101196,0.7
Hydrogen,64.03642348,-21.40439098,0.7
Hydrogen,47.40058001,9.32816181,2.0
Hydrogen,47.61924509,6.865037852,1.0
Hydrogen,48.1816373,16.42343238,3.0
Hydrogen,46.7813377,15.5881617,2.0
Hydrogen,47.71200111,14.16099566,0.35
Hydrogen,46.91170412,15.48736182,0.15
Hydrogen,59.27563664,27.90543878,0.1
Hydrogen,25.09179472,72.37797971,0.34
Hydrogen,28.43284201,77.1521652,0.2
Hydrogen,24.04597659,76.17661838,1.8
Hydrogen,26.75069366,94.20316705,0.9
Hydrogen,46.32307,6.971941867,0.5
Hydrogen,-22.97384909,14.51906652,5.0
Hydrogen,-6.194224907,106.8205743,0.3
Hydrogen,60.55828773,4.83767677,0.1
Hydrogen,52.29586541,7.586371423,0.1
Hydrogen,51.32471117,12.02431106,0.0
Hydrogen,35.01960737,134.8331377,5.1
Hydrogen,22.99336486,113.0762528,0.1
Hydrogen,-12.50202847,-76.73010047,0.0
Hydrogen,52.32992727,10.90507608,1.354
Hydrogen,27.80628524,-97.46073679,0.0
Hydrogen,47.99027408,13.55381783,2.0
Hydrogen,45.17264472,-0.225200416,4.0
Hydrogen,21.1786042,72.66119862,1.0
Hydrogen,51.7383512,4.240628273,0.068
Hydrogen,52.40641125,4.750135279,0.25
Hydrogen,39.15170626,-5.897136042,2.0
Hydrogen,34.6205416,119.1068901,110.4
Interconnector,41.9,12.483333,50.94
Interconnector,13.75,100.516667,37.08
Interconnector,51.5,-0.083333,33.19
Interconnector,52.516666666666666,13.4,25.45
Interconnector,-15.783333333333331,-47.916667,15.11
Interconnector,38.883333,-77.0,13.81
Interconnector,47.5,19.083333,10.84
Interconnector,38.71666666666667,-9.133333,10.48
Interconnector,23.716666666666665,90.4,9.66
Interconnector,50.833333333333336,4.333333,9.5
Interconnector,-34.583333333333336,-58.666667,8.79
Interconnector,31.766666666666666,35.233333,6.7
Interconnector,34.516666666666666,69.183333,6.22
Interconnector,11.55,104.916667,5.78
Interconnector,49.6,6.116667,5.26
Interconnector,54.68333333333333,25.316667,5.23
Interconnector,53.31666666666667,-6.233333,4.58
Interconnector,42.86666666666667,74.6,4.15
Interconnector,45.8,16.0,4.04
Interconnector,55.66666666666666,12.583333,3.8
Interconnector,60.16666666666666,24.933333,3.19
Interconnector,33.333333333333336,44.4,3.13
Interconnector,44.43333333333333,26.1,3.06
Interconnector,41.31666666666667,69.25,2.93
Interconnector,59.43333333333333,24.716667,2.91
Interconnector,19.433333333333334,-99.133333,2.89
Interconnector,-22.566666666666663,17.083333,2.75
Interconnector,34.016666666666666,-6.816667,2.58
Interconnector,36.8,10.183333,2.5
Interconnector,47.91666666666666,106.916667,2.2
Interconnector,21.03333333333333,105.85,2.17
Interconnector,-24.633333333333333,25.9,1.92
Interconnector,-17.816666666666666,31.033333,1.9
Interconnector,52.25,21.0,1.83
Interconnector,12.366666666666667,-1.516667,1.58
Interconnector,51.16666666666666,71.416667,1.45
Interconnector,-4.316666666666666,15.3,1.41
Interconnector,47.0,28.85,1.29
Interconnector,13.516666666666667,2.116667,1.21
Interconnector,12.133333333333333,-86.25,1.13
Interconnector,56.95,24.1,1.12
Interconnector,6.116666666666666,1.216667,1.1
Interconnector,35.88333333333333,14.5,0.96
Interconnector,0.1,0.1,0.93
Interconnector,42.0,21.433333,0.9
Interconnector,-6.166666666666667,106.816667,0.89
Interconnector,-1.2833333333333332,36.816667,0.88
Interconnector,15.6,32.533333,0.88
Interconnector,6.483333333333333,2.616667,0.84
Interconnector,27.466666666666665,89.633333,0.83
Interconnector,32.88333333333333,13.166667,0.8
Interconnector,13.7,-89.2,0.71
Interconnector,39.93333333333333,32.866667,0.64
Interconnector,53.9,27.566667,0.62
Interconnector,42.66666666666666,21.166667,0.62
Interconnector,0.3833333333333333,9.45,0.58
Interconnector,11.583333333333334,43.15,0.51
Interconnector,27.716666666666665,85.316667,0.49
Interconnector,14.733333333333333,-17.633333,0.49
Interconnector,33.68333333333333,73.05,0.48
Interconnector,14.616666666666667,-90.516667,0.47
Interconnector,-29.316666666666663,27.483333,0.43
Interconnector,18.066666666666663,-15.966667,0.38
Interconnector,44.833333333333336,20.5,0.3
Interconnector,17.25,-88.766667,0.28
Interconnector,-0.2166666666666666,-78.5,0.28
Interconnector,50.43333333333333,30.516667,0.28
Interconnector,12.65,-8.0,0.22
Interconnector,38.55,68.766667,0.22
Interconnector,14.1,-87.216667,0.21
Interconnector,-6.8,39.283333,0.16
Interconnector,-3.3666666666666667,29.35,0.1
Interconnector,31.95,35.933333,0.07
Interconnector,3.8666666666666663,11.516667,0.06
Interconnector,42.43333333333333,19.266667,0.06
Interconnector,-12.05,-77.05,0.04
Interconnector,41.68333333333333,44.833333,0.02
Interconnector,-1.95,30.05,0.02
Interconnector,1.2833333333333332,103.85,0.02
Interconnector,26.23333333333333,50.566667,0.01
Interconnector,-13.966666666666669,33.783333,-0.02
Interconnector,24.65,46.7,-0.04
Interconnector,24.466666666666665,54.366667,-0.11
Interconnector,37.98333333333333,23.733333,-0.16
Interconnector,8.966666666666667,-79.533333,-0.17
Interconnector,16.8,96.15,-0.2
Interconnector,33.5,36.3,-0.36
Interconnector,0.3166666666666666,32.55,-0.41
Interconnector,10.483333333333333,-66.866667,-0.6
Interconnector,6.816666666666666,-5.266667,-0.75
Interconnector,9.933333333333334,-84.083333,-0.85
Interconnector,4.6,-74.083333,-0.89
Interconnector,41.31666666666667,19.816667,-0.92
Interconnector,40.16666666666666,44.5,-0.97
Interconnector,42.68333333333333,23.316667,-1.04
Interconnector,40.38333333333333,49.866667,-1.15
Interconnector,3.1666666666666665,101.7,-1.22
Interconnector,30.05,31.25,-1.6
Interconnector,9.033333333333331,38.7,-1.76
Interconnector,5.55,-0.216667,-1.95
Interconnector,36.75,3.05,-2.28
Interconnector,46.05,14.516667,-2.37
Interconnector,9.083333333333334,7.533333,-2.4
Interconnector,-15.416666666666666,28.283333,-2.82
Interconnector,35.7,51.416667,-2.99
Interconnector,48.15,17.116667,-3.04
Interconnector,28.6,77.2,-3.07
Interconnector,-25.95,32.583333,-3.2
Interconnector,52.35,4.916667,-4.38
Interconnector,-25.7,28.216667,-5.02
Interconnector,-34.85,-56.166667,-5.1
Interconnector,50.083333333333336,14.466667,-6.39
Interconnector,48.2,16.366667,-6.48
Interconnector,31.766666666666666,35.233333,-6.93
Interconnector,37.95,58.383333,-9.0
Interconnector,40.4,-3.683333,-10.31
Interconnector,45.41666666666666,-75.7,-12.5
Interconnector,46.91666666666666,7.466667,-13.48
Interconnector,39.91666666666666,116.383333,-13.93
Interconnector,55.75,37.6,-16.48
Interconnector,59.91666666666666,10.75,-18.52
Interconnector,-25.266666666666666,-57.666667,-24.2
Interconnector,59.333333333333336,18.05,-33.47
Interconnector,17.966666666666665,102.6,-37.04
Interconnector,48.86666666666667,2.333333,-91.02
Data Center,61.9241,25.7482,0.1
Data Center,59.912,10.746,0.1
Data Center,59.912,10.746,0.1
Data Center,59.3294,18.0686,0.1
Data Center,58.97,5.733,0.1
Data Center,53.1424,-7.6921,0.1
Data Center,53.1424,-7.6921,0.1
Data Center,52.5167,13.3833,0.1
Data Center,52.378,4.9,0.1
Data Center,52.378,4.9,0.1
Data Center,52.1333,11.6167,0.1
Data Center,52.1326,5.2913,0.1
Data Center,51.5073,-0.1276,0.1
Data Center,51.5073,-0.1276,0.1
Data Center,51.5073,-0.1276,0.1
Data Center,51.5073,-0.1276,0.1
Data Center,51.5073,-0.1276,0.1
Data Center,51.4817,-3.1792,0.1
Data Center,50.5577,4.4699,0.1
Data Center,50.110924,8.682127,0.1
Data Center,50.110924,8.682127,0.1
Data Center,50.110924,8.682127,0.1
Data Center,50.110924,8.682127,0.1
Data Center,50.110924,8.682127,0.1
Data Center,50.1109,8.6821,0.1
Data Center,50.1109,8.6821,0.1
Data Center,50.1109,8.6821,0.1
Data Center,50.1109,8.6821,0.1
Data Center,50.1109,8.6821,0.1
Data Center,48.8566,2.3518,0.1
Data Center,48.8566,2.3518,0.1
Data Center,48.8566,2.3518,0.1
Data Center,48.8566,2.3518,0.1
Data Center,48.8566,2.3518,0.1
Data Center,48.8566,2.3518,0.1
Data Center,48.4284,-123.3656,0.1
Data Center,47.3786,8.54,0.1
Data Center,47.3786,8.54,0.1
Data Center,47.3786,8.54,0.1
Data Center,47.3786,8.54,0.1
Data Center,47.3786,8.54,0.1
Data Center,47.3786,8.54,0.1
Data Center,46.8257,-71.2349,0.1
Data Center,46.8257,-71.2349,0.1
Data Center,46.8257,-71.2349,0.1
Data Center,46.206,6.1453,0.1
Data Center,46.206,6.1453,0.1
Data Center,45.5017,-73.5673,0.1
Data Center,45.5017,-73.5673,0.1
Data Center,45.5017,-73.5673,0.1
Data Center,45.5017,-73.5673,0.1
Data Center,45.5017,-73.5673,0.1
Data Center,45.5017,-73.5673,0.1
Data Center,45.5017,-73.5673,0.1
Data Center,45.5017,-73.5673,0.1
Data Center,45.5017,-73.5673,0.1
Data Center,45.4642,9.1903,0.1
Data Center,45.4642,9.1903,0.1
Data Center,45.4642,9.1903,0.1
Data Center,45.4642,9.1903,0.1
Data Center,43.8041,-120.5542,0.1
Data Center,43.8041,-120.5542,0.1
Data Center,43.8041,-120.5542,0.1
Data Center,43.8041,-120.5542,0.1
Data Center,43.8041,-120.5542,0.1
Data Center,43.8041,-120.5542,0.1
Data Center,43.6529,-79.3849,0.1
Data Center,43.6529,-79.3849,0.1
Data Center,43.6529,-79.3849,0.1
Data Center,43.6529,-79.3849,0.1
Data Center,43.6529,-79.3849,0.1
Data Center,43.6529,-79.3849,0.1
Data Center,43.6529,-79.3849,0.1
Data Center,43.6529,-79.3849,0.1
Data Center,43.6529,-79.3849,0.1
Data Center,43.2967,5.3764,0.1
Data Center,43.2967,5.3764,0.1
Data Center,43.076,-107.2903,0.1
Data Center,43.076,-107.2903,0.1
Data Center,41.8756,-87.6244,0.1
Data Center,40.767,-111.8904,0.1
Data Center,40.767,-111.8904,0.1
Data Center,40.767,-111.8904,0.1
Data Center,40.6331,-89.3985,0.1
Data Center,40.6331,-89.3985,0.1
Data Center,40.4173,-82.9071,0.1
Data Center,40.4173,-82.907,0.1
Data Center,40.4173,-82.9071,0.1
Data Center,39.905,116.3914,0.1
Data Center,39.905,116.3914,0.1
Data Center,39.0438,-77.4874,0.1
Data Center,39.0438,-77.4874,0.1
Data Center,39.0438,-77.4874,0.1
Data Center,38.895,-77.0366,0.1
Data Center,38.895,-77.0366,0.1
Data Center,38.895,-77.0366,0.1
Data Center,38.895,-77.0366,0.1
Data Center,38.895,-77.0366,0.1
Data Center,38.895,-77.0366,0.1
Data Center,38.895,-77.0366,0.1
Data Center,38.895,-77.0366,0.1
Data Center,37.926868,-78.024902,0.1
Data Center,37.568,126.977,0.1
Data Center,37.568,126.977,0.1
Data Center,37.568,126.977,0.1
Data Center,37.568,126.977,0.1
Data Center,37.568,126.977,0.1
Data Center,37.5665,126.978,0.1
Data Center,37.5665,126.978,0.1
Data Center,37.5665,126.978,0.1
Data Center,37.5665,126.978,0.1
Data Center,37.5665,126.978,0.1
Data Center,37.4316,-78.6569,0.1
Data Center,37.4316,-78.6569,0.1
Data Center,37.4316,-78.6569,0.1
Data Center,37.4316,-78.6569,0.1
Data Center,37.3382,-121.8863,0.1
Data Center,37.3382,-121.8863,0.1
Data Center,36.7783,-119.4179,0.1
Data Center,36.7783,-119.4179,0.1
Data Center,36.1699,-115.1398,0.1
Data Center,36.1699,-115.1398,0.1
Data Center,36.1699,-115.1398,0.1
Data Center,35.7596,-79.0193,0.1
Data Center,35.7596,-79.0193,0.1
Data Center,35.7596,-79.0193,0.1
Data Center,35.68,139.77,0.1
Data Center,35.68,139.77,0.1
Data Center,35.68,139.77,0.1
Data Center,35.68,139.77,0.1
Data Center,35.68,139.77,0.1
Data Center,35.68,139.77,0.1
Data Center,35.68,139.77,0.1
Data Center,35.68,139.77,0.1
Data Center,35.68,139.77,0.1
Data Center,35.68,139.77,0.1
Data Center,35.1025,129.0349,0.1
Data Center,35.1025,129.0349,0.1
Data Center,34.693,135.502,0.1
Data Center,34.693,135.502,0.1
Data Center,34.693,135.502,0.1
Data Center,34.693,135.502,0.1
Data Center,34.693,135.502,0.1
Data Center,34.693,135.502,0.1
Data Center,34.693,135.502,0.1
Data Center,34.693,135.502,0.1
Data Center,34.0544,-118.2439,0.1
Data Center,34.0544,-118.2439,0.1
Data Center,34.0544,-118.2439,0.1
Data Center,33.8361,-81.1637,0.1
Data Center,33.8361,-81.1637,0.1
Data Center,33.8361,-81.1637,0.1
Data Center,33.45,-112.055,0.1
Data Center,33.4484,-112.074,0.1
Data Center,33.4484,-112.074,0.1
Data Center,32.7767,-96.797,0.1
Data Center,32.7767,-96.797,0.1
Data Center,31.9686,-99.9018,0.1
Data Center,31.9686,-99.9018,0.1
Data Center,31.2532,146.9211,0.1
Data Center,31.1667,121.4667,0.1
Data Center,31.1667,121.4667,0.1
Data Center,30.2369,-93.0138,0.1
Data Center,30.2369,-93.0138,0.1
Data Center,30.2369,-93.0138,0.1
Data Center,30.2369,-93.0138,0.1
Data Center,30.2369,-93.0138,0.1
Data Center,29.7604,-95.3698,0.1
Data Center,29.7604,-95.3698,0.1
Data Center,29.3838,-94.9027,0.1
Data Center,26.0667,50.5577,0.1
Data Center,25.252,55.28,0.1
Data Center,25.252,55.28,0.1
Data Center,24.466,54.366,0.1
Data Center,24.466,54.366,0.1
Data Center,23.6978,120.9605,0.1
Data Center,23.6978,120.9605,0.1
Data Center,23.5505,-46.6333,0.1
Data Center,23.5505,-46.6333,0.1
Data Center,23.5505,-46.6333,0.1
Data Center,23.5505,-46.6333,0.1
Data Center,22.3193,114.1694,0.1
Data Center,22.3193,114.1694,0.1
Data Center,22.3193,114.1694,0.1
Data Center,22.3193,114.1694,0.1
Data Center,22.285,114.157,0.1
Data Center,22.285,114.157,0.1
Data Center,22.285,114.157,0.1
Data Center,21.5428,39.1728,0.1
Data Center,21.5428,39.1728,0.1
Data Center,19.4194,-99.1456,0.1
Data Center,19.4194,-99.1456,0.1
Data Center,19.4194,-99.1456,0.1
Data Center,18.9667,72.8333,0.1
Data Center,18.9667,72.8333,0.1
Data Center,18.9667,72.8333,0.1
Data Center,18.9667,72.8333,0.1
Data Center,18.9667,72.8333,0.1
Data Center,18.9667,72.8333,0.1
Data Center,18.9667,72.8333,0.1
Data Center,18.9667,72.8333,0.1
Data Center,18.5236,73.8478,0.1
Data Center,18.5236,73.8478,0.1
Data Center,17.3667,78.4667,0.1
Data Center,17.3667,78.4667,0.1
Data Center,13.09,80.27,0.1
Data Center,13.09,80.27,0.1
Data Center,13.09,80.27,0.1
Data Center,13.09,80.27,0.1
Data Center,1.289,103.85,0.1
Data Center,1.289,103.85,0.1
Data Center,1.289,103.85,0.1
Data Center,1.289,103.85,0.1
Data Center,1.289,103.85,0.1
Data Center,1.289,103.85,0.1
Data Center,1.289,103.85,0.1
Data Center,1.289,103.85,0.1
Data Center,-23.5507,-46.6334,0.1
Data Center,-23.5507,-46.6334,0.1
Data Center,-23.5507,-46.6334,0.1
Data Center,-23.5507,-46.6334,0.1
Data Center,-23.5507,-46.6334,0.1
Data Center,-23.5507,-46.6334,0.1
Data Center,-23.5507,-46.6334,0.1
Data Center,-23.5507,-46.6334,0.1
Data Center,-23.5507,-46.6334,0.1
Data Center,-23.5507,-46.6334,0.1
Data Center,-23.5507,-46.6334,0.1
Data Center,-26.1633,28.0328,0.1
Data Center,-26.1633,28.0328,0.1
Data Center,-33.868,151.21,0.1
Data Center,-33.868,151.21,0.1
Data Center,-33.868,151.21,0.1
Data Center,-33.868,151.21,0.1
Data Center,-33.868,151.21,0.1
Data Center,-33.868,151.21,0.1
Data Center,-33.868,151.21,0.1
Data Center,-33.868,151.21,0.1
Data Center,-33.9351,18.4289,0.1
Data Center,-33.9351,18.4289,0.1
Data Center,-33.9351,18.4289,0.1
Data Center,-33.9351,18.4289,0.1
Data Center,-35.2819,149.1289,0.1
Data Center,-35.2819,149.1289,0.1
Data Center,-37.8142,144.9632,0.1
Data Center,-37.8142,144.9632,0.1
Data Center,-37.8142,144.9632,0.1
Data Center,-37.8142,144.9632,0.1
Data Center,0.1,0.1,0.1
Data Center,0.1,0.1,0.1
Data Center,0.1,0.1,0.1
Data Center,0.1,0.1,0.1
Data Center,0.1,0.1,0.1
Data Center,0.1,0.1,0.1
Data Center,0.1,0.1,0.1
Data Center,0.1,0.1,0.1
Data Center,0.1,0.1,0.1
Data Center,0.1,0.1,0.1
Data Center,0.1,0.1,0.1
Data Center,0.1,0.1,0.1
Data Center,0.1,0.1,0.1
Data Center,0.1,0.1,0.1
Storage,45.8885171,10.84,80000.0
Storage,42.6334211,0.22,7200.0
Storage,41.58258,-73.43,29000.0
Storage,47.1369626,8.78,135000.0
Storage,55.850657,37.44,30000.0
Storage,49.846401,14.42,45000.0
Storage,42.5575092,13.37,156000.0
Storage,44.1035517,2.69,11000.0
Storage,18.4548333,73.39,150000.0
Storage,47.6184,8.19,150000.0
Storage,48.8207511,20.37,24000.0
Storage,40.364905,-105.24,8500.0
Storage,36.95558,-4.8,3600.0
Storage,49.529869,12.29,99000.0
Storage,47.3648489,12.64,113000.0
Storage,45.3049852,14.71,4600.0
Storage,45.10418,1.95,48000.0
Storage,47.0531826,9.75,232000.0
Storage,49.48711,11.47,160000.0
Storage,46.291289,7.54,164000.0
Storage,43.1444964,-79.04,174000.0
Storage,49.552216,12.28,35000.0
Storage,37.9937488,13.29,80000.0
Storage,47.8483283,11.86,49200.0
Storage,33.6037185,133.69,13500.0
Storage,35.308032,138.2,137000.0
Storage,37.4537502,-90.84,440000.0
Storage,45.6885992,10.66,137200.0
Storage,42.310337,-7.23,315000.0
Storage,51.8989299,9.93,220000.0
Storage,48.5071632,9.29,90000.0
Storage,41.737703,-7.85,68000.0
Storage,46.2695803,9.87,36500.0
Storage,34.042191,135.98,350000.0
Storage,41.00095,-75.03,400000.0
Storage,41.5230896,14.13,115000.0
Storage,37.93753,-5.78,14000.0
Storage,39.835,-5.989,132000.0
Storage,-41.8602187,146.76,1700.0
Storage,39.847457,-76.29,1070000.0
Storage,37.0497134,-79.64,560000.0
Storage,47.5656,7.95,360000.0
Storage,39.7060984,-105.7,324000.0
Storage,39.5137752,-121.56,819000.0
Storage,46.5478079,11.01,42000.0
Storage,34.822844,133.4,303000.0
Storage,36.6485496,138.19,220000.0
Storage,49.3958323,22.46,200000.0
Storage,51.7422639,10.92,80000.0
Storage,37.069105,-121.08,424000.0
Storage,38.265728,113.98,41000.0
Storage,36.0,138.0,623000.0
Storage,46.9782553,10.04,7000.0
Storage,42.7201458,-0.46,88500.0
Storage,44.6680993,43.52,15900.0
Storage,51.1736091,7.97,140000.0
Storage,39.5137752,-121.56,120000.0
Storage,35.6473601,138.64,340000.0
Storage,41.268575,-6.47,810000.0
Storage,36.154152,137.75,260000.0
Storage,41.831299,-79.01,440000.0
Storage,46.4198999,6.93,240000.0
Storage,34.8844606,135.8,466000.0
Storage,46.0714347,12.34,210000.0
Storage,42.644804,1.26,90000.0
Storage,54.0249,16.7069,156000.0
Storage,36.26566,-95.1,260000.0
Storage,33.553,-111.443,50000.0
Storage,50.5904776,30.48,603000.0
Storage,48.86311,21.09,60000.0
Storage,35.1467376,137.72,1125000.0
Storage,34.213624,-93.11,28000.0
Storage,41.763285,-8.21,125000.0
Storage,47.0867914,11.77,231000.0
Storage,42.611429,-72.473883,1119000.0
Storage,34.6548333,-118.78,1247000.0
Storage,46.0551036,10.35,568000.0
Storage,46.0033754,8.69,1000000.0
Storage,-35.6239558,148.3,1500000.0
Storage,48.8555897,13.0,3500.0
Storage,37.5429955,-6.06,215000.0
Storage,37.0582786,-120.85,25200.0
Storage,43.894481,-86.44,1872000.0
Storage,47.953884,-118.99,314000.0
Storage,37.09,139.9,675000.0
Storage,42.442978,-74.45,1160000.0
Storage,40.376299,116.84,22000.0
Storage,59.9361331,6.0,40000.0
Storage,51.1624468,9.06,480000.0
Storage,53.0280556,-6.39,292000.0
Storage,42.687055,-72.96,600000.0
Storage,42.3624055,142.32,200000.0
Storage,44.1260632,11.06,330000.0
Storage,32.5074371,130.6,500000.0
Storage,49.0986111,19.49,198000.0
Storage,45.4824436,6.53,310000.0
Storage,42.1429146,-7.29,228000.0
Storage,46.1025948,7.08,360000.0
Storage,19.4779213,75.37,12000.0
Storage,34.5411347,132.51,620000.0
Storage,47.0851253,9.88,295000.0
Storage,50.059739,9.63,164000.0
Storage,49.9218041,4.6,800000.0
Storage,47.6363693,7.91,910000.0
Storage,35.4232984,136.76,288000.0
Storage,-41.8602187,146.76,300000.0
Storage,34.7659145,-84.77,250000.0
Storage,36.90817,-4.76,360000.0
Storage,46.9429623,9.48,370000.0
Storage,-34.733688,150.47,160000.0
Storage,-34.721119,150.48,80000.0
Storage,48.2632698,11.671654,387000.0
Storage,40.0948744,9.16,240000.0
Storage,43.2504393,-5.98,133000.0
Storage,35.0198163,-85.37,1652000.0
Storage,49.124395,16.12,450000.0
Storage,34.2993741,-81.31,511200.0
Storage,53.1897685,8.4099915,290000.0
Storage,60.90357,7.2,270000.0
Storage,49.7704966,19.21,500000.0
Storage,45.3815081,5.99,480000.0
Storage,50.3717154,5.87,1164000.0
Storage,46.87241,13.33,730000.0
Storage,47.0791667,13.34,120000.0
Storage,50.53528,12.86,1050000.0
Storage,33.350038,-83.16,208000.0
Storage,-34.1514673,18.87,180000.0
Storage,44.2439659,7.4,134000.0
Storage,34.04469,135.79,1206000.0
Storage,47.2537414,11.6,289000.0
Storage,36.473841,137.69,1280000.0
Storage,16.0732748,78.87,1670000.0
Storage,47.1374819,12.33,108000.0
Storage,49.011138,19.93,735160.0
Storage,44.1775758,7.42,1184000.0
Storage,40.340285,-8.2,336000.0
Storage,39.094098,-106.35,200000.0
Storage,35.1801883,136.91,317000.0
Storage,35.1801883,136.91,780000.0
Storage,37.453851,139.52,460000.0
Storage,-28.5846,29.0945,1000000.0
Storage,40.195346,-6.16,111000.0
Storage,40.195346,-6.16,54000.0
Storage,36.7862665,139.16,1200000.0
Storage,36.844,138.766,1000000.0
Storage,43.092929,-4.02,360000.0
Storage,29.5280155,-98.48,422.0
Storage,46.65532,8.29,350000.0
Storage,44.709426,2.64,910000.0
Storage,54.7697655,18.05,716000.0
Storage,47.8483283,11.86,49000.0
Storage,44.059565,2.77,445000.0
Storage,-27.4129715,152.64,500000.0
Storage,44.2007328,15.68,276000.0
Storage,33.5588035,133.53,615000.0
Storage,39.524633,-91.64,58000.0
Storage,53.1340503,-4.11,1728000.0
Storage,-34.5921633,-68.67,224000.0
Storage,45.3049852,14.71,1140.0
Storage,46.1804266,10.33,1000000.0
Storage,34.025195,-82.59,600000.0
Storage,42.580864,0.69,219100.0
Storage,40.3856573,22.21,315000.0
Storage,42.5104171,1.0,468000.0
Storage,23.7919524,120.86,1008000.0
Storage,35.5037598,128.75,600000.0
Storage,38.198392,-79.81,3003000.0
Storage,59.223399,6.19,17000.0
Storage,59.49881,6.53,640000.0
Storage,41.203,-6.688,1139000.0
Storage,45.183414,6.48,748000.0
Storage,36.6460769,139.04,1200000.0
Storage,33.431907,129.95,600000.0
Storage,45.205931,6.12,1820000.0
Storage,37.104114,-119.32,199800.0
Storage,52.5200066,13.4,8500.0
Storage,35.7826363,-80.89,500.0
Storage,41.7429109,24.39,160000.0
Storage,11.0168445,76.96,400000.0
Storage,47.14584,11.97,360000.0
Storage,41.097355,-8.26,140000.0
Storage,33.9985758,-117.68,10000.0
Storage,-34.158688,19.01,400000.0
Storage,36.7199026,139.7,1050000.0
Storage,-33.665194,-70.09,30800.0
Storage,51.4031667,7.43,153000.0
Storage,43.900408,25.97,53000.0
Storage,36.6786996,139.0,240000.0
Storage,31.2572207,-88.0280479,110000.0
Storage,37.10085,15.12,600000.0
Storage,14.4049116,99.13,720000.0
Storage,41.3766245,14.09,1000000.0
Storage,33.0796578,-96.83,4425.0
Storage,35.010984,-83.01,1065000.0
Storage,40.1415,118.31,420000.0
Storage,30.537713,105.19,2000.0
Storage,36.961698,140.05,900000.0
Storage,23.8666667,120.92,1600000.0
Storage,33.2917968,-112.43,45000.0
Storage,18.3978052,-66.01,20000.0
Storage,34.0237394,131.93,1280.0
Storage,42.1927654,24.33,788000.0
Storage,34.2828967,-85.23,1095000.0
Storage,36.6485496,138.19,1500000.0
Storage,36.844,138.766,600000.0
Storage,17.2440808,99.0,171000.0
Storage,34.007122,-118.19,5000.0
Storage,41.267032,24.5,384000.0
Storage,31.0365983,-82.75,2000.0
Storage,35.265767,133.51,1200000.0
Storage,37.37685715,-110.726121,250.0
Storage,32.694882,-96.79,2300.0
Storage,49.4099645,20.33,82800.0
Storage,29.289455,90.98,90000.0
Storage,40.22066,116.23,800000.0
Storage,29.655143,121.41,80000.0
Storage,55.0845439,-131.58,1000.0
Storage,23.2895908,73.84,240000.0
Storage,35.3396654,134.85,1932000.0
Storage,34.10146131,-118.3392454,150.0
Storage,29.626104,-95.07,5100.0
Storage,42.0,-71.0,0.0
Storage,34.9945033,138.94,6000.0
Storage,31.72717,115.93,80000.0
Storage,34.6937378,135.5,3000.0
Storage,32.7832979,-117.13,500.0
Storage,23.1404452,113.34,2400000.0
Storage,33.643684,-112.06,10000.0
Storage,30.783121,115.4,70000.0
Storage,35.64874,139.85,2400.0
Storage,14.8361163,101.55,500000.0
Storage,37.4241016,-122.193145,124.0
Storage,31.416911,119.48,102000.0
Storage,-39.9282417,143.85,200.0
Storage,26.3052059,-98.18,875.0
Storage,56.3094531,38.13,1200000.0
Storage,36.25,133.266667,200.0
Storage,35.568724,139.75,8000.0
Storage,14.35,121.57,709000.0
Storage,38.6394278,-109.41,250.0
Storage,59.308129,4.88,65.0
Storage,36.3966149,140.53,9600.0
Storage,18.3978052,-66.01,20000.0
Storage,32.237685,-110.95,3000.0
Storage,39.0524827,-28.0068979,500.0
Storage,39.4474713,-31.193945,500.0
Storage,44.3060399,141.65,4000.0
Storage,41.693192,-8.03,191600.0
Storage,35.6569697,139.84,2000.0
Storage,32.990833,112.53,120000.0
Storage,42.972097,126.75,1800000.0
Storage,45.139117,6.97,158000.0
Storage,51.6578355,-1.2320366,400000.0
Storage,19.283333,73.7,250000.0
Storage,30.274085,120.16,1224000.0
Storage,35.7597538,139.75,2000.0
Storage,36.4359045,129.06,600000.0
Storage,-77.5247401,166.96,500.0
Storage,39.8381698,-74.9648887,140.0
Storage,37.7799273,-121.9780153,100.0
Storage,38.015499,128.55,1000000.0
Storage,-23.1410266,113.7764051,500.0
Storage,35.6564348,139.51,1000.0
Storage,35.800172,-114.98,64000.0
Storage,38.9624899,-77.44,0.0
Storage,39.0,-77.0,1500.0
Storage,23.3320779,86.37,900000.0
Storage,45.4156641,141.67,1500.0
Storage,41.5285417,-83.65,250.0
Storage,16.2411,-61.53,107.0
Storage,40.9673439,141.37,34000.0
Storage,40.4359724,-79.99,600.0
Storage,40.683741,-80.07,100.0
Storage,41.5818,-83.57,750.0
Storage,35.8250555,128.74,525.0
Storage,40.8953301,-83.89,2000.0
Storage,43.6541362,-96.21,1000.0
Storage,38.4345321,-82.13,2000.0
Storage,31.340711,119.82,1000000.0
Storage,50.914,6.387,1500.0
Storage,41.2306034,-85.32,2000.0
Storage,42.6608824,-71.4067111,500.0
Storage,50.0755381,14.4378005,70000.0
Storage,-77.5247401,166.96,500.0
Storage,40.4776121,-75.77,1000.0
Storage,37.965032,114.08,1000000.0
Storage,46.9858102,10.03,525000.0
Storage,22.720358,114.25,200.0
Storage,22.543099,114.06,1000.0
Storage,37.182758,-3.06,50000.0
Storage,53.3594029,7.21,800.0
Storage,59.6493133,17.93,10000.0
Storage,22.543099,114.06,1000.0
Storage,22.720358,114.25,1000.0
Storage,20.7983626,-156.33,1500.0
Storage,57.986,-5.345,12.0
Storage,36.3294157,127.44,1870.0
Storage,19.7267618,-156.06,2000.0
Storage,-27.366359,-70.33,12000.0
Storage,33.218512,-98.16,90000.0
Storage,40.7267682,-73.63,1000.0
Storage,-21.16493,119.741631,500.0
Storage,40.0,116.0,100.0
Storage,24.466667,54.37,8000.0
Storage,38.6194489,-6.8,50000.0
Storage,41.054513,140.35,4500.0
Storage,29.5607383,-104.37,4000.0
Storage,31.1744632,121.44,100.0
Storage,23.0,114.0,100.0
Storage,46.0855,13.67,185000.0
Storage,32.060255,118.8,100.0
Storage,38.814241,-6.84,49900.0
Storage,12.1507,-68.28,3000.0
Storage,52.1013808,6.2430783,10.0
Storage,28.228209,112.94,1200000.0
Storage,40.6526006,-73.9497211,100.0
Storage,43.548473,10.31,10.0
Storage,36.3513831,127.39,1400.0
Storage,36.3543602,127.35,1400.0
Storage,39.0146158,139.91,4500.0
Storage,35.1321877,-118.4489739,100.0
Storage,40.7233004,-73.59,8.0
Storage,35.9940329,-78.898619,4000.0
Storage,30.2415445,-97.76859899,15.0
Storage,34.1425078,-118.26,1500.0
Storage,41.0,115.0,100.0
Storage,46.6407766,14.95,50000.0
Storage,39.39114,-3.21,50000.0
Storage,39.39114,-3.21,50000.0
Storage,-27.5713169,151.9195171,25.0
Storage,17.0211993,-25.330719,28.0
Storage,35.9603948,-83.9210261,50.0
Storage,35.9220262,-84.14,50.0
Storage,35.9220262,-84.14,25.0
Storage,21.6659535,-157.94,15000.0
Storage,31.0,121.0,50.0
Storage,37.4687376,-5.35,19900.0
Storage,-33.2983593,146.37,3000.0
Storage,33.8153513,-117.93,2000.0
Storage,19.5429151,-155.67,1000.0
Storage,46.9985746,13.04,140000.0
Storage,37.8315403,127.51,400000.0
Storage,32.8234495,-117.14,50.0
Storage,35.9220262,-84.14,25.0
Storage,35.9220262,-84.14,25.0
Storage,42.298855,-83.149457,750.0
Storage,-33.6457522,150.05,1000.0
Storage,32.8769207,-117.24,30.0
Storage,42.5370728,-71.62,100.0
Storage,31.9076736,131.42,1200000.0
Storage,33.7513419,-117.99,4000.0
Storage,40.7628254,-73.8343036,100.0
Storage,37.163714,-3.07,50000.0
Storage,34.986823,-106.61,500.0
Storage,37.505802,126.75,1870.0
Storage,49.211575,119.77,50.0
Storage,42.4580676,-71.3599889,175.0
Storage,39.002039,-79.89,32000.0
Storage,21.4389123,-158.0,1000.0
Storage,39.084158,117.2,15.0
Storage,36.6577004,128.45,800000.0
Storage,33.4890113,126.5,150.0
Storage,36.605904,-5.8,50000.0
Storage,41.158557,114.72,4000.0
Storage,41.158557,114.72,1000.0
Storage,41.158557,114.72,2000.0
Storage,35.9787638,-114.8337739,100.0
Storage,41.158557,114.72,6000.0
Storage,35.2981943,-81.02,402.0
Storage,42.5539158,-73.3944466,20000.0
Storage,47.1592991,12.71,480000.0
Storage,58.1631846,13.56,75.0
Storage,36.0,120.0,7020.0
Storage,40.4687825,-79.97,15.0
Storage,34.0805651,-118.07,750.0
Storage,45.643296,5.87,120.0
Storage,39.755625,-104.62,25.0
Storage,20.8165975,-156.93,1125.0
Storage,40.5865396,-122.39,1000.0
Storage,39.0,-7.0,50000.0
Storage,28.953154,-13.651196,1600.0
Storage,33.0,-117.0,500.0
Storage,36.0,139.0,940000.0
Storage,41.9075304,8.66,150.0
Storage,39.0,-3.0,50000.0
Storage,39.0,-3.0,50000.0
Storage,36.605904,-5.8,50000.0
Storage,23.0,77.0,45.0
Storage,34.0,-118.0,75.0
Storage,38.5472263,-121.24,75.0
Storage,38.5520896,-121.24,90.0
Storage,-32.9206957,151.68,200.0
Storage,42.06483,-1.61,1000.0
Storage,27.5,76.56,40.0
Storage,36.5184,126.8,150.0
Storage,-32.0506991,150.87,100.0
Storage,-23.65,-70.4,20000.0
Storage,51.52164245,-0.61731975,75.0
Storage,19.7173967,-156.05,100.0
Storage,20.0,-156.0,100.0
Storage,25.055999,118.19,250.0
Storage,25.055999,118.19,125.0
Storage,37.0944308,-94.53,1000.0
Storage,21.321448,-157.864271,60.0
Storage,-27.4709331,153.02,90.0
Storage,20.7963889,-156.51,10000.0
Storage,32.3140354,-106.7798078,48.0
Storage,41.394817,-73.45,20.0
Storage,37.5998493,-109.2494316,17.0
Storage,40.456657,115.97,1500.0
Storage,38.6194489,-6.8,50000.0
Storage,38.6194489,-6.8,50000.0
Storage,38.3565773,-121.99,2000.0
Storage,39.6777096,-75.75,360.0
Storage,32.7360673,-117.15,100.0
Storage,37.7820694,-122.4047432,15.0
Storage,33.2558717,-116.38,24.0
Storage,33.2558717,-116.38,75.0
Storage,59.9342802,30.34,1500.0
Storage,37.0504195,140.89,100.0
Storage,47.6134732,-122.19,500.0
Storage,40.9995386,-75.18,2010.0
Storage,57.0,-153.0,3000.0
Storage,32.928679,-117.08,100.0
Storage,56.0251898,8.38,1200.0
Storage,18.4308037,-65.88,2000.0
Storage,21.9066667,-159.47,1500.0
Storage,41.158557,114.72,3000.0
Storage,52.42726,13.55,200.0
Storage,52.42726,13.55,1000.0
Storage,51.5922561,4.65,400.0
Storage,42.6434705,-73.7778297,225.0
Storage,48.1139075,-123.42,75.0
Storage,35.2272086,-80.8430827,200.0
Storage,21.9061111,-159.59,3000.0
Storage,-9.6993439,119.97,400.0
Storage,25.27639325,51.51158611,250.0
Storage,35.6204121,-80.9864655,250.0
Storage,30.572269,104.07,100.0
Storage,32.7189926,-102.6449101,2000.0
Storage,31.9819386,-102.61,36000.0
Storage,40.0583238,-74.41,1800.0
Storage,43.0,3.0,20.0
Storage,43.6040202,1.48,3300.0
Storage,4.0,74.0,600.0
Storage,38.553074,-121.43,50.0
Storage,39.0,-122.0,72.0
Storage,36.198,51.321,1040000.0
Storage,38.2546373,-121.3,500.0
Storage,48.7754181,9.18,400.0
Storage,34.1477829,-119.2,25.0
Storage,40.6754071,-73.67,1000.0
Storage,43.7306345,-79.49,500.0
Storage,56.83582,-6.23917,45.0
Storage,39.192614,-5.58,50000.0
Storage,39.089699,-5.46,49000.0
Storage,40.0830699,-6.25,50000.0
Storage,44.9428975,-123.04,5000.0
Storage,39.892936,-75.172169,250.0
Storage,58.984674,-2.96,2000.0
Storage,40.8553203,-74.82497512,250.0
Storage,40.8922694,-74.4774255,250.0
Storage,33.532445,126.68,4000.0
Storage,51.395609,-116.49,1000.0
Storage,53.2064644,12.2326645,1000.0
Storage,38.0,129.0,100.0
Storage,34.0,-118.0,15.0
Storage,45.0954787,-93.44,15.0
Storage,43.670011,-95.1500626,5.0
Storage,45.1271847,-94.5280474,5.0
Storage,44.6671365,-93.61,32.0
Storage,45.0927233,-93.75,64.0
Storage,40.59335825,-105.0678422,135.0
Storage,54.5318057,-1.5524558,100.0
Storage,54.5458828,-1.56,2500.0
Storage,55.4221183,-1.6784563,100.0
Storage,54.550091,-1.543956671,50.0
Storage,55.5458505,-2.0147556,50.0
Storage,53.41831,-1.1866221,50.0
Storage,44.440095,-73.15234,250.0
Storage,21.0,-156.0,100.0
Storage,39.087324,-76.9,500.0
Storage,33.6387024,-117.84,56.0
Storage,41.65921,-112.44,300.0
Storage,46.9479222,7.44,50.0
Storage,37.161774,-5.54,50000.0
Storage,31.6137467,-98.57,300.0
Storage,39.8318378,-75.19,1800.0
Storage,32.501111,80.11,2000.0
Storage,37.471274,-5.64,1000.0
Storage,39.0345808,-5.23,50000.0
Storage,36.721261,-4.42,80.0
Storage,36.0079494,-121.24,1000.0
Storage,40.74502245,-73.77704494,100.0
Storage,40.7737328,-73.8871546,100.0
Storage,56.0251898,8.38,400.0
Storage,41.7817857,-88.17266312,10.0
Storage,41.9036415,-88.3033342,10.0
Storage,42.064113,-87.685746,10.0
Storage,44.7980186,-93.5268986,9.0
Storage,33.38103821,-112.0472164,10.0
Storage,48.7433425,9.32,150.0
Storage,40.81819805,-73.95100898,100.0
Storage,48.23081,9.46,30.0
Storage,33.937517,-117.2305944,10.0
Storage,33.937517,-117.2305944,20.0
Storage,33.937517,-117.2305944,10.0
Storage,33.937517,-117.2305944,20.0
Storage,40.592158,-122.35,20.0
Storage,40.62084286,-122.3703527,20.0
Storage,40.58114683,-122.3543054,120.0
Storage,34.13571985,-117.9050175,40.0
Storage,37.7169711,-122.41,20.0
Storage,41.26218375,-73.00631746,10.0
Storage,41.26140035,-73.00910026,10.0
Storage,-26.0,27.0,10.0
Storage,40.5706464,-122.36,30.0
Storage,40.564228,-122.35,30.0
Storage,40.5800399,-122.39,30.0
Storage,40.5812156,-122.39,20.0
Storage,40.5885906,-122.39,40.0
Storage,48.8588897,2.320041022,2.0
Storage,54.523474,8.67,560.0
Storage,54.523826,8.67,200.0
Storage,45.0880899,-93.72,37.0
Storage,32.918396,-112.97,280000.0
Storage,42.9006942,-70.8816111,1500.0
Storage,20.2293206,-155.7985278,100.0
Storage,39.0,-76.0,30.0
Storage,33.54781,-117.05,210.0
Storage,39.0,-8.0,5.0
Storage,44.0,-70.0,300.0
Storage,34.6738959,-118.1656437,10.0
Storage,34.6981064,-118.1366153,10.0
Storage,34.70350265,-118.152086,10.0
Storage,28.0271769,-17.2006914,500.0
Storage,33.8302961,-116.55,500.0
Storage,39.904336,116.41,2000.0
Storage,39.629526,-79.96,24.0
Storage,38.0,-122.0,36.0
Storage,40.9645293,-76.88,1000.0
Storage,34.9635,-106.51,1400.0
Storage,47.0791667,13.34,430000.0
Storage,49.2489783,6.88,15000.0
Storage,49.2556226,6.86,1000.0
Storage,34.6937378,135.5,600.0
Storage,32.8769207,-117.24,108.0
Storage,30.5483388,119.77,500.0
Storage,28.0,-83.0,25.0
Storage,40.0,-83.0,100.0
Storage,50.0,8.0,75.0
Storage,41.0,-74.0,27.0
Storage,37.4016481,-122.0076931,30.0
Storage,37.52997315,-122.2580937,30.0
Storage,33.0786552,-116.6,1000.0
Storage,32.9436607,-117.21,1000.0
Storage,31.4498855,-98.57,600.0
Storage,36.9396792,127.69,1000.0
Storage,33.8800938,-117.89,480.0
Storage,43.792389,7.19,1100.0
Storage,46.1146883,7.084424,10.0
Storage,39.7408399,-105.17,20.0
Storage,35.7090259,139.73,30.0
Storage,35.036143,-118.28,8000.0
Storage,30.218837,-9.15,650.0
Storage,18.1758569,-63.11,500.0
Storage,-1.4221087,5.62,5000.0
Storage,42.8582077,140.88,200000.0
Storage,35.7749644,-78.64,2590.0
Storage,-32.884454,151.73,150.0
Storage,41.9294736,-88.75,20000.0
Storage,50.0,6.0,15.0
Storage,-10.7988901,-67.0,2200.0
Storage,-37.6811991,145.01,1000.0
Storage,37.429246,126.99,300.0
Storage,37.6824891,126.77,1000.0
Storage,35.866353,128.59,1000.0
Storage,35.9482858,126.96,3000.0
Storage,-34.4243941,150.89385,20.0
Storage,34.05637,-118.274883,2000.0
Storage,43.8764706,-69.6336571,221.0
Storage,6.1219213,1.1153379,90.0
Storage,-33.6876398,151.0267199,20.0
Storage,42.955129,-81.61,4000.0
Storage,34.141763,-118.0,1000.0
Storage,39.71577024,-121.79542,30.0
Storage,40.76177471,-73.99825214,27.0
Storage,40.76177471,-73.99825214,27.0
Storage,40.76177471,-73.99825214,27.0
Storage,9.517125,-13.4226917,90.0
Storage,-32.2673747,150.8903015,14.0
Storage,43.9180476,-80.8841675,2000.0
Storage,40.9568399,-76.0275859,20000.0
Storage,53.41291,-8.24389,2000.0
Storage,-21.637849,115.11,325.0
Storage,33.4209412,-117.4321452,30.0
Storage,43.582387,-79.416845,1000.0
Storage,35.6641575,138.57,400000.0
Storage,43.8764706,-69.6336571,29.0
Storage,49.0,7.0,55.0
Storage,50.739014,-2.1,598.0
Storage,43.6487455,1.4638675,100.0
Storage,54.83235,8.9,2000.0
Storage,34.141845,-118.0,510.0
Storage,57.1224981,-170.2799461,160.0
Storage,44.2334238,8.252572737,63.0
Storage,51.9174658,-0.65,6000.0
Storage,13.235012,3.1051625,45.0
Storage,28.846926,120.73,1500000.0
Storage,32.7145351,-117.16,36.0
Storage,36.0,140.0,500.0
Storage,46.9218287,9.0,1000000.0
Storage,38.237766,-117.38,110000.0
Storage,32.8769207,-117.24,28.0
Storage,41.689967,-8.09,211000.0
Storage,38.0,14.0,1000.0
Storage,38.0,14.0,1000.0
Storage,38.0,14.0,1000.0
Storage,38.0,14.0,1200.0
Storage,37.8803139,13.55343139,900.0
Storage,26.3344266,127.81,1500.0
Storage,37.4231222,-122.0946938,100.0
Storage,42.0,-71.0,200.0
Storage,-37.7183444,145.561431,20.0
Storage,43.8993343,-69.62,500.0
Storage,41.0911341,15.3,10800.0
Storage,36.06523,-119.02,360.0
Storage,19.641941,-155.996933,10.0
Storage,36.7086133,-4.44,50.0
Storage,40.6754071,-73.67,1000.0
Storage,67.0386393,-126.09,1100.0
Storage,37.7749295,-122.42,3264.0
Storage,33.6588951,-117.83,2000.0
Storage,-34.7351573,150.5325429,20.0
Storage,37.2437487,127.15,24000.0
Storage,41.4877384,-88.1,19800.0
Storage,41.8978524,-88.22,19800.0
Storage,32.0,-84.0,0.0
Storage,32.8769207,-117.24,2500.0
Storage,52.2323411,7.29,250.0
Storage,43.619416,-72.95,2000.0
Storage,43.619416,-72.95,2000.0
Storage,19.104927,-72.69,200.0
Storage,22.1452778,-159.32,6000.0
Storage,42.0,-88.0,0.0
Storage,42.8582077,140.88,200000.0
Storage,62.007864,-6.79,2300.0
Storage,17.1274104,-61.85,3000.0
Storage,40.022493,-78.93,18000.0
Storage,40.022493,-78.93,10400.0
Storage,46.4358779,6.91,240000.0
Storage,-28.880269,19.59,100000.0
Storage,49.9928617,8.25,6000.0
Storage,48.1005133,10.56,200.0
Storage,33.107254,-117.12,30.0
Storage,13.2959909,2.813534,45.0
Storage,37.9631733,-80.69,31500.0
Storage,34.7408836,139.39,1500.0
Storage,46.1049798,7.08,200.0
Storage,37.7652065,-122.2416355,25.0
Storage,57.7893609,-152.3972311,2000.0
Storage,6.212344,2.2531969,90.0
Storage,48.4263931,9.96,60.0
Storage,5.0,-53.0,1600.0
Storage,33.0,-97.0,200.0
Storage,32.575595,-96.758266,25.0
Storage,36.9958839,-85.91,990.0
Storage,52.011579,12.82,10000.0
Storage,44.0,-80.0,2.0
Storage,47.9366303,-122.25,1000.0
Storage,9.338953,-13.3929746,90.0
Storage,9.3927878,-13.3551694,20.0
Storage,9.403868,-13.3450749,20.0
Storage,9.403868,-13.3450749,20.0
Storage,37.226611,-121.9746797,5.0
Storage,37.0969412,127.22,28000.0
Storage,19.8547732,-155.92,450.0
Storage,37.31966505,-121.8955159,6.0
Storage,50.9323312,6.3782481,420.0
Storage,52.4608009,-1.91,350.0
Storage,43.6289467,-79.3944199,660.0
Storage,52.4608009,-1.914995,350.0
Storage,32.7477019,-117.13,30.0
Storage,32.8701459,-117.14,250.0
Storage,-28.727278,22.0,55000.0
Storage,-27.537373,152.27,600.0
Storage,40.7127837,-74.01,500.0
Storage,33.8280924,-118.03,0.0
Storage,30.91987,-6.89,160000.0
Storage,61.2163655,-149.89,25000.0
Storage,42.0,-72.0,500.0
Storage,-31.6171563,115.68,500.0
Storage,22.2478472,113.92,2000.0
Storage,22.373644,114.12,2000.0
Storage,60.1698557,24.94,1200.0
Storage,43.8970929,-78.87,150.0
Storage,32.8753618,-117.24,60.0
Storage,43.519585,-112.05,128.0
Storage,42.455625,2.06,9000.0
Storage,50.7768093,6.13,5000.0
Storage,37.955595,-122.55,2400.0
Storage,35.36713,128.13893,24000.0
Storage,15.5081766,119.97,10000.0
Storage,-32.0,116.0,0.0
Storage,29.4241219,-98.49,1000.0
Storage,60.2054911,24.66,2000.0
Storage,40.8829072,-123.98,950.0
Storage,32.792,-115.56,30000.0
Storage,36.8438329,-119.71,250.0
Storage,47.9789848,-122.2,2000.0
Storage,51.61662,7.47,13000.0
Storage,42.0,-71.0,500.0
Storage,33.7830608,-118.11,1000.0
Storage,32.2217429,-110.93,10000.0
Storage,-28.4,21.27,50000.0
Storage,53.0,-7.0,240.0
Storage,33.6115108,131.13,50000.0
Storage,51.0,-3.0,2.0
Storage,46.384626,8.963535,500.0
Storage,40.3986964,-84.39,7000.0
Storage,21.0,-158.0,0.0
Storage,35.7590321,127.0,24000.0
Storage,17.9545733,-66.2221049,250.0
Storage,-37.6484069,143.88,2000.0
Storage,-26.3622715,118.61,6000.0
Storage,-24.8589975,152.4039527,25.0
Storage,-44.39,171.25,36.0
Storage,0.0,37.0,50.0
Storage,51.126,-4.054,11.0
Storage,42.6114835,-80.5979231,5000.0
Storage,52.3143354,4.94,4000.0
Storage,-33.4446398,147.72,1100.0
Storage,46.1025948,7.08,900000.0
Storage,39.7392358,-104.99,1000.0
Storage,32.2217429,-110.93,10000.0
Storage,36.0,129.0,100.0
Storage,33.767257,-118.2019109,250.0
Storage,44.94124429,-93.18965748,250.0
Storage,34.1622436,-118.28,2000.0
Storage,33.8624657,-118.25,750.0
Storage,33.7380087,-118.26,2600.0
Storage,43.2808225,-73.0,10.0
Storage,36.4230663,27.37,800.0
Storage,51.5368948,7.2,15000.0
Storage,51.5278689,6.72,15000.0
Storage,49.3560225,7.26,15000.0
Storage,-15.9087784,144.85,1400.0
Storage,-29.12952,19.39,100000.0
Storage,-30.5620637,136.9,2000.0
Storage,56.6296373,9.82,1250.0
Storage,30.964245,34.7,121000.0
Storage,-33.205278,138.6,100000.0
Storage,39.7780041,-104.91,0.0
Storage,4.319771,9.4243037,100.0
Storage,13.2959909,2.813534,100.0
Storage,12.1838308,-1.2957444,100.0
Storage,34.1063989,-117.59,10000.0
Storage,43.653226,-79.3831843,5000.0
Storage,14.4051208,-17.2614341,100.0
Storage,3.5133412,11.294723,100.0
Storage,6.834634,1.1311798,100.0
Storage,9.3046458,-13.4226917,100.0
Storage,-40.1202414,148.02,0.0
Storage,6.2232966,2.2452077,100.0
Storage,41.0359353,-71.95,15000.0
Storage,57.508123,-1.78,1000.0
Storage,-20.85,144.2,2000.0
Storage,37.7954528,-122.4,500.0
Storage,-6.9147444,107.61,1040000.0
Storage,32.7940463,34.99,300000.0
Storage,-35.0184732,137.6,30000.0
Storage,52.3143277,4.94,3750.0
Storage,12.209551,-1.343561,100.0
Storage,-0.4411965,8.472972,100.0
Storage,6.1219213,1.1153379,100.0
Storage,-18.889097,144.14,250000.0
Storage,33.0,-117.0,20000.0
Storage,37.9175935,-121.171038,300000.0
Storage,36.0359852,138.55,1880000.0
Storage,42.8582077,140.88,200000.0
Storage,36.0988489,-119.88,10000.0
Storage,33.7174708,-117.83,35000.0
Storage,53.7355952,-9.57,1500.0
Storage,36.6783938,-119.9277947,20000.0
Storage,40.2268415,-2.33,225000.0
Storage,48.2359399,-114.28,80.0
Storage,-30.297854,152.6861458,60.0
Storage,-33.8133575,115.3299128,10.0
Storage,33.5588706,126.81,800.0
Storage,33.5213068,126.85,40.0
Storage,-31.9166667,-64.63,750000.0
Storage,48.0,11.0,75.0
Storage,-32.9298771,151.7607026,10.0
Storage,41.3308666,-88.71,31500.0
Storage,41.3308666,-88.71,31500.0
Storage,33.5965685,-117.659405,60.0
Storage,37.1578584,15.18,4720.0
Storage,31.352859,118.43,1000000.0
Storage,37.3586027,-122.0671533,200.0
Storage,33.12,-117.09,40000.0
Storage,30.0733718,-89.86,500.0
Storage,39.2408334,-0.94,2000000.0
Storage,40.37563,-3.68,300.0
Storage,40.37563,-3.68,300.0
Storage,47.6739881,-122.12,5.0
Storage,39.3685167,-107.04,30.0
Storage,35.29315669,-81.02474807,50.0
Storage,35.29315669,-81.02474807,250.0
Storage,37.7176811,-121.89,2000.0
Storage,41.805865,123.43,5000.0
Storage,39.9866038,-75.13,800.0
Storage,40.7481266,-74.01,250.0
Storage,23.111847,114.42,2448000.0
Storage,40.4776121,-75.77,3000.0
Storage,12.926844,77.53,30.0
Storage,41.910738,-83.43,500.0
Storage,40.5863563,-122.391675,10.0
Storage,49.45203,11.08,1300.0
Storage,50.3569429,7.59,200.0
Storage,40.0,-75.0,900.0
Storage,40.017107,-75.084547,70.0
Storage,51.6104829,7.53,15000.0
Storage,52.0302285,8.53,260.0
Storage,35.2272086,-80.8430827,50.0
Storage,47.0,8.0,55.0
Storage,43.7846,7.18785,33.0
Storage,54.83235,8.9,325.0
Storage,53.4379562,10.36,120000.0
Storage,56.406482,-5.11,440000.0
Storage,25.0,125.0,100.0
Storage,24.730068,125.42,4000.0
Storage,51.0,-1.0,5.0
Storage,-23.3695439,-69.86,10500.0
Storage,39.7566228,-104.62,1500.0
Storage,35.460431,113.48,1200000.0
Storage,43.1294954,-2.1374208,40.0
Storage,26.67347,128.27,30000.0
Storage,31.8072113,-106.43,300.0
Storage,34.0005691,-118.16,500.0
Storage,42.508645,-83.41,1425.0
Storage,40.56610748,-122.368486,20.0
Storage,40.54787428,-122.3792334,170.0
Storage,43.792389,7.19,250.0
Storage,53.635359,11.4,15000.0
Storage,37.87059,112.55,1200000.0
Storage,38.5693268,-121.4890322,153.0
Storage,28.6004783,-81.2,3000.0
Storage,51.015794,13.79,2000.0
Storage,52.5853723,-2.06,2000.0
Storage,49.9341924,6.2,1096000.0
Storage,21.0,-156.0,1000.0
Storage,-32.8852157,151.727845,100.0
Storage,46.7273316,-117.15,1000.0
Storage,34.086772,-118.29,4620.0
Storage,51.0,-85.0,2000.0
Storage,35.8783147,-106.32,1000.0
Storage,34.0,-85.0,1000.0
Storage,40.57787115,-122.3542245,20.0
Storage,40.61151949,-122.3822139,20.0
Storage,39.5987423,-78.74,10000.0
Storage,33.65068625,-117.7497199,250.0
Storage,21.2912881,-157.84,1200.0
Storage,38.05237612,-122.1525948,20.0
Storage,38.9486757,-84.28,2000.0
Storage,50.0,6.0,30.0
Storage,50.1857528,4.38,143000.0
Storage,48.930813,10.11,27.0
Storage,38.283086,-1.6,1400.0
Storage,-20.0,169.0,15.0
Storage,34.1908099,-119.16,600.0
Storage,49.261045,-123.25,1000.0
Storage,50.41699,-104.46,400.0
Storage,33.5903547,130.4,500.0
Storage,52.6969622,1.6917444,200.0
Storage,51.0737494,-2.71,300.0
Storage,64.8377778,-147.72,27000.0
Storage,37.613098,127.1319711,250.0
Storage,53.71199,13.29,1000.0
Storage,-23.0,-68.0,180.0
Storage,49.01487865,12.10299361,249.0
Storage,34.0,-118.0,20.0
Storage,38.1253798,14.72,100.0
Storage,34.960334,-82.92,710000.0
Storage,54.797866,24.25,900000.0
Storage,34.141763,-118.0,30.0
Storage,38.268215,140.87,40000.0
Storage,51.1624468,9.06,140000.0
Storage,51.9401087,7.64,55.0
Storage,37.3061821,-121.75,4000.0
Storage,39.7113135,-86.19,20000.0
Storage,50.0817956,17.18,650000.0
Storage,22.7997334,72.58,1450000.0
Storage,40.261109,-82.83,4000.0
Storage,43.548473,10.31,15.0
Storage,50.509,11.003,1060000.0
Storage,41.8781136,-87.63,150.0
Storage,37.3890924,-5.98,1000.0
Storage,14.4887388,-61.01,2472.0
Storage,40.842299,111.75,1224000.0
Storage,36.200252,117.09,1000000.0
Storage,33.7513419,-117.99,2000.0
Storage,20.7909697,-156.33,11000.0
Storage,33.0982635,-117.1,100.0
Storage,25.362094,118.69,1200000.0
Storage,33.121631,-117.32,30.0
Storage,37.6818745,-121.77,30000.0
Storage,42.3039993,-88.4,20000.0
Storage,29.65153375,-82.32156145,100.0
Storage,47.4048128,8.56,1000.0
Storage,33.536932,-117.05,60.0
Storage,40.573885,-122.37,20.0
Storage,40.6263796,-122.38,20.0
Storage,46.521858,-84.35,7000.0
Storage,31.753527,-106.37,930.0
Storage,52.6016493,14.24,5000.0
Storage,38.5110803,-122.8473388,10.0
Storage,37.375202,-121.97,1500.0
Storage,36.0,104.0,15.0
Storage,43.824665,-79.18615097,15.0
Storage,24.2332076,120.94,2.0
Storage,33.5934104,-102.03,1000.0
Storage,30.6087078,115.56,1200000.0
Storage,37.807018,-5.1,50000.0
Storage,49.2964517,7.35,15000.0
Storage,43.15076665,-89.29613801,30.0
Storage,41.916448,-83.47,500.0
Storage,34.1304633,-117.8879646,120.0
Storage,34.1344841,-117.8970195,120.0
Storage,35.227956,128.6818586,250.0
Storage,21.9661076,-159.57,13000.0
Storage,34.0,-119.0,10.0
Storage,38.0,-77.0,48.0
Storage,37.526323,-120.8,250.0
Storage,33.78659,-117.88,2400.0
Storage,33.97983212,-118.1429253,90.0
Storage,42.0450722,-87.69,40.0
Storage,-20.3767008,118.5904727,40.0
Storage,41.0,-80.0,500.0
Storage,32.0,121.0,35.0
Storage,34.0,-118.0,5.0
Storage,35.8563097,139.9,1000.0
Storage,41.158557,114.72,2000.0
Storage,50.0597078,8.53,50.0
Storage,37.7942491,-122.2607931,30.0
Storage,37.78901385,-122.1672324,30.0
Storage,37.7936847,-122.2612767,30.0
Storage,51.4669939,-1.19,250.0
Storage,43.95559,19.45,614000.0
Storage,34.1780047,-118.32,8.0
Storage,34.69814135,-118.1418401,30.0
Storage,33.1192068,-117.09,30000.0
Storage,35.1134803,-84.06,185000.0
Storage,40.6085464,-122.38,40.0
Storage,48.371189,2.84,1000.0
Storage,35.0,140.0,1000.0
Storage,40.512543,-105.02,200.0
Storage,54.725289,-5.77,10000.0
Storage,32.061707,118.76,100.0
Storage,38.679329,16.41,2000.0
Storage,39.8440027,-75.02,1000.0
Storage,52.8469714,9.23,3000.0
Storage,31.230416,121.47,50.0
Storage,33.936265,-117.18646,20.0
Storage,34.0522342,-118.24,50000.0
Storage,37.0,-5.0,50.0
Storage,37.38604,-6.2,11000.0
Storage,53.0,8.0,6000.0
Storage,47.9059454,21.06,500.0
Storage,38.2821073,-104.52,3517.0
Storage,38.2821073,-104.52,3517.0
Storage,35.850752,128.54,1050.0
Storage,37.5172363,127.05,1870.0
Storage,24.42748265,54.62348762,100.0
Storage,43.0166042,17.81,420000.0
Storage,50.1170757,8.74,320.0
Storage,47.936062,-122.25,1000.0
Storage,30.638675,119.68,1836000.0
Storage,41.158557,114.72,500.0
Storage,43.0646147,141.35,15000.0
Storage,37.6421608,140.96,40000.0
Storage,38.27134251,-122.4385839,30.0
Storage,38.3498195,-81.63,1200.0
Storage,53.9830884,-6.4,4560.0
Storage,30.0,-90.0,10.0
Storage,46.8385968,-92.08302584,6.0
Storage,46.5208057,6.58,720.0
Storage,-23.5263118,148.1618622,2.0
Storage,48.6180022,-2.02,240000.0
Storage,37.163714,-3.07,50000.0
Storage,40.0,117.0,100.0
Storage,37.49184,127.01,2340.0
Storage,37.3824125,126.66,2340.0
Storage,40.57650552,-122.3580583,20.0
Storage,40.5863563,-122.391675,10.0
Storage,40.57672138,-122.3580521,10.0
Storage,53.0,-6.0,300.0
Storage,53.3497645,-6.2602732,0.0
Storage,15.0,-61.0,120.0
Storage,27.795065,-17.92,11300.0
Storage,42.9765042,-70.61,600.0
Storage,37.369436,97.36,10000.0
Storage,-33.7531,150.84,135.0
Storage,43.142984,-79.02,240000.0
Storage,36.0068191,127.66,600000.0
Storage,38.4497134,-123.12,15.0
Storage,47.055645,-64.0,1000.0
Storage,37.38604,-6.2,20000.0
Storage,41.4621984,15.54,2000.0
Storage,38.92448315,-94.65568564,200.0
Storage,37.6396128,-122.1,890.0
Storage,33.4996213,126.53,100.0
Storage,39.0402879,-94.57,1000.0
Storage,35.4155885,127.87,700000.0
Storage,36.97879656,-122.0208881,90.0
Storage,41.5922026,14.32,1000.0
Storage,34.0125238,-118.4956258,60.0
Storage,28.4828339,77.52,175.0
Storage,44.7687678,-79.93,750.0
Storage,40.0005,124.35,1200000.0
Storage,38.959432,-6.46,49900.0
Storage,39.0,-121.0,1.0
Storage,-36.2165804,147.18,16.0
Storage,40.3362589,-80.05,375.0
Storage,39.978371,-86.12,75.0
Storage,-23.6036388,146.1241529,5.0
Storage,37.0,-94.0,100.0
Storage,33.9022367,-118.08,10000.0
Storage,40.824418,114.89,100.0
Storage,37.039152,-118.96,1212000.0
Storage,33.2558717,-116.38,500.0
Storage,46.7153384,-122.96,5.0
Storage,40.7983097,13.43,300.0
Storage,37.6688205,-122.08,100.0
Storage,37.8269775,-122.42,400.0
Storage,33.3397913,-118.31,1000.0
Storage,34.9279363,134.84,288.0
Storage,28.6629785,-17.79,4000.0
Storage,52.0,14.0,20.0
Storage,30.9982268,121.43,50.0
Storage,22.543099,114.06,3000.0
Storage,39.7256182,-84.21,20000.0
Storage,27.9822218,-15.78,1000.0
Storage,34.05986265,-117.5092538,20.0
Storage,-33.8243541,150.83,100.0
Storage,42.0,-88.0,250.0
Storage,36.0930267,132.99,4200.0
Storage,66.8983333,-162.6,2100.0
Storage,-33.8688197,151.21,30.0
Storage,-13.6126744,130.51,800.0
Storage,-20.96,55.65,1000.0
Storage,37.6488107,127.03,2340.0
Storage,51.0,7.0,68000.0
Storage,32.7947731,-116.96,7500.0
Storage,33.1192068,-117.09,30000.0
Storage,38.283086,-1.6,30000.0
Storage,51.253775,-85.32,2000.0
Storage,38.236511,-122.28,500.0
Storage,48.8901226,-121.95,2000.0
Storage,33.6387024,-117.84,25.0
Storage,47.8228,31.18,302000.0
Storage,52.4571175,13.5276733,100.0
Storage,-41.7333333,174.17,250.0
Storage,-39.9384028,143.91,3000.0
Storage,43.6831948,-92.9698262,37.0
Storage,48.109765,7.1,82000.0
Storage,52.959065,-3.93,360000.0
Storage,33.590733,-111.34,97000.0
Storage,57.3228575,-4.42,300000.0
Storage,40.0192307,-82.88,2000.0
Storage,38.197508,-7.5,520000.0
Storage,42.112485,-75.98,8000.0
Storage,39.9650746,-83.00544185,100.0
Storage,33.2464523,-119.5,500.0
Storage,41.0,9.0,1200.0
Storage,41.0,9.0,1000.0
Storage,41.0,9.0,1080.0
Storage,41.0,9.0,1000.0
Storage,41.0,9.0,1200.0
Storage,41.0,9.0,1000.0
Storage,41.0760492,15.15,12000.0
Storage,41.2993991,15.09,12000.0
Storage,41.0,9.0,1000.0
Storage,20.74962204,-156.4402813,21.0
Storage,37.831316,-122.29,5.0
Storage,51.4536672,3.57,10000.0
Storage,39.0524827,-28.01,6000.0
Storage,44.840798,-93.3,0.0
Storage,41.6032207,-73.09,1500.0
Storage,34.35678,-119.06,5000.0
Storage,34.058936,-117.78,20000.0
Storage,33.691031,-117.83,2000.0
Storage,34.0074494,-117.56,20000.0
Storage,39.4453393,-83.83,10000.0
Storage,33.674252,-117.84,1500.0
Storage,30.6332618,-97.68,10000.0
Storage,30.3738609,78.43,1000000.0
Storage,39.399872,-8.22,778000.0
Storage,39.399872,-8.22,145000.0
Storage,39.399872,-8.22,37000.0
Storage,41.692695,-8.03,736000.0
Storage,41.218619,-7.42,259000.0
Storage,-15.8415527,144.85,20000.0
Storage,-15.8415527,144.85,20000.0
Storage,40.5865396,-122.39,6000.0
Storage,43.653226,-79.38,14800.0
Storage,55.378051,-3.44,20000.0
Storage,47.0645191,9.93,360000.0
Storage,-28.3092768,23.11,100000.0
Storage,38.914003,121.61,200000.0
Storage,32.0,119.0,100.0
Storage,47.5581077,7.5878261,50.0
Storage,55.763516,12.49,15.0
Storage,33.6680772,-117.33,500000.0
Storage,23.681764,113.06,1280000.0
Storage,45.431821,11.3693545,180.0
Storage,36.721261,-4.42,106.0
Storage,41.7264075,-81.25,1080.0
Storage,60.1669641,-1.16,1000.0
Storage,32.8769207,-117.24,100.0
Storage,44.608012,-75.18,500.0
Storage,40.522734,-105.09,92.0
Storage,40.5729396,-105.08,80.0
Storage,41.2876603,14.74,572000.0
Storage,42.339726,-71.104888,430.0
Storage,31.4921084,-86.3649582,215.0
Storage,34.6809319,-98.57088468,250.0
Storage,44.4325,26.103889,300.0
Storage,30.267153,-97.7430608,4800.0
Storage,21.0,-158.0,125.0
Storage,37.5999938,14.02,20000.0
Storage,37.5999938,14.02,4000.0
Storage,40.657261,8.679816,1000.0
Storage,40.657261,8.679816,1000.0
Storage,37.8803139,13.55343139,500.0
Storage,37.8803139,13.55343139,920.0
Storage,29.6657838,-95.0193728,215.0
Storage,39.0,-77.0,16.0
Storage,35.873905,139.51,1800.0
Storage,36.8711288,14.76,2000.0
Storage,41.8108837,-88.2166528,300.0
Storage,-23.0,-70.0,20000.0
Storage,47.0404265,9.07,480000.0
Storage,4.0,34.0,100.0
Storage,40.7138275,-74.01,1000.0
Storage,35.0,-79.0,100.0
Storage,41.3850639,2.17,20.0
Storage,50.5166667,11.72,80000.0
Storage,50.6492736,11.37,383000.0
Storage,-40.3982432,148.2,163.0
Storage,44.0,-73.0,45.0
Storage,43.60559979,-72.97903875,10.0
Storage,31.069419,35.03,50.0
Storage,51.093356,13.6,40000.0
Storage,47.68774,8.25,220000.0
Storage,33.801206,129.76,1279.0
Storage,35.0,-81.0,6.0
Storage,41.665573,-112.435667,80.0
Storage,43.318334,-1.98,0.0
Storage,48.0680308,13.4921448,64.0
Storage,30.1200111,-95.37,30.0
Storage,36.1672559,-115.148516,9.0
Storage,38.268215,140.87,48.0
Storage,31.8354447,-95.8388504,317000.0
Storage,40.74438495,-73.95730377,225.0
Storage,48.536,9.133,1300.0
Storage,47.75523,8.19,100000.0
Storage,-34.0,151.0,25.0
Storage,36.114646,-115.17,38.0
Storage,32.8021433,-96.8141251,600.0
Storage,26.5156681,-82.0,4800.0
Storage,38.7342564,-122.14,1300.0
Storage,29.38263,-98.61,580.0
Storage,40.9678905,-76.61,700.0
Storage,32.7801399,-96.8,6400.0
Storage,38.52245,-77.29,274.0
Storage,40.1421639,-74.23,38.0
Storage,40.5787485,-105.0,24.0
Storage,40.58224158,-122.3719622,132.0
Storage,33.044753,-117.27,75.0
Storage,32.7762719,-96.7968559,205.0
Storage,33.102183,139.8,400.0
Storage,36.144997,-115.23,5.0
Storage,12.4333333,-69.9166667,1000.0
Storage,49.8776483,8.65,5.0
Storage,42.6612893,13.6983524,32.0
Storage,42.3489203,13.3979672,32.0
Storage,54.8448772,-5.8000087,330000.0
Storage,43.301532,-1.9478952,0.0
Storage,38.268215,140.87,14.0
Storage,20.748894,-156.44,100.0
Storage,34.0,109.0,30.0
Storage,43.191445,-77.66,100.0
Storage,-39.9376536,175.567714,5.0
Storage,52.0429797,-0.7589607,250.0
Storage,55.68459,-5.75,100.0
Storage,37.291873,126.8387065,100.0
Storage,33.5080818,-86.79,300.0
Storage,46.65532,8.29,600000.0
Storage,49.2332246,8.41327317,250.0
Storage,49.2332246,8.41327317,30.0
Storage,32.7950409,-117.26,18.0
Storage,48.1440989,11.57,3.0
Storage,37.6390972,-120.9968782,250.0
Storage,45.6552195,-73.42,1200.0
Storage,31.9685988,-99.9018131,8000.0
Storage,-20.9175738,142.7,1000.0
Storage,43.585278,39.72,1500.0
Storage,27.78,128.96,2000.0
Storage,-34.0,151.0,30.0
Storage,33.1580933,-117.35,500.0
Storage,34.0522342,-118.24,25600.0
Storage,34.0522342,-118.24,85000.0
Storage,43.548473,10.31,20.0
Storage,40.0,-105.0,300.0
Storage,40.1496962,-88.27,15.0
Storage,19.4360762,-99.0719083,390.0
Storage,42.7009169,-84.429746,1200.0
Storage,33.4645012,-112.057851,600.0
Storage,35.6641575,138.57,400000.0
Storage,28.228209,112.94,10000.0
Storage,53.4850299,10.1159276,800.0
Storage,57.01544295,-6.280656054,45.0
Storage,48.0,-122.0,2000.0
Storage,51.253775,-85.32,4000.0
Storage,51.9872391,5.95,60.0
Storage,52.5399186,5.56,60.0
Storage,52.0704978,4.3,60.0
Storage,47.8887886,-122.29,600.0
Storage,33.7700504,-118.19,100000.0
Storage,19.0,-72.0,100.0
Storage,51.1605227,71.47,25000.0
Storage,22.543099,114.06,100.0
Storage,45.0,-75.0,2000.0
Storage,21.1443935,-157.02,6000.0
Storage,49.0,11.0,30.0
Storage,49.0,14.0,30.0
Storage,-33.581611,120.05,10.0
Storage,32.9179,-116.9264,500000.0
Storage,42.5878335,-70.9,39.0
Storage,41.6775776,-70.19,512.0
Storage,42.6065743,-72.6,129.0
Storage,42.2042586,-72.62,983.0
Storage,34.1832126,-118.31,8.0
Storage,34.1832126,-118.31,8.0
Storage,34.185223,-118.31,8.0
Storage,34.185223,-118.31,8.0
Storage,34.185223,-118.31,8.0
Storage,34.1948843,-118.35,8.0
Storage,34.187481,-118.35,8.0
Storage,34.1832126,-118.31,8.0
Storage,34.1641362,-118.33,8.0
Storage,34.1823333,-118.32,8.0
Storage,34.1823333,-118.32,8.0
Storage,34.1816482,-118.3258554,8.0
Storage,34.2007113,-118.31,8.0
Storage,34.1641362,-118.33,8.0
Storage,34.1498296,-118.34,8.0
Storage,34.1499697,-118.34,8.0
Storage,34.1499451,-118.34,8.0
Storage,34.194961,-118.35,8.0
Storage,34.187481,-118.35,8.0
Storage,34.1832241,-118.31,8.0
Storage,34.1751567,-118.31,8.0
Storage,34.185223,-118.31,8.0
Storage,34.199848,-118.34,8.0
Storage,34.185571,-118.31,8.0
Storage,34.185571,-118.31,8.0
Storage,34.0,-118.0,8.0
Storage,34.1955111,-118.35,8.0
Storage,34.1955111,-118.35,8.0
Storage,34.1955111,-118.35,8.0
Storage,34.1562013,-118.33,8.0
Storage,34.1562013,-118.33,8.0
Storage,34.2006531,-118.31,8.0
Storage,34.1808392,-118.31,8.0
Storage,34.1822817,-118.32,8.0
Storage,34.1639544,-118.33,8.0
Storage,30.267153,-97.74,1500.0
Storage,38.6779591,-121.18,3000.0
Storage,38.4259473,-122.83,10000.0
Storage,36.6783938,-119.93,1000.0
Storage,39.258289,-123.22,1000.0
Storage,-34.9286212,138.6,300.0
Storage,53.3499888,-7.1989629,320.0
Storage,61.1688233,-149.9106884,320.0
Storage,32.8807318,-117.2401999,25.0
Storage,-27.3985247,116.41,1000.0
Storage,33.4936391,-117.15,260.0
Storage,-27.7,23.05,100000.0
Storage,20.0,-156.0,0.0
Storage,37.680208,-121.79,30.0
Storage,40.9634335,-72.18,5000.0
Storage,34.055103,-117.7499909,0.0
Storage,2.3354966,37.9943453,500.0
Storage,54.0,7.0,0.0
Storage,33.965929,-117.67,4000.0
Storage,-20.9175738,142.7,100.0
Storage,44.0570375,-64.6870236,500.0
Storage,12.5092044,-70.0086306,5000.0
Storage,46.457695,-110.31,400000.0
Storage,41.0,-74.0,10000.0
Storage,51.253775,-85.32,5000.0
Storage,37.7108595,-121.8,250.0
Storage,37.249147,126.46,4000.0
Storage,33.58,-114.817,450000.0
Storage,52.4089418,9.67,15000.0
Storage,32.7783843,-116.99,1850.0
Storage,39.7817213,-89.65,1000.0
Storage,41.2331116,-80.49,12500.0
Storage,-26.2041028,28.05,625.0
Storage,42.2486332,-88.61,20000.0
Storage,43.8006208,-70.19,16200.0
Storage,-18.8791902,47.51,938.0
Storage,-25.274398,133.78,5000.0
Storage,41.5964825,-73.91,250.0
Storage,13.0826802,80.27,125.0
Storage,36.638392,127.6961188,36000.0
Storage,-34.0,151.0,30.0
Storage,40.7127837,-74.01,60.0
Storage,43.5245705,-79.91,2000.0
Storage,50.7254936,-113.97,1500.0
Storage,42.6583356,-71.14,400.0
Storage,21.4389123,-158.0000565,8.0
Storage,48.3603526,2.8268921,0.0
Storage,61.2180556,-149.9002778,2000.0
Storage,-37.9153572,145.13,300.0
Storage,31.723247,119.597896,60000.0
Storage,52.585017,-2.057635,1000.0
Storage,50.383743,7.6,200.0
Storage,-13.7128168,130.69,2000.0
Storage,36.829514,-121.779089,300000.0
Storage,36.441171,126.795959,5000.0
Storage,36.441171,126.795959,8000.0
Storage,34.0451762,-117.85,0.0
Storage,29.5457967,-98.32,0.0
Storage,36.169202,-115.140597,200.0
Storage,36.527,-114.761,300.0
Storage,36.1672559,-115.148516,690.0
Storage,31.352859,118.432941,500.0
Storage,45.487062,-122.8037102,800.0
Storage,-20.949347,55.31,4500.0
Storage,53.5843377,-2.26,5000.0
Storage,-33.83481045,151.0595329,60.0
Storage,28.4512335,129.6,2000.0
Storage,30.5328223,130.96,3000.0
Storage,32.2081442,-6.54,465000.0
Storage,39.0,141.0,80.0
Storage,46.7004826,10.09,47000.0
Storage,46.5301934,9.45,185000.0
Storage,46.8784824,8.98,141000.0
Storage,46.3367938,8.61,160000.0
Storage,46.3265,10.06,1000000.0
Storage,37.2373591,127.11,1000.0
Storage,36.0795613,-115.09,1000000.0
Storage,46.0,15.0,10.0
Storage,46.521858,-84.35,10.0
Storage,21.0,-158.0,10.0
Storage,-1.940278,29.87,2680.0
Storage,43.0,143.0,6000.0
Storage,48.6559308,8.33,44000.0
Storage,51.3510404,7.97,7420.0
Storage,47.0,-89.0,100.0
Storage,21.3236186,-157.88,36.0
Storage,51.165691,10.45,10.0
Storage,55.378051,-3.44,40.0
Storage,33.4483771,-112.07,25.0
Storage,32.8807318,-117.24,730.0
Storage,32.8807318,-117.24,10.0
Storage,32.8807318,-117.24,4000.0
Storage,32.8807318,-117.24,35.0
Storage,40.7564536,-76.13,300000.0
Storage,40.6781784,-73.94,1800.0
Storage,21.2691946,-157.8,2800.0
Storage,39.0,-77.0,25.0
Storage,-16.9916652,-149.58,1000.0
Storage,56.0,38.0,25.0
Storage,44.1396438,12.25,1000.0
Storage,41.0,-122.0,2000.0
Storage,40.6804279,-122.37,2000.0
Storage,33.8347516,-117.911732,200.0
Storage,-33.90166,151.2,250.0
Storage,42.1455766,-87.85,1250.0
Storage,34.06,-117.44,0.0
Storage,27.3689942,71.75,100000.0
Storage,23.7337326,69.86,25000.0
Storage,-6.2087634,106.85,4400.0
Storage,51.8745997,4.9735161,50.0
Storage,52.1518157,4.481108867,50.0
Storage,51.79578,5.0541,50.0
Storage,52.7091058,5.7477459,50.0
Storage,52.3025582,4.8467875,50.0
Storage,52.0834347,4.7510872,50.0
Storage,41.6841242,-0.88,47.0
Storage,41.4304832,2.2182775,23.0
Storage,52.08701595,4.876687199,50.0
Storage,52.0632104,5.1957958,50.0
Storage,51.9994572,4.362724539,50.0
Storage,51.8994088,5.1958729,50.0
Storage,51.8709913,4.592647898,50.0
Storage,51.8825577,5.2714789,50.0
Storage,52.4382493,4.8137421,50.0
Storage,52.51011775,4.635060887,50.0
Storage,51.1007505,-2.68,300.0
Storage,40.7830603,-73.97,1000.0
Storage,38.7733961,-75.1379574,8000.0
Storage,-22.3314117,45.7097999,15.0
Storage,34.3746494,139.27,1000.0
Storage,29.0,77.0,10000.0
Storage,47.6062095,-122.33,0.0
Storage,27.3364347,-82.53,20000.0
Storage,33.4996213,126.53,1500.0
Storage,-22.453712,-68.93,100000.0
Storage,-22.453712,-68.93,12000.0
Storage,53.204087,12.5,1500.0
Storage,44.0520691,-123.09,500.0
Storage,37.463822,121.45,1000.0
Storage,21.0,-158.0,25.0
Storage,35.240117,24.81,50000.0
Storage,33.7133313,-115.4,1300000.0
Storage,-30.5620637,136.9,100000.0
Storage,41.707,121.858,2000.0
Storage,33.8834093,130.88,110.0
Storage,53.6420342,10.06,10.0
Storage,18.5267666,-64.36,1000.0
Storage,35.7090259,139.73,85.0
Storage,34.0,131.0,300.0
Storage,40.7127837,-74.01,100.0
Storage,47.5877433,-122.24,30.0
Storage,39.3995008,-84.56,6000.0
Storage,39.948958,-75.17,210.0
Storage,-39.0579941,174.0806474,3.0
Storage,37.5629917,-122.33,200.0
Storage,40.6955044,-74.23,500.0
Storage,53.5510846,9.99,2000.0
Storage,18.004089,-66.58,5500.0
Storage,44.442312,-73.15,375.0
Storage,33.6839473,-117.79,100.0
Storage,-38.0,145.0,33.0
Storage,42.1666667,23.8,104000.0
Storage,27.2578957,33.81,30000.0
Storage,37.8964116,13.56,450.0
Storage,28.0,-83.0,200.0
Storage,-23.698042,133.88,5000.0
Storage,37.6390972,-121.0,28000.0
Storage,39.158168,-75.52,600.0
Storage,21.0,-158.0,5.0
Storage,40.70446735,-74.01263158,90.0
Storage,32.7766642,-96.8,250.0
Storage,39.0,-77.0,10.0
Storage,34.0,-118.0,6590.0
Storage,36.29101,139.25594,100.0
Storage,41.3597802,15.31,1200.0
Storage,30.3952976,-97.74,15.0
Storage,42.2918623,9.19,2000.0
Storage,43.0620958,141.35,200000.0
Storage,47.08514,9.88,198000.0
Storage,16.5919286,79.49,700000.0
Storage,21.0,-156.0,4.0
Storage,51.0,-85.0,4000.0
Storage,36.4465346,127.12,50.0
Storage,42.0,-71.0,0.0
Storage,52.906367,-1.26,1400.0
Storage,-27.4954306,153.01,120.0
Storage,48.9780878,8.54,2000.0
Storage,37.7717908,-122.4,162.0
Storage,31.7639721,-106.49,180.0
Storage,31.8855883,-106.44,225.0
Storage,29.9510658,-90.07,1000.0
Storage,48.97187,13.63295,10.0
Storage,60.0,-163.0,250.0
Storage,51.253775,-85.32,5000.0
Storage,36.6664,129.1127,12500.0
Storage,42.0,-71.0,1.0
Storage,43.0,-72.0,1.0
Storage,42.0,-71.0,1.0
Storage,42.3250896,-72.64,1.0
Storage,42.0,-72.0,1.0
Storage,42.0,-73.0,1.0
Storage,42.3600825,-71.06,1.0
Storage,42.0,-71.0,1.0
Storage,43.0,-71.0,1.0
Storage,42.0,-73.0,1.0
Storage,42.0,-71.0,1.0
Storage,42.0,-71.0,1.0
Storage,42.0,-71.0,1.0
Storage,42.0,-71.0,1.0
Storage,42.0,-71.0,1.0
Storage,42.0,-70.0,1.0
Storage,42.0,-71.0,1.0
Storage,42.0,-71.0,1.0
Storage,42.0,-71.0,1.0
Storage,14.6818877,77.6,100000.0
Storage,25.4280036,50.78,2000.0
Storage,40.7589426,-73.98,1025.0
Storage,25.846401,131.24,300.0
Storage,35.8880796,-106.31,800.0
Storage,34.0596323,-117.47,18.0
Storage,33.0,-117.0,25.0
Storage,37.931868,-121.7,11.0
Storage,34.39,-117.4,5.0
Storage,36.988562,-121.81,24.0
Storage,43.7146484,-79.58875654,2000.0
Storage,14.9798997,102.1,300.0
Storage,45.5454787,11.54,400.0
Storage,42.0,-71.0,1.0
Storage,42.0,-71.0,1.0
Storage,42.0,-73.0,1.0
Storage,44.0978126,-120.1,150000.0
Storage,30.585164,36.24,20000.0
Storage,44.0,-71.0,6.0
Storage,6.9098333,3.26,1100.0
Storage,42.0,12.0,10.0
Storage,51.0,-85.0,2000.0
Storage,32.753413,-117.13,60.0
Storage,33.020912,-117.07,60.0
Storage,32.80726,-117.12,60.0
Storage,32.994222,-117.25,60.0
Storage,32.7185482,-117.17,30.0
Storage,32.829709,-117.13,60.0
Storage,32.7156372,-117.17,90.0
Storage,34.4249419,-119.7035796,30.0
Storage,34.1726298,-118.76,60.0
Storage,34.584807,-120.1441616,30.0
Storage,37.385071,-122.109264,200.0
Storage,38.00466675,-122.5551134,30.0
Storage,37.48725195,-122.2272839,30.0
Storage,35.0,140.0,600.0
Storage,34.4815801,126.05,1250.0
Storage,34.8533747,127.73,4000.0
Storage,37.757948,127.63,500.0
Storage,33.9533487,-117.4,5000.0
Storage,34.0,-117.0,5000.0
Storage,33.1192068,-117.09,150.0
Storage,51.0,-118.0,4000000.0
Storage,22.924983,113.88,1000.0
Storage,33.6588951,-117.83,7.0
Storage,41.805865,123.43,100.0
Storage,39.90403,116.41,200.0
Storage,39.0,122.0,10.0
Storage,38.914003,121.61,60.0
Storage,38.914003,121.61,60.0
Storage,52.1205333,11.63,30000.0
Storage,33.0,-117.0,25.0
Storage,33.0,-116.0,1000.0
Storage,34.0,-118.0,1000.0
Storage,33.0,-117.0,1000.0
Storage,33.0,-117.0,25.0
Storage,46.2087066,-119.1199192,10.0
Storage,53.0,-6.0,1000.0
Storage,21.4022222,-157.74,0.0
Storage,44.482947,-77.68,400000.0
Storage,31.7623756,131.09,1000.0
Storage,37.5482697,-121.99,200.0
Storage,37.5482697,-121.99,30.0
Storage,35.6507888,-117.66,200.0
Storage,53.0,-6.0,7.0
Storage,35.478166,-82.55,5000.0
Storage,25.0054482,46.54,20.0
Storage,-22.7418246,-46.9,20000.0
Storage,43.3589,-115.4486,80000.0
Storage,41.8023171,-107.24,1000000.0
Storage,38.4343464,-118.49,250000.0
Storage,39.356,-114.799,750000.0
Storage,40.7127281,-74.0060152,1000.0
Storage,40.0,-75.0,6000.0
Storage,29.2738888,-82.15,1000.0
Storage,41.707,121.858,5000.0
Storage,23.111847,114.42,2500.0
Storage,41.2189189,114.74,1000.0
Storage,30.0,122.0,250.0
Storage,26.074508,119.3,125.0
Storage,41.0036719,-80.35,9000.0
Storage,31.392786,116.33,160000.0
Storage,30.675233,-9.2,350000.0
Storage,34.0805651,-118.07,80.0
Storage,38.8632567,21.17,680000.0
Storage,51.377861,-3.12,5.0
Storage,33.98208635,-117.5153511,30.0
Storage,34.1883735,-119.2220629,30.0
Storage,36.992568,-121.9428597,30.0
Storage,34.0196568,-118.0327764,200.0
Storage,33.74349225,-117.0307443,60.0
Storage,34.0990733,-118.1085682,60.0
Storage,33.67334875,-117.9560726,90.0
Storage,34.0574169,-117.1733065,400.0
Storage,37.4922157,-122.22432,90.0
Storage,36.80287166,-119.8623862,180.0
Storage,36.81268964,-119.7091293,200.0
Storage,36.82385166,-119.6976737,60.0
Storage,36.8642229,-119.6391566,60.0
Storage,36.81775116,-119.6818448,200.0
Storage,36.8916092,-119.7340863,200.0
Storage,36.85930408,-119.7630251,60.0
Storage,37.723561,-122.400192,1000.0
Storage,33.975344,-118.034833,60.0
Storage,34.2772814,-119.2326676,200.0
Storage,34.163043,-119.159316,200.0
Storage,34.285558,-118.8820414,400.0
Storage,36.81649333,-119.808477,120.0
Storage,36.7212902,-119.8060144,60.0
Storage,36.76620637,-119.8042239,60.0
Storage,36.7647593,-119.7726064,60.0
Storage,18.15,-65.82,20.0
Storage,36.5981032,101.8222356,100.0
Storage,-27.9128383,120.6973818,1000.0
Storage,51.8608995,11.5790389,200000.0
Storage,-4.162086,15.173814,100.0
Storage,-18.52,47.3,100.0
Storage,43.503995,4.21361,50.0
Storage,45.1539575,1.465519,50.0
Storage,45.228669,3.532162,20.0
Storage,48.5052069,2.1032041,500.0
Storage,48.131235,-4.116208,500.0
Storage,-1.32,31.9,50.0
Storage,-35.251,138.916,5000.0
Storage,43.732,-81.6905,1750.0
Storage,43.613,-79.381,660.0
Storage,53.509661,-117.422649,75000.0
Storage,23.69781,120.96,125.0
Storage,23.69781,120.96,250.0
Storage,23.69781,120.96,250.0
Storage,37.476364,126.62,1200.0
Storage,23.69781,120.96,100.0
Storage,31.811226,119.97,100.0
Storage,37.4562557,126.71,198.0
Storage,31.2306855,121.47,100.0
Storage,47.0531826,9.75,12000.0
Storage,43.1276249,-4.06,1014000.0
Storage,31.2865686,119.42,1500000.0
Storage,29.066,115.32,1200000.0
Storage,48.45,27.42,2268000.0
Storage,30.132157,118.73,1800000.0
Storage,54.92273,9.68,6.0
Storage,41.8676217,-87.61,1000.0
Storage,36.7397608,127.457992,1500.0
Storage,18.594395,-72.31,500.0
Storage,41.0,-74.0,20.0
Storage,43.8970929,-78.87,500.0
Storage,35.1453713,128.46,500.0
Storage,37.566535,126.98,1000.0
Storage,37.6583599,126.83,1000.0
Storage,37.566535,126.98,1000.0
Storage,36.6424341,127.49,250.0
Storage,37.566535,126.98,250.0
Storage,23.020536,113.75,1000.0
Storage,26.665617,119.55,1000.0
Storage,41.158557,114.72,650.0
Storage,26.074508,119.3,1000.0
Storage,40.7148476,-74.01,2000.0
Storage,37.476364,126.62,1200.0
Storage,37.476364,126.62,1200.0
Storage,37.476364,126.62,1200.0
Storage,37.476364,126.62,1200.0
Storage,37.476364,126.62,1200.0
Storage,-22.453712,-68.93,110000.0
Storage,33.0,126.0,1000.0
Storage,22.720358,114.25,1000.0
Storage,42.016837,9.4,12000.0
Storage,27.3689942,71.75,100000.0
Storage,24.517022,72.79,1000.0
Storage,34.072968,-114.81,150000.0
Storage,47.6062095,-122.33,5.0
Storage,47.6062095,-122.33,5.0
Storage,47.9789848,-122.2,5.0
Storage,44.5173435,12.16,35.0
Storage,40.9312099,-73.8987469,96.0
Storage,33.91737514,-118.0901529,30.0
Storage,32.816842,-117.16,30.0
Storage,32.8058569,-117.22,30.0
Storage,33.9760102,-118.4181654,30.0
Storage,33.565695,-117.725926,30.0
Storage,52.171959,5.002675,50.0
Storage,33.7494951,-117.8732213,100.0
Storage,44.2265,42.34,140000.0
Storage,34.5794343,-118.12,450.0
Storage,42.8101792,-1.596631384,50.0
Storage,48.5750459,13.67,300000.0
Storage,56.3094531,38.13,840000.0
Storage,37.6390972,-121.0,28000.0
Storage,46.35014,-94.22,5.0
Storage,43.6575548,-79.38,150.0
Storage,36.0906905,139.95,2000.0
Storage,48.765106,-114.28,22.0
Storage,-8.33519,-36.417737,242.0
Storage,-8.155506,-34.913149,150.0
Storage,44.328846,-73.129807,2000.0
Storage,40.110352,-74.496807,20000.0
Storage,40.668032,-75.146055,20000.0
Storage,39.38177,-74.44907,1000.0
Storage,39.3995008,-84.56,10000.0
Storage,30.6332618,-97.68,9900.0
Storage,43.3595096,-115.4501724,720000.0
Storage,41.272,-73.778,490.0
LNG,29.105833,-90.194444,2.0
LNG,29.105833,-90.194444,3.0
LNG,60.65996,-151.36505,6.7
LNG,60.65996,-151.36505,6.7
LNG,60.65996,-151.36505,6.7
LNG,29.885,-93.94,1.5
LNG,25.809175,-80.296697,0.01
LNG,28.591111,-80.82,0.08
LNG,25.950835,-97.410844,1.08
LNG,25.950835,-97.410844,1.08
LNG,25.950835,-97.410844,1.08
LNG,25.950835,-97.410844,1.08
LNG,25.950835,-97.410844,1.08
LNG,25.950835,-97.410844,1.08
LNG,29.77292736,-93.3343038,0.67
LNG,29.77292736,-93.3343038,0.67
LNG,29.77292736,-93.3343038,0.67
LNG,29.77292736,-93.3343038,0.67
LNG,29.77292736,-93.3343038,0.67
LNG,29.77292736,-93.3343038,0.67
LNG,29.77292736,-93.3343038,0.67
LNG,29.77292736,-93.3343038,0.67
LNG,29.77292736,-93.3343038,0.67
LNG,29.77292736,-93.3343038,0.67
LNG,29.77292736,-93.3343038,0.67
LNG,29.77292736,-93.3343038,0.67
LNG,29.77292736,-93.3343038,0.67
LNG,29.77292736,-93.3343038,0.67
LNG,29.77292736,-93.3343038,0.67
LNG,29.77292736,-93.3343038,0.67
LNG,29.77292736,-93.3343038,0.67
LNG,29.77292736,-93.3343038,0.67
LNG,29.30079786,-89.35821088,4.0
LNG,29.30079786,-89.35821088,4.0
LNG,30.035471,-93.3383568,11.4
LNG,30.035471,-93.3383568,4.5
LNG,30.035471,-93.3383568,4.5
LNG,30.035471,-93.3383568,4.5
LNG,30.035471,-93.3383568,6.75
LNG,30.035471,-93.3383568,5.0
LNG,30.035471,-93.3383568,0.68
LNG,29.764163,-93.348066,1.55
LNG,29.764163,-93.348066,1.55
LNG,29.764163,-93.348066,1.55
LNG,29.764163,-93.348066,1.55
LNG,29.764163,-93.348066,1.55
LNG,29.764163,-93.348066,1.55
LNG,27.91354225,-97.28656287,5.0
LNG,27.91354225,-97.28656287,5.0
LNG,27.91354225,-97.28656287,5.0
LNG,27.91354225,-97.28656287,1.64
LNG,27.91354225,-97.28656287,1.64
LNG,27.91354225,-97.28656287,1.64
LNG,27.91354225,-97.28656287,1.64
LNG,27.91354225,-97.28656287,1.64
LNG,27.91354225,-97.28656287,1.64
LNG,27.91354225,-97.28656287,1.64
LNG,27.91354225,-97.28656287,1.64
LNG,27.91354225,-97.28656287,1.64
LNG,38.3913422,-76.4045082,13.7
LNG,38.3913422,-76.4045082,5.25
LNG,29.13697735,-93.53395095,3.38
LNG,29.13697735,-93.53395095,3.38
LNG,29.13697735,-93.53395095,3.38
LNG,29.13697735,-93.53395095,3.38
LNG,30.091298,-93.330534,11.0
LNG,30.091298,-93.330534,16.6
LNG,30.40879661,-81.61041174,0.1
LNG,30.40879661,-81.61041174,550000.0
LNG,30.40879661,-81.61041174,550000.0
LNG,30.40879661,-81.61041174,550000.0
LNG,32.091111,-81.000278,12.0
LNG,32.091111,-81.000278,0.25
LNG,32.091111,-81.000278,0.25
LNG,32.091111,-81.000278,0.25
LNG,32.091111,-81.000278,0.25
LNG,32.091111,-81.000278,0.25
LNG,32.091111,-81.000278,0.25
LNG,32.091111,-81.000278,0.25
LNG,32.091111,-81.000278,0.25
LNG,32.091111,-81.000278,0.25
LNG,32.091111,-81.000278,0.25
LNG,32.091111,-81.000278,0.4
LNG,25.950835,-97.410844,1.6
LNG,27.08,-80.4,0.1
LNG,28.932003,-95.317355,13.2
LNG,28.932003,-95.317355,5.0
LNG,28.932003,-95.317355,5.0
LNG,28.932003,-95.317355,5.0
LNG,28.932003,-95.317355,5.1
LNG,28.932003,-95.317355,1.5
LNG,29.811571,-93.3596,1.3
LNG,29.811571,-93.3596,1.3
LNG,29.811571,-93.3596,1.3
LNG,29.811571,-93.3596,1.3
LNG,29.811571,-93.3596,1.3
LNG,29.811571,-93.3596,1.3
LNG,29.811571,-93.3596,1.3
LNG,29.811571,-93.3596,1.3
LNG,29.811571,-93.3596,1.3
LNG,29.811571,-93.3596,1.3
LNG,29.761394,-93.919418,15.7
LNG,29.761394,-93.919418,6.03
LNG,29.761394,-93.919418,6.03
LNG,29.761394,-93.919418,6.03
LNG,30.322382,-88.503663,8.8
LNG,30.322382,-88.503663,5.43
LNG,30.322382,-88.503663,5.43
LNG,27.874167,-97.208333,1.0
LNG,43.425,-124.269,1.5
LNG,43.425,-124.269,1.5
LNG,43.425,-124.269,1.5
LNG,43.425,-124.269,1.5
LNG,43.425,-124.269,1.5
LNG,60.679484,-151.38834,0.01
LNG,60.679484,-151.38834,1.5
LNG,30.120416,-93.287833,17.9
LNG,30.120416,-93.287833,0.78
LNG,30.120416,-93.287833,0.78
LNG,30.120416,-93.287833,0.78
LNG,29.39,-89.48,2.5
LNG,29.39,-89.48,2.5
LNG,30.105668,-93.300819,2.2
LNG,30.105668,-93.300819,2.2
LNG,30.105668,-93.300819,2.2
LNG,30.105668,-93.300819,2.2
LNG,29.79362711,-93.34143969,2.0
LNG,29.79362711,-93.34143969,2.0
LNG,29.79362711,-93.34143969,2.0
LNG,29.79362711,-93.34143969,2.0
LNG,29.79362711,-93.34143969,2.0
LNG,29.79362711,-93.34143969,2.0
LNG,28.676111,-96.558889,4.5
LNG,28.676111,-96.558889,4.5
LNG,29.81166342,-93.95962882,6.75
LNG,29.81166342,-93.95962882,6.75
LNG,29.81166342,-93.95962882,6.75
LNG,29.81166342,-93.95962882,6.75
LNG,25.950835,-97.410844,2.0
LNG,25.950835,-97.410844,2.0
LNG,25.950835,-97.410844,5.87
LNG,25.950835,-97.410844,5.87
LNG,25.950835,-97.410844,5.87
LNG,25.950835,-97.410844,5.4
LNG,25.950835,-97.410844,5.4
LNG,25.950835,-97.410844,4.5
LNG,29.75409666,-93.87405115,30.4
LNG,29.75409666,-93.87405115,5.0
LNG,29.75409666,-93.87405115,5.0
LNG,29.75409666,-93.87405115,5.0
LNG,29.75409666,-93.87405115,5.0
LNG,29.75409666,-93.87405115,5.0
LNG,29.75409666,-93.87405115,4.5
LNG,29.75409666,-93.87405115,16.83
LNG,28.900556,-82.593611,0.02
LNG,29.600411,-89.886404,13.33
LNG,29.600411,-89.886404,10.0
LNG,29.600411,-89.886404,3.2
LNG,35.80452,-0.24097,1.3
LNG,35.80452,-0.24097,1.32
LNG,35.80452,-0.24097,1.32
LNG,35.80452,-0.24097,1.32
LNG,35.80452,-0.24097,1.32
LNG,35.80452,-0.24097,1.32
LNG,35.80452,-0.24097,1.32
LNG,35.80452,-0.24097,1.37
LNG,35.80452,-0.24097,1.37
LNG,35.80452,-0.24097,1.37
LNG,35.80452,-0.24097,1.37
LNG,35.80452,-0.24097,1.37
LNG,35.80452,-0.24097,1.37
LNG,35.80452,-0.24097,4.7
LNG,36.8779,6.9415,1.0
LNG,36.8779,6.9415,1.0
LNG,36.8779,6.9415,1.0
LNG,36.8779,6.9415,1.0
LNG,36.8779,6.9415,1.25
LNG,36.8779,6.9415,1.25
LNG,36.8779,6.9415,4.5
LNG,-6.11957,12.33596,5.2
LNG,6.346,2.429,0.1
LNG,2.935,9.91,0.6
LNG,2.935,9.91,0.6
LNG,2.935,9.91,0.6
LNG,2.935,9.91,0.6
LNG,2.935,9.91,3.5
LNG,31.469,31.7473,5.0
LNG,31.469,31.7473,5.0
LNG,31.34904805,30.31864655,3.6
LNG,31.34904805,30.31864655,3.6
LNG,3.2,7.6,0.1
LNG,3.2,7.6,0.63
LNG,3.2,7.6,0.63
LNG,3.2,7.6,0.63
LNG,3.776,8.7015,3.7
LNG,3.776,8.7015,4.4
LNG,5.734005,0.03197,1.7
LNG,-4.05,39.666667,0.1
LNG,30.40675,19.5935,0.8
LNG,30.40675,19.5935,0.8
LNG,30.40675,19.5935,0.8
LNG,30.40675,19.5935,0.8
LNG,33.1267,-8.62028,7.0
LNG,-10.807908,40.796899,6.45
LNG,-10.807908,40.796899,6.45
LNG,-10.807908,40.796899,5.0
LNG,-10.807908,40.796899,5.0
LNG,-10.9,41.2,3.4
LNG,4.41836,7.16157,3.3
LNG,4.41836,7.16157,3.3
LNG,4.41836,7.16157,3.3
LNG,4.41836,7.16157,4.1
LNG,4.41836,7.16157,4.1
LNG,4.41836,7.16157,4.1
LNG,4.41836,7.16157,8.0
LNG,4.41836,7.16157,0.1
LNG,4.41836,7.16157,0.1
LNG,4.41836,7.16157,0.1
LNG,4.41836,7.16157,0.1
LNG,4.41836,7.16157,0.1
LNG,4.41836,7.16157,3.4
LNG,4.31,6.246,5.0
LNG,4.31,6.246,5.0
LNG,5.021667,8.320278,6.3
LNG,5.021667,8.320278,6.3
LNG,5.021667,8.320278,0.1
LNG,5.021667,8.320278,0.1
LNG,-9.96,39.708889,5.0
LNG,-9.96,39.708889,5.0
LNG,-34.183333,22.133333,2.0
LNG,-33.78287,25.7084,0.1
LNG,-28.8,32.1,0.1
LNG,-33.034722,18.009722,0.1
LNG,21.816667,91.858333,7.5
LNG,21.816667,91.858333,3.75
LNG,21.608081,91.825979,4.5
LNG,21.55,91.95,3.8
LNG,4.6698,114.467,1.5
LNG,4.6698,114.467,1.5
LNG,4.6698,114.467,1.5
LNG,4.6698,114.467,1.5
LNG,4.6698,114.467,1.4
LNG,-9.109098777,130.280905,9.5
LNG,5.2234,97.083,3.0
LNG,5.2234,97.083,3.0
LNG,5.2234,97.083,2.9
LNG,5.2234,97.083,2.9
LNG,5.2234,97.083,3.5
LNG,5.2234,97.083,3.5
LNG,5.2234,97.083,3.5
LNG,-8.746306,115.2094864,0.35
LNG,-5.8846501,106.0554886,7.0
LNG,0.10123,117.4701,2.7
LNG,0.10123,117.4701,2.7
LNG,0.10123,117.4701,2.7
LNG,0.10123,117.4701,2.7
LNG,0.10123,117.4701,2.8
LNG,0.10123,117.4701,2.8
LNG,0.10123,117.4701,2.8
LNG,0.10123,117.4701,2.95
LNG,0.10123,117.4701,2.95
LNG,-7.733333,109.0,1.4
LNG,-6.2443159,107.5832748,2.4
LNG,-1.254369,122.58559,2.0
LNG,-5.45,105.94,2.7
LNG,-5.992909,106.82,3.0
LNG,-4.5459732,120.4136867,0.5
LNG,-4.5459732,120.4136867,0.5
LNG,-4.5459732,120.4136867,0.5
LNG,-4.5459732,120.4136867,0.5
LNG,-2.44314,133.139,3.8
LNG,-2.44314,133.139,3.8
LNG,-2.44314,133.139,3.8
LNG,5.03,118.34,0.76
LNG,7.375718,115.480022,1.2
LNG,12.0,113.0,1.5
LNG,2.2444375,102.1234396,3.8
LNG,1.341382,104.182089,3.5
LNG,3.28238,113.083,3.2
LNG,3.28238,113.083,3.2
LNG,3.28238,113.083,3.2
LNG,3.2903,113.087,3.6
LNG,3.2851,113.08114,2.8
LNG,3.2851,113.08114,2.8
LNG,3.2851,113.08114,2.8
LNG,3.29033,113.08767,3.6
LNG,3.29033,113.08767,3.6
LNG,24.766667,67.333333,3.5
LNG,24.7907232,67.3688752,4.8
LNG,24.769704,67.334731,5.9
LNG,24.7749916,67.288333,5.0
LNG,25.1106,62.3396,2.5
LNG,-9.478472,147.148058,5.0
LNG,-9.3392748,146.9872856,1.4
LNG,-9.3392748,146.9872856,1.4
LNG,-9.3392748,146.9872856,1.4
LNG,-9.3392748,146.9872856,1.4
LNG,-9.3392748,146.9872856,1.0
LNG,-9.33862,147.01825,4.15
LNG,-9.33862,147.01825,4.15
LNG,-9.33862,147.01825,2.6
LNG,14.57,120.6,0.1
LNG,13.690671,120.891207,0.1
LNG,14.49791,120.609209,0.4
LNG,13.966667,121.7,3.0
LNG,1.23616,103.67135,3.5
LNG,1.23616,103.67135,2.5
LNG,1.23616,103.67135,5.0
LNG,36.415,126.4947,10.8
LNG,34.889,127.7815,7.1
LNG,37.35124,126.602,54.5
LNG,37.0057,126.7841,41.0
LNG,37.1683,129.3502,11.6
LNG,34.9474,128.4255,26.5
LNG,7.016667,79.883333,2.7
LNG,24.25304,120.49586,3.0
LNG,24.25304,120.49586,2.0
LNG,24.25304,120.49586,2.0
LNG,24.25304,120.49586,4.0
LNG,24.25304,120.49586,3.0
LNG,25.045533,121.060884,3.0
LNG,25.045533,121.060884,3.0
LNG,22.80928,120.2054,10.5
LNG,22.80928,120.2054,1.8
LNG,12.651686,101.159533,10.0
LNG,12.651686,101.159533,1.5
LNG,12.6791481,101.1178382,7.5
LNG,10.527191,107.026022,1.0
LNG,10.527191,107.026022,2.0
LNG,10.383333,107.116667,3.0
LNG,10.65008,107.68464,3.6
LNG,10.65008,107.68464,2.4
LNG,-23.6243946,151.1444092,4.5
LNG,-23.6243946,151.1444092,4.5
LNG,-23.6243946,151.1444092,4.5
LNG,-23.6243946,151.1444092,4.5
LNG,-23.75583,151.19061,4.5
LNG,-23.75583,151.19061,4.5
LNG,-14.855412,124.768939,2.0
LNG,-17.961944,122.236111,5.7
LNG,-17.961944,122.236111,5.7
LNG,-38.366667,145.333333,1.75
LNG,-12.5221,130.8663,3.7
LNG,-12.5221,130.8663,3.7
LNG,-23.820194,151.242522,1.8
LNG,-23.820194,151.242522,1.8
LNG,-23.776,151.2103,3.9
LNG,-23.776,151.2103,3.9
LNG,-20.79,115.44965,5.2
LNG,-20.79,115.44965,5.2
LNG,-20.79,115.44965,5.2
LNG,-20.79,115.44965,5.2
LNG,-17.961944,122.236111,4.45
LNG,-17.961944,122.236111,4.45
LNG,-17.961944,122.236111,0.1
LNG,-32.916667,151.75,1.0
LNG,-20.59424,116.7767,2.5
LNG,-20.59424,116.7767,2.5
LNG,-20.59424,116.7767,2.5
LNG,-20.59424,116.7767,4.6
LNG,-20.59424,116.7767,4.6
LNG,-20.6128,116.76556,4.9
LNG,-20.6128,116.76556,5.0
LNG,-20.6128,116.76556,4.3
LNG,-15.2539252,123.5381736,3.6
LNG,-23.7693,151.199,4.25
LNG,-23.7693,151.199,4.25
LNG,-21.633333,115.116667,7.0
LNG,-10.0,127.0,0.1
LNG,-10.0512327,130.2960983,3.0
LNG,-21.6978845,115.001141,4.45
LNG,-21.6978845,115.001141,4.45
LNG,45.548673,-61.334441,16.0
LNG,54.284,-130.417,12.0
LNG,54.284,-130.417,12.0
LNG,45.604444,-61.3675,3.0
LNG,45.604444,-61.3675,3.0
LNG,45.604444,-61.3675,3.0
LNG,45.604444,-61.3675,3.0
LNG,47.916667,-69.5,3.8
LNG,45.2114,-65.978,7.5
LNG,45.2114,-65.978,7.5
LNG,45.2114,-65.978,0.1
LNG,54.0,-128.7,3.3
LNG,50.024444,-125.2475,5.0
LNG,50.024444,-125.2475,5.0
LNG,50.024444,-125.2475,5.0
LNG,50.024444,-125.2475,5.0
LNG,53.666667,-129.133333,0.9
LNG,45.182556,-61.645528,0.1
LNG,45.182556,-61.645528,0.1
LNG,54.312194,-130.327083,15.0
LNG,54.312194,-130.327083,5.0
LNG,53.92569797,-128.7530518,6.0
LNG,53.92569797,-128.7530518,6.0
LNG,53.92569797,-128.7530518,6.0
LNG,55.466667,-129.483333,5.0
LNG,55.466667,-129.483333,5.0
LNG,55.466667,-129.483333,5.0
LNG,55.466667,-129.483333,5.0
LNG,53.9245114,-128.7515172,7.0
LNG,53.9245114,-128.7515172,7.0
LNG,53.9245114,-128.7515172,7.0
LNG,53.9245114,-128.7515172,7.0
LNG,48.422,-123.365,6.0
LNG,54.312194,-130.327083,4.0
LNG,54.312194,-130.327083,4.0
LNG,54.312194,-130.327083,4.0
LNG,54.733333,-130.4,0.1
LNG,54.312194,-130.327083,4.0
LNG,54.312194,-130.327083,4.0
LNG,54.312194,-130.327083,4.0
LNG,54.312194,-130.327083,4.0
LNG,54.312194,-130.327083,4.0
LNG,54.312194,-130.327083,4.0
LNG,54.2,-130.289,6.0
LNG,54.2,-130.289,6.0
LNG,54.2,-130.289,6.0
LNG,54.312194,-130.327083,7.0
LNG,54.312194,-130.327083,7.0
LNG,54.312194,-130.327083,7.0
LNG,46.8,-71.183333,3.6
LNG,49.233889,-124.805,6.0
LNG,49.233889,-124.805,6.0
LNG,49.233889,-124.805,6.0
LNG,49.233889,-124.805,6.0
LNG,55.935833,-129.990833,5.0
LNG,55.935833,-129.990833,1.0
LNG,55.935833,-129.990833,1.0
LNG,55.935833,-129.990833,1.0
LNG,55.935833,-129.990833,1.0
LNG,55.935833,-129.990833,1.0
LNG,46.333333,-72.433333,0.25
LNG,46.333333,-72.433333,0.25
LNG,49.666667,-124.416667,3.8
LNG,53.666667,-129.133333,2.3
LNG,54.312194,-130.327083,1.0
LNG,54.312194,-130.327083,5.0
LNG,54.312194,-130.327083,5.0
LNG,54.312194,-130.327083,5.0
LNG,54.312194,-130.327083,5.0
LNG,54.312194,-130.327083,5.0
LNG,54.312194,-130.327083,5.0
LNG,49.701722,-123.15875,2.1
LNG,38.220664,118.102097,2.0
LNG,23.576582,117.122439,1.0
LNG,23.576582,117.122439,3.0
LNG,19.977497,109.953888,12.0
LNG,38.9604,121.8841,10.0
LNG,21.58857311,108.3547283,0.6
LNG,21.58857311,108.3547283,0.4
LNG,25.2135,118.9983,5.2
LNG,25.2135,118.9983,1.3
LNG,25.3425952,119.5897406,3.0
LNG,35.027561,119.296956,3.0
LNG,22.5796,114.4345,7.7
LNG,22.5796,114.4345,0.1
LNG,21.448966,109.531699,3.0
LNG,21.448966,109.531699,3.1
LNG,21.45062981,109.5253685,6.0
LNG,19.722623,109.180655,3.0
LNG,19.722623,109.180655,3.0
LNG,22.15426872,113.9637415,6.1
LNG,22.953596,113.556552,1.5
LNG,21.876111,112.88815,3.0
LNG,21.876111,112.88815,6.0
LNG,32.528814,121.428128,3.5
LNG,32.528814,121.428128,3.5
LNG,32.528814,121.428128,3.5
LNG,32.528814,121.428128,0.0
LNG,31.932055,120.108718,3.0
LNG,31.9265543,120.1294682,2.0
LNG,22.934479,116.371427,2.0
LNG,32.526845,121.412712,3.0
LNG,37.776013,120.612407,2.8
LNG,25.10380917,119.0719378,5.65
LNG,25.10380917,119.0719378,4.35
LNG,32.041846,121.746907,1.15
LNG,32.041846,121.746907,1.43
LNG,32.041846,121.746907,1.43
LNG,32.041846,121.746907,1.0
LNG,21.95,108.616667,4.0
LNG,35.11435496,119.423449,2.0
LNG,35.11435496,119.423449,6.0
LNG,35.11435496,119.423449,5.0
LNG,32.526845,121.412712,3.0
LNG,35.58624,119.759685,3.0
LNG,35.58624,119.759685,4.0
LNG,35.58624,119.759685,4.0
LNG,30.60437,122.10244,3.0
LNG,30.6036,122.111616,3.0
LNG,30.603601,122.1136925,6.0
LNG,23.2256286,116.7944804,3.0
LNG,22.593039,114.444262,4.0
LNG,22.594055,114.4283,3.0
LNG,38.9331,118.5329,6.5
LNG,38.9331,118.5329,3.5
LNG,38.975833,117.7875,2.2
LNG,38.975833,117.7875,6.0
LNG,38.975833,117.7875,4.0
LNG,38.749154,117.714895,6.0
LNG,38.749154,117.714895,4.8
LNG,38.749154,117.714895,0.85
LNG,28.004918,121.083173,3.0
LNG,21.409594,111.28753,3.0
LNG,21.409594,111.28753,3.0
LNG,31.293674,121.707193,1.5
LNG,31.21557803,118.1084944,1.5
LNG,34.274036,120.268185,3.0
LNG,34.274036,120.268185,3.0
LNG,37.722118,121.046283,5.9
LNG,37.722118,121.046283,5.0
LNG,40.1988392,121.977137,6.2
LNG,24.265361,118.1276,3.0
LNG,29.893989,122.091771,3.0
LNG,29.893989,122.091771,3.0
LNG,29.893989,122.091771,6.0
LNG,30.100617,122.282508,3.0
LNG,30.100617,122.282508,2.0
LNG,30.100617,122.282508,5.0
LNG,22.038428,113.665254,6.0
LNG,21.90599,113.219326,3.5
LNG,21.90599,113.219326,3.5
LNG,40.683333,19.483333,8.1
LNG,51.353,3.22241,6.6
LNG,51.353,3.22241,4.7
LNG,51.353,3.22241,1.3
LNG,21.6746,72.536,15.0
LNG,21.6746,72.536,2.5
LNG,21.6746,72.536,5.0
LNG,45.211944,14.554167,7.0
LNG,17.54,73.16,5.0
LNG,17.54,73.16,7.0
LNG,17.54,73.16,3.0
LNG,45.188543,14.545081,2.6
LNG,45.188543,14.545081,0.3
LNG,45.188543,14.545081,3.2
LNG,20.821109,86.9652643,5.0
LNG,45.188543,14.545081,4.1
LNG,34.720244,33.32384,2.0
LNG,34.720244,33.32384,0.63
LNG,34.720244,33.32384,0.63
LNG,34.720244,33.32384,0.63
LNG,34.720244,33.32384,0.63
LNG,34.720244,33.32384,0.63
LNG,34.720244,33.32384,0.63
LNG,34.720244,33.32384,0.63
LNG,34.720244,33.32384,0.63
LNG,17.616667,83.233333,10.0
LNG,59.38445,24.07494,2.5
LNG,22.033333,88.1,1.0
LNG,59.50601,25.0045,4.0
LNG,21.68,87.55,3.0
LNG,60.5183139,27.1608198,6000.0
LNG,21.098,72.624,5.0
LNG,21.098,72.624,5.0
LNG,61.63817,21.39881,0.1
LNG,21.098,72.624,5.0
LNG,60.01371,23.95714,0.1
LNG,17.3040113,73.2061395,6.0
LNG,17.3040113,73.2061395,8.0
LNG,65.847366,24.152152,0.4
LNG,16.975,82.279,5.0
LNG,51.03361,2.19653,13.0
LNG,51.03361,2.19653,0.0
LNG,9.9787,76.2261,5.0
LNG,43.41963,4.90102,12.0
LNG,43.41963,4.90102,0.0
LNG,43.41963,4.90102,5.5
LNG,16.975,82.279,4.7
LNG,43.40705,4.87237,5.4
LNG,12.9331432,74.8163583,5.0
LNG,43.454,4.85167,1.2
LNG,14.82,74.135,7.0
LNG,49.65782,0.15421,7.0
LNG,22.7374322,69.6668651,5.0
LNG,47.30296,-2.14278,8.0
LNG,47.30296,-2.14278,2.5
LNG,20.8667,71.3667,5.0
LNG,20.8667,71.3667,5.0
LNG,53.516667,8.133333,5.7
LNG,34.96664,136.82288,7.5
LNG,53.9140009,8.9760945,5.0
LNG,34.96826,136.82721,10.9
LNG,37.96,23.4023,5.1
LNG,34.96245,136.8195,7.7
LNG,52.58099,-9.44246,8.25
LNG,33.617457,130.4074,0.88
LNG,45.091667,12.586111,9.0
LNG,35.3451724,139.8213313,22.9
LNG,40.64801,17.99101,6.0
LNG,40.5432392,141.5245369,1.5
LNG,43.741,13.543,4.8
LNG,41.8072,140.71292,0.2
LNG,38.46692,15.899,12.0
LNG,34.3405327,132.339621,0.9
LNG,43.644444,9.988889,5.0
LNG,43.644444,9.988889,0.0
LNG,33.9305,130.778885,2.4
LNG,33.9305,130.778885,0.1
LNG,44.07428,9.83087,2.5
LNG,44.07428,9.83087,3.5
LNG,37.99625,139.2373,8.9
LNG,37.28297,13.53774,8.0
LNG,35.4954,139.745,13.2
LNG,35.4954,139.745,6.0
LNG,37.25,15.216667,8.0
LNG,34.816667,134.683333,8.1
LNG,45.8,13.533333,6.0
LNG,34.816667,134.683333,5.5
LNG,45.61239,13.79281,5.4
LNG,36.4842787,140.618882,3.2
LNG,36.4842787,140.618882,3.2
LNG,56.948889,24.106389,3.6
LNG,56.948889,24.106389,0.1
LNG,43.20997,141.293247,4.6
LNG,55.66451,21.13762,2.9
LNG,55.66451,21.13762,2.5
LNG,37.20902,138.276978,3.2
LNG,35.8277,14.5542,0.5
LNG,31.485155,130.529533,0.2
LNG,51.971111,4.068889,16.0
LNG,51.971111,4.068889,4.0
LNG,35.01,136.697007,8.7
LNG,70.6854,23.59,4.2
LNG,42.997851,144.345032,0.5
LNG,58.9237,5.5761,0.33
LNG,34.49945,133.73324,4.3
LNG,53.909167,14.294722,3.7
LNG,53.909167,14.294722,1.2
LNG,53.909167,14.294722,2.1
LNG,32.75898,129.806367,0.2
LNG,37.9419,-8.8435,5.6
LNG,26.275375,127.811727,9.0
LNG,44.173333,28.638333,6.0
LNG,35.40423,139.6285,12.0
LNG,59.76812511,28.44062604,6.55
LNG,59.76812511,28.44062604,6.55
LNG,59.76812511,28.44062604,6.5
LNG,37.2053496,138.2770886,2.1
LNG,51.473482,140.77754,6.2
LNG,51.473482,140.77754,10.0
LNG,35.493545,139.739692,10.2
LNG,33.2707,131.7077,5.4
LNG,65.166667,57.25,4.3
LNG,34.57142,135.414,6.4
LNG,46.6288,142.9112,5.75
LNG,46.6288,142.9112,5.75
LNG,46.6288,142.9112,5.0
LNG,34.3568348,133.8367306,1.2
LNG,73.0,44.0,30.0
LNG,34.5488834,135.4284047,1.9
LNG,34.536626,135.40147,10.0
LNG,71.2733,72.0725,5.5
LNG,71.2733,72.0725,5.5
LNG,71.2733,72.0725,5.5
LNG,71.2733,72.0725,0.9
LNG,38.280128,141.025958,0.3
LNG,71.085,73.677,6.6
LNG,71.085,73.677,6.6
LNG,71.085,73.677,6.6
LNG,38.27678,141.0393,1.7
LNG,41.3394,2.1583,12.6
LNG,35.467955,139.972393,32.7
LNG,43.3612,-3.09473,5.1
LNG,35.0274,138.4978,2.9
LNG,37.57457,-0.9595,8.7
LNG,37.8501123,140.9496459,1.5
LNG,43.5696,-5.6934,8.0
LNG,33.91818,130.86609,7.6
LNG,27.851956,-15.401621,1.0
LNG,33.950745,132.12518,2.3
LNG,37.17355,-6.911,8.7
LNG,34.97726,136.666458,2.1
LNG,43.4613,-8.2395,2.6
LNG,43.4613,-8.2395,3.6
LNG,39.6329,-0.2152,6.4
LNG,28.116667,-16.566667,1.0
LNG,-38.7855,-62.2869,3.8
LNG,-38.785984,-62.316024,0.45
LNG,58.922139,17.976153,0.4
LNG,-34.641667,-58.347778,3.8
LNG,38.74443,26.895665,5.7
LNG,-34.333333,-58.816667,6.1
LNG,38.82245489,26.91411088,10.7
LNG,25.41667,-79.21667,6.42
LNG,40.99201724,27.98607026,5.9
LNG,-22.790278,-43.155556,8.1
LNG,53.283333,-4.333333,10.0
LNG,-3.546667,-38.831389,3.8
LNG,51.516,0.583,4.0
LNG,-23.936944,-46.325,2.7
LNG,51.70453,-4.99774,5.6
LNG,-32.783333,-71.533333,1.5
LNG,51.45107,0.67987,14.3
LNG,51.45107,0.67987,8.7
LNG,-23.1,-70.45,1.4
LNG,53.837,-2.861,6.0
LNG,-23.058828,-70.366058,1.5
LNG,51.7152,-5.07627,15.6
LNG,51.7152,-5.07627,4.6
LNG,-36.683333,-73.033333,2.7
LNG,54.57423,-1.23496,3.0
LNG,54.57423,-1.23496,6.0
LNG,-32.783333,-71.533333,4.0
LNG,-32.783333,-71.533333,1.83
LNG,46.623611,31.101111,7.3
LNG,10.4,-75.5,4.13
LNG,10.4,-75.5,0.52
LNG,10.4,-75.5,0.86
LNG,10.963889,-74.796389,0.5
LNG,8.75,-75.883333,0.1
LNG,18.406993,-69.628234,1.9
LNG,18.45,-69.3,1.0
LNG,13.336944,-87.843889,0.5
LNG,22.3375,-97.869444,5.7
LNG,17.927,-102.169,3.8
LNG,19.052222,-104.315833,3.8
LNG,21.28,-89.67,5.1
LNG,9.357222,-79.898611,1.5
LNG,-13.2451,-76.297,4.45
LNG,17.974167,-66.11,3.8
LNG,18.059444,-66.7225,2.0
LNG,10.18106,-61.69189,3.3
LNG,10.18106,-61.69189,3.4
LNG,10.18106,-61.69189,3.4
LNG,10.18106,-61.69189,5.2
LNG,10.18106,-61.69189,0.1
LNG,-34.883611,-56.181944,0.1
LNG,26.2104277,50.70314318,6.0
LNG,27.476111,52.6075,5.4
LNG,27.476111,52.6075,5.4
LNG,27.476111,52.6075,1.5
LNG,26.619125,52.067964,8.0
LNG,26.619125,52.067964,8.0
LNG,26.619125,52.067964,8.0
LNG,26.619125,52.067964,8.0
LNG,27.476111,52.6075,2.0
LNG,27.476111,52.6075,8.0
LNG,27.476111,52.6075,8.0
LNG,29.235481,50.31,0.5
LNG,29.55,34.95,5.0
LNG,32.45,34.916667,3.8
LNG,33.078333,33.951389,3.0
LNG,29.3752527,34.9635687,3.8
LNG,29.07137731,48.16090089,3.8
LNG,29.07137731,48.16090089,5.8
LNG,22.6586,59.40748,3.8
LNG,22.6586,59.40748,3.8
LNG,22.6586,59.40748,3.8
LNG,22.6586,59.40748,0.0
LNG,22.6586,59.40748,3.6
LNG,25.9146,51.5564,3.3
LNG,25.9146,51.5564,3.3
LNG,25.9146,51.5564,3.3
LNG,25.9107,51.5591,7.8
LNG,25.9107,51.5591,7.8
LNG,25.9013,51.5558,7.8
LNG,25.9005,51.55767,7.8
LNG,25.89027,51.5491,3.3
LNG,25.89027,51.5491,3.3
LNG,25.891,51.5457,4.7
LNG,25.891,51.5457,4.7
LNG,25.891,51.5457,4.7
LNG,25.8939,51.5418,7.8
LNG,25.8939,51.5418,7.8
LNG,25.1609,52.8766,1.7
LNG,25.1609,52.8766,1.7
LNG,25.1609,52.8766,2.6
LNG,25.266667,56.333333,8.0
LNG,25.266667,56.333333,4.8
LNG,25.266667,56.333333,4.8
LNG,25.03103,55.0667,6.0
LNG,24.1483,52.7389,3.8
LNG,13.9812,48.18115,3.6
LNG,13.9812,48.18115,3.6
LNG,-34.4814133,150.8893602,304.0
LNG,-34.769985,138.502867,1.1
LNG,37.71420204,121.0901592,0.1
LNG,29.577548,112.911354,1.5
LNG,13.7707075,121.0354947,5.0
LNG,24.766667,67.333333,4.5
LNG,37.000213,126.3788396,11.6
LNG,25.16060244,121.7349555,1.8
LNG,21.7271477,91.8797371,7.5
LNG,60.026647,29.951994,0.42
LNG,60.026647,29.951994,0.42
LNG,60.026647,29.951994,0.42
LNG,36.85099026,36.12597587,7.5
LNG,45.3098595,33.9329082,0.1
LNG,31.337395,30.300927,1.4
LNG,-22.957199,14.484443,0.1
LNG,-22.957199,14.484443,0.1
LNG,10.302279,-63.331569,4.0
LNG,10.784384,-63.183186,0.1
LNG,10.599336,-62.315522,4.7
LNG,10.599336,-62.315522,4.7
LNG,26.951056,55.752355,1.15
LNG,26.951056,55.752355,1.15
LNG,26.951056,55.752355,1.15
LNG,48.595162,-123.527441,6.0
LNG,48.441644,-70.697435,5.5
LNG,48.441644,-70.697435,5.5
LNG,42.393,-71.064,5.1
LNG,42.398986,-70.616774,3.0
LNG,42.573468,-70.665422,0.1
LNG,46.197011,-123.438761,0.1
LNG,29.265556,-88.759444,4.0
LNG,29.265556,-88.759444,4.0
LNG,29.265556,-88.759444,4.0
LNG,29.265556,-88.759444,4.0
LNG,29.265556,-88.759444,4.0
LNG,29.265556,-88.759444,4.0
LNG,28.615556,-96.629722,7.2
LNG,30.256389,-88.125278,10.7
LNG,29.370473,-94.89321,5.5
LNG,29.370473,-94.89321,5.5
LNG,29.370473,-94.89321,5.5
LNG,29.859605,-89.991638,2.0
LNG,29.859605,-89.991638,2.0
LNG,29.859605,-89.991638,2.0
LNG,29.85,-93.2,5.3
LNG,41.701389,-71.155556,6.0
LNG,39.891609,-75.1167,11.0
LNG,29.85,-93.2,27.0
LNG,41.096667,-72.881111,8.0
LNG,28.787546,-91.284707,12.0
LNG,33.754185,-118.216458,5.0
LNG,44.957541,-67.041773,0.1
LNG,45.083333,-67.083333,3.0
LNG,45.083333,-67.083333,3.0
LNG,39.219167,-76.476111,11.5
LNG,46.1764445,-123.9092231,0.5
LNG,46.1764445,-123.9092231,4.8
LNG,46.1764445,-123.9092231,4.8
LNG,40.388611,-73.609722,2.0
LNG,27.968056,-82.476389,6.4
LNG,33.774258,-118.687825,1.2
LNG,26.086022,-80.115287,8.0
LNG,40.222884,-74.010232,18.0
LNG,25.950835,-97.410844,1.6
LNG,41.653541,-76.233213,1750000.0
LNG,41.653541,-76.233213,1750000.0
LNG,16.355626,-17.745783,0.63
LNG,16.355626,-17.745783,0.63
LNG,16.355626,-17.745783,0.63
LNG,16.355626,-17.745783,0.63
LNG,16.355626,-17.745783,3.0
LNG,13.259407,80.337425,5.0
LNG,13.259407,80.337425,5.0
LNG,57.70177,11.947963,0.4
LNG,-10.843241,-36.918455,5.6
LNG,18.746498,-72.436775,0.1
LNG,25.1609,52.8766,0.5
LNG,11.482124,43.186891,3.0
LNG,11.482124,43.186891,3.0
LNG,11.482124,43.186891,4.0
LNG,6.346843,2.435208,0.5
LNG,18.463029,-77.934847,0.5
LNG,28.71836828,48.3973631,22.0
LNG,28.707347,48.377053,22.0
LNG,48.717011,-86.388657,0.1
LNG,48.784304,-87.096503,0.1
LNG,48.809983,-87.266636,0.1
LNG,49.126128,-85.828821,0.1
LNG,47.992732,-84.771015,0.1
LNG,16.167933,-95.192147,5.0
LNG,28.692,-90.81287,8.0
LNG,29.259765,-93.665566,8.0
LNG,3.904541,-77.077035,4.13
LNG,13.576094,-89.840455,2.15
LNG,40.748354,25.718754,5.5
LNG,36.133677,-5.349828,0.1
LNG,44.471734,12.248134,0.7
LNG,17.894692,-77.101154,3.6
LNG,29.60254411,32.34039475,4.2
LNG,29.60254411,32.34039475,5.7
LNG,58.274285,11.452119,0.2
LNG,-21.847897,-40.991889,5.6
LNG,61.268424,-149.91703,1.0
LNG,24.2740568,-110.3273078,0.8
LNG,19.580262,37.240723,0.1
LNG,-19.8988746,148.084116,0.5
LNG,-19.8988746,148.084116,0.5
LNG,-19.8988746,148.084116,0.5
LNG,-19.8988746,148.084116,0.5
LNG,-12.294941,124.947613,2.0
LNG,-13.85783,119.802714,3.9
LNG,-38.2247742,146.8122813,0.1
LNG,-7.2038832,112.669148,0.3
LNG,0.5453173,123.061134,0.2
LNG,0.045634,109.181164,0.1
LNG,33.984979,133.314241,1.0
LNG,20.1648761,92.8533529,0.1
LNG,-9.476749,144.765096,1.0
LNG,-9.19426,143.257609,1.5
LNG,13.7707075,121.0354947,2.2
LNG,60.523347,28.130122,0.75
LNG,60.523347,28.130122,0.75
LNG,60.523347,28.130122,2.0
LNG,60.603671,28.5496269,0.75
LNG,60.603671,28.5496269,0.75
LNG,11.5792295,104.6099912,0.6
LNG,11.5792295,104.6099912,3.0
LNG,30.681206,121.246827,1.0
LNG,37.680774,120.220284,6.0
LNG,37.680774,120.220284,14.0
LNG,33.470118,126.3233004,1.1
LNG,39.7617994,140.0547406,0.6
LNG,22.618619,114.384841,0.8
LNG,22.618619,114.384841,2.0
LNG,-36.718357,-73.102769,2.3
LNG,16.161733,-95.195759,3.0
LNG,61.130747,21.435687,0.1
LNG,53.652459,9.510382,13.3
LNG,54.181909,12.088052,0.8
LNG,51.831398,-8.322984,4.0
LNG,39.863873,8.554238,0.2
LNG,57.315,24.367,3.0
LNG,63.408456,8.693715,0.01
LNG,59.313521,5.285961,0.02
LNG,60.548447,4.834402,0.04
LNG,60.548447,4.834402,0.08
LNG,59.1875329,10.9595717,0.1
LNG,54.424696,18.73585,6.1
LNG,54.424696,18.73585,4.5
LNG,60.681256,17.182174,0.3
LNG,65.836962,13.187084,0.4
LNG,19.977562,110.057687,0.27
LNG,18.461942,-66.11091,1.1
LNG,1.832933,9.741385,0.1
LNG,-14.534204,40.656408,0.1
LNG,-10.753277,40.798272,18.0
LNG,38.365118,117.793201,3.0
LNG,28.106107,121.134782,2.0
LNG,38.08339506,119.0333177,2.0
LNG,22.83969325,113.5601836,1.0
LNG,22.83969325,113.5601836,1.0
LNG,22.611927,114.742272,4.0
LNG,22.611927,114.742272,6.0
LNG,29.70836937,122.0804155,7.18
LNG,29.70836937,122.0804155,7.82
LNG,37.6497398,120.2907759,6.5
LNG,37.6497398,120.2907759,5.5
LNG,40.160486,120.272945,2.6
LNG,40.160486,120.272945,2.5
LNG,40.160486,120.272945,2.5
LNG,36.913393,122.052635,3.0
LNG,30.594686,114.558552,1.86
LNG,20.72124,70.749983,5.0
LNG,16.975,82.279,4.0
LNG,21.918011,88.002516,3.0
LNG,10.911092,79.8438253,1.0
LNG,10.911092,79.8438253,3.0
LNG,34.978156,136.666458,6.4
LNG,40.636702,26.657427,5.6
LNG,29.905838,-112.688038,15.0
LNG,29.905838,-112.688038,15.0
LNG,31.988557,-116.846466,7.6
LNG,31.988557,-116.846466,3.25
LNG,31.988557,-116.846466,12.0
LNG,38.938745,118.541145,5.0
LNG,38.938745,118.541145,5.0
LNG,38.938745,118.541145,2.0
LNG,21.6673059,111.8346672,2.8
LNG,29.71231284,122.0687615,6.35
LNG,29.71231284,122.0687615,5.0
LNG,21.990644,114.153924,5.0
LNG,25.91869006,51.52770232,8.25
LNG,25.91869006,51.52770232,8.25
LNG,25.91869006,51.52770232,8.25
LNG,25.91869006,51.52770232,8.25
LNG,25.94493356,51.50166506,8.0
LNG,25.94493356,51.50166506,8.0
LNG,25.94493356,51.50166506,8.0
LNG,25.94493356,51.50166506,8.0
LNG,0.1,0.1,0.1
LNG,33.71339,-7.397731,0.1
LNG,-25.966562,32.506834,0.5
LNG,9.294,105.7216,2.0
LNG,40.1673615,52.7719129,0.2
LNG,34.710168,33.323549,0.1
LNG,32.614,34.808,7.0
LNG,55.02598239,20.32205413,5.11
LNG,-41.576699,-64.995007,1.2
LNG,-41.576699,-64.995007,9.0
LNG,-41.576699,-64.995007,20.0
LNG,-3.13649,-80.132792,0.38
LNG,58.804672,-122.69979,27000.0
LNG,5.272988,-4.028744,3.0
LNG,45.166111,-67.2425,7.6
LNG,26.479444,127.927778,0.8
LNG,41.823611,-71.422222,4.0
LNG,30.256389,-88.125278,8.0
LNG,42.341781,-70.877681,6.4
LNG,27.874167,-97.208333,8.0
LNG,29.763056,-93.698611,11.5
LNG,30.46,-88.62,10.0
LNG,29.281111,-94.825833,9.6
LNG,34.191389,-119.1825,11.5
LNG,33.754185,-118.216458,0.1
LNG,27.812778,-97.407222,4.0
LNG,27.812778,-97.407222,4.0
LNG,34.233333,135.166667,3.5
LNG,28.615556,-96.629722,10.0
LNG,14.253863,80.115081,1.0
LNG,39.841886,-75.299108,1.5
LNG,9.357222,-79.898611,0.1
LNG,51.264274,-8.045619,2.6
LNG,28.139483,-15.423414,0.1
LNG,40.79672,121.074382,2.8
LNG,38.738256,117.714095,5.0
LNG,38.738256,117.714095,0.0
LNG,38.738256,117.714095,0.0
LNG,-21.633333,115.116667,2.0
LNG,21.988808,90.280506,3.75
LNG,5.5648441,95.2938741,0.1
LNG,1.167769,103.99339,1.0
LNG,1.192442,124.555669,0.1
LNG,-7.196308,112.73391,3.0
LNG,-2.535173,140.718594,0.1
LNG,33.89299,130.886081,4.3
LNG,38.273591,141.005623,0.8
LNG,36.757158,137.22246,1.8
LNG,16.789024,96.120054,0.1
LNG,17.254775,94.4965,0.1
LNG,16.788223,96.218176,0.4
LNG,24.769704,67.334731,0.75
LNG,24.769704,67.334731,0.09
LNG,24.72,67.21,0.75
LNG,24.72,67.21,0.1
LNG,13.75391,121.040647,3.0
LNG,0.1,0.1,0.1
LNG,1.200281,103.672847,5.0
LNG,34.871552,127.712685,0.1
LNG,24.291471,120.510622,3.0
LNG,7.235476,100.564161,0.1
LNG,12.6610311,101.138036,5.0
LNG,12.6610311,101.138036,5.8
LNG,12.271182,100.836715,5.0
LNG,7.229648,100.573438,3.0
LNG,11.337419,108.885002,0.1
LNG,16.332683,108.020046,0.1
LNG,15.876183,108.389096,0.1
LNG,0.988745,103.433783,0.1
LNG,19.4281,93.5543,0.1
LNG,13.726365,120.99401,4.4
LNG,14.56925,97.82761,4.0
LNG,-4.302812,10.351025,0.1
LNG,42.272729,41.64131,0.1
LNG,4.0237344,8.903989,1.3
LNG,54.991963,-130.0306788,12.0
LNG,26.619125,52.067964,5.0
LNG,26.619125,52.067964,5.0
LNG,27.922867,-110.868082,4.2
LNG,27.922867,-110.868082,3.6
LNG,70.908942,74.05613,19.8
LNG,71.2733,72.0725,3.0
LNG,71.2733,72.0725,3.0
LNG,70.1734,-146.2563,4.0
LNG,40.449271,19.480761,0.1
LNG,-12.785422,-38.703511,5.6
LNG,-1.539174,-48.754139,6.0
LNG,-23.911938,-46.342196,3.7
LNG,-2.579534,-44.368472,0.1
LNG,-1.504466,-48.736698,5.11
LNG,-19.857997,-40.074054,0.1
LNG,-3.15492,-58.433795,5.11
LNG,-25.540198,-48.379359,5.11
LNG,-21.514933,-40.978918,7.67
LNG,-21.224754,-40.946933,7.3
LNG,-2.550981,-44.378683,7.67
LNG,-8.398179,-34.959574,5.11
LNG,-22.323277,-41.72313,7.67
LNG,-26.230937,-48.640791,6.0
LNG,54.49342,-128.587023,0.15
LNG,21.499546,109.524152,6.0
LNG,38.938745,118.541145,0.1
LNG,38.938745,118.541145,3.0
LNG,23.583697,117.12851,6.0
LNG,23.583697,117.12851,6.0
LNG,24.406885,118.063012,3.0
LNG,38.08339506,119.0333177,0.1
LNG,38.08339506,119.0333177,3.0
LNG,38.08339506,119.0333177,3.0
LNG,31.949128,120.007213,3.0
LNG,29.77861542,116.2638593,0.1
LNG,40.679064,122.133293,0.1
LNG,25.18252863,118.9743127,3.0
LNG,25.18252863,118.9743127,3.0
LNG,36.891775,122.437258,0.1
LNG,32.526845,121.412712,2.95
LNG,32.526845,121.412712,3.05
LNG,28.68703057,121.7892551,3.0
LNG,27.903136,121.127993,3.0
LNG,37.66856,120.275379,0.1
LNG,3.921808,-77.108302,0.1
LNG,18.958761,72.850767,5.0
LNG,34.466704,35.832663,3.5
LNG,34.281578,35.650967,0.1
LNG,33.508047,35.3422655,0.1
LNG,12.171182,-86.767115,1.3
LNG,6.450737,3.373252,5.7
LNG,13.753821,121.040525,5.0
LNG,6.117128,81.10897,1.0
LNG,0.1,0.1,0.1
LNG,25.379099,55.387511,1.0
LNG,29.77427234,-93.32394745,10.0
LNG,29.77427234,-93.32394745,10.0
LNG,10.448768,107.053334,4.4
LNG,10.7028408,107.987166,1.5
LNG,13.71335,121.06099,3.0
LNG,13.661629,121.050747,3.0
LNG,12.206079,109.215174,3.0
LNG,20.866225,106.678881,3.0
LNG,-37.847216,144.9301,4.7
LNG,-34.495401,137.481029,2.5
LNG,44.15086521,39.0370808,1.5
LNG,25.581941,-109.059196,3.0
LNG,29.597258,-89.872471,11.3
LNG,29.597258,-89.872471,11.3
LNG,29.067,-89.656,6.1
LNG,-32.118353,-52.106161,2.19
LNG,-17.647268,-71.347902,0.1
LNG,9.571215183,106.5186744,1.0
LNG,37.91092,23.063539,2.6
LNG,56.46027167,138.1529212,4.5
LNG,56.46027167,138.1529212,4.5
LNG,30.427224,122.351978,3.0
LNG,53.4356487,6.8330977,8.0
LNG,53.516667,8.133333,9.0
LNG,53.516667,8.133333,15.0
LNG,29.05902215,-89.82260253,2.8
LNG,-4.774204,11.798651,0.6
LNG,59.38445,24.07494,0.1
LNG,40.748354,25.718754,6.0
LNG,39.3512644,22.9324904,4.6
LNG,49.46222839,0.042958426,5.0
LNG,40.2893,23.025,7.3
LNG,13.7707075,121.0354947,5.3
LNG,10.653405,107.776489,6.0
LNG,47.417157,-53.875705,4.0
LNG,49.14251084,-123.0340825,0.04
LNG,49.14251084,-123.0340825,0.25
LNG,49.14251084,-123.0340825,0.65
LNG,49.14251084,-123.0340825,2.5
LNG,17.948231,-16.658219,0.1
LNG,14.6893,-17.4323,2.5
LNG,10.6523,-14.6149,0.1
LNG,10.6523,-14.6149,0.1
LNG,21.703668,91.814862,0.6
LNG,4.1485,7.5526,2.72
LNG,16.9524,82.3869,7.2
LNG,12.926024,74.81257,4.0
LNG,6.9048,79.4723,1200000.0
LNG,29.91474423,122.0033309,3.0
LNG,22.9362588,116.2506755,6.5
LNG,39.195612,8.391925,0.1
LNG,16.9944,107.1154,1.5
LNG,18.09792,106.38123,0.1
LNG,40.842386,8.399781,5.0
LNG,5.968,118.215,2.0
LNG,60.013697,23.91506,5.0
LNG,16.6181383,96.2668211,0.1
LNG,72.56577,73.847129,19.8
LNG,70.7893987,55.18380898,30.0
LNG,19.2933,-95.4018,1.4
LNG,22.6543,-97.68048,1.4
LNG,22.6543,-97.68048,1.4
LNG,22.6543,-97.68048,1.4
LNG,22.6543,-97.68048,1.4
LNG,22.6543,-97.68048,1.4
LNG,-0.71358,119.86043,2.0
LNG,9.24816,99.3268,5.0
LNG,-9.059413815,143.2072899,0.1
LNG,-6.756102427,147.0075481,0.1
LNG,-3.073070244,152.5057782,0.1
LNG,-2.227493875,146.8670599,0.1
LNG,-5.410414644,154.6902964,0.1
LNG,-5.537955404,150.1501539,0.1
LNG,-10.31947913,150.4528498,0.1
LNG,-5.232665519,145.8170959,0.1
LNG,-4.206248988,152.1695425,0.1
LNG,-3.553417519,143.6468213,0.1
LNG,-6.12657885,141.2998883,0.1
LNG,-7.415430904,144.2560886,0.1
LNG,20.45638,106.60887,1.0
LNG,0.448,106.709,6.0
LNG,9.960177,106.641855,0.1
LNG,20.6708553,106.7137204,0.1
LNG,54.153332,13.645319,5.7
LNG,24.7718,67.3119,0.1
LNG,-20.105785,57.420697,0.1
LNG,39.837705,-75.370597,7.0
LNG,-2.589554,-44.36869,7.67
LNG,9.384621,-79.88305,1.1
LNG,17.136679,-61.751593,0.1
LNG,53.9140009,8.9760945,8.0
LNG,-7.728885891,113.2170407,0.1
LNG,53.65265343,9.515232997,6.0
LNG,21.999205,90.305597,7.5
LNG,-10.753277,40.798272,3.0
LNG,17.9929,-16.0268,10.0
LNG,14.6869,-17.42709,10.0
LNG,19.696041,-71.726787,1.0
LNG,44.48283,12.291482,5.0
LNG,42.932151,10.54641,5.0
LNG,53.516667,8.133333,4.5
LNG,54.153332,13.555555,5.0
LNG,51.637811,3.6295,7.5
LNG,51.345151,3.84763,0.1
LNG,44.188527,28.652581,0.1
LNG,42.275558,41.63284,0.1
LNG,42.093367,19.081096,0.4
LNG,24.812582,66.972761,0.1
LNG,24.834334,66.977824,1.0
LNG,24.13523,52.65226,4.8
LNG,24.13523,52.65226,4.8
LNG,39.77782265,124.1156083,0.1
LNG,-0.632279,8.71253,0.7
LNG,23.76501757,120.168057,6.0
LNG,32.53018763,121.418122,6.5
LNG,22.65172362,115.5691341,0.1
LNG,22.51902521,120.3136864,6.0
LNG,69.27668704,33.61763022,6.8
LNG,69.27668704,33.61763022,6.8
LNG,69.27668704,33.61763022,6.8
LNG,43.01687529,132.3202986,7.0
LNG,18.119088,-94.406895,0.6
LNG,10.088111,-64.862283,0.1
LNG,12.435298,-69.920293,0.1
LNG,25.004188,-77.538844,0.1
LNG,-12.540309,130.960794,6.6
LNG,-22.928227,-43.857039,2.7
LNG,-18.291312,121.98236,0.1
LNG,-25.445703,-48.692089,2.19
LNG,-2.533597,-44.378089,4.38
LNG,-4.59022,11.470348,2.4
LNG,-10.9,41.2,3.4
LNG,4.191751,5.771377,0.1
LNG,-28.8,32.1,2.0
LNG,-28.8,32.1,3.0
LNG,54.318709,-130.320017,0.3
LNG,29.575938,-89.816741,4.0
LNG,29.039441,-89.9921,2.1
LNG,29.039441,-89.9921,2.1
LNG,29.819501,-85.310654,0.01
LNG,35.501837,129.396566,2.4
LNG,35.501837,129.396566,4.8
LNG,36.96132,126.839859,3.5
LNG,57.271545,-5.726805,0.22
LNG,56.022485,-3.676664,5.0
LNG,51.826809,-8.232798,3.0
LNG,19.307579,105.820986,1.2
LNG,5.967844,-56.990446,2.7
LNG,7.5389,115.881,2.0
LNG,54.478384,13.598351,0.1
LNG,54.478384,13.598351,13.5
LNG,21.520521,91.869445,0.1
LNG,22.2337,91.866,0.1
LNG,21.7281,91.8896,0.1
LNG,19.301786,84.966246,4.0
LNG,19.301786,84.966246,5.0
LNG,-7.371,113.2767,0.1
LNG,-2.372162,133.228061,1.2
LNG,14.0569,121.86168,0.1
LNG,31.82350221,120.8224608,3.0
LNG,61.78134376,130.5533017,0.18
LNG,61.78134376,130.5533017,0.35
LNG,64.4031577,40.82721591,0.08
LNG,64.4031577,40.82721591,0.08
LNG,71.235,71.546,20.0
LNG,73.153613,80.405868,50.0
LNG,29.89550003,48.43587509,1.0
LNG,-8.746641,144.82941,0.75
LNG,35.25496897,-3.177765712,0.1
LNG,23.6578,-15.9424,0.1
LNG,29.105833,-90.194444,10.0
LNG,29.105833,-90.194444,10.0
LNG,-7.086928,112.602216,0.1
LNG,-2.977698,124.539938,2.3
LNG,10.890206,103.40311,0.1
LNG,14.2296,121.7558,1.1
LNG,5.550936,5.083679,3.0
LNG,4.247571,5.600936,3.0
LNG,4.698139,7.159439,1.4
LNG,54.57423,-1.23496,6.0
LNG,40.1988392,121.977137,6.2
LNG,16.15999,-95.209909,0.34
LNG,0.1,0.1,2.45
LNG,19.437793,105.768091,0.1
LNG,20.823732,106.796686,0.7
LNG,20.823732,106.796686,0.5
LNG,-38.784331,-62.299546,5.84
LNG,19.015597,-104.273765,4.0
