Color by,Project Name,State Name,Type Name,Company,Country Name,DOE Support,If State,Location,Other,Plant,Project Date,Project ID,Project Link,Project Name,Status Detail Name,Status Name,Technology Name,Unit Base Name 1,Avg. Icon Size,Latitude,Longitude,Distinct count of Project ID,Major Injection Amount
Unidentified,Lost Cabin Gas Plant CCS Project,Wyoming,Capture,"ConocoPhillips, Denbury",United States,Other Support,,Lost Cabin,The Lost Creek Gas Plant began separating and capturing CO2 from the nearby Madden Gas Field in 1995. The PCOR Development Phase project at Belle Creek oil field began to utilize CO2 from this source in 2013 for EOR/CO2 storage.,Lost Cabin Gas Plant,,387,https://www.uwyo.edu/eori/_files/co2conference07/brent_lohnes_conocophillips_eori.pdf,Lost Cabin Gas Plant CCS Project,Plant in Operation,,,,1,43.293203937,-107.602147593,1,
Potential,Northern Michigan Basin Carbonsafe Integrated Pre-Feasibility Project,Ohio,Storage,Battelle Memorial Institute,United States,Other Support,", Ohio",northern Michigan Basin,Battelle will carry out studies to establish the feasibility of developing an integrated commercial-scale carbon capture and storage (CCS) site that will utilize deep geologic strata in the Northern Michigan Basin.,,1/1/2017,358,https://www.netl.doe.gov/research/coal/project-information/proj?k=FE0029276,Northern Michigan Basin Carbonsafe Integrated Pre-Feasibility Project,Planning,Potential,,,1,44.7241,-85.522351,1,
Potential,North Dakota Integrated Carbon Storage Complex Feasibility Study,North Dakota,Storage,Energy & Environmental Research Center - University of North Dakota,United States,DOE Supported,", North Dakota",Broom Creek Formation,Determine the feasibility of developing a commercial-scale CO2 geologic storage complex in the Broom Creek Formation in central North Dakota.,,6/1/2017,368,https://www.netl.doe.gov/research/coal/project-information/proj?k=FE0029488,North Dakota Integrated Carbon Storage Complex Feasibility Study,Planning,Potential,,,1,47.197797,-101.6796,1,
Potential,Nebraska Integrated Carbon Capture and Storage Pre-Feasibility Study,North Dakota,Storage,Energy & Environmental Research Center - University of North Dakota,United States,DOE Supported,", North Dakota",western Nebraska,Explore the viability of a commercial-scale carbon capture storage (CCS) project in western Nebraska.,,1/1/2017,367,https://www.netl.doe.gov/research/coal/project-information/proj?k=FE0029186,Nebraska Integrated Carbon Capture and Storage Pre-Feasibility Study,Planning,Potential,,,1,41.158381,-101.127248,1,
Potential,"Integrated Pre-Feasibility Study of a Commercial-Scale Commercial Carbon Capture Project in Formations of the Rock Springs Uplift, Wyoming",Wyoming,Storage,University of Wyoming,United States,DOE Supported,", Wyoming",Rock Springs Uplift,"Perform a phase I pre-feasibility assessment for secure, commercial-scale CO2 capture and storage at the Rock Springs Uplift (RSU), Wyoming.",,3/1/2017,371,https://www.netl.doe.gov/research/coal/project-information/proj?k=FE0029302,"Integrated Pre-Feasibility Study of a Commercial-Scale Commercial Carbon Capture Project in Formations of the Rock Springs Uplift, Wyoming",Planning,Potential,,,1,41.577869,-109.207281,1,
Potential,Integrated Mid-Continent Stacked Carbon Storage Hub,Nebraska or Kansas,Storage,Battelle Memorial Institute,United States,DOE Supported,Nebraska or Kansas,,"This project is to study the pre-feasibility of an integrated CO2 storage hub in the mid-continent region of the United States, with the ultimate objective of storing anthropogenic CO2.",,2/1/2017,357,https://www.netl.doe.gov/research/coal/project-information/proj?k=FE0029264,Integrated Mid-Continent Stacked Carbon Storage Hub,Planning,Potential,,,1,40.341002,-97.793843,1,
Potential,"Integrated Commercial Carbon Capture and Storage PreFeasibility Study at Dry Fork Station, Wyoming",Wyoming,Storage,University of Wyoming,United States,DOE Supported,", Wyoming",Dry Fork Station,Identify saline storage opportunities proximal to the Dry Fork Station (DFS) power plant in the Powder River Basin.,Dry Fork Station,3/1/2017,372,https://www.netl.doe.gov/research/coal/project-information/proj?k=FE0029375,"Integrated Commercial Carbon Capture and Storage PreFeasibility Study at Dry Fork Station, Wyoming",Planning,Potential,,,1,44.388915,-105.461027,1,
Potential,Integrated CCS Pre-Feasibility in the Northwest Gulf of Mexico,Texas,Storage,University of Texas at Austin,United States,DOE Supported,", Texas",Gulf of Mexico,"Demonstrate that saline and depleted hydrocarbon storage reservoirs within a storage complex can store industrial CO2 emissions safely, permanently, and economically.",,2/1/2017,369,https://www.netl.doe.gov/research/coal/project-information/proj?k=FE0029487,Integrated CCS Pre-Feasibility in the Northwest Gulf of Mexico,Planning,Potential,,,1,29.17706,-94.707493,1,
Potential,Integrated Carbon Capture and Storage in the Louisiana Chemical Corridor,Louisiana,Storage,Louisiana State University,United States,DOE Supported,", Louisiana",Chemical Corridor,Conduct a detailed sub-basinal evaluation of the potential for CO2 storage in both depleted oil and gas fields and saline reservoirs in South Louisiana.,,2/1/2017,364,https://www.netl.doe.gov/research/coal/project-information/proj?k=FE0029274,Integrated Carbon Capture and Storage in the Louisiana Chemical Corridor,Planning,Potential,,,1,30.075864,-91.161065,1,
Potential,Integrated Carbon Capture and Storage in Kansas,Kansas,Storage,University of Kansas Center for Research,United States,DOE Supported,", Kansas",Kansas,"Conduct a feasibility study of three of Kansas largest CO2 point sources, nearby storage sites (with greater than 50 million metric tons capacity), and potential CO2 transportation networks.",,3/1/2017,366,https://www.netl.doe.gov/research/coal/project-information/proj?k=FE0029474,Integrated Carbon Capture and Storage in Kansas,Planning,Potential,,,1,37.258813,-97.4817,1,
Potential,Hassi Touareg Project,Ouargla Province,Storage,Schlumberger,Algeria,Other Support,", Ouargla Province",Hassi Touareg,,Commercial Source,,1,http://globalenergyobservatory.org/geoid/40145,Hassi Touareg Project,Site Characterization,Potential,,,1,30.565029,6.433333,1,
Potential,"Establishing An Early Carbon Dioxide Storage (ECO2S) Complex in Kemper County, Mississippi: Project ECO2S",Mississippi,Storage,Southern States Energy Board,United States,DOE Supported,", Mississippi",Kemper County,"Demonstrate that the subsurface adjacent to the Kemper County energy facility has the potential to store commercial volumes of CO2 safely, permanently, and economically within a regionally significant saline reservoir system.",,3/1/2017,365,https://www.netl.doe.gov/research/coal/project-information/proj?k=FE0029465,"Establishing An Early Carbon Dioxide Storage (ECO2S) Complex in Kemper County, Mississippi: Project ECO2S",Planning,Potential,,,1,32.746504,-88.647387,1,
Potential,CarbonSAFE Illinois Macon County,Illinois,Storage,Illinois State Geological Survey,United States,DOE Supported,", Illinois",Christian County,"The project willl work to establish the feasibility of a commercial-scale CO2 geologic storage complex within the Mt. Simon sandstone formation located in Macon County, Illinois.",,4/1/2017,362,https://www.netl.doe.gov/research/coal/project-information/proj?k=FE0029381,CarbonSAFE Illinois Macon County,Planning,Potential,,,1,39.845347,-88.953416,1,
Potential,CarbonSAFE Illinois East Sub-Basin,Illinois,Storage,Illinois State Geological Survey,United States,DOE Supported,", Illinois",east sub-basin of the Illinois Basin,Conduct a pre-feasibility assessment for commercial-scale CO2 geological storage complexes in the East sub-basin of the Illinois Basin.,,3/1/2017,363,https://www.netl.doe.gov/research/coal/project-information/proj?k=FE0029445,CarbonSAFE Illinois East Sub-Basin,Planning,Potential,,,1,39.800683,-87.975712,1,
Potential,California CO2 Storage Assurance Facility Enterprise (C2SAFE),California,Storage,EPRI - Electric Power Research Institute,United States,Other Support,", California",southern San Joaquin Valley,"Conduct an initial assessment of the southern San Joaquin Valley (SSJV) in California, specifically, of the technical, economic, social, and regulatory challenges and solutions related to the development of a commercial-scale, integrated CCS facility.",,2/1/2017,361,https://www.netl.doe.gov/research/coal/project-information/proj?k=FE0029489,California CO2 Storage Assurance Facility Enterprise (C2SAFE),Planning,Potential,,,1,35.385317,-119.297308,1,
Potential,ZENG Worsham-Steed,Texas,Capture & Storage,CO2 Global,United States,Other Support,", Texas",Worsham-Steed," Technology development, process design and engineering began in 2007.  May lead to development of a larger 200+ MW plant if successful.",ZENG Worsham-Steed,1/1/2007,179,https://sequestration.mit.edu/tools/projects/worsham_steed.html,ZENG Worsham-Steed,Plant Design,Potential,,Tonnes per Day,1,32.461351,-97.890919,1,870
Potential,Yulin Coal to Chemicals CCS,Shaanxi Province,Capture & Storage,Shenhua Group,China,Other Support,", Shaanxi Province",Yulin City,Shenhua and Dow would likely form a 50:50 joint-venture company to build and operate the project which is planned to produce a large number of different chemicals. This project is still in the early stages of development.,New coal to chemical plant,1/1/2017,334,https://sequestration.mit.edu/tools/projects/Yulin.html,Yulin Coal to Chemicals CCS,Planning,Potential,Solvents,Tonnes per Day,1,38.237528,109.717015,1,"5,480"
Potential,White Rose CCS Project,North Yorkshire,Capture & Storage,Capture Power Limited,United Kingdom,Other Support,", North Yorkshire","Drax, Selby","On November 25, 2015, the UK announced that it was cancelling the UK £1bn CCS Competition. To date there has been no announcement of the project's current status.",Drax Power Station,9/1/2014,338,https://sequestration.mit.edu/tools/projects/white_rose.html,White Rose CCS Project,Permitting,Potential,Oxy-fuel Combustion,,1,53.744732,-0.998704,1,
Potential,Riley Ridge Gas Plant,Wyoming,Capture & Storage,"Denbury Onshore, LLC",United States,Other Support,", Wyoming",Big Piney,Initial development plans for CO2 capture from the Riley Ridge Gas plant envisaged a 2015-17 start-up date. Denbury has indicated that the new plan is for a 2020 development time-line,Riley Ridge Gas Plant,1/1/2020,347,http://www.zeroco2.no/projects/riley-ridge-gas-plant-eor,Riley Ridge Gas Plant,Planning,Potential,Amines,,1,42.4756,-110.489,1,
Potential,Poza Rica EOR Project,Veracruz,Capture & Storage,Comisión Federal de Electricidad (CFE),Mexico,Other Support,", Veracruz",Tuxpan,"Inititial proposal was to run the demonstration project in the Tuxpan Power Plant that would be refitted to use coal as primary source. Due to CFE strategic decisions, it was decided to have the CCS project in the NGCC Power Plant located at Poza Rica",Poza Rica Power Plant,1/1/2009,302,http://eventos.iingen.unam.mx/CCSworkshops/ponenciasMEXICO2012/LACYPresentacionMONITORINGPOZARICA.pdf,Poza Rica EOR Project,Planning,Potential,Amines,Tonnes per Day,1,20.526377,-97.491807,1,8
Potential,Petrom Zero Emissions Plant (ZEP),Prahova County,Capture & Storage,Petrom E&P,Romania,Other Support,", Prahova County",Brazi,Performing a feasibility study to design a zero emission plant. The plant will be supplied with CO2 rich gas from one of Petroms fields.  CO2 from plant will be reinjected into an oil field for EOR.,Petrom Zero Emissions Plant,1/1/2009,317,http://petrom.webstyler.ro/pdffiles/Climate-change-52-EN.pdf,Petrom Zero Emissions Plant (ZEP),Engineering design,Potential,Oxy-fuel Combustion,,1,45.929741,22.848412,1,
Potential,North Bohemia Clean Coal Project,Usti nad Labem,Capture & Storage,CEZ Group,Czech Republic,Other Support,", Usti nad Labem",North Bohemia,CEZ Group is planning to join a planned construction of demonstration low-emission units within the EU.,[new plant],1/1/2015,191,http://www.cez.hu/en/news/764.html,North Bohemia Clean Coal Project,Plant Design,Potential,,% Reduction,1,50.086012,14.43126,1,15
Potential,Masdar CCS Project,Abu Dhabi,Capture & Storage,Abu Dhabi Future Energy Company,United Arab Emirates,Other Support,", Abu Dhabi","Emirates Steel, Mussafah;  UAE (United Arab Emirates) Khalifa Port; Industrial Zone (KPIZ) Taweelah","Capture 5 million t/y of CO2 gas from 3 sources: a gas-fired power plant, an aluminum smelter both located at Taweelah and a steel mill located at Mussafah.  Captured CO2 to be sold, piped, and used for EOR.  Phase 1 is capture from steel mill.","Emirates Steel's Mussafah rolling mill, a gas fired power plant, aluminum smelter,EMAL Powerplant",1/1/2015,262,http://www.zeroco2.no/projects/masdar-initiative-ccs-projects,Masdar CCS Project,Developing Infrastructure,Potential,Amines,Tonnes per Day,1,24.22123,54.466994,1,"11,782"
Potential,Ledvice CEZ Capture and Storage Project,Usti nad Labem,Capture & Storage,CEZ Group,Czech Republic,Other Support,", Usti nad Labem",Ledvice,CEZ Group is proposing that the Czech Republic utilize part of its emission credits (Kyoto Protocol) to design CCS technologies for the Ledvice power plant.,Ledvice Power Plant,1/1/2013,190,http://globalenergyobservatory.org/geoid/40321,Ledvice CEZ Capture and Storage Project,Plant in Operation,Potential,,,1,50.575824,13.77955,1,
Potential,Jamestown BPU,New York,Capture & Storage,Jamestown BPU,United States,Other Support,", New York",Jamestown,"Proposal is to add-on to long-planned Circulating Fluidized Bed (CFB) combustion unit added to existing plant, replacing two older coal-fired boilers.",Samuel J. Carlson Generating Station,1/1/2013,121,No specific project link identified.,Jamestown BPU,Permitting,Potential,,% Reduction,1,42.099197388,-79.238273621,1,98
Potential,ICO2N Network,Alberta,Capture & Storage,ICO2N,Canada,Other Support,", Alberta",Alberta,The proposed Integrated CO2 Network targets large sources of industrial CO2 emissions in Alberta including coal-fired electrical generation and energy production. The CO2 will be captured and transported to geological sites for sequestration or EOR.,Commercial Source,1/1/2007,25,http://www.zeroco2.no/projects/developers/ico2n,ICO2N Network,Developing Infrastructure,Potential,,,1,51.113532,-114.112924,1,
Potential,Galilee Power Project,Queensland,Capture & Storage,Waratah Coal,Australia,Other Support,", Queensland",Galilee Basin,Project will construct a 900 MW coal fired power plant that incorporates carbon capture and storage.,Galilee Power Station,9/1/2009,314,https://www.statedevelopment.qld.gov.au/assessments-and-approvals/galilee-basin-power-station.html,Galilee Power Project,Developing Infrastructure,Potential,,,1,-23.473166,146.551237,1,
Potential,Dongguan Taiyangzhou IGCC,Guangdong Province,Capture & Storage,Dongguan Taiyangzhou Power Corporation,China,Other Support,", Guangdong Province",Dongguan,"Proposed Construction of a 750 MW IGCC powerplant with pre-combustion CO2 capture, 150 KM transport to EOR field in Shangdong Province.",Dongguan Taiyangzhou Plant,1/1/2016,340,https://sequestration.mit.edu/tools/projects/dongguan.html,Dongguan Taiyangzhou IGCC,Planning,Potential,Cryogenic,Tonnes per Day,1,23.002269,113.750935,1,"2,740"
Potential,Don Valley CCS Power Project,South Yorkshire,Capture & Storage,Sargas,United Kingdom,Other Support,", South Yorkshire",Yorkshire,The project has completed a FEED study and received planning approval. Bought by SARGAS in July 2014.  SARGAS plans to switch to natural gas fuel.,Don Valley Power Plant,2/1/2009,310,https://sequestration.mit.edu/tools/projects/don_valley.html,Don Valley CCS Power Project,Planning,Potential,Cold Methanol (Rectisol),Tonnes per Day,1,53.591456,-1.020039,1,"13,700"
Potential,Dagang Huashi Power CCS + EOR,,Capture & Storage,Tianjin DaGang Huashi,China,Other Support,,Tianjin,Dagang will use one of its two 330MW power units to demonstrate the capture of CO2 and then transport the CO2 for sequestration and EOR.,DaGang Huashi Power Plant,1/1/2012,39,http://www.spacedaily.com/reports/EESTech_And_Dagang_Power_Sign_MOU_For_Carbon_Capture_Project_999.html,Dagang Huashi Power CCS + EOR,Planning,Potential,,Tonnes per Day,1,39.051371,117.412391,1,"6,165"
Potential,ConocoPhillips - Immingham pre-combustion Project,North Yorkshire,Capture & Storage,ConocoPhillips,United Kingdom,Other Support,", North Yorkshire",South Killingholme,"A feasability study is looking at coal to hydrogen expansion at the Immingham CHP.  CO2 will be captured, transported, and stored below the North Sea.",Immingham Combined Heat and Power Plant,7/1/2009,47,No specific project link identified.,ConocoPhillips - Immingham pre-combustion Project,Developing Infrastructure,Potential,,Tonnes per Day,1,53.633126,-0.24317,1,"20,550"
Potential,China Resources Power (Haifeng) Integrated Carbon Capture and Sequestration Demonstration Project,Guangdong Province,Capture & Storage,China Resources Power (CRP),China,Other Support,", Guangdong Province",Shanwei,Injects in a CO2 storage site in a deep saline formation in the South China Sea for permanent storage or for EOR.,China Resources Power (CRP) & China National Offshore Oil Corporation (CNOOC),1/1/2019,346,https://www.globalccsinstitute.com/projects/china-resources-power-haifeng-integrated-carbon-capture-and-sequestration-demonstration-project,China Resources Power (Haifeng) Integrated Carbon Capture and Sequestration Demonstration Project,Planning,Potential,Amines,Tonnes per Day,1,22.7724,115.352,1,"2,740"
Potential,Carbonsafe Rocky Mountain Phase I: Ensuring Safe Subsurface Storage of Carbon Dioxide in the Intermountain West,Utah,Capture & Storage,University of Utah,United States,DOE Supported,", Utah",Castle Dale,Identify the conditions and attributes that will facilitate feasible and practical commercial-scale carbon capture and storage.,,3/1/2017,370,https://www.netl.doe.gov/research/coal/project-information/proj?k=FE0029280,Carbonsafe Rocky Mountain Phase I: Ensuring Safe Subsurface Storage of Carbon Dioxide in the Intermountain West,Planning,Potential,,,1,39.107347,-110.867393,1,
Potential,CAB-CS: Central Appalachian Basin CarbonSAFE Integrated Pre-Feasibility Project,Ohio,Capture & Storage,Battelle Memorial Institute,United States,Other Support,", Ohio",central Appalachian Basin,This project will will perform pre-feasibility studies for an integrated commercial-scale carbon capture and storage (CCS) site that will utilize deep geologic strata in the Central Appalachian Basin.,,2/1/2017,359,https://www.netl.doe.gov/research/coal/project-information/proj?k=FE0029466,CAB-CS: Central Appalachian Basin CarbonSAFE Integrated Pre-Feasibility Project,Planning,Potential,,,1,40.271999,-81.859679,1,
Potential,Shenhua Ningxia CTL Project,Ningxia Hui Autonomous Region,Capture,Shenhua Group Corporation,China,Other Support,", Ningxia Hui Autonomous Region",Yinchuan,Coal gasification (using Seimen's IGCC to syngas process) to produce hydrocabon liquids/gases and to capture 2 million tonnes per annum (Mtpa) CO2 using physical solvent-based absorption process. CO2 capture date to start 2020.,Shenhua Ningxia Coal to Liquids,1/1/2020,350,https://www.netl.doe.gov/publications/proceedings/08/CO2E/PDF/session%201/2008.5.Hangzhou%20CO2%20forum-EN.pdf,Shenhua Ningxia CTL Project,Planning,Potential,Solvents,,1,38.5318,106.249,1,
Potential,Shanxi International Energy Oxyfuel Project,Shaanxi Province,Capture,"Shanxi International Energy Group Company, Ltd (SIEG)",China,Other Support,", Shaanxi Province",Taiyuan,Air Products perfromed the feasibility and cost study in 2014. No further info regarding the project.,SIEG Power Plant in Taiyuan,1/1/2020,342,http://www.globalccsinstitute.com/project/shanxi-international-energy-group-ccus-project,Shanxi International Energy Oxyfuel Project,Planning,Potential,Oxy-fuel Combustion,Tonnes per Day,1,37.778832,112.474995,1,"6,850"
Potential,Hodonin CO2 Separation Project,South Moravian Region,Capture,CEZ Group,Czech Republic,Other Support,", South Moravian Region",Hodonin,"CEZ is considering two localities for modern low-emission lignite-biomass technologies, Hodonin and North Bohemia.",Hodonin Power Plant,1/15/2015,333,http://www.cez.hu/en/news/764.html,Hodonin CO2 Separation Project,Planning,Potential,,,1,48.848936,17.132222,1,
Hold,HARP-Heartland Area Redwater Project,Alberta,Storage,ARC Resources,Canada,Other Support,", Alberta",between Fort McMurray and Edmonton,"The Heartland Area Redwater Project, located in the Heartland Region of Alberta (Canada), aims to demonstrate the feasibility of CO2 storage in onshore carbonate rocks in North America (the Redwater Leduc Reef). Effort on hold pending CO2 legislation.",Multiple source possibilities,1/1/2008,232,http://www.zeroco2.no/projects/heartland-area-redwater-storage-project-harp,HARP-Heartland Area Redwater Project,Site Characterization,Hold,,Tonnes Total,1,53.945484,-113.067108,1,"100,000"
Hold,Altmark Sequestration,Saxony-Anhalt,Storage,Vattenfall,Germany,Other Support,", Saxony-Anhalt",Salzwedel,"The project is an EGR project to be performed in Europe's second-largest natural gas field - the Altmark gas field. The program plans to control old wells, along with advancement of monitoring techniques, process modelling, and risk assessment.",Vattenfall's CO2 Test Facility,1/1/2015,53,https://publications.lbl.gov/islandora/object/ir%3A127000,Altmark Sequestration,Developing Infrastructure,Hold,,Tonnes Total,1,52.83368,11.154315,1,"100,000"
Hold,ULCOS Florange,Lorraine,Capture & Storage,ArcelorMittal,France,Other Support,", Lorraine",Florange,"Project was to store over 700,000 tonnes/year and is considered cancelled. The overall effort was to reduce current CO2 emissions from steel making by 50%.",Steel Plant,1/1/2004,247,https://sequestration.mit.edu/tools/projects/ulcos.html,ULCOS Florange,Developing Infrastructure,Hold,Solid sorbent,Tonnes per Day,1,49.323907,6.091537,1,"1,370"
Hold,Sinopec Qilu Petrochemical CCS Project,Shandong Province,Capture & Storage,Qilu Petrochemical Company (subsidiary of Sinopec),China,Other Support,", Shandong Province",Zibo,"Three GE gasifiers supply syngas to fertilzer mfg. The next project would capture and compress CO2 for EOR use, after transportation of 47 miles.",Sinopec Qilu Petrochemical CCS Project,12/1/2017,351,http://www.globalccsinstitute.com/projects/sinopec-qilu-petrochemical-ccs-project,Sinopec Qilu Petrochemical CCS Project,Engineering design,Hold,Cold Methanol (Rectisol),Tonnes per Day,1,37.4142,118.607,1,"1,370"
Hold,Sargas Husnes Norwegian Clean Coal Plant Project,Møre og Ramsdal,Capture & Storage,Sargas,Norway,Other Support,", Møre og Ramsdal",Husnes, The plant has been on hold since 2008. Was to capture about 2.6 million tonnes of CO2/yr for EOR in North Sea oil fields.,400-MW coal-fired Power Plant,1/1/2011,77,https://sequestration.mit.edu/tools/projects/sargas_husnes.html,Sargas Husnes Norwegian Clean Coal Plant Project,Planning,Hold,,Tonnes per Day,1,59.85858,5.740327,1,"7,124"
Hold,RWE IGCC Plant with CO2 Storage,North Rhine - Westphalia,Capture & Storage,RWE Power,Germany,Other Support,", North Rhine - Westphalia",Hürth (Huerth),"The project will be a large scale coal fired power plant that combines coal gasification (IGCC), CO2 separation, and CO2 storage in a saline aquifer. CO2 will be delivered to the storage site through a 540 km pipeline.",RWE Power IGCC Plant,1/1/2014,55,http://www.rwe.com/web/cms/en/2688/rwe/innovations/power-generation/clean-coal/igcc-ccs-power-plant/,RWE IGCC Plant with CO2 Storage,Permitting,Hold,,Tonnes per Day,1,50.863656,6.838015,1,"7,124"
Hold,Porto Tolle,Rovigo Province,Capture & Storage,Enel,Italy,DOE Supported,", Rovigo Province",Rovigo,"Due to permitting and legislation issues, the final investment decision has been delayed until 2016.",Coal/Biomass Power Plant,12/31/2012,248,https://sequestration.mit.edu/tools/projects/enel_porto_tolle.html,Porto Tolle,Permitting,Hold,Solvents,Tonnes per Day,1,44.955975,12.488261,1,"2,740"
Hold,PCOR Development Phase - Ft. Nelson Project,British Columbia,Capture & Storage,Energy & Environmental Research Center - University of North Dakota,Canada,DOE Supported,", British Columbia",Ft. Nelson,The Fort Nelson project will utilize more than one million tons of CO2 per year captured from one of the largest gas processing plants in North America.  The CO2 will be compressed and transported in pipeline to the injeciton site.,Ft. Nelson Plant,1/1/2007,133,https://www.undeerc.org/pcor/co2sequestrationprojects/FortNelson.aspx,PCOR Development Phase - Ft. Nelson Project,Planning,Hold,Amines,Tonnes per Day,1,58.653455,-122.689083,1,"5,480"
Hold,Nuon Magnum IGCC Plant with Capture Option,Gronigen,Capture & Storage,Nuon,Netherlands,DOE Supported,", Gronigen",Esemshaven," In 2011 Nuon said it was postponing coal gasification technology, to at least 2020.",Nuon Magnum,1/1/2012,70,http://cleancoal.polsl.pl/pdf/Berkhout.pdf,Nuon Magnum IGCC Plant with Capture Option,Developing Infrastructure,Hold,Solvents,,1,53.447939,6.853228,1,
Hold,Moomba Cooper Basin Carbon Storage Project,South Australia state,Capture & Storage,Santos,Australia,Other Support,", South Australia state",Cooper Basin,Moomba Carbon Storage (MCS) project is planning to store CO2 (20 million tonnes per year for over fifty years) in the Cooper Basin in central Australia that includes EOR.,Santos Moomba Facility,1/1/2010,14,https://www.santos.com/media-centre/announcements/moomba-carbon-storage-demonstration-project/,Moomba Cooper Basin Carbon Storage Project,Site Characterization,Hold,,Tonnes per Day,1,-28.113216,140.206906,1,"54,800"
Hold,Mesaba Energy Project,Minnesota,Capture & Storage,Excelsior Energy Inc.,United States,DOE Supported,", Minnesota",Taconite,The plant will use ConocoPhillips E-Gas technology for gasification of coal.  Primary and backup sites have been selected.,Mesaba Coal IGCC,1/1/2012,112,http://www.startribune.com/excelsior-energy-buys-land-for-power-plant-near-taconite-minn/184157431/,Mesaba Energy Project,Permitting,Hold,ConocoPhillips E-Gas Gasification,Tonnes per Day,1,47.30176,-93.371553,1,"12,330"
Hold,Lima Polygen,Ohio,Capture & Storage,Global Energy,United States,Other Support,", Ohio",Lima,"Primary production of the Lima Energy IGCC project will be 540 megawatts (MW) of electrical power, 26 BCF/year of synthetic natural gas and 6 million SCF/day of hydrogen. The CO2 will be used for sequestration or EOR.",Lima IGCC,1/1/2013,124,http://www.limaohio.com/news/149379/lima-energy-applied-for-certificate-with-plans-to-transfer-it,Lima Polygen,Permitting,Hold,,Tonnes per Day,1,40.717629,-84.111123,1,"7,672"
Hold,Karsto NGCC Capture Project,Rogaland,Capture & Storage,Norwegian Government,Norway,Other Support,", Rogaland",Karsto,The Karsto NGCC Power plant will have a CO2 capture pilot plant connected to the facility to demonstrate CO2 capture and seabed or EOR storage. Delayed in 2009 with no update on when it will start.,Karsto NGCC Pilot Plant,1/1/2009,75,http://sequestration.mit.edu/tools/projects/naturkraft_karsto.html,Karsto NGCC Capture Project,Plant Design,Hold,Aker Kvaerner's Just Catch technology,Tonnes per Day,1,59.280426,5.523822,1,274
Hold,Japan-China EOR Project,Heilongjiang Province,Capture & Storage,Chinese Government,China,Other Support,", Heilongjiang Province",Hearbin,CO2 captured from a PC plant in Harbin to be transported 100 km west to heavy-oil field in Daqing. The field produces more than 40 million tonnes (> 316 million barrels/yr); the CO2-enabled EOR is expected to boost output by 1.5 to 2 million tonnes/yr.,Harbin Thermal Power Plant,1/1/2009,171,https://ge.lokaler.de/Carbon-Cioxide-Removal/harbin-thermal-power-plant-japan-china-eor-project/,Japan-China EOR Project,Planning,Hold,,Tonnes per Day,1,45.966590881,126.663772583,1,"2,740"
Hold,In Salah Gas Storage Project,Tamanrasset Province,Capture & Storage,"In Salah Gas JV (Sonotrack, BP, Statoil)",Algeria,DOE Supported,", Tamanrasset Province",In Salah Gas Fields,"The In Salah Gas Project is a Joint Venture targeted to produce natural gas located in the Ahnet - Timmimoun Basin, in Central Algeria. Natural gas will be processed and the CO2 is compressed and injected into wells 1,800 meters deep.",In Salah Gas Processing Plant,8/1/2004,2,https://sequestration.mit.edu/tools/projects/in_salah.html,In Salah Gas Storage Project,Injection Ongoing,Hold,Ethanol-amino solvent,Tonnes per Day,1,27.185919,2.497676,1,"3,288"
Hold,Hydrogen Power Abu Dhabi Project,Abu Dhabi,Capture & Storage,Hydrogen Power Abu Dhabi (Masdar/BP joint venture),United Arab Emirates,Other Support,Abu Dhabi,,"Commercial-scale 400 MWe hydrogen-fired power plant with CCS technology will be built in Abu Dhabi, UAE. Natural gas feedstock.  The capture capacity will in the order of 1.7 million tonnes of CO2/yr for EOR. Curently in FEED.",Hydrogen-fired power generation plant,1/1/2015,95,https://sequestration.mit.edu/tools/projects/hydrogen_power_abu_dhabi.html,Hydrogen Power Abu Dhabi Project,Plant Design,Hold,Not currently specified,Tonnes per Day,1,24.475273132,54.369987488,1,"4,658"
Hold,Getica CCS Demonstration Project,Gorj County,Capture & Storage,Getica CCS Project Company,Romania,Other Support,", Gorj County",Turceni,,Turceni Power Station (now part of Oltenia Energy complex),,390,http://www.minind.ro/anunturi/Getica_CCS_en_March2011_31032011.pdf,Getica CCS Demonstration Project,Planning,Hold,,,1,44.669722,23.407778,1,
Hold,FuturGas Project,South Australia state,Capture & Storage,Strike Oil Limited,Australia,Other Support,", South Australia state",Kingston,FutureGas is a CTL plant that will produce synthetic liquid fuels and power generation with CCS. The captured CO2 will be stored in the Otway basin.,FuturGas Facility,1/1/2016,8,http://www.capstonemedia.com.au/hybrid_en/futurgas.htm,FuturGas Project,Plant Design,Hold,,Tonnes per Day,1,-36.668445587,139.995544434,1,"2,055"
Hold,Duke Energy - Edwardsport Plant,Indiana,Capture & Storage,Duke Energy,United States,Other Support,", Indiana",Edwardsport,"The project was to build a 618-megawatt IGCC, plant with CCS, in Knox County, Indiana. The CCS capability was  not installed, and the plant was completed.",Edwardsport IGCC,1/10/2012,110,https://www.eenews.net/stories/1060057629,Duke Energy - Edwardsport Plant,Plant in Operation,Hold,,% Reduction,1,38.806678772,-87.246948242,1,70
Hold,Duke Energy - Cliffside Plant,North Carolina,Capture & Storage,Duke Energy,United States,Other Support,", North Carolina",Rutherford County,"The project built one 800 MW supercritical unit, originally to have carbon mitigation.",Cliffside Power Plant,1/1/2012,109,http://www.powermag.com/cliffside-steam-station-unit-6-cliffside-north-carolina/?pagenum=1,Duke Energy - Cliffside Plant,Plant in Operation,Hold,,% Reduction,1,35.219122,-81.761418,1,90
Hold,Datang Daqing CCS Project,Heilongjiang Province,Capture & Storage,Datang Corporation,China,Other Support,", Heilongjiang Province",Daqing,Alstom signed an agreement in November 2011 stating that it will carry out the study for the 350 MW oxy-combustion CCS demonstration project located in Daqing.,New build plant with oxy-firing technology,1/1/2020,337,http://www.alstom.com/press-centre/2011/9/Alstom-Datang-agree-to-jointly-develop-carbon-capture-demonstration-projects-in-China/,Datang Daqing CCS Project,Planning,Hold,,Tonnes per Day,1,46.576277,125.228479,1,"2,740"
Hold,Coastal Energy IGCC Project (Teesside),North Yorkshire,Capture & Storage,Progressive Energy,United Kingdom,Other Support,", North Yorkshire",Middlesbrough,Build facility to convert coal into syngas and CO2 using chemical processes. Around 2.3mte CO2/yr would be separated/piped to EOR and saline storage in the North Sea. Syngas to go to adjacent power plant to be built. Currently being re-evaled. Not funded.,Coastal Energy IGCC Plant,1/1/2009,89,http://sequestration.mit.edu/tools/projects/teeside.html,Coastal Energy IGCC Project (Teesside),Plant Design,Hold,,Tonnes per Day,1,54.575354,-1.127528,1,"6,302"
Hold,Cash Creek IGCC,Kentucky,Capture & Storage,ERORA Group,United States,Other Support,", Kentucky",Henderson County,The proposed project was to build a 770 megawatt (MW) Integrated Gasification Combined Cycle (IGCC) coal plant  to gasify 2.8 million tons of coal per year to produce electricity and deliver CO2 to an interstate pipeline.,Cash Creek Generation,1/1/2012,162,https://www.reuters.com/article/utilities-coal-kentucky/kentucky-advanced-coal-project-obtains-air-permit-idUSN3033537620071130,Cash Creek IGCC,Developing Infrastructure,Hold,,,1,37.843695,-87.590435,1,
Hold,Captain Clean Energy Project,Stirlingshire,Capture & Storage,Summit Power Group,Scotland,Other Support,", Stirlingshire",Grangemouth,The proposed IGCC plant (with carbon capture technology) would use Siemens gasifiers to convert the coal feedstock into a hydrogen-rich synthetic gas (syngas) and CO2.,Summit Power Caledonia IGCC Plant,1/1/2017,335,http://www.zeroco2.no/projects/caledonia-clean-energy-project,Captain Clean Energy Project,Planning,Hold,,Tonnes per Day,1,56.014195,-3.692054,1,"10,412"
Hold,Bow City Power Project,Alberta,Capture & Storage,"Bow City Power, Ltd.",Canada,Other Support,", Alberta",Bow City,Supercritical PC plant in which removed CO2 will be used for EOR in near-by oil fields.,Bow City Power Plant,1/1/2011,238,https://open.alberta.ca/publications/environmental-assessment-bow-city-power-ltd-bow-city-power-project,Bow City Power Project,Planning,Hold,Amines,Tonnes per Day,1,50.426664,-112.218873,1,"2,740"
Hold,Bintulu CCS Project,Sarawak,Capture & Storage,Mitsubishi Heavy Industries,Malaysia,Other Support,", Sarawak",Bintulu,"The proposed methodology is not yet approved by UNFCCC as eligible CDM. The proposed project involves capture of CO2 from LNG plant in Bintulu, Malaysia.  CO2 will be transported 120 km by pipeline and injected into a sub-sea saline formation.",LNG Bintulu Plant,1/1/2011,231,https://www.geos.ed.ac.uk/~carbcap/cgi-bin/query.pl?ID=1642&number224656819313,Bintulu CCS Project,Planning,Hold,,Tonnes per Day,1,3.25,113.12,1,"8,220"
Hold,Bent County IGCC Plant,Colorado,Capture & Storage,Xcel Energy Inc.,United States,Other Support,", Colorado",Bent County,"Xcel suspended consideration in November 2007, too expensive for perceived demand.  Promised to reconsider this concept in a few years.",Xcel Energy IGCC plant,1/1/2016,169,https://www.bizjournals.com/denver/stories/2007/10/29/daily26.html,Bent County IGCC Plant,Planning,Hold,,Tonnes Total,1,37.8567,-103.1112,1,"4,200,000"
Hold,Belle Plaine Polygen Capture (for EOR),Saskatchewan,Capture & Storage,TransCanada,Canada,Other Support,", Saskatchewan",Belle Plaine,"The plant will use petroleum coke and gasification technology to produce electricity, as well as hydrogen, nitrogen, steam and carbon dioxide for industrial use. The CO2 may be used for EOR at the Weyburn Test stie.  Up to 90% capture expected.",Belle Plaine Polygeneration Facility,1/1/2013,22,http://www.zeroco2.no/projects/belle-plaine-integrated-polygeneration-ccs-project,Belle Plaine Polygen Capture (for EOR),Plant Design,Hold,,Tonnes per Day,1,50.395646,-105.153207,1,"2,740"
Hold,Aalborg - Northern Jutland Power Station Project,North Denmark Region,Capture & Storage,Vattenfall,Denmark,Other Support,", North Denmark Region",Aalborg,Vattenfall is planning to have a full-scale CCS demonstration project in operation in Aalborg in Northern Denmark by 2013. A series of geological surveys has been undertaken to identify suitable storage in the plant's vicinity. The project is on hold.,Northern Jutland Power Station,12/31/2013,192,http://www.zeroco2.no/projects/nordjylland-power-station,Aalborg - Northern Jutland Power Station Project,Plant in Operation,Hold,Amines,Tonnes per Day,1,57.073957,10.040272,1,"4,932"
Hold,Sargas Natural Gas CCS,Møre og Ramsdal,Capture,Sargas,Norway,Other Support,", Møre og Ramsdal", Fraena,"The project's patented designs capture 90% of the CO2 and virtually eliminates NOx, SOx and Hg emissions, whether applied to greenfield or retro-fitted plants. Sargas and Shell have announced plans to construct a plant with CO2 capture.",Sargas Natural Gas CCS,6/17/2016,311,https://www.timesofmalta.com/articles/view/20120619/local/ge-sargas-announce-collaboration.425067,Sargas Natural Gas CCS,Planning,Hold,Sargas Natural Gas CCS,,1,62.980253,6.964092,1,
Hold,RWE CCS Eemshaven,Groningen Province,Capture,RWE,Netherlands,Other Support,", Groningen Province",Eemshaven,"RWE is planning a 1600 MW coal- and biomass-fired power plant in Eemshaven together with a 200,000 ton per year (equivalent to 35 MW) post-combustion CO2 capture R&D unit.",Eemshaven Power Plant,1/1/2016,216,http://www.zeroco2.no/projects/eemshaven,RWE CCS Eemshaven,Plant Design,Hold,Amines,Tonnes per Day,1,53.442813,6.850781,1,"3,288"
Hold,DKRW Energy LLC,Wyoming,Capture,DKRW Energy LLC,United States,Other Support,", Wyoming",Carbon County,"Plan was to produce 20,000 - 22,000 barrels per day from coal.",Medicine Bow CTL,1/1/2014,108,http://www.zeroco2.no/projects/medicine-bow-ctl,DKRW Energy LLC,Permitting,Hold,Chilled Ammonia,,1,41.896108,-106.20491,1,
Hold,Bulgarian TETs Maritsa East 2,Stara Zagora,Capture,TETs Maritsa Iztok 2 EAD,Bulgaria,Other Support,", Stara Zagora",Kovachevo,The effort was to add a post-conbustion capture (120 MW) to the coal generating plant and capture and pipe the CO2 to inject for offshore saline storage.,Bulgarian Thermal Power Plant Maritza East 2,12/31/2010,189,http://www.zeroco2.no/projects/maritsa-tpp,Bulgarian TETs Maritsa East 2,Plant Design,Hold,,Tonnes Total,1,42.255494,26.131763,1,"3,600,000"
Hold,American Electric Power - Northeastern Station,Oklahoma,Capture,American Electric Power,United States,Other Support,", Oklahoma",Oologah,Full-scale (1.5 million metric tons) test of Alstom's ammonia-based carbon capture technology. 90% of the CO2 produced will be captured. Has contract to sell CO2 to SemGreen LLP for EOR.,Northeastern Station,1/1/2011,100,https://www.prnewswire.com/news-releases/aep-to-install-carbon-capture-on-two-existing-power-plants-company-will-be-first-to-move-technology-to-commercial-scale-52165432.html,American Electric Power - Northeastern Station,Plant in Operation,Hold,Alstom Chilled Ammonia Process,Tonnes per Day,1,36.430797,-95.700805,1,"4,110"
Hold,American Electric Power - Great Bend IGCC,Ohio,Capture,American Electric Power,United States,Other Support,", Ohio",Meigs County,"The project was to build a new American Electric Power clean-coal power plant in Meigs County, Ohio but the project is on hold.",Great Bend IGCC,1/1/2009,98,http://gallipolis.uber.matchbin.net/printer_friendly/1913848,American Electric Power - Great Bend IGCC,Plant Design,Hold,,,1,38.927706,-81.768613,1,
Hold,Alberta Saline Aquifer Project & Genesee Demonstration Project,Alberta,Capture,EPCOR,Canada,Other Support,", Alberta",west of Edmonton,"The Alberta Saline Aquifer Project will identify deep saline aquifers in Alberta for use in a carbon sequestration pilot project. Ph II will construct/operate a demo pilot (3,300 metric tons/day) plant at Genesee power plant. CO2 to be stored in saline.",Proposed New Facility,,318,http://www.zeroco2.no/projects/alberta-saline-aquifer-project-asap-genesee-post-combustion-demonstration-plant,Alberta Saline Aquifer Project & Genesee Demonstration Project,Planning,Hold,Amines,Tonnes per Day,1,53.343584,-114.303553,1,"2,740"
Terminated,ZeroGen Project,Queensland,Capture & Storage,State of Queensland,Australia,Other Support,", Queensland",Rockhampton,"Stage 1 of the project was planned to be 80MW and capture 420,000 tonnes of CO2 per year and stage 2 was planned to be 300 MW. The first stage was scheduled to operate in 2012 and the scaled up version in late 2015.",ZeroGen IGCC Plant,1/1/2006,17,http://sequestration.mit.edu/tools/projects/zerogen.html,ZeroGen Project,Developing Infrastructure,Terminated,,Tonnes per Day,1,-23.510207,150.319062,1,"1,151"
Terminated,Wallula IGCC Plant,Washington,Capture & Storage,"Wallula Resource Recovery, LLC",United States,Other Support,", Washington",Wallula,"The project was cancelled in 2008 with the reason given as ""trouble obtaining drilling equipment.""",Wallula Energy Resource Center,5/1/2014,178,http://sequestration.mit.edu/tools/projects/wallula_energy_resource_center.html,Wallula IGCC Plant,Permitting,Terminated,,% Reduction,1,46.102622,-118.918573,1,65
Terminated,Vattenfall Janschwalde,Brandenburg,Capture & Storage,Vattenfall,Germany,DOE Supported,", Brandenburg",Janschwalde,The feasibility studies for the Demonstration plant in Jänschwalde will begin in mid 2008. From early 2009 the planning and applications for permits will be the centre of activities. CO2 will be used for  EGR in Altmark.,Janschwalde,1/1/2015,184,http://www.zeroco2.no/projects/vattenfall-oxyfuel-and-post-combustion-demonstration-plant-in-jaenschwalde,Vattenfall Janschwalde,Permitting,Terminated,Oxy-fuel Combustion,Tonnes per Day,1,51.8334245,14.4720226,1,"4,658"
Terminated,Vales Point Power Station CCS Demonstration,New South Wales,Capture & Storage,Delta Electricity,Australia,Other Support,", New South Wales",Mannering Park,"Pilot capture plant will be moved from Munmorah to Vales power station between 2013 and 2015. It will demonstrate capture and storage of up to 3,000 tonnes per year.",Vales Point Power Station,1/1/2012,330,http://www.abc.net.au/news/2015-08-11/power-station-carbon-capture-and-storage-project-terminated/6685304,Vales Point Power Station CCS Demonstration,Developing Infrastructure,Terminated,Ammonia Absorption Technology,,1,-33.161057,151.542996,1,
Terminated,Trailblazer Energy Center,Texas,Capture & Storage,Tenaska Inc.,United States,Other Support,", Texas",Sweetwater,In 2013 Tenaska cancelled the Trailblazer Energy Center project.,Tenaska Trailblazer Energy Center,1/1/2015,161,https://sequestration.mit.edu/tools/projects/tenaska.html,Trailblazer Energy Center,Permitting,Terminated,Fluor Corporations advanced Econamine FG Plussm Technology,Tonnes per Day,1,32.525131,-100.262633,1,"15,755"
Terminated,Swan Hills in-situ Coal Gasification/Sagitawah Power Project,Alberta,Capture & Storage,Swan Hills Synfuels,Canada,Other Support,", Alberta",Swan Hills,"The project will use in situ coal gasification to tap deep, unmineable coal to produce syngas that will be processed in a conventional gas plant to remove CO2 as a byproduct stream. Project on hold due to low natural gas prices.",Swan Hills Synfuels,6/1/2009,35,http://swanhills-synfuels.com/iscg/overview/,Swan Hills in-situ Coal Gasification/Sagitawah Power Project,Developing Infrastructure,Terminated,,Tonnes per Day,1,54.565619,-115.731991,1,"3,562"
Terminated,Surat Basin CCS Project,Queensland,Capture & Storage,General Electric,Australia,Other Support,", Queensland",Wandoan,"Located near Wandoan in Queenslands Surat Basin, the project is a proposed 400 MW power station using IGCC with carbon capture and storage technologies.  They also will examine promising potential CO2 sinks.",TBD,12/1/2015,234,http://www.zeroco2.no/projects/wandoan-power-igcc,Surat Basin CCS Project,Planning,Terminated,Amines,Tonnes per Day,1,-25.067967,148.595423,1,"6,850"
Terminated,Summit Energy - Texas Clean Energy Project (TCEP),Texas,Capture & Storage,"Summit Clean Energy Texas, LLC",United States,DOE Supported,", Texas",Penwell,"Summit's Texas Clean Energy Project (TCEP), dubbed a ""NowGen"" plant by national environmental group the Clean Air Task Force, will be a new 400 mw coal gasification plant. The project was discontinued in 2015.",Penwell IGCC Plant,1/1/2010,212,https://www.netl.doe.gov/File%20Library/Research/Coal/major%20demonstrations/ccpi/FE0002650.pdf,Summit Energy - Texas Clean Energy Project (TCEP),Engineering design,Terminated,Rectisol,Tonnes per Day,1,31.74604,-102.608324,1,"6,302"
Terminated,Scottish Power - Longannet CCS,Fife,Capture & Storage,Scottish Power,Scotland,Other Support,", Fife",Kincardine,Project was to convert the plant to a supercritical coal plant and capture CO2 and sequester it in a depleted oil field in the North Sea.,Longannet Coal-Fired Plant,,321,http://www.rsc.org/chemistryworld/News/2011/October/24101102.asp,Scottish Power - Longannet CCS,Planning,Terminated,Amines,,1,56.04833,-3.68249,1,
Terminated,Scottish Power - Longannet Biomass Power,Fife,Capture & Storage,Scottish Power,Scotland,Other Support,", Fife",Kincardine,A decision has been made not to proceed with Longannet but to pursue other projects with the £1bn funding made available by the government.,Longannet Power Plant,,320,http://coalpowerplants.blogspot.com/2011/01/longannet-coal-power-plant.html,Scottish Power - Longannet Biomass Power,,Terminated,,,1,56.04833,-3.68249,1,
Terminated,Schwarze Pumpe (Vattenfall CO2-Free Oxyfuel Plant),Spremberg,Capture & Storage,Vattenfall,Germany,Other Support,", Spremberg",Schwarze Pumpe,"The plant will use oxyfuel technology to separate out CO2, and the captured CO2, will be transported by truck, is to be stored in a gas field in Altmark.",Vattenfall Pilot Plant,5/1/2008,57,http://www.globalccsinstitute.com/sites/www.globalccsinstitute.com/files/content/page/122975/files/Schwarze%20Pumpe%20Oxyfuel%20Pilot%20Plant.pdf,Schwarze Pumpe (Vattenfall CO2-Free Oxyfuel Plant),Plant in Operation,Terminated,,Tonnes per Day,1,51.531127,14.351916,1,216
Terminated,SaskPower Oxyfuel,Saskatchewan,Capture & Storage,SaskPower,Canada,Other Support,", Saskatchewan",Estevan,"SaskPower had planned to implement a 300-megawatt clean coal plant that would capture about 8,000 tonnes of CO2 a day for EOR and/or sequestration. Project rejected due to capital cost and uncertainty of the economic value of CO2 reduction.",Shand Power Station,1/1/2012,33,http://www.ieaghg.org/docs/CCS%20financing%20pdfs/J%20-%20Stobbs%20-%20Saskpower%20oxyfuel%20project.pdf,SaskPower Oxyfuel,,Terminated,,Tonnes per Day,1,49.088206,-102.864847,1,"8,000"
Terminated,Saline Joniche SEI,Calabria,Capture & Storage,SEI,Italy,Other Support,", Calabria",Saline Joniche,SEI S.p.A. (Milan) was planning the construction of a modern coal-fired power plant with an installed capacity of 1320 MW on an unused industrial area in Saline Joniche.,Saline Joniche Power Plant,1/1/2013,196,http://globalenergyobservatory.org/geoid/40325,Saline Joniche SEI,Permitting,Terminated,,Tonnes per Day,1,37.93491,15.725314,1,0
Terminated,RWE nPower - Tilbury Project in UK,Essex,Capture & Storage,RWE Power,United Kingdom,Other Support,", Essex",Tilbury,Plant could reduce emissions by 90%. A key of the study is to look at the transportation options and storage in geological formations for possible EOR or EGR.,Tilbury Clean Coal Plant,1/1/2013,93,http://sequestration.mit.edu/tools/projects/rwe_npower_tilbury.html,RWE nPower - Tilbury Project in UK,Plant Design,Terminated,,% Reduction,1,51.456074,0.38857,1,90
Terminated,PureGen project,New Jersey,Capture & Storage,SCS Energy,United States,Other Support,", New Jersey",Linden,"Build a coal-fired electric plant in Linden, New Jersey that would capture its emissions of carbon dioxide and pump the pollutant 70 miles offshore for sequestration in a sandstone approximately 1 mile beneath ocean floor.",Coal-fired power plant,1/1/2014,177,No specific project link identified.,PureGen project,Planning,Terminated,,% Reduction,1,40.608355,-74.219695,1,90
Terminated,Pioneer Project,Alberta,Capture & Storage,TransAlta,Canada,Other Support,", Alberta",Wabamun,"The project had been terminated. The study suggested that although the technology works and capital costs were in-line with expectations, the market for carbon sales and the price of emissions reductions were insufficient to allow the project to proceed.",Keephills 3 Coal-fired Power Plant,1/1/2008,239,https://www.transalta.com/sites/default/files/Project%20Pioneer_Final%20Report_Executive%20Summary_2013.pdf,Pioneer Project,,Terminated,Chilled Ammonia,Tonnes per Day,1,53.447382,-114.449536,1,"2,740"
Terminated,Pernis Refinery Project,South Holland province,Capture & Storage,Shell,Netherlands,Other Support,", South Holland province",Pernis (Rotterdam),"Intend to build the first of a new generation of CO2 storage facilities in two depleted natural-gas fields in Barendrecht. Build a gasification hydrogen plant at Pernis Refinery, use excess gas at a 177 MWe IGCC plant, and use the CO2 in gas fields.",Pernis refinery - Gasification Hydrogen Plant,,86,https://sequestration.mit.edu/tools/projects/barendrecht.html,Pernis Refinery Project,Plant in Operation,Terminated,,Tonnes per Day,1,51.881705,4.359552,1,"1,096"
Terminated,NRG Energy Inc. (Huntley IGCC Project),New York,Capture & Storage,NRG Energy Inc.,United States,Other Support,", New York",Tonawanda,NRG Energy planned to construct an IGCC plant in New York. The project was canceled in 2008.,Huntley IGCC,1/1/2013,136,http://media.corporate-ir.net/media_files/irol/12/121544/releases/071608.pdf,NRG Energy Inc. (Huntley IGCC Project),Permitting,Terminated,Mitsubishi HI Gasification (KS-1),% Reduction,1,43.017819,-78.88077,1,65
Terminated,Monash Energy C to L CO2 Capture and Storage Project,Victoria,Capture & Storage,Monash Energy,Australia,Other Support,", Victoria",Latrobe Valley,The project planned to build a coal-to-liquids plant with CCS demonstration plant using brown coal as the feedstock.,Monash Energy Latrobe Valley CTL Plant,1/1/2006,13,http://globalenergyobservatory.org/geoid/40157,Monash Energy C to L CO2 Capture and Storage Project,Planning,Terminated,,Tonnes per Day,1,-38.235301,146.57174,1,"35,620"
Terminated,Leucadia Energy Capture Project - Louisiana,Louisiana,Capture & Storage,Leucadia Energy LLC,United States,DOE Supported,", Louisiana",Lake Charles,Proposed SNG plant to use petroleum coke to produce methane and make synthetic natural gas. The CO2 can be pumped into oil fields to extract crude oil more efficiently. The plant would demonstrate large-scale recovery of 4 million tons per year of CO2.,Lake Charles Co-Generation Plant,11/16/2009,206,http://www.netl.doe.gov/File%20Library/Research/Coal/major%20demonstrations/iccus/FE0002314.pdf,Leucadia Energy Capture Project - Louisiana,,Terminated,Cold Methanol (Rectisol),Tonnes per Day,1,30.189176,-93.306548,1,"12,330"
Terminated,Kwinana Project,Western Australia state,Capture & Storage,Hydrogen Energy International LLC,Australia,Other Support,", Western Australia state",Kwinana,"The Kwinana project will create hydrogen from coal gasification to produce 500 MW of electricity. The captured CO2 is transported offshore to be sequestered in the Perth Basin. The geological rock formation in the basin contained ""gas chimneys"".",Industrial-scale coal-based hydrogen generating facility,1/1/2014,12,http://sequestration.mit.edu/tools/projects/bp_rio_tinto_kwinana.html,Kwinana Project,Plant Design,Terminated,,Tonnes per Day,1,-32.215362,115.776058,1,"10,960"
Terminated,Kentucky NewGas project,Kentucky,Capture & Storage,Kentucky NewGas,United States,Other Support,", Kentucky",Muhlenberg County,"Filed for air permit in December 2008.  Build with CCS capability.  Funding CCS research in western Kentucky through Kentucky Geological Survey. The CO2 test well will monitor 1,500 tons of CO2.",Kentucky NewGas plant,1/1/2017,143,http://www.zeroco2.no/projects/kentucky-newgas,Kentucky NewGas project,Permitting,Terminated,ConocoPhillips E-Gas Gasification,Tonnes per Day,1,37.293611,-87.118872,1,"13,700"
Terminated,Kemper County IGCC Project,Mississippi,Capture & Storage,Southern Company,United States,DOE Supported,", Mississippi",Kemper County,Combined Cycle portion of the plant operating on natural gas only without capture,Kemper County IGCC Plant,11/17/2008,183,http://www.netl.doe.gov/research/coal/project-information/fc26-06nt42391?k=NT42391,Kemper County IGCC Project,Plant in Operation,Terminated,Transport Integrated Gasification (TRIG),Tonnes per Day,1,32.649461,-88.757013,1,"8,220"
Terminated,Kedzierzyn,Opole Voivodeship,Capture & Storage,Zaklady Azotowe Kedzierzyn S.A.,Poland,Other Support,", Opole Voivodeship",Kedzierzyn-Kozle,"The first Zero-Emiissiion Energy-Carbochemical Complex in the world. Also, they are planning the construction of a CO2 pipeline to a suitable storage area.  Plant will burn up to 10% biomass fuel.",Kedzierzyn Zero-Emission Plant,2/1/2009,254,http://www.energieregion.nrw.de/_database/_data/datainfopool/100628_08-2_Lampert_Kedzierzyn_Project.pdf,Kedzierzyn,Developing Infrastructure,Terminated,Gas Separation,Tonnes per Day,1,50.316361,18.251953,1,"6,850"
Terminated,Hydrogen Energy California Project,California,Capture & Storage,Hydrogen Energy International LLC,United States,DOE Supported,", California",Tupman,The IGCC plant was to produce hydrogen from coal and petcoke mixes to combust in combustion turbines and the CO2 will be used for EOR in the Elk Hills Oil Field.,HECA IGCC Plant,12/1/2019,182,http://www.netl.doe.gov/research/coal/project-information/FE0000663,Hydrogen Energy California Project,Engineering design,Terminated,Rectisol,Tonnes per Day,1,35.332443,-119.383456,1,"7,124"
Terminated,Hunton Energy Freeport Plant,Texas,Capture & Storage,Hunton Energy,United States,Other Support,", Texas",Freeport,The CO2 was to be captured and pumped under pressure into pipelines for use in enhanced oil recovery in the Texas oilfields.,Hunton Energy Freeport Plant,,233,https://www.compelo.com/energy/news/newshunton_energy_to_build_texas_plant_for_dow_chemical/,Hunton Energy Freeport Plant,Permitting,Terminated,,Tonnes per Day,1,28.9773217,-95.3509855,1,"21,920"
Terminated,Hunterston Station CCS,Ayrshire,Capture & Storage,Ayrshire Power,Scotland,Other Support,", Ayrshire",Hunterston,The project included two 926MW power plants and a carbon capture demonstration.,Hunterston Power Station,,322,http://www.zeroco2.no/projects/hunterston,Hunterston Station CCS,Planning,Terminated,Ammonia Absorption Technology,,1,55.720961,-4.895658,1,
Terminated,Hazelwood Post-Combustion 2030 Project,Victoria,Capture & Storage,International Power Australia,Australia,DOE Supported,", Victoria",Morewell,The project develops an innovative retrofit low emission technology project at its 1600 MW brown coal-fired Hazelwood power station in the Latrobe Valley.  The project includes a coal drying demonstration phase and a CO2 capture part. Plant closed 2017.,Hazelwood Power Station,12/1/2008,10,http://www.coalresearchforum.org/20070620_sinclair.pdf,Hazelwood Post-Combustion 2030 Project,Plant Closed,Terminated,Amines,Tonnes per Day,1,-38.272975922,146.391784668,1,50
Terminated,Halten CO2 Project (Draugen-Heidrun),Møre og Ramsdal,Capture & Storage,Statoil,Norway,Other Support,", Møre og Ramsdal",Tjeldbergodden,The project was cancelled due to poor financials.,Statoil Hydro Natural Gas Processing Facility,1/1/2012,74,http://sequestration.mit.edu/tools/projects/statoil_shell_halten_draugen.html,Halten CO2 Project (Draugen-Heidrun),Plant Design,Terminated,Amines,Tonnes per Day,1,63.411365509,8.729652405,1,"6,850"
Terminated,FutureGen - Tuscola,Illinois,Capture & Storage,FutureGen Industrial Alliance Inc.,United States,DOE Supported,", Illinois",Tuscola,"Tuscola, Illinois was one of four sites that was considered for the FutureGen Alliance project. The  site was not chosen fromthe site finalists.",FutureGen - Tuscola,1/1/2015,269,No specific project link identified.,FutureGen - Tuscola,,Terminated,,,1,39.801556,-88.325743,1,
Terminated,FutureGen - Odessa,Texas,Capture & Storage,FutureGen Industrial Alliance Inc.,United States,DOE Supported,", Texas",Odessa,"Odessa, Texas was one of four sites that was considered for the FutureGen Alliance project. The  site was not chosen fromthe site finalists.",FutureGen - Odessa,1/1/2015,268,No specific project link identified.,FutureGen - Odessa,,Terminated,,,1,31.85984802,-102.3777237,1,
Terminated,FutureGen - Mattoon,Illinois,Capture & Storage,FutureGen Industrial Alliance Inc.,United States,DOE Supported,", Illinois",Mattoon,FutureGen project intended to create a zero-emissions fossil fuel plant that would produce hydrogen and byproducts for use by other industries.,FutureGen - Mattoon,1/1/2015,267,https://www.reuters.com/article/coal-futuregen-illinois-idUKN1848671120071218,FutureGen - Mattoon,,Terminated,,,1,39.496862,-88.440473,1,
Terminated,FutureGen - Jewett,Texas,Capture & Storage,FutureGen Industrial Alliance Inc.,United States,DOE Supported,", Texas",Jewett,"Jewett, Texas was one of four sites that was considered for the FutureGen Alliance project. The 400-acre site was not chosen out of the site finalists.",FutureGen - Jewett,1/1/2015,266,No specific project link identified.,FutureGen - Jewett,,Terminated,,,1,31.36325836,-96.14356995,1,
Terminated,FutureGen 2.0,Illinois,Capture & Storage,FutureGen Industrial Alliance Inc.,United States,DOE Supported,", Illinois",Morgan County,"FutureGen intended to create a zero-emissions fossil fuel plant that produces hydrogen and byproducts for use by other industries. Morgan County, IL was chosen as the site of the FutureGen project. The project was discontinued in 2015.",Ameren's 200 MW Unit 4,1/1/2010,115,https://www.netl.doe.gov/File%20Library/Research/Coal/major%20demonstrations/futureGen/FE0001882-FE0005054.pdf,FutureGen 2.0,,Terminated,Oxy-fuel Combustion,Tonnes per Day,1,39.773533,-90.097383,1,"2,740"
Terminated,First Energy Bay Shore Plant,Ohio,Capture & Storage,First Energy,United States,Other Support,", Ohio",Oregon,Only uses one coal-fired unit and one oil-fired unit currently. Other units were shut down.,Bay Shore Plant,1/1/2009,113,https://www.firstenergycorp.com/content/dam/corporate/generationmap/files/Bay%20Shore%20Plant%20Facts.pdf,First Energy Bay Shore Plant,Plant in Operation,Terminated,Amines,Tonnes per Day,1,41.689842,-83.437491,1,438
Terminated,Fairview ZeroCarbon Project,Queensland,Capture & Storage,Australian Government,Australia,Other Support,", Queensland",Injune,Fairview ZeroCarbon project (ZCP) will receive A$ 75 million from the Australian Government for enhanced coal bed methane (ECBM) production and carbon dioxide sequestration.  The project will operate 100 MW plant and sequester the CO2 to a depth of 700m.,Injune Power Plant,1/1/2009,7,http://globalenergyobservatory.org/geoid/40151,Fairview ZeroCarbon Project,Plant Design,Terminated,Amines,Tonnes per Day,1,-25.843656,148.565414,1,274
Terminated,E.ON Ruhrgas Killingholme IGCC,Lincolnshire,Capture & Storage,E.ON,United Kingdom,DOE Supported,", Lincolnshire",North Killingholme,"Large-scale IGCC Plant with CCS. Capture up to 2.5 Mt/yr of  CO2, compress and transport to gas fields under the North Sea. In March 2015 E.ON announced the cancellation of the project.",Killingholme Station,1/1/2019,90,http://sequestration.mit.edu/tools/projects/killingholme.html,E.ON Ruhrgas Killingholme IGCC,Plant Design,Terminated,Solvents,Tonnes per Day,1,53.654010773,-0.258845001,1,"6,850"
Terminated,DONG Energy - High-Efficiency PC Plant in Greifswalde,Mecklenburg-Vorpommern,Capture & Storage,DONG Energy,Germany,Other Support,", Mecklenburg-Vorpommern",Greifswalde,"The 1,600 MW proposed power plant plan was withdrawn due to a lack of political backing.",Griefswalde PC Plant,,195,http://globalenergyobservatory.org/geoid/40324,DONG Energy - High-Efficiency PC Plant in Greifswalde,Plant Design,Terminated,Chilled Ammonia,% Reduction,1,54.081028,13.488122,1,90
Terminated,CATO1 - Rotterdam ROAD project,South Holland province,Capture & Storage,E.ON Benelux,Netherlands,Other Support,", South Holland province",Rotterdam,"Project plan is to capture 1.1 million tonnes of CO2 per year from a new power plant at the Maasvlakte and will store the captured CO2 in a depleted gas reservoir under the North Sea via 25 km pipeline (5 km onshore, 20 km offshore in depleted gas field).",Maasvlakte,1/1/2015,250,https://www.portofrotterdam.com/en/news-and-press-releases/road-project-to-be-cancelled-ccs-to-continue,CATO1 - Rotterdam ROAD project,Planning,Terminated,Cryogenic,Tonnes per Day,1,51.958989,4.026485,1,"3,014"
Terminated,Browse LNG,Western Australia state,Capture & Storage,Woodside,Australia,Other Support,", Western Australia state",Browse Basin,The project was to develop three gas fields with plans to study the potential to transport and store CO2 removed from feed gas.,Proposed LNG Facility,9/1/2010,313,http://www.zeroco2.no/projects/browse-lng,Browse LNG,Planning,Terminated,Amines,,1,-14.434680215,120.673828125,1,
Terminated,BP-Peterhead Hydrogen Power Plant/Miller Field Project,Aberdeenshire,Capture & Storage,Shell,Scotland,Other Support,", Aberdeenshire",Peterhead,"BPs initial hydrogen power project at Peterhead, Scotland was terminated. In 2011, Shell re-proposed to capture post-combustion CO2 from an existing plant and pipe it to Goldeneye Gas field (North Sea) for EOR. A full design study began in 2012.",Scottish & Southern Energys Peterhead power station,1/1/2011,84,http://ieahydrogen.org/pdfs/Case-Studies/PeterheadCase_Study1-2.aspx,BP-Peterhead Hydrogen Power Plant/Miller Field Project,Engineering design,Terminated,Amines,Tonnes per Day,1,57.477624,-1.788701,1,"2,740"
Terminated,Belchatow CCS Project,Lodz Voivodeship,Capture & Storage,Alstom Power,Poland,DOE Supported,", Lodz Voivodeship",Belchatow,"Project to capture approximately 100,000 tonnes per year of CO2 using Alstoms amines technology. Second phase of project was to build a larger CCS plant at the Belchatow 2 Power Station. In May 2012, PGE announced it was suspending project due to costs.",Belchatow Power Station,1/1/2010,251,http://sequestration.mit.edu/tools/projects/belchatow.html,Belchatow CCS Project,Plant Design,Terminated,Amines,Tonnes per Day,1,51.266389,19.330556,1,"4,932"
Terminated,Baard Energy - Ohio River Clean Fuels,Ohio,Capture & Storage,Baard Energy,United States,DOE Supported,", Ohio",Wellsville,"This project involves the development of a carbon management plan for a proposed coal and biomass to liquids (CBTL) plant. The plant is now being operated by natural gas, not liquified coal, in order to facilitate project completion.",Ohio River Clean Fuels,1/1/2012,103,http://www.netl.doe.gov/File%20Library/Research/Coal/carbon-storage/Proj606.pdf,Baard Energy - Ohio River Clean Fuels,,Terminated,Solvents,% Reduction,1,40.602446,-80.650773,1,85
Terminated,Aviva Corp Coolimba Oxyfuel Project,Western Australia state,Capture & Storage,Coolimba Power,Australia,Other Support,", Western Australia state",Eneabba,Aviva Corporation and AES were planning to build a new 2x200-MW oxyfuel-ready power station with the potential to capture and store up to 90% of its CO2 emissions.,Coolimba Power,1/1/2010,230,http://www.zeroco2.no/projects/coolimba,Aviva Corp Coolimba Oxyfuel Project,Planning,Terminated,,Tonnes per Day,1,-29.81,115.24,1,"7,946"
Terminated,American Electric Power - Mountaineer,West Virginia,Capture & Storage,American Electric Power,United States,DOE Supported,", West Virginia",New Haven,Phase I: Start 2009 - Scheduled to operate for 18 months (up to 5 years). Phase II: 2015 - Phase II has been cancelled due to unknown climate policy.,Mountaineer,1/1/2009,99,https://sequestration.mit.edu/tools/projects/aep_alstom_mountaineer.html,American Electric Power - Mountaineer,,Terminated,Alstom Chilled Ammonia Process,Tonnes Total,1,38.978824615,-81.938796997,1,"15,000"
Terminated,Taylorville Energy Center,Illinois,Capture,Tenaska Inc.,United States,Other Support,", Illinois",Taylorville,Tenaska announced that it was cancelling both of its CCS projects on June 2013. Taylorville and Trailblazer were both cut from Tenaska's portfolio in favor of renewable and gas-fired power generation.,Taylorville Energy Center IGCC,1/1/2014,160,https://sequestration.mit.edu/tools/projects/taylorville.html,Taylorville Energy Center,Permitting,Terminated,,% Reduction,1,39.589044,-89.188766,1,55
Terminated,Sweeny Polygeneration with CO2 Capture,Texas,Capture,ConocoPhillips,United States,Other Support,", Texas",Sweeny,"ConocoPhillips is no longer pursuing the IGCC plant, and formally withdrew the air permit application for the project on April 13, 2012.",Commercial Source,1/1/2016,155,http://sequestration.mit.edu/tools/projects/sweeny.html,Sweeny Polygeneration with CO2 Capture,Planning,Terminated,ConocoPhillips E-Gas Gasification,Tonnes per Day,1,29.07198,-95.749718,1,"13,700"
Terminated,Seminole Electric Cooperative,Florida,Capture,Seminole Electric Cooperative,United States,Other Support,", Florida",Palatka,This project would make SGS Unit 3 (750 MW)  the first electric generating unit in Florida to propose installing a carbon dioxide capture demonstration project.,Seminole Generating Station,1/1/2006,154,http://www.powermag.com/seminole-scraps-plans-for-1-4-billion-coal-fired-unit-in-florida/,Seminole Electric Cooperative,Permitting,Terminated,,Tonnes per Day,1,29.7329,-81.6332,1,"13,801"
Terminated,Scottish Power - Cockenzie Project,East Lothian,Capture,Scottish Power,United Kingdom,Other Support,", East Lothian",Cockenzie,Scottish Power plans to convert the plant from coal to to combined cycle gas turbine reducing carbon emissions. The plant will be carbon capture ready and required to fit full carbon capture and storage technology once it is commercially available.,Cockenzie Power Plants,1/1/2012,85,http://www.gov.scot/News/Releases/2011/10/05131125,Scottish Power - Cockenzie Project,Plant Closed,Terminated,,% Reduction,1,55.967693,-2.9709975,1,5
Terminated,RWE nPower - Blyth Post-Combustion Project,Northumberland,Capture,RWE nPower,United Kingdom,Other Support,", Northumberland",Cambois,"It may eventually install CCS equipment once the technology is ""proven."" Capture technology was able to capture 90% CO2. Project stopped due to uncertain economic climate in 2009.",Blyth Power Station,1/1/2014,49,http://www.zeroco2.no/projects/rwe-npower-2013-blyth-post-combustion-project,RWE nPower - Blyth Post-Combustion Project,Planning,Terminated,,Tonnes per Day,1,55.143175,-1.527295,1,"8,220"
Terminated,Nuon Power Buggenum,Limburg Province,Capture,Nuon,Netherlands,Other Support,", Limburg Province",Buggenum,"With the pilot in Buggenum, Nuon intends to make CO2 capture technology suitable for the energy sector. The knowledge and experience can then be applied in the new power plant Nuon Magnum in the Eemshaven in Groningen.",Willem-Alexander Power Plant,2/1/2011,217,http://www.netl.doe.gov/research/coal/energy-systems/gasification/gasifipedia/nuon,Nuon Power Buggenum,Capture Ongoing,Terminated,,Tonnes per Day,1,51.22278,5.9733,1,822
Terminated,NRG Energy Inc. (Somerset Plant),Massachusetts,Capture,NRG Energy Inc.,United States,Other Support,", Massachusetts",Bristol County,"NRG Corp of Canada planned to install their plasma gasification technology at Somerset and build a 120 MW coal and biomass unit.  Received regulatory approval form Mass. DEP Jan. 25, 2009.  Permit application withdrawn on 2-3-2011.",Somerset Plant,1/1/2010,137,http://www.clf.org/wp-content/uploads/2011/02/20110218.DEP-ltr-to-NRG.Termination-Withdrawals.pdf,NRG Energy Inc. (Somerset Plant),Permitting,Terminated,,,1,41.73715,-71.146057,1,
Terminated,Lianyungang IGCC with CO2 Capture,Jiangsu Province,Capture,Chinese Government,China,DOE Supported,", Jiangsu Province",Lianyungang,Will utilize power and chemical coproduction plants to capture up to 1 million tonnes CO2 and transport via pipeline to use in EOR. Also constructing a 1300 MW ultra pulverized coal power plant.,Lianyungang R&D IGCC Facility,,244,http://www.zeroco2.no/projects/lianyungang-igcc,Lianyungang IGCC with CO2 Capture,Plant Design,Terminated,Gas Separation,Tonnes per Day,1,34.596891,119.220804,1,"2,740"
Terminated,FINNCAP - Meri Pori CCS Project,Satakunta Region,Capture,Fortum,Finland,DOE Supported,", Satakunta Region",Pori,CO2 capture for beneficial re-use (EOR).,Meri-Pori coal-fired power plant,1/1/2015,245,http://www.zeroco2.no/projects/meri-pori,FINNCAP - Meri Pori CCS Project,Developing Infrastructure,Terminated,Siemens Energy Technology,Tonnes per Day,1,61.631878,21.40684,1,"3,288"
Terminated,E.ON Kingsnorth Ruhrgas UK Post-Combustion Project,Kent,Capture,E.ON,United Kingdom,Other Support,", Kent",Kingsnorth (Medway), Project was cancelled in March 2012 due to economic hurdles to construction.,Kingsnorth Power Station,1/1/2012,48,http://www.zeroco2.no/projects/e.on-2013-kingsnorth-post-combustion-project,E.ON Kingsnorth Ruhrgas UK Post-Combustion Project,Plant Design,Terminated,Amines,% Reduction,1,51.418737,0.601415,1,20
Terminated,American Electric Power - Tanners Creek Plant,Indiana,Capture,American Electric Power,United States,Other Support,", Indiana",Dearborn County,"After reviewing results of the retrofit feasibility study, Tanners Creek #4 unit will be retired by mid-2015. Units #1 through #3 will also be taken offline by mid-2015.",Tanners Creek Plant,12/31/2014,102,https://www.aep.com/newSroom/newSreleaSeS/Default.aspx?id=1834,American Electric Power - Tanners Creek Plant,Plant Design,Terminated,,Megawatt,1,39.082102,-84.859778,1,500
Terminated,American Electric Power - Red Rock Facility,Oklahoma,Capture,American Electric Power,United States,Other Support,", Oklahoma",Noble County,Pre-approval for permit denied; OCC didnt look at alternative energy sources. No mention of CCS with this project.,Red Rock Generating Facility,1/1/2011,101,http://www.aep.com/newsroom/newsreleases/?id=1396,American Electric Power - Red Rock Facility,Permitting,Terminated,,Megawatt,1,36.476601,-97.177595,1,950
Terminated,AES Shady Point,Oklahoma,Capture,AES Corporation,United States,Other Support,", Oklahoma",Panama,The CO2 is scrubbed from the flue gas stream via an ABB Lummus scrubber system that uses monoethanolamine (MEA) as its solvent. Produces 200 tons/day CO2 that is used for food-grade applications.,Shady Point Power Plant,1/1/1991,221,https://www.globalccsinstitute.com/projects/aes-shady-point-warrior-run-co2-recovery-plants,AES Shady Point,Plant in Operation,Terminated,Ethanol-amino solvent,Tonnes per Day,1,35.191944,-94.6425,1,200
Completed,Western Kentucky CO2 Test,Kentucky,Storage,Kentucky Geological Survey,United States,Other Support,", Kentucky",Hancock County,Drilled through the Knox and Mount Simon formations and tested their potential to permanently store CO2. The well penetrated the Precambrian basement rocks. 323 tons of carbon dioxide were successfully injected into deep formations.,Commercial Source,7/1/2009,119,http://www.uky.edu/KGS/kyccs/ppt/Bowersox030411.pdf,Western Kentucky CO2 Test,Well Drilling,Completed,,Tonnes Total,1,37.792519,-86.69423,1,690
Completed,"WESTCARB Validation Phase - Northern California CO2 Reduction Project
 Reduction Project (G1)",California,Storage,C6 Resources,United States,DOE Supported,", California", Montezuma Hills in southern Sacramento Basin,"The project team developed a 3D model based on well log and seismic survey data from natural gas exploration, production, and storage operations in the area. The team used the model to simulate a research-size injection of 5,440 metric tons of CO2.",,1/1/2010,258,http://www.westcarb.org/norcal_co2reduction_project.html,"WESTCARB Validation Phase - Northern California CO2 Reduction Project
 Reduction Project (G1)",,Completed,,Tonnes per Day,1,38.1174,-121.8044,1,0
Completed,WESTCARB Validation Phase - Arizona Utilities CO2 Storage Pilot,Arizona,Storage,Arizona Public Service,United States,DOE Supported,", Arizona",Holbrook,"This project involved drilling a well approximately 3,800 feet deep to evaluate saline formation CO2 storage in Arizonas Colorado Plateau region.  Potential storage targets are the Naco and Martin formations.  Insufficent permeability detected.",Commercial Source,1/1/2008,167,http://www.westcarb.org/AZ_pilot_cholla.html,WESTCARB Validation Phase - Arizona Utilities CO2 Storage Pilot,,Completed,,Tonnes Total,1,34.928611,-110.258611,1,0
Completed,Virginia Tech - Small-scale Injection Project,Virginia,Storage,Virginia Polytechnical Institute (Virginia Tech),United States,DOE Supported,", Virginia",Russell and Buchanan Counties,"This project will evaluate unconventional carbon storage reservoirs (shales, coal seams) in Central Appalachia.  The project proposes to inject 20,000 tonnes of supercritical CO2 into unmineable coal seams (Oakwood or Sourwood).",CO2 injection into the Oakwood or Sourwood coal seams in Central Appalachia.,10/1/2011,325,http://www.netl.doe.gov/publications/factsheets/project/DE-FE0006827.pdf,Virginia Tech - Small-scale Injection Project,Injection Complete,Completed,,Tonnes Total,1,37.036435,-82.144217,1,"20,300"
Completed,University of Kansas - Small-scale Injection Project,Kansas,Storage,Kansas Geological Survey,United States,DOE Supported,", Kansas",Wellington,"This project will inject 40,000 tonnes of supercritical CO2 into the Arbuckle saline aquifer, and 30,000 tonnes of supercritical CO2 into the oil-bearing dolomite within the Wellington Field. DOE project completed 9/30/2017.",Carbon storage operations within the Arbuckle saline reservoir and the Wellington Field for EOR.,10/1/2011,324,http://www.netl.doe.gov/publications/factsheets/project/de-fe0006821.pdf,University of Kansas - Small-scale Injection Project,Injection Complete,Completed,,Tonnes Total,1,37.319659,-97.433597,1,"40,000"
Completed,SWP Validation Phase - SACROC CO2 Injection Project,Texas,Storage,New Mexico Institute of Mining and Technology,United States,DOE Supported,", Texas",Snyder,"This test included a post-audit modeling analysis of injected CO2 for EOR over the last 30 years at the SACROC Unit in the Permian Basin of Texas, in addition to intense MVA analyses of ongoing CO2 injection at SACROC.",Commercial Source,9/1/2008,158,https://www.netl.doe.gov/publications/proceedings/08/rcsp/factsheets/10-SWP_SACROC%20EOR%20Sequestration_Oil.pdf,SWP Validation Phase - SACROC CO2 Injection Project,,Completed,,Tonnes Total,1,32.809575,-100.9307056,1,"157,000"
Completed,SWP Validation Phase - Pump Canyon CO2-ECBM Sequestration Demonstration,New Mexico,Storage,New Mexico Institute of Mining and Technology,United States,DOE Supported,", New Mexico",Navajo City,The San Juan Basin pilot test examined ECBM efficacy and degree of CO2 sequestration by injecting CO2 sourced from the McElmo Dome into the coals of the Upper Cretaceous Fruitland formation in the San Juan Basin.,McElmo Dome,7/1/2008,159,https://www.adv-res.com/pdf/RECS_ARI.pdf,SWP Validation Phase - Pump Canyon CO2-ECBM Sequestration Demonstration,,Completed,,Tonnes Total,1,36.85479722,-107.6983472,1,"16,700"
Completed,SWP Validation Phase - Aneth EOR Sequestration Project,Utah,Storage,New Mexico Institute of Mining and Technology,United States,DOE Supported,", Utah",San Juan County,"Starting in August 2007, the SWP has tested EOR combined with sequestration by injecting CO2 into the Desert Creek and Ismay producing zone, approximately 5,800 feet deep, in the Aneth Oil Field in San Juan County.",McElmo Dome,8/1/2007,156,https://www.netl.doe.gov/publications/proceedings/08/rcsp/factsheets/6-SWP_Aneth%20EOR%20and%20Sequestration%20Test_%20Oil.pdf,SWP Validation Phase - Aneth EOR Sequestration Project,,Completed,,Tonnes Total,1,37.30745,-109.3378278,1,"292,000"
Completed,Site Characterization of the Highest-Priority Geologic Formations for CO2 Storage in Wyoming,Wyoming,Storage,University of Wyoming,United States,DOE Supported,", Wyoming",Laramie,Characterization of the Rock Springs Uplift (RSU) and Moxa Arch deep saline reservoirs in southwestern Wyoming to pave the way for commercial scale CO2 sequestration projects.,,12/8/2009,280,https://www.netl.doe.gov/File%20Library/Events/2012/Carbon%20Storage%20RD%20Project%20Review%20Meeting/Surdam.pdf,Site Characterization of the Highest-Priority Geologic Formations for CO2 Storage in Wyoming,,Completed,,,1,41.712614,-108.79482,1,
Completed,Site Characterization for CO2 Storage from Coal-fired Power Facilities in the Black Warrior Basin of Alabama,Alabama,Storage,University of Alabama,United States,DOE Supported,", Alabama",Parrish,This project assessed CO2 storage capacity in the Black Warrior Basin. Test well drilled at the Alabama Power Goras Plant.,,12/8/2009,281,https://www.netl.doe.gov/research/coal/project-information/proj?k=FE0001910,Site Characterization for CO2 Storage from Coal-fired Power Facilities in the Black Warrior Basin of Alabama,,Completed,,,1,33.647396,-87.195723,1,
Completed,SECARB Validation Phase - Stacked Storage Test,Mississippi,Storage,Southern States Energy Board,United States,DOE Supported,", Mississippi",Cranfield Oilfield,"Initiated injection of CO2 for the storage/EOR activity on July 15, 2008. As of March 2009, approximately 627,744  metric tons of CO2 have been injected.",Jackson Dome,7/15/2008,152,http://www.secarbon.org/?page_id=8,SECARB Validation Phase - Stacked Storage Test,,Completed,,Tonnes Total,1,31.578581,-91.172386,1,"627,744"
Completed,SECARB Validation Phase - Plant Daniel Project,Mississippi,Storage,Southern States Energy Board,United States,DOE Supported,", Mississippi",Escatawpa,The primary objective of this project was to locate and evaluate suitable saline formations for storage of CO2 in close proximity to large coal-fired power plants along the Mississippi Gulf Coast.,Commercial Source,4/1/2006,153,http://www.secarbon.org/files/mississippi-test-site.pdf,SECARB Validation Phase - Plant Daniel Project,,Completed,,Tonnes Total,1,30.53,-88.556111,1,"2,740"
Completed,SECARB Validation Phase - Central Appalachian Basin Coal Test,Virginia,Storage,Southern States Energy Board,United States,DOE Supported,", Virginia",Russell County,"The project evaluated the injection of more than 900 metric tons of CO2 into multiple coal seams of the Pocahontas Formation and Lee Formation at depths ranging between 1,400 and 2,200 feet.",Commercial Source,1/15/2009,150,http://www.secarbon.org/files/central-appalachian-basin.pdf,SECARB Validation Phase - Central Appalachian Basin Coal Test,,Completed,,Tonnes Total,1,37.08158333,-81.9609,1,907
Completed,SECARB Validation Phase - Black Warrior Basin Project,Alabama,Storage,Southern States Energy Board,United States,DOE Supported,", Alabama",Tuscaloosa County,"As in the Central Appalachian Basin, the objectives of the Black Warrior Basin test were to determine if sequestration of CO2 in mature CBM reservoirs is a safe and effective method to mitigate GHG emissions and to determine if injectivity exists.",Jackson Dome,10/1/2009,149,http://www.secarbon.org/files/black-warrior-basin.pdf,SECARB Validation Phase - Black Warrior Basin Project,Injection Complete,Completed,,Tonnes Total,1,33.347691,-87.49419,1,252
Completed,SECARB Development Phase -Cranfield Project,Mississippi,Storage,Southern States Energy Board,United States,DOE Supported,", Mississippi",Adams County,The project injected CO2 (through 23 injection wells) into the stacked storage regime within the Tuscaloosa formation at the Cranfield Site.,Jackson Dome,4/1/2009,151,http://www.netl.doe.gov/publications/factsheets/project/NT42590.pdf,SECARB Development Phase -Cranfield Project,,Completed,,Tonnes Total,1,31.589822,-91.154311,1,"4,743,898"
Completed,RECOPOL Project,Silesian Voivodeship,Storage,European Commission,Poland,Other Support,", Silesian Voivodeship",Kaniow,"The project conducted research and pilot field tests storing CO2 in coal seams in the Silesian coal basin of Poland. Over a time period from August 2004 to June 2005, a total of 760 tonnes CO2 was injected into the well.",Commercial Source,10/1/2001,83,http://www.cgseurope.net/Sections.aspx?section=491.492.511,RECOPOL Project,Injection Complete,Completed,,Tonnes per Day,1,49.9476,19.0632,1,2
Completed,Qinshui ECBM Project,Shanxi Province,Storage,Canadian International Development Agency,China,Other Support,", Shanxi Province",south Qinshui Basin,"This is a Chinese-Canadian collaborating project. Starting in April 2004, a total of 192 tonnes CO2 was injected into the coalbed.",Commercial Source,3/1/2002,45,https://gcep.stanford.edu/pdfs/wR5MezrJ2SJ6NfFl5sb5Jg/15_china_gunter.pdf,Qinshui ECBM Project,Injection Complete,Completed,,Tonnes Total,1,35.690601349,112.175041199,1,192
Completed,PICOREF Project,Ile-de-France,Storage,Gaz de France Production,France,Other Support,", Ile-de-France",SE Paris Basin,Project focused on identifying sites in France as potential geologic storage sites and optimize site evaluation processes for a CO2 project. The project was completed in 2006. PICOREF will continue in 2006-2007 within the French National Research Agency.,Commercial Source,1/1/2005,50,http://members.igu.org/html/wgc2006/pdf/paper/add11170.pdf,PICOREF Project,Injection Complete,Completed,,,1,47.83117,1.938112,1,
Completed,Pembina Cardium CO2 EOR Pilot,Alberta,Storage,PennWest Exploration (formerly Penn West Energy Trust),Canada,Other Support,", Alberta",Edmonton (125 km SW),"Penn West initiated a CO2 pilot project in 2005 and the first phase of the Pembina Enhanced Recovery Project will include construction of a CO2 supply pipeline, infill drilling, well recompletions, and field facility upgrades.",Commercial Source,11/1/2005,31,http://www.zeroco2.no/projects/pembina-enhanced-oil-recovery-project,Pembina Cardium CO2 EOR Pilot,,Completed,,Tonnes per Day,1,52.66256,-114.667908,1,79
Completed,PCOR Validation Phase - Northwest McGregor EOR Huff n' Puff Project,North Dakota,Storage,Energy & Environmental Research Center - University of North Dakota,United States,DOE Supported,", North Dakota",Williams County,"Eagle Operating and the EERC conducted a CO2 Huff n Puff in the Northwest McGregor Oil Field on the Nesson Anticline in Williston County, North Dakota. A total of 400 tonnes of CO2  was injected into the Madison formation over two days in June 2009.",Commercial Source,3/1/2009,141,https://www.undeerc.org/pcor/newsandpubs/pdf/FS12A-CO2-Huff-n-Puff-Validation-Test-NW-McGregor.pdf,PCOR Validation Phase - Northwest McGregor EOR Huff n' Puff Project,,Completed,,Tonnes Total,1,48.575622,-102.942431,1,400
Completed,PCOR Validation Phase - Lignite Test,North Dakota,Storage,Energy & Environmental Research Center - University of North Dakota,United States,DOE Supported,", North Dakota",Burke County,"Approximately 82 metric tons (90 tons) of CO2 was injected over a roughly 2-week period in March 2009 into a 10- to 12-foot-thick coal seam at a depth of approximately 1,100 feet. Test affirmed CO2 can be safely stored in coal.",Commercial Source,10/1/2005,139,https://www.undeerc.org/pcor/newsandpubs/pdf/FS10-Lignite-CO2-Sequestration-Test-Unminable-Coal-Seam-North-Dakota.pdf,PCOR Validation Phase - Lignite Test,,Completed,,Tonnes Total,1,48.549909,-102.239482,1,80
Completed,PCOR Development Phase - Bell Creek Project,Montana,Storage,Energy & Environmental Research Center - University of North Dakota,United States,DOE Supported,", Montana",Powder River County,"CO2 from Lost Cabin gas plant WY through 226-mile pipeline, from Shute Creek plant in WY through intersecting pipeline. CO2-EOR.  Injection began 2013. Over 20-25 years, 900,000 metric tons CO2/year will recover an incremental 35 million bbl.",ConocoPhillips Lost Cabin/Madden Gas Plant,10/1/2007,140,http://www.netl.doe.gov/publications/factsheets/project/NT42592.pdf,PCOR Development Phase - Bell Creek Project,Injection Complete,Completed,Gas Separation,Tonnes per Day,1,45.097,-105.109,1,"2,740"
Completed,Newark Basin Characterization of New York and New Jersey,New York and New Jersey,Storage,"Sandia Technologies, LLC",United States,DOE Supported,New York and New Jersey,,Goal is to characterize and assess the potential for storing large amounts of CO2 within the saline formations of the Newark Rift Basin.,,12/8/2009,272,http://www.netl.doe.gov/File%20Library/Events/2014/carbon_storage/7--Philip-Papadeas.pdf,Newark Basin Characterization of New York and New Jersey,,Completed,,Tonnes Total,1,41.002159,-73.908508,1,0
Completed,Nagaoka Storage Project,Niigata Prefecture,Storage,Japanese Government,Japan,Other Support,", Niigata Prefecture",Nagaoka-city,"Project is a small scale field test of CO2 injection into an onshore saline formation 1100 meters deep. The site was a horizontal homogeneous, high porosity and permeability Pleistocene sandstone formation. Total of 10,405 tonnes of CO2 injected.",Teikoku Oil Co. Ltd. Natural Gas Field,1/1/2003,63,https://www.rite.or.jp/English/lab/geological/project_overview.html,Nagaoka Storage Project,Injection Complete,Completed,,Tonnes per Day,1,37.449965,138.850413,1,40
Completed,MRCSP Validation Phase - Cincinnati Arch Geologic Test,Kentucky,Storage,Battelle Memorial Institute,United States,DOE Supported,", Kentucky",Rabbit Hash,"This saline formation project aims to demonstrate carbon sequestration in the Mt. Simon sandstone formation, a major CO2 sequestration target in the MRCSP region.  Site is at Duke Energy's East Bend Generating Station.",Commercial Source,1/1/2009,130,http://www.mrcsp.org/east-bend-site---validation-phase,MRCSP Validation Phase - Cincinnati Arch Geologic Test,,Completed,,Tonnes Total,1,38.908484,-84.853985,1,910
Completed,MRCSP Validation Phase - Appalachian Basin Test,Ohio,Storage,Battelle Memorial Institute,United States,DOE Supported,", Ohio",Shadyside,"This project provided an opportunity to evaluate the feasibility of injecting CO2 into three different deep rock formations at depths between 5,900 and 8,300 feet.  These formations, the Oriskany, Salina, and Clinton/Medina.",Commercial Source,1/1/2009,129,http://www.mrcsp.org/r-e-burger-site---validation-phase,MRCSP Validation Phase - Appalachian Basin Test,,Completed,,Tonnes Total,1,39.912682,-80.76458,1,50
Completed,MOVECBM Project,Silesian Voivodeship,Storage,European Union,Poland,Other Support,", Silesian Voivodeship",Kaniow,MOVECBM is studying optimum CO2 storage and enhanced coal bed methane production (ECBM) in coal seams. The project lasted for two years ending in 2008.,Commercial Sources,11/1/2006,82,http://cordis.europa.eu/result/rcn/47563_en.html,MOVECBM Project,Post-Injection Monitoring,Completed,,Tonnes per Day,1,49.9476,19.0632,1,15
Completed,"Modeling CO2 Sequestration in a Saline Reservoir and Depleted Oil Reservoir to Evaluate The Regional CO2 Sequestration Potential of The Ozark Plateau Aquifer System, South-Central Kansas",Kansas,Storage,University of Kansas,United States,DOE Supported,", Kansas",southern,This project studied potential CO2 storage sites within saline aquifer and depleted oil reservoirs within the Ozark Plateau Aquifer System (OPAS) in south-central Kansas.,,12/8/2009,282,http://www.netl.doe.gov/File%20Library/Events/2014/carbon_storage/11--L--Watney_J--Rush_J--Raney.pdf,"Modeling CO2 Sequestration in a Saline Reservoir and Depleted Oil Reservoir to Evaluate The Regional CO2 Sequestration Potential of The Ozark Plateau Aquifer System, South-Central Kansas",,Completed,,,1,37.165836,-101.251679,1,
Completed,MGSC Validation Phase - Tanquary Site,Illinois,Storage,Illinois State Geological Survey,United States,DOE Supported,", Illinois",Wabash County,The purpose of this project was to determine the CO2 injection and storage capability and the enhanced coalbed methane recovery potential of Illinois Basin coal seams.  The target formation was the Pennsylvanian Carbondale formation.,Commercial Source,1/1/2008,105,http://www.sequestration.org/resources/publish/TanquaryReportFinal.pdf,MGSC Validation Phase - Tanquary Site,,Completed,,Tonnes Total,1,38.40745,-87.95868,1,91
Completed,MGSC Validation Phase - Sugar Creek Field,Kentucky,Storage,Illinois State Geological Survey,United States,DOE Supported,", Kentucky",Hopkins County,"In early Summer 2009, CO2 injection started at the EOR III site in the Sugar Creek field in Hopkins County, Kentucky. The reservoir is located at a depth of 1,850 feet and consists of fine-grained sandstone packages interbedded with shales.",Commercial Source,4/1/2009,126,https://www.osti.gov/servlets/purl/1063888,MGSC Validation Phase - Sugar Creek Field,,Completed,,Tonnes Total,1,37.26265,-87.578917,1,"6,560"
Completed,MGSC Validation Phase - Mumford Hills Field,Indiana,Storage,Illinois State Geological Survey,United States,DOE Supported,", Indiana",Posey County,"Carbon dioxide injection started in Fall 2009 at the EOR II site in the Mumford Hills field in Posey County, Indiana.  The reservoir is located at an average depth of 1,900 feet deep and consists of thick wedges of fine-grained sandstone.",Commercial Source,9/1/2009,127,http://sequestration.org/mgscprojects/mumfordhills.html,MGSC Validation Phase - Mumford Hills Field,,Completed,,Tonnes Total,1,38.187413,-87.879005,1,"6,300"
Completed,MGSC Validation Phase - Loudon Field,Illinois,Storage,Illinois State Geological Survey,United States,DOE Supported,", Illinois",Fayette County,"This mature oil field enhanced oil recovery (EOR) test, also known as a Huff n Puff, evaluated the potential for geological sequestration of CO2 in mature Illinois Basin oil reservoirs as part of an EOR program.",Commercial Source,1/1/2007,104,http://sequestration.org/resources/publish/MGSC_HuffnPuff_Loudon.pdf,MGSC Validation Phase - Loudon Field,Injection Complete,Completed,,Tonnes Total,1,39.041661,-88.893386,1,39
Completed,Liaohe EOR Project,Liaoning Province,Storage,Chinese Government,China,Other Support,", Liaoning Province",Panjin,The project injected flue gas into a depleting oil field for EOR. It started in 1998 and the EOR proved effective with injecting flue gas. Phase II will look at separating CO2 via membrane and recirculating the CO2 to increase CO2 concentration.,Jingzhou Oil Extraction Plant,1/1/1998,42,http://www.netl.doe.gov/publications/proceedings/01/carbon_seq/p3.pdf,Liaohe EOR Project,Injection Complete,Completed,,Tonnes Total,1,41.137084,122.137069,1,"2,300"
Completed,JCOP Yubari/Ishikari ECBM Project,Hokkaido Prefecture,Storage,General Environment Technos Co. Ltd.,Japan,Other Support,", Hokkaido Prefecture",Yubari,The Yubari project is a research and development project on CO2 sequestration in unminable coal seams with the production of coal bed methane.,Commercial Source,1/1/2002,60,http://www.adv-res.com/Coal-Seq_Consortium/ECBM_Sequestration_Knowledge_Base/Coal-Seq%20VI%20Forum%202008/Fujioka_JCOAL_Yubari.pdf,JCOP Yubari/Ishikari ECBM Project,Injection Complete,Completed,,Tonnes Total,1,43.006987,142.08831,1,415
Completed,Gulf of Mexico Miocene Mega Transect Site Characterization,Texas,Storage,University of Texas at Austin,United States,DOE Supported,", Texas",coastline,Objective is to identify at least one specific site within Texas offshore state lands capable of storing at least 30 million tons of CO2.,,12/8/2009,278,http://www.netl.doe.gov/File%20Library/Events/2014/carbon_storage/9---Tip-Meckel.pdf,Gulf of Mexico Miocene Mega Transect Site Characterization,,Completed,,,1,28.394151,-96.186152,1,
Completed,Geologic Characterization of the South Georgia Rift Basin for Source Proximal CO2 Storage,South Carolina and Georgia,Storage,South Carolina Research Foundation,United States,DOE Supported,South Carolina and Georgia,,Evaluate the feasibility of storing CO2 in the Jurassic and Triassic strata of the buried South Georgia Rift Basin.,,12/8/2009,277,http://www.netl.doe.gov/File%20Library/Events/2014/carbon_storage/6--Michael-Waddell.pdf,Geologic Characterization of the South Georgia Rift Basin for Source Proximal CO2 Storage,,Completed,,,1,33.113913,-80.533211,1,
Completed,Frio Brine Pilot,Texas,Storage,Bureau of Economic Geology,United States,DOE Supported,", Texas",Dayton,"From October 414, 2004 the Frio Brine Pilot team injected 1,600 tons of CO2 1,500m below surface into a high permeability brine-bearing sandstone of the Frio Formation.",Commercial Source,10/4/2004,186,http://www.beg.utexas.edu/gccc/forum/codexdownloadpdf.php?ID=26,Frio Brine Pilot,,Completed,,Tonnes Total,1,30.030999,-94.86129,1,"1,455"
Completed,Fenn Big Valley Project,Alberta,Storage,Alberta Science and Research Authority,Canada,Other Support,", Alberta",Pembina oil field,"Fenn Big Valley project was a comprehensive project studying CO2 sequestration in deep coal mines while enhancing coal bed methane production (ECBM).  In October 1999, Alberta Research Council drilled a well at Fenn Big Valley.",Commercial Source,1/1/1997,24,http://www.researchgate.net/publication/228933838_CO2_storage_and_enhanced_methane_production_field_testing_at_Fenn-Big_Valley_Alberta_Canada_with_application,Fenn Big Valley Project,,Completed,,Tonnes Total,1,52.050455,-112.734195,1,200
Completed,CO2SINK Project (Ketzin),Brandenburg,Storage,European Commission,Germany,DOE Supported,", Brandenburg",Ketzin," Located at Ketzin, Germany, the project injected 67,271 tonnes of CO2. Injection ended 8/29/2013.",Leuna Refinery,6/30/2008,54,http://sequestration.mit.edu/tools/projects/ketzin.html,CO2SINK Project (Ketzin),Injection Complete,Completed,,Tonnes Total,1,51.191544,12.356714,1,"67,271"
Completed,Characterization of the Most Promising Sequestration Formations in the Rocky Mountain Region,Colorado,Storage,University of Utah,United States,DOE Supported,", Colorado",Craig,Project seeks to characterize and analyze the geologic storage formations near the Craig Power Station in Colorado and apply the results to regional geologic storage formations in the Central and Southwestern Rockies.,,12/8/2009,275,https://www.netl.doe.gov/File%20Library/events/2013/carbon%20storage/3-30-McPherson_RMCCS_FY13_Carbon_Storage-Review_Final.pdf,Characterization of the Most Promising Sequestration Formations in the Rocky Mountain Region,,Completed,,,1,40.435449,-107.593316,1,
Completed,"Characterization of the Miocene and Pliocene Formations in the Wilmington Graben, Offshore Los Angeles, for Large Scale Geologic Storage of CO2",California,Storage,GeoMechanics Technologies,United States,DOE Supported,", California",offshore Los Angeles,"Geologic storage potential study in the Wilmington Graben, offshore LA Basin.",,12/8/2009,276,http://www.netl.doe.gov/File%20Library/Events/2014/carbon_storage/10--Michael-Bruno.pdf,"Characterization of the Miocene and Pliocene Formations in the Wilmington Graben, Offshore Los Angeles, for Large Scale Geologic Storage of CO2",,Completed,,,1,33.592869,-118.174017,1,
Completed,Blackhorse Energy LLC - Small-scale Injection Project,Louisiana,Storage,Black Horse Energy LLC,United States,DOE Supported,", Louisiana",Livingston Parish,"This project will utilize CO2 for EOR operations in the First Wilcox sand unit.  The project will inject 52,000 tonnes of CO2 and CO2 foam for EOR operations.",EOR operations in the Livingston Reservoir (First Wilcox sand),10/1/2011,323,https://www.osti.gov/servlets/purl/1332270,Blackhorse Energy LLC - Small-scale Injection Project,Planning,Completed,,Tonnes Total,1,30.4658,-90.767859,1,"52,000"
Completed,Big Sky Validation Phase - Basalt Injection,Washington,Storage,Montana State University,United States,DOE Supported,", Washington",Wallula,"Injection was initiated on July 17, 2013. Injection completed August 11, 2013.",Commercial,1/1/2010,29,http://www.bigskyco2.org/research/geologic/basaltproject,Big Sky Validation Phase - Basalt Injection,,Completed,,Tonnes Total,1,46.106511,-118.915757,1,977
Completed,An Evaluation of the Carbon Sequestration Potential of the Cambro Ordovician Strata of the Illinois and Michigan Basins,"Illinois, Michigan, Kentucky, Indiana",Storage,Illinois State Geological Survey,United States,DOE Supported,"Illinois, Michigan, Kentucky, Indiana",,"Goal is to evaluate carbon storage potential of Cambrian-Ordovician strata in Illinois and Michigan basins by evaluating reservoir and seal capacity, mapping the basins with 2D & 3D seismic data sets, and developing a BMP for site characterization.",,12/7/2009,274,http://www.netl.doe.gov/File%20Library/Events/2014/carbon_storage/8--Hannes-Leetaru.pdf,An Evaluation of the Carbon Sequestration Potential of the Cambro Ordovician Strata of the Illinois and Michigan Basins,,Completed,,,1,40.10099,-88.229099,1,
Completed,Allison Unit CO2-ECBM Pilot,New Mexico,Storage,Burlington Resources,United States,DOE Supported,", New Mexico",San Juan County,This project involves CO2 injection into the Allison Unit of the San Juan Basin. CO2 was used to enhance coalbed methane recovery.,Natural Source from Cortez Area of New Mexico,10/1/2000,298,https://www.adv-res.com/pdf/The%20Allison%20Unit%20CO2-ECBM%20Pilot%20-%20A%20Reservoir%20and%20Economic%20Analysis%20-%20Paper%200522.pdf,Allison Unit CO2-ECBM Pilot,Injection Complete,Completed,,Tonnes per Day,1,39.979384,-107.510387,1,400
Completed,Weyburn-Midale Project,Saskatchewan,Capture & Storage,Cenovus Energy,Canada,DOE Supported,", Saskatchewan",Weyburn and Midale Oil Fields,"A large operational EOR with CO2 Storage project in Weyburn and adjacent Midale fields. The projected production with EOR is 67 million barrels. CO2 is supplied by a 205-mile pipeline from the Great Plains Synfuel Plant in North Dakota, USA.",Great Plains Synfuels Plant (US),10/1/2000,37,https://www.undeerc.org/pcor/co2sequestrationprojects/Weyburn.aspx,Weyburn-Midale Project,Injection Complete,Completed,Cold Methanol (Rectisol),Tonnes Total,1,49.414461,-103.438402,1,"40,000,000"
Completed,Touchstone Bioconversion Pilot Plant,Ohio,Capture & Storage,Touchstone Research Laboratory,United States,DOE Supported,", Ohio",Cedar Lane Farms,The project is pumping CO2 from greenhouse furnances into algae ponds to take advantages of CCUS opportunities with biomass to energy (biodiesel) production.,Biomass production ponds,7/25/2012,309,http://www.algaebiomass.org/wp-content/gallery/2012-algae-biomass-summit/2010/06/Joseph_Brian1.pdf,Touchstone Bioconversion Pilot Plant,Plant in Operation,Completed,Not currently specified,Liter of Algae per Minute,1,40.824822,-81.865536,1,0
Completed,Total Lacq Project,Nouvelle-Aquitane,Capture & Storage,Total,France,Other Support,", Nouvelle-Aquitane",Lacq,"Total has initiated a pilot CO2 capture and sequestration project in the Lacq basin. The project will inject up to 150,000 metric tons of CO2 into a depleted natural gas field in Rousse over a period of two years from 2010 to 2012. The project is ongoing.",Lacq Gas Processing Plant,1/1/2009,51,http://hub.globalccsinstitute.com/sites/default/files/publications/194253/carbon-capture-storage-lacq-pilot.pdf,Total Lacq Project,Capture Complete,Completed,,Tonnes Total,1,43.409338,-0.634186,1,"51,000"
Completed,SEQ Zero Emission Power Plant (ZEPP),Friesland,Capture & Storage,SEQ Nederland B.V.,Netherlands,Other Support,", Friesland",Drachten,"SEQ Nederland B.V. and ONS Energy are planning to build Zero Emission Power Plant (ZEPP) in Drachten, Netherlands producing 50 MW  using a novel oxy-fuel technology. 250,000 tonnes annually CO2 will be captured and used for EGR in nearby gas fields.",Zero Emission Power Plant (ZEPP),1/1/2009,71,https://www.co2-cato.org/news/news/publication-of-zero-emmission-power-plant-seq-documents,SEQ Zero Emission Power Plant (ZEPP),Developing Infrastructure,Completed,,Tonnes per Day,1,53.107152,6.050072,1,685
Completed,SECARB Development Phase - Citronelle Project,Alabama,Capture & Storage,Southern States Energy Board,United States,DOE Supported,", Alabama",Bucks,"Injection operations were initiated in September 2012 and ended September 2014 with 114,104 metric tons injected.",Plant Barry,9/22/2007,148,https://www.netl.doe.gov/File%20Library/Research/Carbon-Storage/Citronelle-SECARB-Project.PDF,SECARB Development Phase - Citronelle Project,Completed,Completed,Amines,Tonnes Total,1,31.005154,-88.008941,1,"114,104"
Completed,PCOR Validation Phase - Zama Field Test,Alberta,Capture & Storage,Energy & Environmental Research Center - University of North Dakota,Canada,DOE Supported,", Alberta",Zama City,"The field validation test conducted at Apache Canadas Zama oil field in Alberta, Canada is evaluating the potential for geologic sequestration of CO2 in an acid gas stream that also includes high concentrations of hydrogen sulfide (H2S).",Apache Zama Gas Plant,10/1/2005,134,https://www.undeerc.org/pcor/newsandpubs/pdf/RTIP-Zama-Acid-Gas-EOR-CO2-Sequestration-and-Monitoring-Project.pdf,PCOR Validation Phase - Zama Field Test,,Completed,Gas Separation,Tonnes Total,1,59.064553,-118.880284,1,"84,986"
Completed,MRCSP Validation Phase - Michigan Basin Geologic Test,Michigan,Capture & Storage,Battelle Memorial Institute,United States,DOE Supported,", Michigan",Otsego County,"This project involves total injection of approximately 60,000 metric tons of CO2 into a saline formation between depths of 3,400 to 3,500 feet.  The test location is the Charlton 30/31 field in Otsego County, Michigan, site of an enhanced oil recovery.",Turtle Lake Natural Gas Processing Plant,2/1/2008,132,http://www.mrcsp.org/michigan-basin-site---validation-phas,MRCSP Validation Phase - Michigan Basin Geologic Test,,Completed,Gas Separation,Tonnes Total,1,45.044878,-84.487203,1,"60,000"
Completed,Mitchell Energy Bridgeport Plant,Texas,Capture & Storage,Mitchell Energy,United States,Other Support,", Texas",Bridgeport,"The Mitchell Energy Bridgeport, Texas USA plant recovered~ 500 ton/day CO2 for EOR.",Bridgeport,1/1/1991,229,http://www.osti.gov/scitech/biblio/6286644,Mitchell Energy Bridgeport Plant,Capture Complete,Completed,Aqueous amino acid salt-based solvent,Tonnes per Day,1,33.205873,-97.729303,1,500
Completed,MGSC Development Phase - Illinois Basin Decatur Project,Illinois,Capture & Storage,Illinois State Geological Survey,United States,DOE Supported,", Illinois",Decatur,"MGSC has partnered with the Archer Daniels Midland (ADM) Company, an agricultural product processing company, to conduct a large-volume, saline sequestration test at ADMs ethanol by fermentation facility located in Decatur, Illinois.",ADM Ethanol Facility,1/1/2010,125,http://www.netl.doe.gov/publications/factsheets/project/NT42588.pdf,MGSC Development Phase - Illinois Basin Decatur Project,Post-Injection Monitoring,Completed,Not currently specified,Tonnes Total,1,39.876963,-88.89341,1,"999,215"
Completed,Joffre Viking EOR Project,Alberta,Capture & Storage,Penn West Energy Corporation,Canada,Other Support,", Alberta",Joffre,"First EOR in Canada in the Joffre Viking field east of Red Deer, Alberta. Penn West Petroleum operates the project using CO2 from two of the Nova Chemical Corp Ethylene plants. Project End Date  2011-12-31",NOVA Chemicals Ethylene Plant,8/1/2003,284,http://www.csaregistries.ca/files/projects/prj_5957_1079.pdf,Joffre Viking EOR Project,,Completed,Not currently specified,Tonnes Total,1,52.309312,-113.549264,1,"39,566"
Completed,CS Energy Callide Oxyfuels Project,Queensland,Capture & Storage,CS Energy,Australia,Other Support,", Queensland",town of Biloela in the Banana Shire,"The project  retrofitted a 30MW unit at CS Energy's Callide A with oxyfuel process and captured CO2 from the waste gases. The project has capture rates of more than 85%  and has operated more than 2,500 hrs.",Callide A Power Station,3/1/2006,3,http://callideoxyfuel.com/,CS Energy Callide Oxyfuels Project,Injection Complete,Completed,Oxy-fuel Combustion,Tonnes per Day,1,-24.341218948,150.608520508,1,82
Completed,CONSOL Energy - Sequestration of CO2 in Unmineable Coal Seams,West Virginia,Capture & Storage,Consol Energy Inc,United States,DOE Supported,", West Virginia",Marshall County,"CONSOL demonstrated a novel drilling and production process that reduces potential methane emissions from coal mining, produces usable methane (natural gas), and creates a sequestration sink for carbon dioxide (CO2) in unmineable coal seams.",On-site amine plan,9/21/2001,297,https://www.netl.doe.gov/File%20Library/Events/2015/carbon%20storage/proceedings/08-20_08_CO2-Sequestration-in-Unmineable-Coal-with-ECBM-2015.pdf,CONSOL Energy - Sequestration of CO2 in Unmineable Coal Seams,Post-Injection Monitoring,Completed,Amines,Tonnes Total,1,39.748189,-80.541217,1,"4,516"
Completed,Carbon Dioxide Technology Corp - Lubbock Plant,Texas,Capture & Storage,Carbon Dioxide Technology Corporation,United States,Other Support,", Texas",Lubbock,"Product CO[2] was pipelined from the recovery plant in a supercritical state at about 2,000 psig to the Post oil field in Garza County, Texas, about 35 miles away for use in an EOR project.",Cooke Power Station,1/1/1982,228,http://www.nist.gov/pml/high_megawatt/upload/2_3-Kubek-Approved.pdf,Carbon Dioxide Technology Corp - Lubbock Plant,Injection Complete,Completed,Amines,Tonnes per Day,1,33.45438,-101.862836,1,"1,200"
Completed,ARI Eastern Shale CO2 Injection Test,Kentucky,Capture & Storage,Advanced Resources International (ARI),United States,DOE Supported,", Kentucky",Pike County,"ARI is conducting a small-scale CO2 injection in eastern shales. CO2 is planned to come from the AES Warrior Run plant, but it is not a full capture project. The test will assess the feasibility of injecting and storing CO2 in shale formations.",,10/1/2010,299,http://www.netl.doe.gov/publications/factsheets/project/FE0004633.pdf,ARI Eastern Shale CO2 Injection Test,Site Characterization,Completed,,Tonnes Total,1,37.290102,-82.615054,1,300
Completed,Air Products and Chemicals Inc. CCS Project,Texas,Capture & Storage,Air Products and Chemicals,United States,DOE Supported,", Texas",Port Arthur,"DOE project was completed on September 30, 2017, and operations continue.",Valero Port Arthur Refinery's Methane Steam Reformer Waste Streams,11/16/2009,201,http://www.netl.doe.gov/research/coal/project-information/FE0002381,Air Products and Chemicals Inc. CCS Project,Capture Ongoing,Completed,Vacuum swing absorption,Tonnes per Day,1,29.865913,-93.967359,1,"2,740"
Completed,We Energies Pleasant Prairie Field Pilot,Wisconsin,Capture,We Energies,United States,Other Support,", Wisconsin",Pleasant Prairie,"The Chilled Ammonia CO2 capture pilot at the We Energies power plant in Pleasant Prairie, Wisconsin, USA went into operation in June 2008. Demonstrated more than 90% capture of CO2 from flue gas.",Pleasant Prairie,7/1/2008,225,http://mydocs.epri.com/docs/CorporateDocuments/SectorPages/GEN/CarbonCaptureProject/doc/cc_report.pdf,We Energies Pleasant Prairie Field Pilot,Capture Complete,Completed,Alstom Chilled Ammonia Process,Tonnes per Day,1,42.53944,-87.90444,1,81
Completed,TEPCO Yokosuka,Kanagawa Prefecture,Capture,Tokyo Electric Power Company,Japan,Other Support,", Kanagawa Prefecture",Kurihama (Yokosuka),Tested 5 solvent systems for their CO2 capture capability.  Selected best solvent (H3) and it consistently achieved 80 to 90 % recovery rates.,Yokosuka Thermal Power Station,1/1/1997,222,http://www.psa.mhps.com/supportingdocs/forbus/hpsa/technical_papers/Advanced%20Amine-based%20CO2%20Capture%20for%20Coal-fired%20Power%20Plants.pdf,TEPCO Yokosuka,Capture Complete,Completed,Solvents,% Reduction,1,35.215,139.72028,1,90
Completed,Tampa Electric - Scale-Up of High-Temperature Syngas Cleanup Technology,Florida,Capture,Tampa Electric Power Company,United States,DOE Supported,", Florida",Brewster,"The project designed, constructed, and operated a pre-commercial scale high-temperature
syngas cleanup unit with integrated CCS technology. 300,000 tons CO2 total were injected  into a saline formation.",TECO Polk Power Station,7/20/2009,303,https://www.netl.doe.gov/File%20Library/Research/Coal/energy%20systems/gasification/FE0000489.pdf,Tampa Electric - Scale-Up of High-Temperature Syngas Cleanup Technology,Engineering design,Completed,MDEA Gas Separation Process,Tonnes per Day,1,27.725119,-81.993792,1,748
Completed,Slipstream Testing of a Membrane CO2 Capture Process for Existing Coal-Fired Power Plants,Alabama,Capture,"Membrane Technology and Research, Inc (MTR)",United States,DOE Supported,", Alabama",Wilsonville,"1 ton per day capture field test site Cholla Power Plant (AZ), with scale up to 20 tons/day at NCCC site.",National Carbon Capture Center,10/1/2010,288,http://www.netl.doe.gov/File%20Library/Research/Coal/ewr/co2/FE0005795.pdf,Slipstream Testing of a Membrane CO2 Capture Process for Existing Coal-Fired Power Plants,,Completed,MTR Membrane System,Tonnes per Day,1,33.243601,-86.469014,1,20
Completed,Slipstream Development and Testing of Siemens POSTCAP Capture and Separation Technology,Florida,Capture,"Siemens Energy, Inc.",United States,DOE Supported,", Florida",Tampa,"Design, install, and operate a pilot plant treating 2.5 MWe slipstream of flue gas.",Tampa Electric Company's Big Bend Station,10/1/2010,289,http://www.netl.doe.gov/research/coal/carbon-capture/post-combustion/siemens-postcap,Slipstream Development and Testing of Siemens POSTCAP Capture and Separation Technology,,Completed,Aqueous amino acid salt-based solvent,Tonnes per Day,1,27.794879,-82.40066,1,50
Completed,Sargas Vartan,Södermanland and Uppland,Capture,Sargas,Sweden,Other Support,", Södermanland and Uppland",Stockholm,"SARGAS currently has a breakthrough, proprietary technology for CO2 capture, which can be used at coal at a very affordable price. The challenge lies in how the large amounts of CO2 to be stored, and who takes the bill for disposal.",Vartan Power Plant,1/1/2007,223,http://translate.google.com/translate?hl=en&sl=no&u=http://www.ukeavisenledelse.no/norsk-sm%25C3%25A5bedrift-vil-vokse-p%25C3%25A5-co2-fri-kullkraft&prev=/search%3Fq%3DSargas%2BVartan%26start%3D10%26safe%3Doff%26sa%3DN%26es_sm%3D122%26biw%3D1264%26bih%3D9,Sargas Vartan,Capture Complete,Completed,Solvents,,1,59.34833,18.07028,1,
Completed,RWE/BASF/Linde CO2 Capture Project Niederaussem,North Rhine - Westphalia,Capture,RWE Power,Germany,Other Support,", North Rhine - Westphalia","Niederaussem, Bergheim",The pilot plant is capturing 300 kg CO2/hr from a bypass flue gas stream from the plant.,RWE Power AG Lignite Plant,8/18/2009,56,http://www.zeroco2.no/projects/rwe2019s-scrubbing-pilot-plant-in-cooperation-with-basf-and-linde,RWE/BASF/Linde CO2 Capture Project Niederaussem,Capture Complete,Completed,Amines,Tonnes Total,1,50.994088,6.667984,1,"2,000"
Completed,Nippon Steel CO2 Capture Project,Chiba Prefecture,Capture,Nippon Steel,Japan,Other Support,", Chiba Prefecture",Kimitsu, Project started in 2004 and plans to end in 2008.  April 2010 will start a 30 tonnes/day capture test plant using amine solvent.,Nippon Steel Facilities in Kimitsu Works,1/1/2004,65,http://globalenergyobservatory.org/geoid/40207,Nippon Steel CO2 Capture Project,Capture Complete,Completed,Amines,Tonnes per Day,1,35.357929230,139.867904663,1,170
Completed,Mulgrave Capture Project - CO2CRC,Victoria,Capture,CO2CRC - Cooperative Research Centre for Greenhouse Gas Technologies,Australia,Other Support,", Victoria","Mulgrave, Melbourne","Pre-combustion CO2 capture from a brown coal burning IGCC plant.  They are piloting three capture technologies: solvent, membrane, and pressure swing.  CO2 captured (Tonnes Total): 741 tonnes/year.",Coal Gasifier at HRL Facility,1/1/2009,215,https://www.researchgate.net/publication/251711740_Novel_Pre-Combustion_Capture_Technologies_in_Action_-_Results_of_the_CO2CRCHRL_Mulgrave_Capture_Project,Mulgrave Capture Project - CO2CRC,Capture Complete,Completed,Amine Ammonia Membrane,Tonnes Total,1,-37.913772,145.15598,1,741
Completed,Matsushima Coal Plant Capture Project,Miyagi Prefecture,Capture,Japanese Government,Japan,Other Support,", Miyagi Prefecture",Matsushima,CO2 capture facility (10 tons per day) installed to understand long-term effects of impurities on amine scrubber process. Test occurred from July 2006 through 2008.,Matsushima Coal Power Plant,7/1/2006,62,No specific project link identified.,Matsushima Coal Plant Capture Project,Capture Complete,Completed,Amines,Tonnes per Day,1,32.939747,129.59783,1,10
Completed,H3 Capture Project-CO2CRC,Victoria,Capture,CO2CRC - Cooperative Research Centre for Greenhouse Gas Technologies,Australia,Other Support,", Victoria",Morwell,Based at Hazelwood power station and run in parallel with the Hazelwood Post-Combustion 2030 Project.  Effort has tested a range of solvents and different process configurations using the solvent post-combustion capture plant.,Hazelwood power station,7/9/2009,214,http://ieaghg.org/docs/General_Docs/12%20cap/3-9%20sec.pdf,H3 Capture Project-CO2CRC,Capture Complete,Completed,Solvents,Tonnes per Day,1,-38.272924,146.391758,1,0
Completed,Evaluation of Solid Sorbents as a Retrofit Technology for CO2 Capture,Alabama,Capture,"ADA-ES, Inc.",United States,DOE Supported,", Alabama",West Jefferson,"Design, construct, and operate pilot plant on 1 MWe slipstream of flue gas at Southern Company's Plant Miller.",Southern Company - Plant Miller,10/1/2010,290,https://www.netl.doe.gov/File%20Library/Research/Coal/carbon%20capture/FE0004343.pdf,Evaluation of Solid Sorbents as a Retrofit Technology for CO2 Capture,,Completed,Solid sorbent,Tonnes per Day,1,33.632011,-87.060964,1,25
Completed,"E.ON Pilot Plant in Heyden, Germany",North Rhine - Westphalia,Capture,E.ON,Germany,Other Support,", North Rhine - Westphalia",Minden,"The project plans to improve the efficiency of post combustion capturing by testing different solvents.
The pilot plant is expected to begin its operation in 2009 and  plans to produce 7 MW.",Heyden Power Plant,1/1/2010,187,http://www.cansolv.com/rtecontent/document/CO2Pilotplant2009.pdf,"E.ON Pilot Plant in Heyden, Germany",Capture Complete,Completed,Amines,% Reduction,1,52.382747,8.996095,1,90
Completed,"E.ON Coal Plant in Wilhelmshaven, Germany",Lower Saxony,Capture,E.ON,Germany,Other Support,", Lower Saxony",Wilhelmshaven,The pilot plant will be small in scale at 5.5 MW and will capture approximately 70 tonnes per day of CO2. Completed in late 2015.,Wilhelmshaven power plant,1/1/2010,188,http://www.fluor.com/projects/carbon-capture-plant-design-build,"E.ON Coal Plant in Wilhelmshaven, Germany",Capture Complete,Completed,Fluor Econamine,Tonnes per Day,1,53.565104,8.145691,1,70
Completed,CSIRO Transportable Capture Unit Tarong (Queensland),Queensland,Capture,CSIRO - Australian Commonwealth Scientific and Industrial Research Organization,Australia,Other Support,", Queensland",Nanango,"Amine-based post combustion capture pilot plant will capture 1,000 tpa of CO2 over a two year period.  The plant became operational in December 2010.",Tarong Power Station,6/1/2009,5,http://www.carboncapturejournal.com/news/tarong-post-combustion-pilot-plant/3375.aspx?Category=featured,CSIRO Transportable Capture Unit Tarong (Queensland),Plant in Operation,Completed,Amines,Tonnes per Day,1,-26.783583,151.91512,1,4
Completed,CSIRO Transportable Capture Unit Munmorah (New South Wales),New South Wales,Capture,CSIRO - Australian Commonwealth Scientific and Industrial Research Organization,Australia,Other Support,", New South Wales",Lake Munmorah,"CSIRO performed a post-combustion capture (and release)  project at Munmorah Power station using a post combustion ammonia absorption technology. Up to 3,000 tonnes of CO2 were captured during the tests. Pilot plant was relocated to Vales Point in 2012.",Munmorah Power Station,4/1/2008,4,http://www.uwyo.edu/ser/_files/docs/conferences/2013/china/paul%20feron.pdf,CSIRO Transportable Capture Unit Munmorah (New South Wales),Plant Design,Completed,Ammonia Absorption Technology,Tonnes per Day,1,-33.211619,151.542258,1,10
Completed,CASTOR CO2 from Capture to Storage,Southern Denmark region,Capture,ELSAM - Elsam Power,Denmark,Other Support,", Southern Denmark region",Esbjerg Power Station," Tested in a pilot unit capable of treating 0.9 tonnes of CO2/hr.Capture: Esbjerg Power Station; Storage: four sites (Spain-Mediterranean, Austria-Atzbach, Netherlands-North Sea, Norway-Snohvit)",Esbjerg Power Station,2/1/2008,46,https://cordis.europa.eu/result/rcn/47842_en.html,CASTOR CO2 from Capture to Storage,Plant in Operation,Completed,Amines,Tonnes per Day,1,55.454376221,8.453642845,1,22
Active,Yates Oil Field EOR Operations,Texas,Storage,Kinder Morgan,United States,Other Support,", Texas",Pecos County west of Iraan,"Kinder Morgan delivers approximately 1.3 billion cubic feet per day of CO2 through about 1,300 miles of pipelines.",Kinder Morgan,1/1/2006,170,http://www.kindermorgan.com/business/co2/yates.cfm,Yates Oil Field EOR Operations,Injection Ongoing,Active,,Barrels per Day,1,30.920613,-101.935292,1,"20,800"
Active,West Texas and Llano Pipelines Power CCS,Texas,Storage,Trinity CO2 LLC,United States,Other Support,", Texas",Permian Basin Region,"Trinity CO2 controls the CO2 pipelines for West Texas and Llano Pipelines. Their main CCS activities include pipeline developer, CO2 marketer, and CO2 aggregator.  The CO2 is used primarily for EOR.",Anthropogenic Sources,1/1/2010,165,http://globalenergyobservatory.org/geoid/40300,West Texas and Llano Pipelines Power CCS,Developing Infrastructure,Active,,Tonnes per Day,1,31.927655,-102.212316,1,"1,000"
Active,ULYSSES Sequestration,County Dublin,Storage,Providence Resources,Ireland,Other Support,", County Dublin",Kish Bank Basin,Conceptual study has been completed and the project is feasible. Project would store CO2 in Kish Bank Basin.,Commercial Source,8/1/2008,97,https://www.offshoreenergytoday.com/ulysses-gas-storage-offshore-ireland-economically-and-technically-feasible/,ULYSSES Sequestration,Site Characterization,Active,,,1,53.321801,-5.809636,1,
Active,Turnu EOR,Arad County,Storage,OMV - Austrian Mineral Oil Authority,Romania,Other Support,", Arad County",Pecica,"The project is separating CO2 from CH4 on surface, and reinject back into deeper reservoirs for EOR. The project is currently conducting a feasability study. Up to 150,000 cubic meters per day injected.",Gas Separation Process,12/1/2008,18,http://www.co2club.ro/docs/2008.Spencer.Florian.COCA.pdf,Turnu EOR,Injection Ongoing,Active,,cubic meter per day,1,45.871514,22.053591,1,"150,000"
Active,SWP Development Phase - Farnsworth Unit Ochiltree Project,Texas,Storage,New Mexico Institute of Mining and Technology,United States,DOE Supported,", Texas",Ochiltree County,This project seeks to injection approximately 1 million tonnes of CO2 into the Morrow Sandstone (part of the Farnsworth Unit of the Anadarko Basin in northern Texas) for the purpose of EOR activities.,Arkalon Ethanol Plant and Agrium Fertilizer Plant,10/1/2007,294,http://www.netl.doe.gov/File%20Library/factsheets/project/NT42591.pdf,SWP Development Phase - Farnsworth Unit Ochiltree Project,Injection Ongoing,Active,Not currently specified,Tonnes Total,1,36.260007,-101.009301,1,"1,000,000"
Active,Sunrise LNG Sequestration,Timor Sea,Storage,Woodside,Australia,Other Support,", Timor Sea",offshore Timor-Leste/Australia,The Timor field holds about 5.4 trillion cubic feet of gas. The project will take natural gas and convert it into LNG.  Currently considering if they will convert to LNG on a floating platform or ship natural gas via pipeline to a land-based plant.,Sunrise LNG Plant,1/1/2014,16,https://thewest.com.au/business/oil-gas/woodsides-sunrise-lng-project-could-be-left-behind-as-east-timor-looks-elsewhere-ng-b88780136z,Sunrise LNG Sequestration,Planning,Active,,,1,-8.945793,126.429718,1,
Active,"Salt Creek, Monell, Sussex Unit EOR",Wyoming,Storage,Anadarko Petroleum Corporation,United States,Other Support,", Wyoming",Sweetwater County,CO2 is piped 125 miles to the site and is sequestered about 579 meters into sandstone reservoir for EOR in Salt Creek and Monel reservoirs.,Commercial Source,1/1/2004,147,http://www.uwyo.edu/eori/_files/co2conference08/jason%20gaines_anadarko_eori_co2%20casper%20may%2029%202008.pdf,"Salt Creek, Monell, Sussex Unit EOR",Injection Ongoing,Active,,Tonnes per Day,1,41.514815,-108.615272,1,"5,480"
Active,Rangely-Webber EOR,Colorado,Storage,Chevron,United States,Other Support,", Colorado","Rangely, Rio Blanco County","Continued carbon dioxide flooding and drilling of more wells helps maintain production at 14,000 barrels a day. Cumulative production of 860 million barrels makes the field the most prolific in the Rocky Mountains in 2005.",LaBarge natural gas processing facility,1/1/1986,146,http://www.uwyo.edu/eori/_files/co2conference12/rory_rangelycasehistory.pdf,Rangely-Webber EOR,Injection Ongoing,Active,,Tonnes per Day,1,40.144802094,-108.954139709,1,"3,562"
Active,LINC Energy - Wyoming EOR,Wyoming,Storage,LINC Energy,United States,Other Support,", Wyoming",Glenrock,"Linc Energy has commenced the injection of CO2 into its first well in its Glenrock, Wyoming, oil fields. Linc Energy expects to recover more than 80 million barrels of oil. CO2 will be delivered at a rate of 1 to 3 bpm.",,11/23/2011,305,http://abnnewswire.net/press/en/70683/Linc-Energy-Limited-(ASX-LNC)-Commences-Enhanced-Oil-Recovery-with-Injection-of-CO2-in-Wyoming-70683.html,LINC Energy - Wyoming EOR,Injection Ongoing,Active,,Tonnes Total,1,42.847634,-105.973604,1,500
Active,Judy Creek EOR,Alberta,Storage,Pengrowth,Canada,Other Support,", Alberta",Edmonton,CO2 injections will continue until second quarter of 2009 and monitoring of operations will be from 2009-2010.,Judy Creek Gas Conservation Plant,4/1/2007,27,http://www.canadiancleanpowercoalition.com/files/2912/7360/8189/ST3%20-%20enhanced.pdf,Judy Creek EOR,Post-Injection Monitoring,Active,,Tonnes per Day,1,54.570961,-115.520025,1,164
Active,Japan CCS-Tomakomai,Hokkaido Prefecture,Storage,Japan CCS Co. Ltd.,Japan,Other Support,", Hokkaido Prefecture",Tomakomai,Plans to develop a carbon-capture business and seeks to lead a project to trap and store pollution from coal-fired power plants in oil wells in northeastern China.,[commercial source],1/1/2009,59,http://www.japex.co.jp/english/business/innovate/ccs.html,Japan CCS-Tomakomai,Injection Ongoing,Active,,Tonnes per Day,1,36.087123871,138.077102661,1,548
Active,Ecofisk EOR (Pilot),Rogaland,Storage,ConocoPhillips,Norway,Other Support,", Rogaland",offshore Stavanger (200 miles),The project will conduct an investigation of alternative EOR processes having potential application in the giant Ekofisk chalk field.,Commercial Source,1/1/2015,73,http://www.co2.no/download.asp?DAFID=42&DAAID=4,Ecofisk EOR (Pilot),Site Characterization,Active,,,1,56.549197,3.209986,1,
Active,CarbonNet CCS Project,Victoria,Storage,Victorian Government (Australia),Australia,Other Support,", Victoria","Latrobe Valley, Gippsland Region","CarbonNet, organised by the Victorian Government, is a CO2 storage hub collecting captured CO2 from Latrobe Valley industry.  It aims to capture 3 and 5 Mt of CO2 per annum from a number of high emissions sources and inject in a common reservoir",Multiple CO2 Sources,1/1/2009,235,http://www.energyandresources.vic.gov.au/energy/carbon-capture-and-storage/the-carbonnet-project,CarbonNet CCS Project,Developing Infrastructure,Active,,Tonnes per Day,1,-38.131486,146.363143,1,"13,700"
Active,Big Sky Development Phase - Kevin Dome Project,Montana,Storage,Montana State University,United States,DOE Supported,", Montana",Kevin,"The original intent: inject 1 MMT naturally occurring CO2 from Kevin Dome into Duperow.  However, pre-injection monitoring indicated dissolved solids content of formation fluid at injection well was too low to allow for large-scale injection.",Kevin Dome,7/25/2011,295,http://www.netl.doe.gov/publications/factsheets/project/NT42587.pdf,Big Sky Development Phase - Kevin Dome Project,Pre-Injection Monitoring,Active,,Tonnes Total,1,48.859252,-111.721966,1,"1,000,000"
Active,Yanchang Integrated Carbon Capture and Storage Demonstration Project,Shaanxi Province,Capture & Storage,Shaanxi Yanchang Petroleum Group,China,Other Support,", Shaanxi Province",Jingbian,"The second phase would capture 360,000 tonnes per annum of CO2 or greater from a gasification facility associated with industrial plants of the Shaanxi Yanchang-China National Coal Yulin Energy Chemical company. Construction has commenced.",Yanchang ICCS Demonstration Project,1/1/2017,354,https://www.globalccsinstitute.com/projects/yanchang-integrated-carbon-capture-and-storage-demonstration-project,Yanchang Integrated Carbon Capture and Storage Demonstration Project,Capture Ongoing,Active,Cold Methanol (Rectisol),Tonnes per Day,1,37.4316,108.92,1,137
Active,W.A. Parish Post-Combustion CO2 Capture and Sequestration Project,Texas,Capture & Storage,NRG Energy Inc.,United States,DOE Supported,", Texas",Thompsons,"Petra Nova Parish Holdings will retrofit a CO2 capture plant on an existing coal-fired power plant (W.A. Parish Generating Station) located in Thompsons, Texas, which is southwest of Houston.90% capture of a 240 Mwe flue stream. Commercial 1/10/2017.",W.A. Generating Station,6/1/2010,138,http://www.netl.doe.gov/research/coal/project-information/fe0003311,W.A. Parish Post-Combustion CO2 Capture and Sequestration Project,Plant in Operation,Active,Solvents,Tonnes per Day,1,29.477664,-95.635021,1,"3,836"
Active,Veolia Environment CCS Project,Ile-de-France,Capture & Storage,Veolia Environment,France,Other Support,", Ile-de-France",Claye-Souilly,"CO2 will be produced by the existing landfill biogas-to-energy units and the CO2 will be injected into a saline aquifer more then 1,500 meters deep.  Project start-up from storage was estimated to begin in 2010.",Claye Souilly Treatment Plant,1/1/2013,52,http://www.zeroco2.no/projects/veolia-environnement-ccs-project,Veolia Environment CCS Project,Planning,Active,Multiple,Tonnes per Day,1,48.955353,2.729149,1,548
Active,Val Verde NG Plants,Texas,Capture & Storage,MCN Energy Group,United States,Other Support,", Texas",Terrell/Pyros,"4 different NG processing plants contribute to CO2 pipeline (Terrell, Gray Ranch, Mitchell, Puckett).  Oldest CO2 pipeline in the US, began distribution to west Texas oilfields in 1972.","Val Verde Natural Gas plants (Terrell, Gray Ranch, Mitchell, Puckett)",1/1/1998,257,http://www.zeroco2.no/projects/val-verde-natural-gas-plants,Val Verde NG Plants,Injection Ongoing,Active,Gas Separation,Tonnes per Day,1,29.804012,-101.167563,1,"3,562"
Active,Uthmaniyah CO2 EOR Demo Project,Eastern Province,Capture & Storage,Saudi Aramco,Saudi Arabia,Other Support,", Eastern Province","Ghawar oil field, Uthmaniyah production unit",CO2 gas separation process capture and 70km transport to injection in Uthmaniyah Field for EOR and storage purposes.,Hawiyah Natural Gas Liquids Recovery Plant,1/1/2015,339,http://www.globalccsinstitute.com/project/uthmaniyah-co2-eor-demonstration-project-0,Uthmaniyah CO2 EOR Demo Project,Injection Ongoing,Active,Amines,Tonnes per Day,1,24.807775,49.356405,1,"2,192"
Active,Tarong Plant Algae Oil Project,Queensland,Capture & Storage,MBD Energy,Australia,Other Support,", Queensland",Nanango,A one hectare project will use the power station's CO2-laden flue-gas to feed a Bio-CCS Algal Synthesizer.,Tarong Power Plant,1/1/2013,312,http://www.mbdenergy.com/home_construction.php,Tarong Plant Algae Oil Project,Plant in Operation,Active,Bio CCS Algal Synthesizer,Tonnes per Day,1,-26.783863,151.915747,1,2
Active,Taichung CCS,Taichung,Capture & Storage,Taiwan Power Company,Taiwan,Other Support,", Taichung",Longjing,"Planning a trial carbon capture programme at its Taichung coal-fired power station. The captured CO2 will be injected below the seabed off Taiwans west coast for permanent storage. The project will capture 10,000 tonnes of CO2 from the plant by 2014.",Taichung Power Station,1/1/2014,327,http://www.zeroco2.no/projects/taichung-ccs-1,Taichung CCS,Planning,Active,,Tonnes Total,1,24.214745,120.479255,1,"10,000"
Active,South Korea CCS2,Chungcheong Province,Capture & Storage,Korean Electric Power Corporation,South Korea,Other Support,", Chungcheong Province",undecided: Samcheonpo or Taean,Proposed plan to construct a 300 MW oxy-fuwel or IGCC plant and capture CO2 using either pre- or oxy-fuel combustion.  1.2 Million tonnes per year of CO2 will be transported by ship and stored in saline aquifers.  Sites have not been selected.,proposed 500 Mw plant,10/16/2009,259,http://www.zeroco2.no/projects/korea-ccs2,South Korea CCS2,Site Selection,Active,Oxy-fuel Combustion,Tonnes per Day,1,36.474306755,127.946777344,1,"3,288"
Active,Snøhvit Field LNG and CO2 Storage Project,Finnmark,Capture & Storage,Statoil,Norway,DOE Supported,", Finnmark",offshore Barents Sea,Snøhvit gas field developed by Statoil is in the Barents Sea where gas is extracted and the CO2 is separated from the gas and injected into Tubasen sandstone formation 2600 m below the seabed. Gas is transported to shore to strip the CO2 and produce LNG.,Snøhvit Field and Hammerfest LNG Plant,4/22/2008,79,http://www.zeroco2.no/projects/snoehvit,Snøhvit Field LNG and CO2 Storage Project,Injection Ongoing,Active,Amines,Tonnes per Day,1,70.6877507,23.597363,1,"1,918"
Active,Sleipner Project,Rogaland,Capture & Storage,Statoil,Norway,DOE Supported,", Rogaland",offshore North Sea,The Sleipner West natural gas field in the North Sea produces CO2 from the gas. The CO2 is separated from the gas and reinjected into the Sleipner West gas field in the Utrisa formation to meet specifications.,Statoil Sleipner West Gas Field,8/1/1996,78,https://www.statoil.com/en/what-we-do/norwegian-continental-shelf-platforms/sleipner.html,Sleipner Project,Injection Ongoing,Active,Amines,Tonnes per Day,1,58.188087,2.731416,1,"2,740"
Active,Sinopec Shengli Power Plant CCS Project,Shandong Province,Capture & Storage,China National Petroleum Company.,China,Other Support,", Shandong Province",Dongying City,"Flue gas desulfurization (FGD) and De-NOx units are equipped to the Phase III power Production Units, with typical post-combustion CO2 capture process is used in the project. For EOR. May also be called Shengli Dongying power station.",Sinopec Shengli Power Plant CCS Project,1/1/2018,353,https://www.globalccsinstitute.com/projects/sinopec-shengli-power-plant-ccs-project,Sinopec Shengli Power Plant CCS Project,Engineering design,Active,Amines,Tonnes per Day,1,37.46,118.49,1,"2,740"
Active,Searles Valley Minerals,California,Capture & Storage,Searles Valley Minerals,United States,Other Support,", California",Trona,The CO2 is captured from the flue gas of a coal power plant.,Power Plant Capture,1/1/1978,241,http://www.zeroco2.no/projects/searles-valley-minerals,Searles Valley Minerals,Plant in Operation,Active,Amines,Tonnes per Day,1,35.759809,-117.376175,1,740
Active,"Purdy, Sho-Vel-Tum EOR Project",Oklahoma,Capture & Storage,Anadarko Petroleum Corporation,United States,Other Support,", Oklahoma",Purdy,"Captured CO2 from a Fertilizer Plant in Enid, Oklahoma. CO2 transportated ~120 miles to the Northeast Purdy Unit and Bradley Unit for EOR.","Koch Nitrogens
Knoch Nitrogen - Enid Fertilizer Plant",1/1/2003,285,http://globalenergyobservatory.org/geoid/40281,"Purdy, Sho-Vel-Tum EOR Project",Injection Ongoing,Active,Amino Acid-based solvents & Membranes,Tonnes Total,1,34.715904,-97.587533,1,"675,000"
Active,Petrobras Miranga CO2 injection,Bahia,Capture & Storage,Petrobras,Brazil,Other Support,", Bahia",Pojuca,"Project involves testing three different storage scenarios i- namely, EOR, depleted gas reservoir and saline aquifer storage.  Goal - develop technologies that could be used in to mitigate emissions from the Santos basins pre-salt cluster of fields.",Natural CO2,1/1/2009,316,http://www.zeroco2.no/projects/petrobras-ccs,Petrobras Miranga CO2 injection,Injection Ongoing,Active,MTR Membrane System,Tonnes per Day,1,-12.36519,-38.273056,1,400
Active,Petrobras Lula Oil Field Offshore CCS Project,"offshore Rio de Janeiro, Sao Paolo states",Capture & Storage,Petrobras,Brazil,Other Support,", offshore Rio de Janeiro, Sao Paolo states",Lula Oil Field,Petrobras has begun CO2 re-injection from an off-shore gas extraction platform in 2013.  CO2 is found with the natural gas located within the Lula Oil Field.  The CO2 will be captured during gas extraction and then re-injected to enhance NG extraction.,CO2 reinjection from Lula Oil Field,3/1/2011,293,http://www.globalccsinstitute.com/project/petrobras-lula-oil-field-ccs-project,Petrobras Lula Oil Field Offshore CCS Project,Injection Ongoing,Active,,Tonnes per Day,1,-25.595699,-42.331474,1,"1,918"
Active,PEMEX CCS Project,Chiapas/Tabasco states,Capture & Storage,Petróleos Mexicanos (PEMEX),Mexico,Other Support,", Chiapas/Tabasco states",Carmito Gas Field,The project is injecting 40 Mcf per day into Carmito field for EOR/EGR,Gas Separation at Carmito Gas Field,1/1/2004,304,http://www.halliburton.com/en-US/ps/solutions/clean-energy/carbon-capture-storage/project-experience/Mexico.page?node-id=hgeyxthv,PEMEX CCS Project,Injection Ongoing,Active,Not currently specified,Tonnes Total,1,17.638724,-92.941641,1,"8,459,550"
Active,OXYCFB300 Compostilla Project,Leon,Capture & Storage,Endesa,Spain,Other Support,", Leon",Cubillos del Sil,"300 MWe Circulating Fluidised Bed (CFB) supercritical oxycombustion plant, with CO2 storage in a deep saline formation.  Project has been divided into two distinct phases to significantly reduce the economic and technical risks.",300 MWe demo plant at the Compostilla Power Station,1/1/2009,292,http://www.ieaghg.org/docs/General_Docs/OCC2/Presentations/2_OXYCFB300_Compostilla_OCC2_ML.pdf,OXYCFB300 Compostilla Project,Capture Ongoing,Active,Oxy-fuel Combustion,Tonnes Total,1,42.613066,-6.563108,1,"100,000"
Active,Otway Basin Project - CO2CRC,Victoria,Capture & Storage,CO2CRC - Cooperative Research Centre for Greenhouse Gas Technologies,Australia,DOE Supported,", Victoria",Otway Basin,Stage 1 of the Otway project is in the post-injection monitoring phase (CO2 injection into a depleted gas field).  Stage 2 of the Otway project is beginning with an evaluation of residual gas trapping in saline formations.,Buttress No. 1 Well Methane Production,4/2/2008,15,http://www.co2crc.com.au/otway/,Otway Basin Project - CO2CRC,Injection Ongoing,Active,,Tonnes Total,1,-38.530524,142.811616,1,"80,000"
Active,Ordos Basin Project,Inner Mongolia Autonomous Region,Capture & Storage,Shenhua Coal Trading,China,DOE Supported,", Inner Mongolia Autonomous Region",Ordos Basin,"The coal to liquids (CTL) plant will use about 4.1 million MT coal/year to produce 24,000 Barrels/Day. The plant separated and injected 170,000 tons CO2 into the Ordos Basin.",Shenhua CTL Plant,12/30/2008,43,http://www.globalccsinstitute.com/project/shenhua-ordos-ctl-project-phase-2,Ordos Basin Project,Plant in Operation,Active,,Tonnes per Day,1,39.330467,110.151331,1,"9,590"
Active,Oakdale NG Processing,Colorado,Capture & Storage,Blue Source,United States,Other Support,", Colorado",La Veta (near),Natural gas plant successful capture of vent stack CO2 flowing from a natural gas processing plant to an EOR site. The plant will use membrane separation and transport the CO2 over a 16 mile pipeline.,La Veta NG Plant,1/1/2007,123,http://globalenergyobservatory.org/geoid/40260,Oakdale NG Processing,Capture Ongoing,Active,,Tonnes per Day,1,37.539456,-105.104697,1,"1,096"
Active,Northwest Upgrader Refinery,Alberta,Capture & Storage,North West Redwater,Canada,Other Support,", Alberta",Amelia, The gasification process will break apart the bitumen to produce hydrogen and CO2. The CO2 is in a purchase agreement with Enhance Energy.,North West Upgrading Refinery,1/1/2011,28,http://www.dailyoilbulletin.com/article/2015/5/11/north-west-upgrading-ceo-optimistic-about-projects/,Northwest Upgrader Refinery,Developing Infrastructure,Active,,Tonnes per Day,1,53.841572,-113.112056,1,"3,288"
Active,MRCSP Development Phase - Michigan Basin Project,Michigan,Capture & Storage,Battelle Memorial Institute,United States,DOE Supported,", Michigan",Gaylord,Performing injection test of at least 1 million metric tons of CO2 into geologic formations associated with EOR.,Natural Gas Processing Facility,10/1/2005,131,http://www.netl.doe.gov/publications/factsheets/project/NT42589.pdf,MRCSP Development Phase - Michigan Basin Project,Injection Ongoing,Active,Gas Separation,Tonnes Total,1,45.019154,-84.529174,1,"1,000,000"
Active,Mongstad Cogeneration Plant with CO2 Storage,Hordaland,Capture & Storage,Statoil,Norway,Other Support,", Hordaland",Mongstad, Full scale capture and storage plans were cancelled. It was to capture approximately 1.5 million tonnes CO2/yr.,Mongstad combined heat and power plant,1/1/2010,76,http://sequestration.mit.edu/tools/projects/statoil_mongstad.html,Mongstad Cogeneration Plant with CO2 Storage,Plant in Operation,Active,Alstom Chilled Ammonia Process,Tonnes per Day,1,60.813583374,5.028857231,1,274
Active,Korea CCS1,Gangwon,Capture & Storage,Korean Electric Power Corporation,South Korea,Other Support,Gangwon,,Proposed plan to construct a 300 coal-fired or IGCC plant and capture CO2 using either post-combustion. 1.2 million tonnes per year of CO2 will be transported to one of 4 saline aquifers under review.  Sites have not been selected.,300 MW coal-fired power plant TBD,1/1/2018,246,http://www.globalccsinstitute.com/project/korea-ccs-1,Korea CCS1,Site Selection,Active,Amines,Tonnes per Day,1,37.45,129.165,1,"2,740"
Active,Klemetsrud Waste to Energy Plant,Oslo County,Capture & Storage,Oslo Municipality Waste-to-Energy Agency,Norway,Other Support,", Oslo County",Oslo,The five-month test will employ Akers mobile test unit to investigate the effectiveness of the companys amine-based CO2 capture technology for use on waste-to-energy plants. Several alternate capture techs will be sampled.,Klemetsrud Waste-to-Energy Plant,,345,http://www.vivis.de/phocadownload/Download/2017_eaa/2017_EaA_133-144_Stuen.pdf,Klemetsrud Waste to Energy Plant,Capture Ongoing,Active,Amines,,1,59.840298,10.836658,1,
Active,K12-B CO2 Injection Project,North Holland province,Capture & Storage,GDF SUEZ E&P Nederland B.V.,Netherlands,Other Support,", North Holland province",North Sea,The goal is to test the potential of storing CO2 in a depleted gas field and evaluate the potential for enhanced gas recovery (EGR).  The K12-B platform is compressing the CO2 and injecting it into the gas fields for storage and monitoring along with EGR.,Gas de France's K12-B Platform,5/1/2004,68,http://ieaghg.org/docs/General_Docs/2modmon_pres/10.7%20Vincent%20Vandeweijer%20-%20Monitoring%20and%20Modelling%20at%20K12-B.pdf,K12-B CO2 Injection Project,Injection Ongoing,Active,MDEA Gas Separation Process,Tonnes per Day,1,53.341915,3.896861,1,55
Active,Jilin Oil Field EOR,Jilin Province,Capture & Storage,China National Petroleum Company,China,Other Support,", Jilin Province",Songyuan,Project is in 2 phases.  Phase I will inject 200K tonnes and Phase II will increase to 800K to 1 Million tons/year. Pipeline is expected to be 21 miles long. Cumulative CO2 injection of one million tonnes was reached in the first half of 2016.,Songyuan Natural Gas Processing Plant,1/1/2016,341,http://www.globalccsinstitute.com/projects/petrochina-jilin-oil-field-eor-project-phase-2,Jilin Oil Field EOR,Injection Ongoing,Active,Amines,Tonnes per Day,1,45.119225,124.798169,1,"2,192"
Active,Illinois Industrial Carbon Capture and Storage Project,Illinois,Capture & Storage,Archer Daniels Midland,United States,DOE Supported,", Illinois",Decatur,Develop and demonstrate an integrated system of CO2 processing and transport from an ethanol plant to the Mt. Simon Sandstone Formation (saline reservoir) for geologic sequestration.,Archer Daniels Midland Biofuels Plant,11/6/2009,344,https://www.netl.doe.gov/research/coal/project-information/FE0001547,Illinois Industrial Carbon Capture and Storage Project,Plant in Operation,Active,Amines,Tonnes per Day,1,39.88403,-88.887398,1,"2,740"
Active,Hiroshima Pilot Plant,Hiroshima Prefecture,Capture & Storage,Mitsubishi Heavy Industries,Japan,Other Support,", Hiroshima Prefecture",Hiroshima,The Hiroshima pilot plant has a CO2 recovery capacity of 2 metric tons per day and commenced operation in 2004.,Hiroshima R&D Center,1/1/2014,355,No specific project link identified.,Hiroshima Pilot Plant,Plant in Operation,Active,Solvents,,1,34.233333,132.216667,1,
Active,Greengen Project in China,,Capture & Storage,GreenGen Co. Ltd.,China,Other Support,,Tianjin,"The activities include coal gasification, hydrogen production and power generation, and carbon sequestration. Technical goals are to complete an industrial demonstration project of 400MW before 2020. Approx. 2 million metric tons of CO2 to be captured.",400 MW Gasification Plant,12/1/2009,41,http://sequestration.mit.edu/tools/projects/greengen.html,Greengen Project in China,Developing Infrastructure,Active,,,1,39.103794098,117.252159119,1,
Active,Great Lakes Energy Research Park,Michigan,Capture & Storage,"M&M Energy, LLC",United States,Other Support,", Michigan",Alma,"The IGCC plant will be a polygeneration plant producing steam, electricity, and hydrogen. The plant will use Concophillips E-Gas technology. Captured CO2 will be used recover up to 1 billion barrells of ""stranded oil"" from the Michigan Basin using EOR.",Alma IGCC plant,1/1/2015,181,http://www.mandmenergy.com/index-2.html,Great Lakes Energy Research Park,Planning,Active,ConocoPhillips E-Gas Gasification,% Reduction,1,43.38488,-84.630136,1,90
Active,Gorgon Project,Western Australia state,Capture & Storage,Chevron,Australia,Other Support,", Western Australia state",Barrow Islands,"Natural gas will be produced from sub-sea wells and transported to Barrow Island via pipelines at Barrow Island, at which the gas will be processed into LNG. CO2 will be separated (approx. 2.5 to 3 million tons/year) and reinjected into the gas field.",CO2 Separated during LNG process,1/1/2009,9,http://www.chevronaustralia.com/our-businesses/gorgon,Gorgon Project,Plant in Operation,Active,,Tonnes per Day,1,-20.776908875,115.460906982,1,"9,042"
Active,Eni and Enel CCS Project,Piacenza,Capture & Storage,Enel and Eni,Italy,Other Support,", Piacenza",Cortemaggiore,"Enel will trap CO2 from a coal-fired power station in Brindisi and transport the CO2 to the Eni-owned Stogit natural gas field in Cortemaggiore. Enel will be capable of capturing 2 tonnes of CO2/hr while Eni plans to inject about 8,000 tonnes of CO2/yr.",Federico II Power Plant,9/1/2010,58,http://www.powermag.com/italys-enel-and-eni-join-forces-on-pilot-ccs-project/,Eni and Enel CCS Project,Capture Ongoing,Active,Amines,Tonnes per Day,1,44.995086670,9.939902306,1,22
Active,Enel Brindisi CCS Project,Brindisi Province,Capture & Storage,Enel,Italy,Other Support,", Brindisi Province",Brindisi,"Enel and Eni signed a strategic cooperation agreement to develop systems for the capture, transport and geological sequestration of CO2 and for the joint construction of Italy's first carbon capture and storage project.  Injection into a saline reservoir.",Federico II Brindisi Coal-Fired Power Plant,1/1/2010,197,http://www.zeroco2.no/projects/brindisi,Enel Brindisi CCS Project,Capture Ongoing,Active,Amines,Tonnes per Day,1,40.566917,18.031435,1,22
Active,Enecogen Cryogenic CO2 Capture,South Holland province,Capture & Storage,Eneco,Netherlands,Other Support,", South Holland province",Maasvlakte (Rotterdam),ENECOGEN intends to build an 850 MW natural-gas fired plant using cyrogenic CO2 capture to initially capture about 9K tonnes of CO2/year. The cryogenic capture process will use about 50% of their cooling need from Liongas LNG Terminal.,Enecogen gas fired CHP Power Plant,1/1/2013,69,http://www.icis.com/resources/news/2006/11/21/9291955/enecogen-plans-dutch-ccgt-carbon-capture/,Enecogen Cryogenic CO2 Capture,Plant in Operation,Active,Cryogenic,Tonnes per Day,1,51.961685,4.09398,1,25
Active,Collie South West Hub Project,Western Australia state,Capture & Storage,Western Australian Department of Mines and Petroleum,Australia,Other Support,", Western Australia state",Between Kwinana and Collie,This is a Carbon Capture and Storage research and demonstration project aimed at collecting captured carbon dioxide from coal fired power stations and other industry in the area southwest of Perth in Western Australia and injecting it into saline.,Multiple Sources,6/1/2009,237,http://www.zeroco2.no/projects/collie-south-west-hub,Collie South West Hub Project,Developing Infrastructure,Active,,Tonnes per Day,1,-33.501991,116.330709,1,"6,850"
Active,CO2EuroPipe,,Capture & Storage,Toegepast Natuurwetenschappelijk Onderzoek - TNO,European Union,Other Support,,Europe,"This project aims at paving the road towards large-scale, Europe-wide infrastructure for the transport and injection of CO2 from zero-emission plants.  The project will result in a roadmap for CO2 transport infrastructure.",Multiple plants integrated through CO2 pipelines,4/1/2009,326,http://www.co2europipe.eu/,CO2EuroPipe,Planning,Active,,,1,50.382708,10.92342,1,
Active,CO2 Capture from Coffeyville Fertilizer Plant,Kansas,Capture & Storage,Coffeyville Resources,United States,Other Support,", Kansas",Coffeyville,"Coffeyville Resources Nitrogen Fertilizers sends CO2 for use in enhanced oil recovery operations at Chaparrals North Burbank Oil Unit in Osage County, northeastern Oklahoma.",Coffeyville Resources Nitrogen Fertilizer Plant,1/1/2013,252,https://www.globalccsinstitute.com/projects/coffeyville-gasification-plant,CO2 Capture from Coffeyville Fertilizer Plant,Injection Ongoing,Active,Not currently specified,Tonnes per Day,1,37.046926,-95.608486,1,"2,400"
Active,Century Plant Gas Processing,Texas,Capture & Storage,Occidental Petroleum,United States,Other Support,", Texas",Pecos County,"Occidental Petroleum signed an agreement with SandRidge Energy in 2008 to develop the gas processing plant and related pipeline infrastructure. The first train came online in late 2010, and the second train is due to be operational by 2012.",Century Gas Processing Plant,10/8/2010,144,http://www.zeroco2.no/projects/century-plant,Century Plant Gas Processing,Plant in Operation,Active,,Tonnes per Day,1,30.808782,-102.617342,1,"23,016"
Active,CarbFix,Southern Region,Capture & Storage,Carb Fix,Iceland,DOE Supported,", Southern Region",Hellisheidarvirkjun,"CO2 obtained from the Hellisheidi geothermal power plant's steam recovery will be concentrated dissolved in water, and injected into nearby basalts between 400m and 800m.  Use this to study mineralization of CO2 in basalts.",Hellisheidi Geothermal Power Plant,1/1/2007,301,https://www.or.is/en/projects/carbfix,CarbFix,Injection Ongoing,Active,,Tonnes per Day,1,64.036435,-21.396845,1,5
Active,Boundary Dam Integrated CCS Project,Saskatchewan,Capture & Storage,SaskPower,Canada,Other Support,", Saskatchewan",Estevan,The captured CO2 is sold and transported by pipeline to nearby oil fields in southern Saskatchewan where it will be used for enhanced oil recovery. CO2 not used for enhanced oil recovery will be stored in the Aquistore Project.,Boundary Dam Power Station,1/1/2014,23,https://www.saskpower.com/our-power-future/infrastructure-projects/carbon-capture-and-storage/boundary-dam-carbon-capture-project,Boundary Dam Integrated CCS Project,Plant in Operation,Active,Amines,Tonnes per Day,1,49.096174,-103.030653,1,"2,740"
Active,Aquistore Project,Saskatchewan,Capture & Storage,Petroleum Technology Research Centre (PTRC),Canada,DOE Supported,", Saskatchewan",Estevan,"Aquistore is an independent research and monitoring project that intends to demonstrate storing liquid CO2 deep underground; in partnership with the Boundary Dam CCS project. Project stored 107,000 cumulative metric tons of CO2 as of February 15, 2017.",SaskPower's Boundary Dam Power Station,1/1/2009,328,http://www.zeroco2.no/projects/aquistore-ccrl-refinery-in-regina,Aquistore Project,Injection Ongoing,Active,Amines,Tonnes per Day,1,49.095559,-103.07764,1,"1,000"
Active,Alberta Carbon Trunk Line,Alberta,Capture & Storage,Enhance Energy,Canada,Other Support,", Alberta",south-central,The Alberta Carbon Trunk Line (ACTL) is capable of gathering CO2 from several sources and transporting the CO2 to existing mature oil fields for EOR. The total pipeline distance is about 150 miles.,North West Upgrading Inc. and Agrium Inc,1/1/2012,20,https://canada.constructconnect.com/dcn/news/Resource/2016/11/Worlds-biggest-CO2-pipeline-set-to-begin-final-phase-1020064W,Alberta Carbon Trunk Line,Developing Infrastructure,Active,,Tonnes per Day,1,53.788356,-112.961851,1,"40,004"
Active,UKy-CAER Heat-integrated Transformative CO2 Capture Process for Pulverized Coal Power Plants,Kentucky,Capture,University of Kentucky Research Foundation,United States,DOE Supported,", Kentucky",Bedford,Selected for Phase I (Feasibility); Two projects to be downselected for Phase III (Construction/Operation),Trimble County Generating Station LG&E and KU,4/1/2018,375,https://www.netl.doe.gov/research/coal/project-information/proj?k=FE0031583,UKy-CAER Heat-integrated Transformative CO2 Capture Process for Pulverized Coal Power Plants,Engineering design,Active,UKy-CAER Heat-integrated Transformative CO2 Capture Process,,1,38.586201,-85.412379,1,
Active,Sumitomo Chemicals Capture Project,Chiba Prefecture,Capture,Sumitomo Chemicals,Japan,Other Support,", Chiba Prefecture",Ichihara,CO2 scrubbing system installed for treatment of flue gases generated from on-site boilers and coal/oil boilers.  Approx 150 tonnes/day of CO2 captured.,Sumitomo Plant,1/1/1994,66,http://www.zeroco2.no/projects/sumitomo-chemicals-plant-chiba-japan,Sumitomo Chemicals Capture Project,Plant in Operation,Active,Fluor Econamine,Tonnes per Day,1,35.475659,140.028774,1,150
Active,Sigma Power Ariake Mikawa,Fukuoka Prefecture,Capture,Toshiba Corporation,Japan,Other Support,", Fukuoka Prefecture",Omuta City,The Mikawa pilot plant is designed to capture 10 tons of CO2 a day from flue gas of the boiler of the coal-fired thermal power plant.,Mikawa Power Station,8/1/2009,226,http://www.toshiba.co.jp/about/press/2008_12/pr0301.htm,Sigma Power Ariake Mikawa,Plant in Operation,Active,Amines,Tonnes per Day,1,33.020082,130.421904,1,10
Active,Shute Creek Plant,Wyoming,Capture,ExxonMobil,United States,Other Support,", Wyoming",west of Labarge,"CO2 capture and storage has been utilized at the facility since 1987, mostly used for EOR.",Shute Creek Treating Facility,12/1/2009,256,http://www.globalccsinstitute.com/project/shute-creek-gas-processing-facility,Shute Creek Plant,Capture Ongoing,Active,ExxonMobil Controlled Freeze Zone (CFZ),Tonnes per Day,1,42.261909,-110.194623,1,"1,096"
Active,Scottish and Southern Energy - West Yorkshire,West Yorkshire,Capture,Scottish and Southern Energy,England,Other Support,", West Yorkshire",Ferrybridge,"In capturing 100 tonnes of carbon dioxide daily, the plant bridges the gap between small pilot trials that are underway and the commercial-scale demonstration projects.  CO2 is to be stored in North Sea",Ferrybridge Power Station,11/30/2011,306,http://uk.reuters.com/article/2011/11/30/uk-carbon-capture-pilot-idUKTRE7AT1CI20111130,Scottish and Southern Energy - West Yorkshire,Plant in Operation,Active,Amines,Tonnes per Day,1,53.717405,-1.279432,1,100
Active,Scale-Up and Testing of Advanced Polaris Membrane CO2 Capture Technology,Hordaland,Capture,"Membrane Technology and Research, Inc (MTR)",Norway,DOE Supported,", Hordaland",Bergen,"Test transformational solvent-based CO2 capture technologies at engineering scales using existing infrastructure, or membrane-based approaches that can be built and tested at a relevant scale that can be easily replicated for larger systems.",CO2 Technology Centre Mongstad (TCM),,377,https://www.energy.gov/articles/energy-department-invests-44m-advanced-carbon-capture-technologies-projects,Scale-Up and Testing of Advanced Polaris Membrane CO2 Capture Technology,Engineering design,Active,MTR Polaris Membrane System,,1,60.803324,5.027942,1,
Active,RWE nPower - Aberthaw Capture Project in UK,The Vale of Glamorgan,Capture,RWE nPower,United Kingdom,Other Support,", The Vale of Glamorgan",South Wales,"RWE npower, is building a combined SO2 and CO2 capture pilot plant at the UK Aberthaw coal-fired power plant. It will be a 3 MW plant that will capture up to 50 tonnes of CO2 per day.",Aberthaw Power Station,1/1/2011,92,http://www.rwe.com/web/cms/en/1776080/rwe-generation-se/fuels/location-overview/uk/aberthaw-power-station/,RWE nPower - Aberthaw Capture Project in UK,Capture Ongoing,Active,Cansolv Technologies' Capture Technology,Tonnes per Day,1,51.387226,-3.406614,1,50
Active,Quest Carbon Capture and Storage Project,Alberta,Capture,Shell,Canada,Other Support,", Alberta",Fort Saskatchewan,The Quest Carbon Capture and Storage Project will reduce CO2 emissions from Shells oil sands operations by more than one million tonnes a year by capturing CO2 from its Scotford upgrader and permanently storing it deep underground.,Scotford Upgrader,9/5/2012,331,http://www.shell.ca/en/aboutshell/our-business-tpkg/upstream/oil-sands/quest.html,Quest Carbon Capture and Storage Project,Capture Ongoing,Active,Amines,Tonnes per Day,1,53.799307,-113.093229,1,"3,014"
Active,Puertollano Plant,Castile-La Mancha,Capture,ELCOGAS S.A.,Spain,Other Support,", Castile-La Mancha",Puertollano,"Aim of project is to validate at industrial scale, H2 co-production and CO2 capture (from coal and petcoke) integrated with electricity production in and existing commercial IGCC. Goal is to capture 100t per day of CO2 and produce 200t of H2 per day.",IGCC,,283,http://www.elcogas.es/en/igcc-technology/desing-technology/co2-capture,Puertollano Plant,Capture Complete,Active,Pressurized Entrained Flow (Prenflo),Tonnes per Day,1,38.655582,-3.986858,1,100
Active,Prairie State Energy Campus,Illinois,Capture,Prairie State Energy Campus,United States,Other Support,", Illinois",Washington County,Plant will have 15% less CO2 than typical US coal plant. Pending decision on capture technology. The plant will use 'supercritical' boilers to combust coal.,Prairie State Energy Campus,8/1/2012,142,http://www.ncsl.org/documents/energy/dequattro_ppt.pdf,Prairie State Energy Campus,Plant in Operation,Active,,% Reduction,1,38.27881,-89.667328,1,15
Active,Post-Combustion Capture Project in Beijing,,Capture,CSIRO - Australian Commonwealth Scientific and Industrial Research Organization,China,Other Support,,Beijing,This is a post-combustion capture process at a Huaneng Beijing Co-generation power plant fitted with liquid CO2 capture technology.  The pilot plant plans to capture about 3000 tonnes of CO2 per year and use it in the food industry.,Huaneng Beijing Co-Generation Power Plant,7/17/2008,44,https://hub.globalccsinstitute.com/publications/strategic-analysis-global-status-ccs-country-study-china/451-post-combustion-capture,Post-Combustion Capture Project in Beijing,Plant in Operation,Active,Solvents,Tonnes per Day,1,39.886528,116.5325,1,8
Active,Phulpur Urea Plant CO2 Recovery project,Uttar Pradesh,Capture,Indian Farmers Fertiliser Cooperative Limited,India,Other Support,", Uttar Pradesh",Phulpur,MHI has provided technology to Indian Farmers Fertiliser Cooperative Limited (IFFCO) for two 450 mtpd CO2 recovery units for its two urea production plants completed at the end of last year.,CO2 Recovery (CDR) IFFCO Aonla Unit,1/1/2006,243,http://www.zeroco2.no/projects/phulpur-urea-plant-india.-indian-farmers-fertiliser-co-operative-ltd,Phulpur Urea Plant CO2 Recovery project,Plant in Operation,Active,Amines,Tonnes per Day,1,28.276608,79.168361,1,"1,941"
Active,Petronas Gas Processing Capture Project,Kedah,Capture,Petronas Fertilizer,Malaysia,Other Support,", Kedah",Gurun,"Petronas fertilizer plant produces ammonia and urea for fertilizer manufacture. The plant produces 3400 Nm3/h CO2 with 99.9% purity (160t/d or approx. 60,000 tons/year).",Petronas fertilizer plant,10/1/1999,67,http://globalenergyobservatory.org/geoid/40209,Petronas Gas Processing Capture Project,Plant in Operation,Active,Amines,Tonnes per Day,1,5.83516,100.49881,1,160
Active,NRG Powerton Station,Illinois,Capture,NRG Energy Inc.,United States,Other Support,", Illinois",Pekin,EPRI and five electric utilites in the US and Canada will host studies of CCS retrofit impacts on existing power plants.,Powerton Station,1/1/2009,111,https://www.epri.com/,NRG Powerton Station,Plant in Operation,Active,Amines,,1,40.540775,-89.679655,1,
Active,Nanko Natural Gas Pilot Plant,Osaka Prefecture,Capture,Kansai Electric Company,Japan,Other Support,", Osaka Prefecture",Osaka,The plant has been used to develop and test solvent CO2 capture techniques. The CO2 is captured from a natural gas fired boiler.,Nanko Power Plant,1/1/1991,64,http://www.mhi.co.jp/technology/review/pdf/e551/e551032.pdf,Nanko Natural Gas Pilot Plant,Plant in Operation,Active,Solvents,Tonnes per Day,1,34.616977692,135.405746460,1,2
Active,Membrane-Sorbent Hybrid System for Post-combustion Carbon Capture,Hordaland,Capture,"TDA Research, Inc.",Norway,DOE Supported,", Hordaland",Bergen,"1MWe - Test transformational solvent-based CO2 capture technologies at engineering scales using existing infrastructure, or membrane-based approaches thatcan be built and tested at a relevant scale that can be easily replicated for larger systems.",CO2 Technology Centre Mongstad (TCM),,378,https://www.energy.gov/articles/energy-department-invests-44m-advanced-carbon-capture-technologies-projects,Membrane-Sorbent Hybrid System for Post-combustion Carbon Capture,Engineering design,Active,MTR-TDA membrane-sorbent hybrid system,,1,60.803324,5.027942,1,
Active,Luzhou Natural Gas Chemicals,Sichuan Province,Capture,Fluor,China,Other Support,", Sichuan Province",Luzhou City,"CO2 recovered from the exhaust of NH3 reformer unit by a scrubber based on Fluor's Econamine FG Process is used in urea production. The Luzhou plant produces 400,000 t/y synthetic ammonia and 520,000 t/y urea.",Luzhou Fertilizer Plant,,261,http://www.zeroco2.no/projects/luzhou-natural-gas-chemicals,Luzhou Natural Gas Chemicals,Plant in Operation,Active,Fluor Corporations advanced Econamine FG Plussm Technology,Tonnes per Day,1,28.87176,105.442141,1,160
Active,Large Pilot Testing of Linde/BASF Advanced Post-Combustion CO2 Capture Technology at a Coal-Fired Power Plant,Illinois,Capture,University of Illinois at Urbana-Champaign,United States,DOE Supported,Illinois,,Design an amine-based carbon dioxide (CO2) capture pilot-scale (10 MWe) system at an existing coal-fired power plant.,TBD,4/4/2018,373,https://www.netl.doe.gov/research/coal/project-information/proj?k=FE0031581,Large Pilot Testing of Linde/BASF Advanced Post-Combustion CO2 Capture Technology at a Coal-Fired Power Plant,Engineering design,Active,Linde-BASF Solvent System,,1,40.104766,-88.241923,1,
Active,Kurosaki Chemical Plant Capture Project,Fukuoka Prefecture,Capture,Mitsubishi Heavy Industries,Japan,Other Support,", Fukuoka Prefecture",Kitakyushu,Capture from a chemical plant in Kurosaki. Able to capture 283 tonnes CO2/day and maxmium of 330 tonnes CO2/day.,Kurosaki Chemical Plant,10/1/2005,61,http://globalenergyobservatory.org/geoid/40203,Kurosaki Chemical Plant Capture Project,Capture Ongoing,Active,Amines,Tonnes per Day,1,33.872884,130.752913,1,330
Active,ION Engineering Commercial Carbon Capture Design & Costing (C3DC),Nebraska,Capture,ION Engineering LLC,United States,DOE Supported,", Nebraska",Sutherland,"300 MW slip stream project, will address market requests to provide their CO2 for Enhanced Oil Recovery (EOR) opportunities.","Gerald Gentleman Station Unit 2, Nebraska Public Power District",,380,https://www.energy.gov/articles/energy-department-invests-44m-advanced-carbon-capture-technologies-projects,ION Engineering Commercial Carbon Capture Design & Costing (C3DC),Engineering design,Active,IONs solvent CO2 capture technology,,1,41.082047,-101.14317,1,
Active,Intermountain Power Agency,Utah,Capture,EPRI - Electric Power Research Institute,United States,Other Support,", Utah",Delta,"EPRI along with other corporations and companies, is conducting a study on impacts and ability of retrofitting advanced amine-based CO2 capture technology with current plants.",Intermountain Generation Station,1/1/2009,120,https://www.epri.com/,Intermountain Power Agency,Plant in Operation,Active,,,1,39.509213,-112.580616,1,
Active,"Initial Engineering, Testing, and Design of a Commercial-Scale, Post-combustion CO2 Capture System on an Existing Coal-Fired Generating Unit",North Dakota,Capture,University of North Dakota,United States,DOE Supported,", North Dakota",Center,"Complete an initial design of a commercial-scale, post-combustion CO2 capture system for application at an existing coal-fueled generating unit.",Minnkota Power Cooperatives Milton R. Young Station Unit 2,,382,https://www.energy.gov/articles/energy-department-invests-44m-advanced-carbon-capture-technologies-projects,"Initial Engineering, Testing, and Design of a Commercial-Scale, Post-combustion CO2 Capture System on an Existing Coal-Fired Generating Unit",Engineering design,Active,Mitsubishi Heavy Industries (MHIs) KM CDR Process using the KS-1 solvent,,1,47.065786,-101.212171,1,
Active,Initial Engineering Design of a Post-Combustion CO2 Capture System for Duke Energys East Bend Station Using Membrane-Based Technology,Kentucky,Capture,EPRI - Electric Power Research Institute,United States,DOE Supported,", Kentucky",Rabbit Hash,"Complete an initial design of a commercial-scale, post-combustion CO2 capture system for application at an existing coal-fueled generating unit.","East Bend Generating Station, Duke Energy",,381,https://www.netl.doe.gov/research/coal/project-information/proj?k=FE0031589,Initial Engineering Design of a Post-Combustion CO2 Capture System for Duke Energys East Bend Station Using Membrane-Based Technology,Engineering design,Active,MTR Polaris Membrane System,,1,38.905411,-84.851392,1,
Active,HRL IDGCC Project,Victoria,Capture,HRL Developments,Australia,Other Support,", Victoria",Traralgon,The IDGCC plant will use brown coal as its feedstock which has a high moisture content. The plant will incorporate a pressurized drying process to remove the mositure. HRL will build a 100 MW intermediate scale plant before full scale utilization.,HRL IDGCC Plant,1/1/2010,11,http://www.zeroco2.no/projects/mulgrave,HRL IDGCC Project,Developing Infrastructure,Active,,% Reduction,1,-38.255862,146.592067,1,40
Active,Gulf Petrochemical Industries Company (GPIC) Capture Project,Muharraq Island,Capture,Gulf Petrochemicals Industries Company (GPIC),Bahrain,Other Support,", Muharraq Island",Busaiteen,Captured CO2 from a fertilizer plant will be used as feedstock for urea and methanol synthesis processes. The technology can recover approximately 90% of the CO2 in flue gas and up to 450 metric tons of CO2 per day.,Petrochemical Plant,10/25/2007,315,http://www.gpic.com/responcibility/CDRmoved/,Gulf Petrochemical Industries Company (GPIC) Capture Project,Capture Ongoing,Active,Mitsubishi HI Gasification (KS-1),Tonnes per Day,1,26.143917,50.639774,1,450
Active,Great River Energy,North Dakota,Capture,EPRI - Electric Power Research Institute,United States,Other Support,", North Dakota",Underwood,"EPRI along with other corporations and companies, is conducting a study on impacts and ability of retrofitting advanced amine-based CO2 capture technology with current plants.",Coal Creek Station,1/1/2009,118,https://www.netl.doe.gov/File%20Library/Research/Coal/major%20demonstrations/ccpi/lignite/Great-River-Energy--Coal-Creek-Station-Rnd-1-Projet-Presenta.pdf,Great River Energy,Plant in Operation,Active,Amines,% Reduction,1,47.376941681,-101.157226563,1,80
Active,GPC Quimica Methanol Production Plant,Rio de Janeiro Province,Capture,QPC Quimica,Brazil,Other Support,", Rio de Janeiro Province",North of Rio de Janeiro,"In 1997, AGA entered an agreement whereby it would build a flue-gas CO2 recovery unit and ultimately deliver quantities of food grade CO2 for soft drinks manufacturers in the area",GPC Quimica Methanol Production Plant,1/1/1997,242,http://www.zeroco2.no/projects/metanol-plant-prosint,GPC Quimica Methanol Production Plant,Plant in Operation,Active,Amines,Tonnes per Day,1,-22.465016,-43.804919,1,164
Active,Fertil-2 Capture project,Abu Dhabi,Capture,Ruwais Fertilizer Industries,United Arab Emirates,Other Support,", Abu Dhabi",Ruwais,Fertilizer plant recovers CO2 from flue gases at up to 400 metric tons per day based on amine capture technologies from Mitsubishi Heavy Industries.  Reduces CO2 emissions by 20% and increased urea production by 30%. Began operation in 2009.,Ruwais Fertil Fertilizer Plant,1/1/2007,260,http://www.zeroco2.no/projects/co2-recovery-plant-to-urea-production-in-abu-dhabi,Fertil-2 Capture project,Plant in Operation,Active,Amines,,1,24.136783,52.738073,1,
Active,EW Brown Generating Station,Kentucky,Capture,University of Kentucky,United States,DOE Supported,", Kentucky",Harrodsburg,Pilot capture plant that is testing two solvents (MEA and H3-1) on a 0.7 megawatt equivalent. Ultimate goal is to construct a 550 Mwe commercial scale capture plant.,EW Brown Generating Station,1/1/2014,343,http://www.netl.doe.gov/research/coal/carbon-capture/post-combustion/solvent-university-kentucky,EW Brown Generating Station,Developing Infrastructure,Active,Solvents,,1,37.788156,-84.713791,1,
Active,Engineering Scale Testing of Transformational Non-Aqueous Solvent-Based CO2 Capture Process at Technology Centre Mongstad,Hordaland,Capture,Research Triangle Institute,Norway,DOE Supported,", Hordaland",Bergen,"Test transformational solvent-based CO2 capture technologies at engineering scales using existing infrastructure, or membrane-based approaches that can be built and tested at a relevant scale that can be easily replicated for larger systems.",CO2 Technology Centre Mongstad (TCM),,376,http://www.captureready.com/EN/Channels/News/showDetail.asp?objID=4954,Engineering Scale Testing of Transformational Non-Aqueous Solvent-Based CO2 Capture Process at Technology Centre Mongstad,Engineering design,Active,RTI Internationals transformational non-aqueous solvent (NAS)-based CO2 capture technology,,1,60.803324,5.027942,1,
Active,Engineering Scale Demonstration of Mixed-Salt Process for CO2 Capture,Hordaland,Capture,SRI International,Norway,DOE Supported,", Hordaland",Bergen,"10 MW - Test transformational solvent-based CO2 capture technologies at engineering scales using existing infrastructure, or membrane-based approaches that can be built and tested at a relevant scale that can be easily replicated for larger systems.",CO2 Technology Centre Mongstad (TCM),,379,https://www.energy.gov/articles/energy-department-invests-44m-advanced-carbon-capture-technologies-projects,Engineering Scale Demonstration of Mixed-Salt Process for CO2 Capture,Engineering design,Active,SRI Internationals Mixed-Salt Process,,1,60.803324,5.027942,1,
Active,E.ON Staudinger - Grosskrotzenburg Germany,Hesse,Capture,E.ON,Germany,Other Support,", Hesse",Grosskrotzenburg,A post-combustion capture process developed by Siemens will be used to remove over 90% of the CO2 from the flue gases of one of the units at the E.ON plant.,Staudinger Power Plant,9/1/2009,227,https://www.siemens.com/press/en/presspicture/?press=/en/presspicture/2010/energy_service/ese201002035-04.htm,E.ON Staudinger - Grosskrotzenburg Germany,Plant in Operation,Active,Solvents,% Reduction,1,50.08917,8.95,1,90
Active,CSIRO Transportable Capture Unit Loy Yang (Victoria),Victoria,Capture,CSIRO - Australian Commonwealth Scientific and Industrial Research Organization,Australia,Other Support,", Victoria",Traralgon,"Australia's CSIRO has a mobile post-combustion capture technology at Loy Yang Power Stationand is capturing 1,000 tonnes/year of CO2. They are also investigating a range of solvent capture technologies.",Loy Yang Power Plant,7/1/2008,6,http://www.zeroco2.no/projects/loy-yang-pcc-project,CSIRO Transportable Capture Unit Loy Yang (Victoria),Plant in Operation,Active,Solvents,Tonnes per Day,1,-38.235054016,146.571746826,1,3
Active,CATO2 CO2 Catcher,South Holland province,Capture,E.ON Benelux,Netherlands,Other Support,", South Holland province",Rotterdam,"CATO-2 research is in five subprogrammes:  CO2 capture, transport and CCS chain integration, subsurface storage of CO2 and monitoring storage, regulation and safety, and public perception. Expands on post combustion capture research at this plant.",E.ON Coal Fired Power Plant,4/3/2008,72,https://www.co2-cato.org/publications/library1/cato-co2-catcher-factsheet,CATO2 CO2 Catcher,Plant in Operation,Active,Amines,Tonnes per Day,1,51.957395,4.027916,1,6
Active,Bellingham Cogeneration Facility,Massachusetts,Capture,Northeast Energy Associates LP,United States,Other Support,", Massachusetts",Bellingham,"The plant is a gas-fired 320 MWe combined cycle unit in Bellingham, Massachusetts. It is a base load and provides electricity to Boston Edison Company, Commonwealth Electric, and Montaup Electric. 320-350 tons/day is captured and sold for food processing.",Bellingham Cogeneration Facility,9/1/1991,219,http://www.fluor.com/projects/pages/ProjectInfoPage.aspx?PrjID=70,Bellingham Cogeneration Facility,Capture Ongoing,Active,Fluor Econamine,Tonnes per Day,1,42.09222,-71.48306,1,350
Active,AES Warrior Run,Maryland,Capture,AES Corporation,United States,Other Support,", Maryland",Cumberland,This plant captures around 96% of its CO2 emissions and then sells this captured CO2 to companies to use in fire extinguishers and dry ice.,Warrior Run Power Plant,2/1/2000,220,http://energywv.org/assets/files/Energy-Summit-Presentations/2014/08_Peter_Bajc.pdf,AES Warrior Run,Plant in Operation,Active,Ethanol-amino solvent,% Reduction,1,39.596175,-78.745581,1,96
