Entity,Code,Year,Net imports - TWh
Afghanistan,AFG,2000,0.09
Afghanistan,AFG,2001,0.09
Afghanistan,AFG,2002,0.1
Afghanistan,AFG,2003,0.1
Afghanistan,AFG,2004,0.1
Afghanistan,AFG,2005,0.1
Afghanistan,AFG,2006,0.43
Afghanistan,AFG,2007,0.61
Afghanistan,AFG,2008,0.75
Afghanistan,AFG,2009,1.15
Afghanistan,AFG,2010,1.87
Afghanistan,AFG,2011,2.73
Afghanistan,AFG,2012,3.07
Afghanistan,AFG,2013,3.62
Afghanistan,AFG,2014,3.71
Afghanistan,AFG,2015,3.78
Afghanistan,AFG,2016,4.33
Afghanistan,AFG,2017,4.61
Afghanistan,AFG,2018,4.99
Afghanistan,AFG,2019,4.91
Afghanistan,AFG,2020,5.15
Afghanistan,AFG,2021,5.7
Afghanistan,AFG,2022,5.88
Afghanistan,AFG,2023,6.22
Africa,,2000,13.070001
Africa,,2001,3.1499999
Africa,,2002,1.6400001
Africa,,2003,1.34
Africa,,2004,1.3599998
Africa,,2005,1.5600001
Africa,,2006,3.57
Africa,,2007,4.37
Africa,,2008,4.4300003
Africa,,2009,5.2299995
Africa,,2010,4
Africa,,2011,6.2000003
Africa,,2012,8.15
Africa,,2013,9.39
Africa,,2014,9.940001
Africa,,2015,7.79
Africa,,2016,8.62
Africa,,2017,7.7
Africa,,2018,6.72
Africa,,2019,0.5099998
Africa,,2020,1.85
Africa,,2021,1.9499998
Africa,,2022,5.0899997
Africa,,2023,3.54
Albania,ALB,2000,1
Albania,ALB,2001,1.75
Albania,ALB,2002,2.11
Albania,ALB,2003,0.92
Albania,ALB,2004,0.48
Albania,ALB,2005,0.37
Albania,ALB,2006,0.61
Albania,ALB,2007,2.83
Albania,ALB,2008,2.43
Albania,ALB,2009,1.4
Albania,ALB,2010,-0.95
Albania,ALB,2011,3.26
Albania,ALB,2012,2.54
Albania,ALB,2013,2.32
Albania,ALB,2014,3.07
Albania,ALB,2015,1.4
Albania,ALB,2016,-0.04
Albania,ALB,2017,2.91
Albania,ALB,2018,-0.91
Albania,ALB,2019,2.41
Albania,ALB,2020,2.28
Albania,ALB,2021,-0.55
Albania,ALB,2022,0.92
Albania,ALB,2023,-0.92
Algeria,DZA,2000,-0.07
Algeria,DZA,2001,-0.05
Algeria,DZA,2002,-0.02
Algeria,DZA,2003,0.01
Algeria,DZA,2004,0.01
Algeria,DZA,2005,0.08
Algeria,DZA,2006,0.08
Algeria,DZA,2007,0.01
Algeria,DZA,2008,-0.05
Algeria,DZA,2009,-0.03
Algeria,DZA,2010,-0.07
Algeria,DZA,2011,-0.14
Algeria,DZA,2012,-0.05
Algeria,DZA,2013,-0.09
Algeria,DZA,2014,-0.19
Algeria,DZA,2015,-0.03
Algeria,DZA,2016,-0.25
Algeria,DZA,2017,-0.34
Algeria,DZA,2018,-0.09
Algeria,DZA,2019,-0.14
Algeria,DZA,2020,-0.06
Algeria,DZA,2021,-1.15
Algeria,DZA,2022,-2.57
Algeria,DZA,2023,-2.28
American Samoa,ASM,2000,0
American Samoa,ASM,2001,0
American Samoa,ASM,2002,0
American Samoa,ASM,2003,0
American Samoa,ASM,2004,0
American Samoa,ASM,2005,0
American Samoa,ASM,2006,0
American Samoa,ASM,2007,0
American Samoa,ASM,2008,0
American Samoa,ASM,2009,0
American Samoa,ASM,2010,0
American Samoa,ASM,2011,0
American Samoa,ASM,2012,0
American Samoa,ASM,2013,0
American Samoa,ASM,2014,0
American Samoa,ASM,2015,0
American Samoa,ASM,2016,0
American Samoa,ASM,2017,0
American Samoa,ASM,2018,0
American Samoa,ASM,2019,0
American Samoa,ASM,2020,0
American Samoa,ASM,2021,0
American Samoa,ASM,2022,0
American Samoa,ASM,2023,0
Angola,AGO,2000,0
Angola,AGO,2001,0
Angola,AGO,2002,0
Angola,AGO,2003,0
Angola,AGO,2004,0
Angola,AGO,2005,0
Angola,AGO,2006,0
Angola,AGO,2007,0
Angola,AGO,2008,0
Angola,AGO,2009,0
Angola,AGO,2010,0
Angola,AGO,2011,0
Angola,AGO,2012,0
Angola,AGO,2013,0
Angola,AGO,2014,0
Angola,AGO,2015,0
Angola,AGO,2016,0
Angola,AGO,2017,0
Angola,AGO,2018,0
Angola,AGO,2019,0
Angola,AGO,2020,0
Angola,AGO,2021,0
Angola,AGO,2022,0
Angola,AGO,2023,0
Antigua and Barbuda,ATG,2000,0
Antigua and Barbuda,ATG,2001,0
Antigua and Barbuda,ATG,2002,0
Antigua and Barbuda,ATG,2003,0
Antigua and Barbuda,ATG,2004,0
Antigua and Barbuda,ATG,2005,0
Antigua and Barbuda,ATG,2006,0
Antigua and Barbuda,ATG,2007,0
Antigua and Barbuda,ATG,2008,0
Antigua and Barbuda,ATG,2009,0
Antigua and Barbuda,ATG,2010,0
Antigua and Barbuda,ATG,2011,0
Antigua and Barbuda,ATG,2012,0
Antigua and Barbuda,ATG,2013,0
Antigua and Barbuda,ATG,2014,0
Antigua and Barbuda,ATG,2015,0
Antigua and Barbuda,ATG,2016,0
Antigua and Barbuda,ATG,2017,0
Antigua and Barbuda,ATG,2018,0
Antigua and Barbuda,ATG,2019,0
Antigua and Barbuda,ATG,2020,0
Antigua and Barbuda,ATG,2021,0
Antigua and Barbuda,ATG,2022,0
Antigua and Barbuda,ATG,2023,0
Argentina,ARG,2000,1.22
Argentina,ARG,2001,1.75
Argentina,ARG,2002,5.92
Argentina,ARG,2003,5.03
Argentina,ARG,2004,3.47
Argentina,ARG,2005,3.88
Argentina,ARG,2006,2.36
Argentina,ARG,2007,7.6
Argentina,ARG,2008,5.48
Argentina,ARG,2009,6.16
Argentina,ARG,2010,8.6
Argentina,ARG,2011,9.67
Argentina,ARG,2012,7.61
Argentina,ARG,2013,8.06
Argentina,ARG,2014,9.86
Argentina,ARG,2015,8.96
Argentina,ARG,2016,9.52
Argentina,ARG,2017,10.46
Argentina,ARG,2018,9.56
Argentina,ARG,2019,10.69
Argentina,ARG,2020,4.71
Argentina,ARG,2021,2.5
Argentina,ARG,2022,12.88
Argentina,ARG,2023,11.36
Argentina,ARG,2024,8.79
Armenia,ARM,2000,-0.46
Armenia,ARM,2001,-0.37
Armenia,ARM,2002,-0.35
Armenia,ARM,2003,-0.28
Armenia,ARM,2004,-0.75
Armenia,ARM,2005,-0.78
Armenia,ARM,2006,-0.31
Armenia,ARM,2007,0.1
Armenia,ARM,2008,-0.02
Armenia,ARM,2009,-0.04
Armenia,ARM,2010,-0.78
Armenia,ARM,2011,-1.33
Armenia,ARM,2012,-1.6
Armenia,ARM,2013,-1.16
Armenia,ARM,2014,-1.11
Armenia,ARM,2015,-1.25
Armenia,ARM,2016,-0.95
Armenia,ARM,2017,-1.12
Armenia,ARM,2018,-1.42
Armenia,ARM,2019,-0.96
Armenia,ARM,2020,-1.01
Armenia,ARM,2021,-0.63
Armenia,ARM,2022,-1.45
Armenia,ARM,2023,-1.11
Armenia,ARM,2024,-0.97
Aruba,ABW,2000,0
Aruba,ABW,2001,0
Aruba,ABW,2002,0
Aruba,ABW,2003,0
Aruba,ABW,2004,0
Aruba,ABW,2005,0
Aruba,ABW,2006,0
Aruba,ABW,2007,0
Aruba,ABW,2008,0
Aruba,ABW,2009,0
Aruba,ABW,2010,0
Aruba,ABW,2011,0
Aruba,ABW,2012,0
Aruba,ABW,2013,0
Aruba,ABW,2014,0
Aruba,ABW,2015,0
Aruba,ABW,2016,0
Aruba,ABW,2017,0
Aruba,ABW,2018,0
Aruba,ABW,2019,0
Aruba,ABW,2020,0
Aruba,ABW,2021,0
Aruba,ABW,2022,0
Asia,,2000,8.400001
Asia,,2001,8.02
Asia,,2002,5.890001
Asia,,2003,1.1499996
Asia,,2004,-0.2200001
Asia,,2005,-0.24000011
Asia,,2006,3.61
Asia,,2007,2
Asia,,2008,1.4999999
Asia,,2009,3.7800002
Asia,,2010,5.149999
Asia,,2011,6.519999
Asia,,2012,11.38
Asia,,2013,12.5
Asia,,2014,10.66
Asia,,2015,17.11
Asia,,2016,9.119998
Asia,,2017,-3.0800014
Asia,,2018,-3.3600004
Asia,,2019,0.3799998
Asia,,2020,9.769999
Asia,,2021,17.87
Asia,,2022,10.84
Asia,,2023,8.229999
Australia,AUS,2000,0
Australia,AUS,2001,0
Australia,AUS,2002,0
Australia,AUS,2003,0
Australia,AUS,2004,0
Australia,AUS,2005,0
Australia,AUS,2006,0
Australia,AUS,2007,0
Australia,AUS,2008,0
Australia,AUS,2009,0
Australia,AUS,2010,0
Australia,AUS,2011,0
Australia,AUS,2012,0
Australia,AUS,2013,0
Australia,AUS,2014,0
Australia,AUS,2015,0
Australia,AUS,2016,0
Australia,AUS,2017,0
Australia,AUS,2018,0
Australia,AUS,2019,0
Australia,AUS,2020,0
Australia,AUS,2021,0
Australia,AUS,2022,0
Australia,AUS,2023,0
Australia,AUS,2024,0
Austria,AUT,1990,-0.46
Austria,AUT,1991,0.77
Austria,AUT,1992,0.55
Austria,AUT,1993,-0.73
Austria,AUT,1994,-0.82
Austria,AUT,1995,-2.47
Austria,AUT,1996,0.95
Austria,AUT,1997,-0.77
Austria,AUT,1998,-0.16
Austria,AUT,1999,-1.9
Austria,AUT,2000,-1.37
Austria,AUT,2001,0.22
Austria,AUT,2002,0.7
Austria,AUT,2003,5.61
Austria,AUT,2004,3.08
Austria,AUT,2005,2.62
Austria,AUT,2006,6.34
Austria,AUT,2007,6.02
Austria,AUT,2008,4.86
Austria,AUT,2009,0.78
Austria,AUT,2010,2.44
Austria,AUT,2011,8.2
Austria,AUT,2012,2.8
Austria,AUT,2013,7.27
Austria,AUT,2014,9.27
Austria,AUT,2015,10.06
Austria,AUT,2016,7.16
Austria,AUT,2017,6.55
Austria,AUT,2018,8.95
Austria,AUT,2019,3.13
Austria,AUT,2020,2.2
Austria,AUT,2021,7.54
Austria,AUT,2022,8.7
Austria,AUT,2023,-0.07
Austria,AUT,2024,-6.48
Azerbaijan,AZE,2000,0.49
Azerbaijan,AZE,2001,0.68
Azerbaijan,AZE,2002,1.45
Azerbaijan,AZE,2003,1.57
Azerbaijan,AZE,2004,1.37
Azerbaijan,AZE,2005,1.2
Azerbaijan,AZE,2006,0.89
Azerbaijan,AZE,2007,-0.24
Azerbaijan,AZE,2008,-0.6
Azerbaijan,AZE,2009,-0.27
Azerbaijan,AZE,2010,-0.36
Azerbaijan,AZE,2011,-0.68
Azerbaijan,AZE,2012,-0.54
Azerbaijan,AZE,2013,-0.37
Azerbaijan,AZE,2014,-0.37
Azerbaijan,AZE,2015,-0.16
Azerbaijan,AZE,2016,-0.98
Azerbaijan,AZE,2017,-1.17
Azerbaijan,AZE,2018,-1.31
Azerbaijan,AZE,2019,-1.35
Azerbaijan,AZE,2020,-1.01
Azerbaijan,AZE,2021,-1.52
Azerbaijan,AZE,2022,-2.86
Azerbaijan,AZE,2023,-3.03
Azerbaijan,AZE,2024,-1.15
Bahamas,BHS,2000,0
Bahamas,BHS,2001,0
Bahamas,BHS,2002,0
Bahamas,BHS,2003,0
Bahamas,BHS,2004,0
Bahamas,BHS,2005,0
Bahamas,BHS,2006,0
Bahamas,BHS,2007,0
Bahamas,BHS,2008,0
Bahamas,BHS,2009,0
Bahamas,BHS,2010,0
Bahamas,BHS,2011,0
Bahamas,BHS,2012,0
Bahamas,BHS,2013,0
Bahamas,BHS,2014,0
Bahamas,BHS,2015,0
Bahamas,BHS,2016,0
Bahamas,BHS,2017,0
Bahamas,BHS,2018,0
Bahamas,BHS,2019,0
Bahamas,BHS,2020,0
Bahamas,BHS,2021,0
Bahamas,BHS,2022,0
Bahrain,BHR,2000,0
Bahrain,BHR,2001,0
Bahrain,BHR,2002,0
Bahrain,BHR,2003,0
Bahrain,BHR,2004,0
Bahrain,BHR,2005,0
Bahrain,BHR,2006,0
Bahrain,BHR,2007,0.01
Bahrain,BHR,2008,-0.19
Bahrain,BHR,2009,0.17
Bahrain,BHR,2010,0.17
Bahrain,BHR,2011,0.12
Bahrain,BHR,2012,-0.16
Bahrain,BHR,2013,0.02
Bahrain,BHR,2014,0
Bahrain,BHR,2015,-0.01
Bahrain,BHR,2016,-0.02
Bahrain,BHR,2017,0.04
Bahrain,BHR,2018,0.2
Bahrain,BHR,2019,0.08
Bahrain,BHR,2020,-0.22
Bahrain,BHR,2021,0.02
Bahrain,BHR,2022,0.03
Bahrain,BHR,2023,0.01
Bangladesh,BGD,2000,0
Bangladesh,BGD,2001,0
Bangladesh,BGD,2002,0
Bangladesh,BGD,2003,0
Bangladesh,BGD,2004,0
Bangladesh,BGD,2005,0
Bangladesh,BGD,2006,0
Bangladesh,BGD,2007,0
Bangladesh,BGD,2008,0
Bangladesh,BGD,2009,0
Bangladesh,BGD,2010,0
Bangladesh,BGD,2011,0
Bangladesh,BGD,2012,0
Bangladesh,BGD,2013,0
Bangladesh,BGD,2014,2.27
Bangladesh,BGD,2015,3.38
Bangladesh,BGD,2016,3.82
Bangladesh,BGD,2017,4.66
Bangladesh,BGD,2018,4.78
Bangladesh,BGD,2019,6.79
Bangladesh,BGD,2020,6.67
Bangladesh,BGD,2021,8.1
Bangladesh,BGD,2022,7.71
Bangladesh,BGD,2023,9.41
Bangladesh,BGD,2024,9.66
Barbados,BRB,2000,0
Barbados,BRB,2001,0
Barbados,BRB,2002,0
Barbados,BRB,2003,0
Barbados,BRB,2004,0
Barbados,BRB,2005,0
Barbados,BRB,2006,0
Barbados,BRB,2007,0
Barbados,BRB,2008,0
Barbados,BRB,2009,0
Barbados,BRB,2010,0
Barbados,BRB,2011,0
Barbados,BRB,2012,0
Barbados,BRB,2013,0
Barbados,BRB,2014,0
Barbados,BRB,2015,0
Barbados,BRB,2016,0
Barbados,BRB,2017,0
Barbados,BRB,2018,0
Barbados,BRB,2019,0
Barbados,BRB,2020,0
Barbados,BRB,2021,0
Barbados,BRB,2022,0
Barbados,BRB,2023,0
Belarus,BLR,2000,7.21
Belarus,BLR,2001,8.27
Belarus,BLR,2002,6.55
Belarus,BLR,2003,6.83
Belarus,BLR,2004,3.25
Belarus,BLR,2005,4.04
Belarus,BLR,2006,4.36
Belarus,BLR,2007,4.34
Belarus,BLR,2008,1.84
Belarus,BLR,2009,4.47
Belarus,BLR,2010,2.7
Belarus,BLR,2011,5.59
Belarus,BLR,2012,7.6
Belarus,BLR,2013,6.37
Belarus,BLR,2014,3.32
Belarus,BLR,2015,2.62
Belarus,BLR,2016,3.02
Belarus,BLR,2017,2.59
Belarus,BLR,2018,-0.99
Belarus,BLR,2019,-2.34
Belarus,BLR,2020,-0.5
Belarus,BLR,2021,-0.3
Belarus,BLR,2022,-0.7
Belarus,BLR,2023,-0.55
Belarus,BLR,2024,0.62
Belgium,BEL,1990,-3.72
Belgium,BEL,1991,-1.85
Belgium,BEL,1992,0.13
Belgium,BEL,1993,2.23
Belgium,BEL,1994,3.98
Belgium,BEL,1995,4.07
Belgium,BEL,1996,4.19
Belgium,BEL,1997,3.27
Belgium,BEL,1998,1.39
Belgium,BEL,1999,0.85
Belgium,BEL,2000,4.33
Belgium,BEL,2001,9.11
Belgium,BEL,2002,7.59
Belgium,BEL,2003,6.41
Belgium,BEL,2004,7.78
Belgium,BEL,2005,6.3
Belgium,BEL,2006,10.16
Belgium,BEL,2007,6.78
Belgium,BEL,2008,10.6
Belgium,BEL,2009,-1.84
Belgium,BEL,2010,0.55
Belgium,BEL,2011,2.54
Belgium,BEL,2012,9.94
Belgium,BEL,2013,9.64
Belgium,BEL,2014,17.6
Belgium,BEL,2015,21
Belgium,BEL,2016,6.18
Belgium,BEL,2017,6.02
Belgium,BEL,2018,17.33
Belgium,BEL,2019,-1.85
Belgium,BEL,2020,-0.33
Belgium,BEL,2021,-7.88
Belgium,BEL,2022,-7.53
Belgium,BEL,2023,1.64
Belgium,BEL,2024,9.5
Belize,BLZ,2000,0
Belize,BLZ,2001,0.16
Belize,BLZ,2002,0.18
Belize,BLZ,2003,0.19
Belize,BLZ,2004,0.24
Belize,BLZ,2005,0.25
Belize,BLZ,2006,0.21
Belize,BLZ,2007,0.22
Belize,BLZ,2008,0.25
Belize,BLZ,2009,0.22
Belize,BLZ,2010,0.16
Belize,BLZ,2011,0.17
Belize,BLZ,2012,0.24
Belize,BLZ,2013,0.23
Belize,BLZ,2014,0.23
Belize,BLZ,2015,0.25
Belize,BLZ,2016,0.24
Belize,BLZ,2017,0.23
Belize,BLZ,2018,0.23
Belize,BLZ,2019,0.38
Belize,BLZ,2020,0.27
Belize,BLZ,2021,0.28
Belize,BLZ,2022,0.28
Belize,BLZ,2023,0.28
Benin,BEN,2000,0.37
Benin,BEN,2001,0.46
Benin,BEN,2002,0.53
Benin,BEN,2003,0.51
Benin,BEN,2004,0.58
Benin,BEN,2005,0.6
Benin,BEN,2006,0.59
Benin,BEN,2007,0.58
Benin,BEN,2008,0.66
Benin,BEN,2009,0.87
Benin,BEN,2010,0.94
Benin,BEN,2011,1
Benin,BEN,2012,1.07
Benin,BEN,2013,1.09
Benin,BEN,2014,1.07
Benin,BEN,2015,1.05
Benin,BEN,2016,1.09
Benin,BEN,2017,1.11
Benin,BEN,2018,1.29
Benin,BEN,2019,1.09
Benin,BEN,2020,0.64
Benin,BEN,2021,0.69
Benin,BEN,2022,0.83
Benin,BEN,2023,0.84
Bermuda,BMU,2000,0
Bermuda,BMU,2001,0
Bermuda,BMU,2002,0
Bermuda,BMU,2003,0
Bermuda,BMU,2004,0
Bermuda,BMU,2005,0
Bermuda,BMU,2006,0
Bermuda,BMU,2007,0
Bermuda,BMU,2008,0
Bermuda,BMU,2009,0
Bermuda,BMU,2010,0
Bermuda,BMU,2011,0
Bermuda,BMU,2012,0
Bermuda,BMU,2013,0
Bermuda,BMU,2014,0
Bermuda,BMU,2015,0
Bermuda,BMU,2016,0
Bermuda,BMU,2017,0
Bermuda,BMU,2018,0
Bermuda,BMU,2019,0
Bermuda,BMU,2020,0
Bermuda,BMU,2021,0
Bermuda,BMU,2022,0
Bermuda,BMU,2023,0
Bhutan,BTN,2000,-1.38
Bhutan,BTN,2001,-1.38
Bhutan,BTN,2002,-1.54
Bhutan,BTN,2003,-1.83
Bhutan,BTN,2004,-1.6
Bhutan,BTN,2005,-1.7
Bhutan,BTN,2006,-2.49
Bhutan,BTN,2007,-5.35
Bhutan,BTN,2008,-5.91
Bhutan,BTN,2009,-5.34
Bhutan,BTN,2010,-5.45
Bhutan,BTN,2011,-5.23
Bhutan,BTN,2012,-4.84
Bhutan,BTN,2013,-5.45
Bhutan,BTN,2014,-4.99
Bhutan,BTN,2015,-5.6
Bhutan,BTN,2016,-5.68
Bhutan,BTN,2017,-5.61
Bhutan,BTN,2018,-4.45
Bhutan,BTN,2019,-6.05
Bhutan,BTN,2020,-5.18
Bhutan,BTN,2021,0.83
Bhutan,BTN,2022,0.83
Bhutan,BTN,2023,0.83
Bolivia,BOL,2000,0.02
Bolivia,BOL,2001,0.01
Bolivia,BOL,2002,0.01
Bolivia,BOL,2003,0.01
Bolivia,BOL,2004,0
Bolivia,BOL,2005,0
Bolivia,BOL,2006,0
Bolivia,BOL,2007,0
Bolivia,BOL,2008,0
Bolivia,BOL,2009,0
Bolivia,BOL,2010,0
Bolivia,BOL,2011,0
Bolivia,BOL,2012,0
Bolivia,BOL,2013,0
Bolivia,BOL,2014,0
Bolivia,BOL,2015,0
Bolivia,BOL,2016,0
Bolivia,BOL,2017,0
Bolivia,BOL,2018,0
Bolivia,BOL,2019,0
Bolivia,BOL,2020,0
Bolivia,BOL,2021,0
Bolivia,BOL,2022,0
Bolivia,BOL,2023,0
Bolivia,BOL,2024,0
Bosnia and Herzegovina,BIH,2000,0
Bosnia and Herzegovina,BIH,2001,0
Bosnia and Herzegovina,BIH,2002,0
Bosnia and Herzegovina,BIH,2003,0
Bosnia and Herzegovina,BIH,2004,0
Bosnia and Herzegovina,BIH,2005,0
Bosnia and Herzegovina,BIH,2006,0
Bosnia and Herzegovina,BIH,2007,0
Bosnia and Herzegovina,BIH,2008,0
Bosnia and Herzegovina,BIH,2009,0
Bosnia and Herzegovina,BIH,2010,0
Bosnia and Herzegovina,BIH,2011,0
Bosnia and Herzegovina,BIH,2012,0
Bosnia and Herzegovina,BIH,2013,0
Bosnia and Herzegovina,BIH,2014,0
Bosnia and Herzegovina,BIH,2015,0
Bosnia and Herzegovina,BIH,2016,0
Bosnia and Herzegovina,BIH,2017,0
Bosnia and Herzegovina,BIH,2018,0
Bosnia and Herzegovina,BIH,2019,0
Bosnia and Herzegovina,BIH,2020,0
Bosnia and Herzegovina,BIH,2021,0
Bosnia and Herzegovina,BIH,2022,0
Bosnia and Herzegovina,BIH,2023,0
Bosnia and Herzegovina,BIH,2024,0
Botswana,BWA,2000,0.97
Botswana,BWA,2001,1.12
Botswana,BWA,2002,1.24
Botswana,BWA,2003,1.61
Botswana,BWA,2004,1.91
Botswana,BWA,2005,1.9
Botswana,BWA,2006,2.05
Botswana,BWA,2007,2.39
Botswana,BWA,2008,2.59
Botswana,BWA,2009,2.75
Botswana,BWA,2010,2.98
Botswana,BWA,2011,3.14
Botswana,BWA,2012,3.27
Botswana,BWA,2013,2.82
Botswana,BWA,2014,1.68
Botswana,BWA,2015,1.47
Botswana,BWA,2016,1.67
Botswana,BWA,2017,1.22
Botswana,BWA,2018,0.71
Botswana,BWA,2019,1.01
Botswana,BWA,2020,2.05
Botswana,BWA,2021,1.66
Botswana,BWA,2022,1.8
Botswana,BWA,2023,1.92
Brazil,BRA,2000,42.99
Brazil,BRA,2001,37.85
Brazil,BRA,2002,36.56
Brazil,BRA,2003,38.19
Brazil,BRA,2004,37.38
Brazil,BRA,2005,39.04
Brazil,BRA,2006,41.16
Brazil,BRA,2007,38.83
Brazil,BRA,2008,42.21
Brazil,BRA,2009,39.98
Brazil,BRA,2010,34.65
Brazil,BRA,2011,35.89
Brazil,BRA,2012,40.26
Brazil,BRA,2013,40.33
Brazil,BRA,2014,33.78
Brazil,BRA,2015,34.42
Brazil,BRA,2016,40.79
Brazil,BRA,2017,36.35
Brazil,BRA,2018,34.98
Brazil,BRA,2019,24.96
Brazil,BRA,2020,24.72
Brazil,BRA,2021,23.1
Brazil,BRA,2022,12.91
Brazil,BRA,2023,15.11
Brazil,BRA,2024,15.11
British Virgin Islands,VGB,2000,0
British Virgin Islands,VGB,2001,0
British Virgin Islands,VGB,2002,0
British Virgin Islands,VGB,2003,0
British Virgin Islands,VGB,2004,0
British Virgin Islands,VGB,2005,0
British Virgin Islands,VGB,2006,0
British Virgin Islands,VGB,2007,0
British Virgin Islands,VGB,2008,0
British Virgin Islands,VGB,2009,0
British Virgin Islands,VGB,2010,0
British Virgin Islands,VGB,2011,0
British Virgin Islands,VGB,2012,0
British Virgin Islands,VGB,2013,0
British Virgin Islands,VGB,2014,0
British Virgin Islands,VGB,2015,0
British Virgin Islands,VGB,2016,0
British Virgin Islands,VGB,2017,0
British Virgin Islands,VGB,2018,0
British Virgin Islands,VGB,2019,0
British Virgin Islands,VGB,2020,0
British Virgin Islands,VGB,2021,0
British Virgin Islands,VGB,2022,0
British Virgin Islands,VGB,2023,0
Brunei,BRN,2000,0
Brunei,BRN,2001,0
Brunei,BRN,2002,0
Brunei,BRN,2003,0
Brunei,BRN,2004,0
Brunei,BRN,2005,0
Brunei,BRN,2006,0
Brunei,BRN,2007,0
Brunei,BRN,2008,0
Brunei,BRN,2009,0
Brunei,BRN,2010,0
Brunei,BRN,2011,0
Brunei,BRN,2012,0
Brunei,BRN,2013,0
Brunei,BRN,2014,0
Brunei,BRN,2015,0
Brunei,BRN,2016,0
Brunei,BRN,2017,0
Brunei,BRN,2018,0
Brunei,BRN,2019,0
Brunei,BRN,2020,0
Brunei,BRN,2021,0
Brunei,BRN,2022,0
Brunei,BRN,2023,0
Bulgaria,BGR,1990,3.79
Bulgaria,BGR,1991,2.12
Bulgaria,BGR,1992,2.71
Bulgaria,BGR,1993,0.11
Bulgaria,BGR,1994,-0.07
Bulgaria,BGR,1995,-0.16
Bulgaria,BGR,1996,-0.45
Bulgaria,BGR,1997,-3.55
Bulgaria,BGR,1998,-3.65
Bulgaria,BGR,1999,-1.96
Bulgaria,BGR,2000,-4.62
Bulgaria,BGR,2001,-6.93
Bulgaria,BGR,2002,-6.3
Bulgaria,BGR,2003,-5.49
Bulgaria,BGR,2004,-5.88
Bulgaria,BGR,2005,-7.58
Bulgaria,BGR,2006,-7.74
Bulgaria,BGR,2007,-4.47
Bulgaria,BGR,2008,-5.34
Bulgaria,BGR,2009,-5.07
Bulgaria,BGR,2010,-8.45
Bulgaria,BGR,2011,-10.66
Bulgaria,BGR,2012,-8.31
Bulgaria,BGR,2013,-6.18
Bulgaria,BGR,2014,-9.46
Bulgaria,BGR,2015,-10.58
Bulgaria,BGR,2016,-6.37
Bulgaria,BGR,2017,-5.48
Bulgaria,BGR,2018,-7.81
Bulgaria,BGR,2019,-5.81
Bulgaria,BGR,2020,-3.41
Bulgaria,BGR,2021,-8.78
Bulgaria,BGR,2022,-12.19
Bulgaria,BGR,2023,-3.33
Bulgaria,BGR,2024,-1.04
Burkina Faso,BFA,2000,0
Burkina Faso,BFA,2001,0.07
Burkina Faso,BFA,2002,0.11
Burkina Faso,BFA,2003,0.07
Burkina Faso,BFA,2004,0.1
Burkina Faso,BFA,2005,0.13
Burkina Faso,BFA,2006,0.14
Burkina Faso,BFA,2007,0.12
Burkina Faso,BFA,2008,0.14
Burkina Faso,BFA,2009,0.14
Burkina Faso,BFA,2010,0.5
Burkina Faso,BFA,2011,0.51
Burkina Faso,BFA,2012,0.53
Burkina Faso,BFA,2013,0.53
Burkina Faso,BFA,2014,0.49
Burkina Faso,BFA,2015,0.44
Burkina Faso,BFA,2016,0.63
Burkina Faso,BFA,2017,0.65
Burkina Faso,BFA,2018,0.84
Burkina Faso,BFA,2019,1.08
Burkina Faso,BFA,2020,1.43
Burkina Faso,BFA,2021,1.52
Burkina Faso,BFA,2022,1.49
Burkina Faso,BFA,2023,1.58
Burundi,BDI,2000,0.03
Burundi,BDI,2001,0.04
Burundi,BDI,2002,0.04
Burundi,BDI,2003,0.05
Burundi,BDI,2004,0.06
Burundi,BDI,2005,0.07
Burundi,BDI,2006,0.08
Burundi,BDI,2007,0.08
Burundi,BDI,2008,0.08
Burundi,BDI,2009,0.09
Burundi,BDI,2010,0.1
Burundi,BDI,2011,0.1
Burundi,BDI,2012,0.1
Burundi,BDI,2013,0.1
Burundi,BDI,2014,0.09
Burundi,BDI,2015,0.1
Burundi,BDI,2016,0.13
Burundi,BDI,2017,0.09
Burundi,BDI,2018,0.1
Burundi,BDI,2019,0.1
Burundi,BDI,2020,0.09
Burundi,BDI,2021,0.1
Burundi,BDI,2022,0.1
Burundi,BDI,2023,0.1
Cambodia,KHM,2000,0
Cambodia,KHM,2001,0
Cambodia,KHM,2002,0.01
Cambodia,KHM,2003,0.01
Cambodia,KHM,2004,0.02
Cambodia,KHM,2005,0.03
Cambodia,KHM,2006,0.05
Cambodia,KHM,2007,0.1
Cambodia,KHM,2008,0.28
Cambodia,KHM,2009,0.73
Cambodia,KHM,2010,1.55
Cambodia,KHM,2011,1.83
Cambodia,KHM,2012,2.11
Cambodia,KHM,2013,2.28
Cambodia,KHM,2014,1.8
Cambodia,KHM,2015,1.55
Cambodia,KHM,2016,1.58
Cambodia,KHM,2017,1.44
Cambodia,KHM,2018,1.57
Cambodia,KHM,2019,3.06
Cambodia,KHM,2020,3.82
Cambodia,KHM,2021,3.38
Cambodia,KHM,2022,4.8
Cambodia,KHM,2023,5.1
Cambodia,KHM,2024,5.78
Cameroon,CMR,2000,0
Cameroon,CMR,2001,0
Cameroon,CMR,2002,0
Cameroon,CMR,2003,0
Cameroon,CMR,2004,0
Cameroon,CMR,2005,0
Cameroon,CMR,2006,0
Cameroon,CMR,2007,0
Cameroon,CMR,2008,0
Cameroon,CMR,2009,0
Cameroon,CMR,2010,0
Cameroon,CMR,2011,0
Cameroon,CMR,2012,1.12
Cameroon,CMR,2013,0.74
Cameroon,CMR,2014,0.71
Cameroon,CMR,2015,0.02
Cameroon,CMR,2016,0.05
Cameroon,CMR,2017,0.06
Cameroon,CMR,2018,0.05
Cameroon,CMR,2019,0.05
Cameroon,CMR,2020,0.06
Cameroon,CMR,2021,0
Cameroon,CMR,2022,0
Cameroon,CMR,2023,0.06
Canada,CAN,2000,-35.83
Canada,CAN,2001,-22.3
Canada,CAN,2002,-21.31
Canada,CAN,2003,-5.74
Canada,CAN,2004,-10.53
Canada,CAN,2005,-23.85
Canada,CAN,2006,-19.11
Canada,CAN,2007,-30.95
Canada,CAN,2008,-32.16
Canada,CAN,2009,-33.62
Canada,CAN,2010,-25.02
Canada,CAN,2011,-36.68
Canada,CAN,2012,-46.75
Canada,CAN,2013,-51.88
Canada,CAN,2014,-45.61
Canada,CAN,2015,-59.53
Canada,CAN,2016,-63.8
Canada,CAN,2017,-62.24
Canada,CAN,2018,-48.2
Canada,CAN,2019,-47.08
Canada,CAN,2020,-57.64
Canada,CAN,2021,-47.29
Canada,CAN,2022,-51.11
Canada,CAN,2023,-27.67
Canada,CAN,2024,-12.5
Cape Verde,CPV,2000,0
Cape Verde,CPV,2001,0
Cape Verde,CPV,2002,0
Cape Verde,CPV,2003,0
Cape Verde,CPV,2004,0
Cape Verde,CPV,2005,0
Cape Verde,CPV,2006,0
Cape Verde,CPV,2007,0
Cape Verde,CPV,2008,0
Cape Verde,CPV,2009,0
Cape Verde,CPV,2010,0
Cape Verde,CPV,2011,0
Cape Verde,CPV,2012,0
Cape Verde,CPV,2013,0
Cape Verde,CPV,2014,0
Cape Verde,CPV,2015,0
Cape Verde,CPV,2016,0
Cape Verde,CPV,2017,0
Cape Verde,CPV,2018,0
Cape Verde,CPV,2019,0
Cape Verde,CPV,2020,0
Cape Verde,CPV,2021,0
Cape Verde,CPV,2022,0
Cayman Islands,CYM,2000,0
Cayman Islands,CYM,2001,0
Cayman Islands,CYM,2002,0
Cayman Islands,CYM,2003,0
Cayman Islands,CYM,2004,0
Cayman Islands,CYM,2005,0
Cayman Islands,CYM,2006,0
Cayman Islands,CYM,2007,0
Cayman Islands,CYM,2008,0
Cayman Islands,CYM,2009,0
Cayman Islands,CYM,2010,0
Cayman Islands,CYM,2011,0
Cayman Islands,CYM,2012,0
Cayman Islands,CYM,2013,0
Cayman Islands,CYM,2014,0
Cayman Islands,CYM,2015,0
Cayman Islands,CYM,2016,0
Cayman Islands,CYM,2017,0
Cayman Islands,CYM,2018,0
Cayman Islands,CYM,2019,0
Cayman Islands,CYM,2020,0
Cayman Islands,CYM,2021,0
Cayman Islands,CYM,2022,0
Cayman Islands,CYM,2023,0
Central African Republic,CAF,2000,0
Central African Republic,CAF,2001,0
Central African Republic,CAF,2002,0
Central African Republic,CAF,2003,0
Central African Republic,CAF,2004,0
Central African Republic,CAF,2005,0
Central African Republic,CAF,2006,0
Central African Republic,CAF,2007,0
Central African Republic,CAF,2008,0
Central African Republic,CAF,2009,0
Central African Republic,CAF,2010,0
Central African Republic,CAF,2011,0
Central African Republic,CAF,2012,0
Central African Republic,CAF,2013,0
Central African Republic,CAF,2014,0
Central African Republic,CAF,2015,0
Central African Republic,CAF,2016,0
Central African Republic,CAF,2017,0
Central African Republic,CAF,2018,0
Central African Republic,CAF,2019,0
Central African Republic,CAF,2020,0
Central African Republic,CAF,2021,0
Central African Republic,CAF,2022,0
Chad,TCD,2000,0
Chad,TCD,2001,0
Chad,TCD,2002,0
Chad,TCD,2003,0
Chad,TCD,2004,0
Chad,TCD,2005,0
Chad,TCD,2006,0
Chad,TCD,2007,0
Chad,TCD,2008,0
Chad,TCD,2009,0
Chad,TCD,2010,0
Chad,TCD,2011,0
Chad,TCD,2012,0
Chad,TCD,2013,0
Chad,TCD,2014,0
Chad,TCD,2015,0
Chad,TCD,2016,0
Chad,TCD,2017,0
Chad,TCD,2018,0
Chad,TCD,2019,0
Chad,TCD,2020,0
Chad,TCD,2021,0
Chad,TCD,2022,0
Chile,CHL,2000,1.19
Chile,CHL,2001,1.39
Chile,CHL,2002,1.81
Chile,CHL,2003,1.95
Chile,CHL,2004,1.9
Chile,CHL,2005,2.15
Chile,CHL,2006,2.29
Chile,CHL,2007,1.63
Chile,CHL,2008,1.15
Chile,CHL,2009,1.35
Chile,CHL,2010,0.96
Chile,CHL,2011,0.73
Chile,CHL,2012,0
Chile,CHL,2013,0
Chile,CHL,2014,0
Chile,CHL,2015,0
Chile,CHL,2016,0
Chile,CHL,2017,-0.04
Chile,CHL,2018,0
Chile,CHL,2019,0
Chile,CHL,2020,0
Chile,CHL,2021,0
Chile,CHL,2022,0
Chile,CHL,2023,0
Chile,CHL,2024,0
China,CHN,2000,-8.75
China,CHN,2001,-8.6
China,CHN,2002,-8.4
China,CHN,2003,-7.36
China,CHN,2004,-6.08
China,CHN,2005,-6.18
China,CHN,2006,-6.88
China,CHN,2007,-10.31
China,CHN,2008,-12.8
China,CHN,2009,-11.38
China,CHN,2010,-13.51
China,CHN,2011,-12.74
China,CHN,2012,-10.78
China,CHN,2013,-11.23
China,CHN,2014,-11.41
China,CHN,2015,-12.44
China,CHN,2016,-12.72
China,CHN,2017,-13.05
China,CHN,2018,-15.22
China,CHN,2019,-16.8
China,CHN,2020,-17.04
China,CHN,2021,-14.24
China,CHN,2022,-12.95
China,CHN,2023,-13.38
China,CHN,2024,-13.93
Colombia,COL,2000,0.04
Colombia,COL,2001,-0.17
Colombia,COL,2002,-0.61
Colombia,COL,2003,-1.11
Colombia,COL,2004,-1.63
Colombia,COL,2005,-1.74
Colombia,COL,2006,-1.79
Colombia,COL,2007,-0.84
Colombia,COL,2008,-1.4
Colombia,COL,2009,-1.06
Colombia,COL,2010,-0.79
Colombia,COL,2011,-1.53
Colombia,COL,2012,-0.71
Colombia,COL,2013,-1.35
Colombia,COL,2014,-0.8
Colombia,COL,2015,-0.41
Colombia,COL,2016,0.33
Colombia,COL,2017,0.07
Colombia,COL,2018,0.11
Colombia,COL,2019,0.31
Colombia,COL,2020,1.05
Colombia,COL,2021,0.12
Colombia,COL,2022,0.43
Colombia,COL,2023,-0.89
Colombia,COL,2024,-0.89
Comoros,COM,2000,0
Comoros,COM,2001,0
Comoros,COM,2002,0
Comoros,COM,2003,0
Comoros,COM,2004,0
Comoros,COM,2005,0
Comoros,COM,2006,0
Comoros,COM,2007,0
Comoros,COM,2008,0
Comoros,COM,2009,0
Comoros,COM,2010,0
Comoros,COM,2011,0
Comoros,COM,2012,0
Comoros,COM,2013,0
Comoros,COM,2014,0
Comoros,COM,2015,0
Comoros,COM,2016,0
Comoros,COM,2017,0
Comoros,COM,2018,0
Comoros,COM,2019,0
Comoros,COM,2020,0
Comoros,COM,2021,0
Comoros,COM,2022,0
Comoros,COM,2023,0
Congo,COG,2000,0.26
Congo,COG,2001,0.3
Congo,COG,2002,0.36
Congo,COG,2003,0.36
Congo,COG,2004,0.4
Congo,COG,2005,0.42
Congo,COG,2006,0.41
Congo,COG,2007,0.45
Congo,COG,2008,0.44
Congo,COG,2009,0.44
Congo,COG,2010,0.28
Congo,COG,2011,0.03
Congo,COG,2012,0.03
Congo,COG,2013,0.04
Congo,COG,2014,0
Congo,COG,2015,-0.02
Congo,COG,2016,0
Congo,COG,2017,0
Congo,COG,2018,0
Congo,COG,2019,-0.02
Congo,COG,2020,0
Congo,COG,2021,0
Congo,COG,2022,0
Congo,COG,2023,0
Cook Islands,COK,2000,0
Cook Islands,COK,2001,0
Cook Islands,COK,2002,0
Cook Islands,COK,2003,0
Cook Islands,COK,2004,0
Cook Islands,COK,2005,0
Cook Islands,COK,2006,0
Cook Islands,COK,2007,0
Cook Islands,COK,2008,0
Cook Islands,COK,2009,0
Cook Islands,COK,2010,0
Cook Islands,COK,2011,0
Cook Islands,COK,2012,0
Cook Islands,COK,2013,0
Cook Islands,COK,2014,0
Cook Islands,COK,2015,0
Cook Islands,COK,2016,0
Cook Islands,COK,2017,0
Cook Islands,COK,2018,0
Cook Islands,COK,2019,0
Cook Islands,COK,2020,0
Cook Islands,COK,2021,0
Cook Islands,COK,2022,0
Costa Rica,CRI,2000,-0.47
Costa Rica,CRI,2001,-0.25
Costa Rica,CRI,2002,-0.42
Costa Rica,CRI,2003,-0.08
Costa Rica,CRI,2004,-0.24
Costa Rica,CRI,2005,0.01
Costa Rica,CRI,2006,0.09
Costa Rica,CRI,2007,0.16
Costa Rica,CRI,2008,-0.07
Costa Rica,CRI,2009,0.02
Costa Rica,CRI,2010,0.03
Costa Rica,CRI,2011,-0.04
Costa Rica,CRI,2012,0.02
Costa Rica,CRI,2013,0.05
Costa Rica,CRI,2014,0.2
Costa Rica,CRI,2015,-0.11
Costa Rica,CRI,2016,0.18
Costa Rica,CRI,2017,-0.2
Costa Rica,CRI,2018,-0.24
Costa Rica,CRI,2019,0.02
Costa Rica,CRI,2020,-0.51
Costa Rica,CRI,2021,-1
Costa Rica,CRI,2022,-0.72
Costa Rica,CRI,2023,-0.72
Costa Rica,CRI,2024,-0.85
Cote d'Ivoire,CIV,2000,-1.24
Cote d'Ivoire,CIV,2001,-1.16
Cote d'Ivoire,CIV,2002,-1.57
Cote d'Ivoire,CIV,2003,-1.33
Cote d'Ivoire,CIV,2004,-1.41
Cote d'Ivoire,CIV,2005,-1.4
Cote d'Ivoire,CIV,2006,-1.07
Cote d'Ivoire,CIV,2007,-0.77
Cote d'Ivoire,CIV,2008,-0.6
Cote d'Ivoire,CIV,2009,-0.48
Cote d'Ivoire,CIV,2010,-0.35
Cote d'Ivoire,CIV,2011,-0.59
Cote d'Ivoire,CIV,2012,-0.59
Cote d'Ivoire,CIV,2013,-0.82
Cote d'Ivoire,CIV,2014,-0.88
Cote d'Ivoire,CIV,2015,-0.85
Cote d'Ivoire,CIV,2016,-1.21
Cote d'Ivoire,CIV,2017,-1.86
Cote d'Ivoire,CIV,2018,-1.05
Cote d'Ivoire,CIV,2019,-1.09
Cote d'Ivoire,CIV,2020,-1.12
Cote d'Ivoire,CIV,2021,-0.55
Cote d'Ivoire,CIV,2022,-0.76
Cote d'Ivoire,CIV,2023,-0.75
Croatia,HRV,1990,6.88
Croatia,HRV,1991,5.11
Croatia,HRV,1992,2.78
Croatia,HRV,1993,2.12
Croatia,HRV,1994,3.06
Croatia,HRV,1995,3.08
Croatia,HRV,1996,1.69
Croatia,HRV,1997,3.38
Croatia,HRV,1998,2.79
Croatia,HRV,1999,1.62
Croatia,HRV,2000,3.42
Croatia,HRV,2001,2.52
Croatia,HRV,2002,3.04
Croatia,HRV,2003,3.31
Croatia,HRV,2004,3
Croatia,HRV,2005,4.41
Croatia,HRV,2006,5
Croatia,HRV,2007,5.9
Croatia,HRV,2008,6.01
Croatia,HRV,2009,5
Croatia,HRV,2010,3.97
Croatia,HRV,2011,7.15
Croatia,HRV,2012,7.43
Croatia,HRV,2013,3.87
Croatia,HRV,2014,3.95
Croatia,HRV,2015,6.79
Croatia,HRV,2016,5.53
Croatia,HRV,2017,6.95
Croatia,HRV,2018,5.39
Croatia,HRV,2019,6.13
Croatia,HRV,2020,4.64
Croatia,HRV,2021,3.96
Croatia,HRV,2022,4.69
Croatia,HRV,2023,1.58
Croatia,HRV,2024,4.04
Cuba,CUB,2000,0
Cuba,CUB,2001,0
Cuba,CUB,2002,0
Cuba,CUB,2003,0
Cuba,CUB,2004,0
Cuba,CUB,2005,0
Cuba,CUB,2006,0
Cuba,CUB,2007,0
Cuba,CUB,2008,0
Cuba,CUB,2009,0
Cuba,CUB,2010,0
Cuba,CUB,2011,0
Cuba,CUB,2012,0
Cuba,CUB,2013,0
Cuba,CUB,2014,0
Cuba,CUB,2015,0
Cuba,CUB,2016,0
Cuba,CUB,2017,0
Cuba,CUB,2018,0
Cuba,CUB,2019,0
Cuba,CUB,2020,0
Cuba,CUB,2021,0
Cuba,CUB,2022,0
Cuba,CUB,2023,0
Cyprus,CYP,1990,0
Cyprus,CYP,1991,0
Cyprus,CYP,1992,0
Cyprus,CYP,1993,0
Cyprus,CYP,1994,0
Cyprus,CYP,1995,0
Cyprus,CYP,1996,0
Cyprus,CYP,1997,0
Cyprus,CYP,1998,0
Cyprus,CYP,1999,0
Cyprus,CYP,2000,0
Cyprus,CYP,2001,0
Cyprus,CYP,2002,0
Cyprus,CYP,2003,0
Cyprus,CYP,2004,0
Cyprus,CYP,2005,0
Cyprus,CYP,2006,0
Cyprus,CYP,2007,0
Cyprus,CYP,2008,0
Cyprus,CYP,2009,0
Cyprus,CYP,2010,0
Cyprus,CYP,2011,0
Cyprus,CYP,2012,0
Cyprus,CYP,2013,0
Cyprus,CYP,2014,0
Cyprus,CYP,2015,0
Cyprus,CYP,2016,0
Cyprus,CYP,2017,0
Cyprus,CYP,2018,0
Cyprus,CYP,2019,0
Cyprus,CYP,2020,0
Cyprus,CYP,2021,0
Cyprus,CYP,2022,0
Cyprus,CYP,2023,0
Cyprus,CYP,2024,0
Czechia,CZE,1990,-0.69
Czechia,CZE,1991,-2.53
Czechia,CZE,1992,-3.04
Czechia,CZE,1993,-2.1
Czechia,CZE,1994,-0.45
Czechia,CZE,1995,0.42
Czechia,CZE,1996,0
Czechia,CZE,1997,-1.19
Czechia,CZE,1998,-2.46
Czechia,CZE,1999,-3.28
Czechia,CZE,2000,-10.02
Czechia,CZE,2001,-9.54
Czechia,CZE,2002,-11.39
Czechia,CZE,2003,-16.21
Czechia,CZE,2004,-15.72
Czechia,CZE,2005,-12.63
Czechia,CZE,2006,-12.63
Czechia,CZE,2007,-16.15
Czechia,CZE,2008,-11.47
Czechia,CZE,2009,-13.64
Czechia,CZE,2010,-14.95
Czechia,CZE,2011,-17.04
Czechia,CZE,2012,-17.12
Czechia,CZE,2013,-16.89
Czechia,CZE,2014,-16.3
Czechia,CZE,2015,-12.51
Czechia,CZE,2016,-10.97
Czechia,CZE,2017,-13.04
Czechia,CZE,2018,-13.91
Czechia,CZE,2019,-13.1
Czechia,CZE,2020,-10.15
Czechia,CZE,2021,-11.08
Czechia,CZE,2022,-13.53
Czechia,CZE,2023,-9.18
Czechia,CZE,2024,-6.39
Democratic Republic of Congo,COD,2000,-1.27
Democratic Republic of Congo,COD,2001,-1.19
Democratic Republic of Congo,COD,2002,-1.31
Democratic Republic of Congo,COD,2003,-1.33
Democratic Republic of Congo,COD,2004,-1.39
Democratic Republic of Congo,COD,2005,-1.66
Democratic Republic of Congo,COD,2006,-1.31
Democratic Republic of Congo,COD,2007,-1.33
Democratic Republic of Congo,COD,2008,-0.59
Democratic Republic of Congo,COD,2009,-0.78
Democratic Republic of Congo,COD,2010,-0.75
Democratic Republic of Congo,COD,2011,-0.13
Democratic Republic of Congo,COD,2012,0.58
Democratic Republic of Congo,COD,2013,0.58
Democratic Republic of Congo,COD,2014,1.07
Democratic Republic of Congo,COD,2015,1.06
Democratic Republic of Congo,COD,2016,0.71
Democratic Republic of Congo,COD,2017,0.73
Democratic Republic of Congo,COD,2018,0.73
Democratic Republic of Congo,COD,2019,0.92
Democratic Republic of Congo,COD,2020,1.14
Democratic Republic of Congo,COD,2021,1.41
Democratic Republic of Congo,COD,2022,1.33
Democratic Republic of Congo,COD,2023,1.41
Denmark,DNK,1990,7.05
Denmark,DNK,1991,-1.97
Denmark,DNK,1992,3.75
Denmark,DNK,1993,1.18
Denmark,DNK,1994,-4.84
Denmark,DNK,1995,-0.79
Denmark,DNK,1996,-15.4
Denmark,DNK,1997,-7.25
Denmark,DNK,1998,-4.32
Denmark,DNK,1999,-2.31
Denmark,DNK,2000,0.66
Denmark,DNK,2001,-0.57
Denmark,DNK,2002,-2.07
Denmark,DNK,2003,-8.55
Denmark,DNK,2004,-2.87
Denmark,DNK,2005,1.37
Denmark,DNK,2006,-6.93
Denmark,DNK,2007,-0.95
Denmark,DNK,2008,1.45
Denmark,DNK,2009,0.33
Denmark,DNK,2010,-1.14
Denmark,DNK,2011,1.32
Denmark,DNK,2012,5.21
Denmark,DNK,2013,1.08
Denmark,DNK,2014,2.85
Denmark,DNK,2015,5.91
Denmark,DNK,2016,5.06
Denmark,DNK,2017,4.56
Denmark,DNK,2018,5.22
Denmark,DNK,2019,5.81
Denmark,DNK,2020,6.88
Denmark,DNK,2021,4.87
Denmark,DNK,2022,1.36
Denmark,DNK,2023,3.13
Denmark,DNK,2024,3.8
Djibouti,DJI,2000,0
Djibouti,DJI,2001,0
Djibouti,DJI,2002,0
Djibouti,DJI,2003,0
Djibouti,DJI,2004,0
Djibouti,DJI,2005,0
Djibouti,DJI,2006,0
Djibouti,DJI,2007,0
Djibouti,DJI,2008,0
Djibouti,DJI,2009,0
Djibouti,DJI,2010,0
Djibouti,DJI,2011,0
Djibouti,DJI,2012,0
Djibouti,DJI,2013,0
Djibouti,DJI,2014,0.34
Djibouti,DJI,2015,0.31
Djibouti,DJI,2016,0.45
Djibouti,DJI,2017,0.51
Djibouti,DJI,2018,0.53
Djibouti,DJI,2019,0.51
Djibouti,DJI,2020,0.5
Djibouti,DJI,2021,0.51
Djibouti,DJI,2022,0.51
Djibouti,DJI,2023,0.51
Dominica,DMA,2000,0
Dominica,DMA,2001,0
Dominica,DMA,2002,0
Dominica,DMA,2003,0
Dominica,DMA,2004,0
Dominica,DMA,2005,0
Dominica,DMA,2006,0
Dominica,DMA,2007,0
Dominica,DMA,2008,0
Dominica,DMA,2009,0
Dominica,DMA,2010,0
Dominica,DMA,2011,0
Dominica,DMA,2012,0
Dominica,DMA,2013,0
Dominica,DMA,2014,0
Dominica,DMA,2015,0
Dominica,DMA,2016,0
Dominica,DMA,2017,0
Dominica,DMA,2018,0
Dominica,DMA,2019,0
Dominica,DMA,2020,0
Dominica,DMA,2021,0
Dominica,DMA,2022,0
Dominica,DMA,2023,0
Dominican Republic,DOM,2000,0
Dominican Republic,DOM,2001,0
Dominican Republic,DOM,2002,0
Dominican Republic,DOM,2003,0
Dominican Republic,DOM,2004,0
Dominican Republic,DOM,2005,0
Dominican Republic,DOM,2006,0
Dominican Republic,DOM,2007,0
Dominican Republic,DOM,2008,0
Dominican Republic,DOM,2009,0
Dominican Republic,DOM,2010,0
Dominican Republic,DOM,2011,0
Dominican Republic,DOM,2012,0
Dominican Republic,DOM,2013,0
Dominican Republic,DOM,2014,0
Dominican Republic,DOM,2015,0
Dominican Republic,DOM,2016,0
Dominican Republic,DOM,2017,0
Dominican Republic,DOM,2018,0
Dominican Republic,DOM,2019,0
Dominican Republic,DOM,2020,0
Dominican Republic,DOM,2021,0
Dominican Republic,DOM,2022,0
Dominican Republic,DOM,2023,0
Dominican Republic,DOM,2024,0
EU (Ember),,2000,8.84
EU (Ember),,2001,-3.35
EU (Ember),,2002,7.12
EU (Ember),,2003,-2.09
EU (Ember),,2004,-11.81
EU (Ember),,2005,7.33
EU (Ember),,2006,0.46
EU (Ember),,2007,10.64
EU (Ember),,2008,12.03
EU (Ember),,2009,17.29
EU (Ember),,2010,4.92
EU (Ember),,2011,0.96
EU (Ember),,2012,6.76
EU (Ember),,2013,-1.81
EU (Ember),,2014,-5.03
EU (Ember),,2015,-6.65
EU (Ember),,2016,0.65
EU (Ember),,2017,-4.55
EU (Ember),,2018,8.84
EU (Ember),,2019,2.93
EU (Ember),,2020,13.97
EU (Ember),,2021,7.28
EU (Ember),,2022,12.94
EU (Ember),,2023,-0.47
EU (Ember),,2024,-15.47
East Timor,TLS,2003,0
East Timor,TLS,2004,0
East Timor,TLS,2005,0
East Timor,TLS,2006,0
East Timor,TLS,2007,0
East Timor,TLS,2008,0
East Timor,TLS,2009,0
East Timor,TLS,2010,0
East Timor,TLS,2011,0
East Timor,TLS,2012,0
East Timor,TLS,2013,0
East Timor,TLS,2014,0
East Timor,TLS,2015,0
East Timor,TLS,2016,0
East Timor,TLS,2017,0
East Timor,TLS,2018,0
East Timor,TLS,2019,0
East Timor,TLS,2020,0
East Timor,TLS,2021,0
East Timor,TLS,2022,0
East Timor,TLS,2023,0
Ecuador,ECU,2000,0.02
Ecuador,ECU,2001,0.02
Ecuador,ECU,2002,0.06
Ecuador,ECU,2003,1.05
Ecuador,ECU,2004,1.61
Ecuador,ECU,2005,1.71
Ecuador,ECU,2006,1.57
Ecuador,ECU,2007,0.82
Ecuador,ECU,2008,0.46
Ecuador,ECU,2009,1.1
Ecuador,ECU,2010,0.86
Ecuador,ECU,2011,1.28
Ecuador,ECU,2012,0.23
Ecuador,ECU,2013,0.63
Ecuador,ECU,2014,0.79
Ecuador,ECU,2015,0.47
Ecuador,ECU,2016,-0.32
Ecuador,ECU,2017,-0.19
Ecuador,ECU,2018,-0.15
Ecuador,ECU,2019,-1.82
Ecuador,ECU,2020,-1.09
Ecuador,ECU,2021,-0.16
Ecuador,ECU,2022,0.27
Ecuador,ECU,2023,0.27
Ecuador,ECU,2024,0.28
Egypt,EGY,2000,-0.15
Egypt,EGY,2001,-0.21
Egypt,EGY,2002,-0.78
Egypt,EGY,2003,-0.92
Egypt,EGY,2004,-0.7
Egypt,EGY,2005,-0.78
Egypt,EGY,2006,-0.35
Egypt,EGY,2007,-0.56
Egypt,EGY,2008,-0.9
Egypt,EGY,2009,-0.94
Egypt,EGY,2010,-1.44
Egypt,EGY,2011,-1.58
Egypt,EGY,2012,-0.4
Egypt,EGY,2013,-0.4
Egypt,EGY,2014,-0.68
Egypt,EGY,2015,-0.69
Egypt,EGY,2016,-0.27
Egypt,EGY,2017,-0.34
Egypt,EGY,2018,-0.57
Egypt,EGY,2019,-0.79
Egypt,EGY,2020,-1.42
Egypt,EGY,2021,-1.47
Egypt,EGY,2022,-1.57
Egypt,EGY,2023,-1.6
Egypt,EGY,2024,-1.6
El Salvador,SLV,2000,0.7
El Salvador,SLV,2001,0.31
El Salvador,SLV,2002,0.38
El Salvador,SLV,2003,0.32
El Salvador,SLV,2004,0.38
El Salvador,SLV,2005,0.28
El Salvador,SLV,2006,0
El Salvador,SLV,2007,0.03
El Salvador,SLV,2008,-0.01
El Salvador,SLV,2009,0.13
El Salvador,SLV,2010,0.09
El Salvador,SLV,2011,0.11
El Salvador,SLV,2012,0.09
El Salvador,SLV,2013,0.19
El Salvador,SLV,2014,0.38
El Salvador,SLV,2015,0.9
El Salvador,SLV,2016,0.99
El Salvador,SLV,2017,1.59
El Salvador,SLV,2018,1.76
El Salvador,SLV,2019,1.29
El Salvador,SLV,2020,0.64
El Salvador,SLV,2021,1.28
El Salvador,SLV,2022,0.62
El Salvador,SLV,2023,0.61
El Salvador,SLV,2024,0.71
Equatorial Guinea,GNQ,2000,0
Equatorial Guinea,GNQ,2001,0
Equatorial Guinea,GNQ,2002,0
Equatorial Guinea,GNQ,2003,0
Equatorial Guinea,GNQ,2004,0
Equatorial Guinea,GNQ,2005,0
Equatorial Guinea,GNQ,2006,0
Equatorial Guinea,GNQ,2007,0
Equatorial Guinea,GNQ,2008,0
Equatorial Guinea,GNQ,2009,0
Equatorial Guinea,GNQ,2010,0
Equatorial Guinea,GNQ,2011,0
Equatorial Guinea,GNQ,2012,0
Equatorial Guinea,GNQ,2013,0
Equatorial Guinea,GNQ,2014,0
Equatorial Guinea,GNQ,2015,0
Equatorial Guinea,GNQ,2016,0
Equatorial Guinea,GNQ,2017,0
Equatorial Guinea,GNQ,2018,0
Equatorial Guinea,GNQ,2019,0
Equatorial Guinea,GNQ,2020,0
Equatorial Guinea,GNQ,2021,0
Equatorial Guinea,GNQ,2022,0
Equatorial Guinea,GNQ,2023,0
Eritrea,ERI,2000,0
Eritrea,ERI,2001,0
Eritrea,ERI,2002,0
Eritrea,ERI,2003,0
Eritrea,ERI,2004,0
Eritrea,ERI,2005,0
Eritrea,ERI,2006,0
Eritrea,ERI,2007,0
Eritrea,ERI,2008,0
Eritrea,ERI,2009,0
Eritrea,ERI,2010,0
Eritrea,ERI,2011,0
Eritrea,ERI,2012,0
Eritrea,ERI,2013,0
Eritrea,ERI,2014,0
Eritrea,ERI,2015,0
Eritrea,ERI,2016,0
Eritrea,ERI,2017,0
Eritrea,ERI,2018,0
Eritrea,ERI,2019,0
Eritrea,ERI,2020,0
Eritrea,ERI,2021,0
Eritrea,ERI,2022,0
Eritrea,ERI,2023,0
Estonia,EST,1990,-7
Estonia,EST,1991,-4.77
Estonia,EST,1992,-3.24
Estonia,EST,1993,-1.6
Estonia,EST,1994,-1.19
Estonia,EST,1995,-0.76
Estonia,EST,1996,-0.86
Estonia,EST,1997,-0.97
Estonia,EST,1998,-0.39
Estonia,EST,1999,-0.6
Estonia,EST,2000,-0.93
Estonia,EST,2001,-0.62
Estonia,EST,2002,-0.69
Estonia,EST,2003,-1.9
Estonia,EST,2004,-1.79
Estonia,EST,2005,-1.61
Estonia,EST,2006,-0.75
Estonia,EST,2007,-2.42
Estonia,EST,2008,-0.94
Estonia,EST,2009,0.08
Estonia,EST,2010,-3.25
Estonia,EST,2011,-3.56
Estonia,EST,2012,-2.24
Estonia,EST,2013,-3.59
Estonia,EST,2014,-2.75
Estonia,EST,2015,-0.92
Estonia,EST,2016,-2.04
Estonia,EST,2017,-2.73
Estonia,EST,2018,-1.9
Estonia,EST,2019,2.16
Estonia,EST,2020,3.64
Estonia,EST,2021,2.63
Estonia,EST,2022,1.01
Estonia,EST,2023,3.3
Estonia,EST,2024,2.91
Eswatini,SWZ,2000,0.62
Eswatini,SWZ,2001,0.64
Eswatini,SWZ,2002,0.8
Eswatini,SWZ,2003,0.8
Eswatini,SWZ,2004,0.7
Eswatini,SWZ,2005,0.86
Eswatini,SWZ,2006,0.94
Eswatini,SWZ,2007,0.98
Eswatini,SWZ,2008,0.92
Eswatini,SWZ,2009,0.91
Eswatini,SWZ,2010,0.81
Eswatini,SWZ,2011,0.81
Eswatini,SWZ,2012,0.82
Eswatini,SWZ,2013,0.86
Eswatini,SWZ,2014,0.98
Eswatini,SWZ,2015,1.08
Eswatini,SWZ,2016,1.06
Eswatini,SWZ,2017,1.02
Eswatini,SWZ,2018,0.94
Eswatini,SWZ,2019,1.04
Eswatini,SWZ,2020,0.91
Eswatini,SWZ,2021,0.9
Eswatini,SWZ,2022,0.92
Eswatini,SWZ,2023,0.93
Ethiopia,ETH,2000,0
Ethiopia,ETH,2001,0
Ethiopia,ETH,2002,0
Ethiopia,ETH,2003,0
Ethiopia,ETH,2004,0
Ethiopia,ETH,2005,0
Ethiopia,ETH,2006,0
Ethiopia,ETH,2007,0
Ethiopia,ETH,2008,0
Ethiopia,ETH,2009,0
Ethiopia,ETH,2010,0
Ethiopia,ETH,2011,-0.33
Ethiopia,ETH,2012,-0.56
Ethiopia,ETH,2013,-0.64
Ethiopia,ETH,2014,-0.76
Ethiopia,ETH,2015,-0.7
Ethiopia,ETH,2016,-1.3
Ethiopia,ETH,2017,-1.43
Ethiopia,ETH,2018,-1
Ethiopia,ETH,2019,-1.14
Ethiopia,ETH,2020,-1.64
Ethiopia,ETH,2021,-1.66
Ethiopia,ETH,2022,-1.75
Ethiopia,ETH,2023,-1.76
Europe,,2000,-7.540005
Europe,,2001,-1.6499965
Europe,,2002,1.8899994
Europe,,2003,1.9099979
Europe,,2004,1.52
Europe,,2005,-1.4999996
Europe,,2006,-3.1099987
Europe,,2007,-2.8999999
Europe,,2008,-4.08
Europe,,2009,-1.2400018
Europe,,2010,-2.4899995
Europe,,2011,-8.25
Europe,,2012,-13.940003
Europe,,2013,-8.999998
Europe,,2014,-9.670002
Europe,,2015,-7.949995
Europe,,2016,-9.46
Europe,,2017,-4.260001
Europe,,2018,-1.4099994
Europe,,2019,-1.6999962
Europe,,2020,-3.539999
Europe,,2021,-3.5699978
Europe,,2022,-11.4
Europe,,2023,-18.500002
European Union (27),,2000,8.839994
European Union (27),,2001,-3.3499973
European Union (27),,2002,7.119999
European Union (27),,2003,-2.0900018
European Union (27),,2004,-11.809999
European Union (27),,2005,7.3300014
European Union (27),,2006,0.46000108
European Union (27),,2007,10.64
European Union (27),,2008,12.029999
European Union (27),,2009,17.289997
European Union (27),,2010,4.920001
European Union (27),,2011,0.9599992
European Union (27),,2012,6.759997
European Union (27),,2013,-1.8099973
European Union (27),,2014,-5.030002
European Union (27),,2015,-6.6499963
European Union (27),,2016,0.65000004
European Union (27),,2017,-4.5500016
European Union (27),,2018,8.84
European Union (27),,2019,2.930004
European Union (27),,2020,13.97
European Union (27),,2021,7.2800026
European Union (27),,2022,12.940001
European Union (27),,2023,-0.47000134
Falkland Islands,FLK,2000,0
Falkland Islands,FLK,2001,0
Falkland Islands,FLK,2002,0
Falkland Islands,FLK,2003,0
Falkland Islands,FLK,2004,0
Falkland Islands,FLK,2005,0
Falkland Islands,FLK,2006,0
Falkland Islands,FLK,2007,0
Falkland Islands,FLK,2008,0
Falkland Islands,FLK,2009,0
Falkland Islands,FLK,2010,0
Falkland Islands,FLK,2011,0
Falkland Islands,FLK,2012,0
Falkland Islands,FLK,2013,0
Falkland Islands,FLK,2014,0
Falkland Islands,FLK,2015,0
Falkland Islands,FLK,2016,0
Falkland Islands,FLK,2017,0
Falkland Islands,FLK,2018,0
Falkland Islands,FLK,2019,0
Falkland Islands,FLK,2020,0
Falkland Islands,FLK,2021,0
Falkland Islands,FLK,2022,0
Faroe Islands,FRO,2000,0
Faroe Islands,FRO,2001,0
Faroe Islands,FRO,2002,0
Faroe Islands,FRO,2003,0
Faroe Islands,FRO,2004,0
Faroe Islands,FRO,2005,0
Faroe Islands,FRO,2006,0
Faroe Islands,FRO,2007,0
Faroe Islands,FRO,2008,0
Faroe Islands,FRO,2009,0
Faroe Islands,FRO,2010,0
Faroe Islands,FRO,2011,0
Faroe Islands,FRO,2012,0
Faroe Islands,FRO,2013,0
Faroe Islands,FRO,2014,0
Faroe Islands,FRO,2015,0
Faroe Islands,FRO,2016,0
Faroe Islands,FRO,2017,0
Faroe Islands,FRO,2018,0
Faroe Islands,FRO,2019,0
Faroe Islands,FRO,2020,0
Faroe Islands,FRO,2021,0
Faroe Islands,FRO,2022,0
Fiji,FJI,2000,0
Fiji,FJI,2001,0
Fiji,FJI,2002,0
Fiji,FJI,2003,0
Fiji,FJI,2004,0
Fiji,FJI,2005,0
Fiji,FJI,2006,0
Fiji,FJI,2007,0
Fiji,FJI,2008,0
Fiji,FJI,2009,0
Fiji,FJI,2010,0
Fiji,FJI,2011,0
Fiji,FJI,2012,0
Fiji,FJI,2013,0
Fiji,FJI,2014,0
Fiji,FJI,2015,0
Fiji,FJI,2016,0
Fiji,FJI,2017,0
Fiji,FJI,2018,0
Fiji,FJI,2019,0
Fiji,FJI,2020,0
Fiji,FJI,2021,0
Fiji,FJI,2022,0
Fiji,FJI,2023,0
Finland,FIN,1990,10.64
Finland,FIN,1991,7.29
Finland,FIN,1992,8.39
Finland,FIN,1993,7.58
Finland,FIN,1994,6.54
Finland,FIN,1995,8.41
Finland,FIN,1996,3.66
Finland,FIN,1997,7.65
Finland,FIN,1998,9.31
Finland,FIN,1999,11.12
Finland,FIN,2000,11.88
Finland,FIN,2001,9.96
Finland,FIN,2002,11.92
Finland,FIN,2003,4.85
Finland,FIN,2004,4.87
Finland,FIN,2005,17.01
Finland,FIN,2006,11.4
Finland,FIN,2007,12.56
Finland,FIN,2008,12.77
Finland,FIN,2009,12.09
Finland,FIN,2010,10.5
Finland,FIN,2011,13.85
Finland,FIN,2012,17.44
Finland,FIN,2013,15.71
Finland,FIN,2014,17.97
Finland,FIN,2015,16.34
Finland,FIN,2016,18.95
Finland,FIN,2017,20.43
Finland,FIN,2018,19.94
Finland,FIN,2019,20.04
Finland,FIN,2020,15.1
Finland,FIN,2021,17.77
Finland,FIN,2022,12.52
Finland,FIN,2023,1.72
Finland,FIN,2024,3.19
France,FRA,1990,-45.44
France,FRA,1991,-52.89
France,FRA,1992,-53.8
France,FRA,1993,-61.43
France,FRA,1994,-63.17
France,FRA,1995,-69.84
France,FRA,1996,-68.81
France,FRA,1997,-65.4
France,FRA,1998,-57.56
France,FRA,1999,-63.14
France,FRA,2000,-69.48
France,FRA,2001,-68.39
France,FRA,2002,-77.03
France,FRA,2003,-66.41
France,FRA,2004,-61.91
France,FRA,2005,-60.33
France,FRA,2006,-63.34
France,FRA,2007,-56.81
France,FRA,2008,-47.99
France,FRA,2009,-25.93
France,FRA,2010,-30.71
France,FRA,2011,-56.41
France,FRA,2012,-44.52
France,FRA,2013,-48.46
France,FRA,2014,-67.19
France,FRA,2015,-64.06
France,FRA,2016,-41.5
France,FRA,2017,-40.13
France,FRA,2018,-62.97
France,FRA,2019,-57.67
France,FRA,2020,-45.04
France,FRA,2021,-44.89
France,FRA,2022,14.94
France,FRA,2023,-50.47
France,FRA,2024,-91.02
French Guiana,GUF,2000,0
French Guiana,GUF,2001,0
French Guiana,GUF,2002,0
French Guiana,GUF,2003,0
French Guiana,GUF,2004,0
French Guiana,GUF,2005,0
French Guiana,GUF,2006,0
French Guiana,GUF,2007,0
French Guiana,GUF,2008,0
French Guiana,GUF,2009,0
French Guiana,GUF,2010,0
French Guiana,GUF,2011,0
French Guiana,GUF,2012,0
French Guiana,GUF,2013,0
French Guiana,GUF,2014,0
French Guiana,GUF,2015,0
French Guiana,GUF,2016,0
French Guiana,GUF,2017,0
French Guiana,GUF,2018,0
French Guiana,GUF,2019,0
French Guiana,GUF,2020,0
French Guiana,GUF,2021,0
French Guiana,GUF,2022,0
French Polynesia,PYF,2000,0
French Polynesia,PYF,2001,0
French Polynesia,PYF,2002,0
French Polynesia,PYF,2003,0
French Polynesia,PYF,2004,0
French Polynesia,PYF,2005,0
French Polynesia,PYF,2006,0
French Polynesia,PYF,2007,0
French Polynesia,PYF,2008,0
French Polynesia,PYF,2009,0
French Polynesia,PYF,2010,0
French Polynesia,PYF,2011,0
French Polynesia,PYF,2012,0
French Polynesia,PYF,2013,0
French Polynesia,PYF,2014,0
French Polynesia,PYF,2015,0
French Polynesia,PYF,2016,0
French Polynesia,PYF,2017,0
French Polynesia,PYF,2018,0
French Polynesia,PYF,2019,0
French Polynesia,PYF,2020,0
French Polynesia,PYF,2021,0
French Polynesia,PYF,2022,0
Gabon,GAB,2000,0
Gabon,GAB,2001,0
Gabon,GAB,2002,0
Gabon,GAB,2003,0
Gabon,GAB,2004,0
Gabon,GAB,2005,0
Gabon,GAB,2006,0
Gabon,GAB,2007,0
Gabon,GAB,2008,0
Gabon,GAB,2009,0
Gabon,GAB,2010,0
Gabon,GAB,2011,0
Gabon,GAB,2012,0
Gabon,GAB,2013,0.18
Gabon,GAB,2014,0.39
Gabon,GAB,2015,0.34
Gabon,GAB,2016,0.35
Gabon,GAB,2017,0.46
Gabon,GAB,2018,0.51
Gabon,GAB,2019,0.53
Gabon,GAB,2020,0.54
Gabon,GAB,2021,0.53
Gabon,GAB,2022,0.54
Gabon,GAB,2023,0.58
Gambia,GMB,2000,0
Gambia,GMB,2001,0
Gambia,GMB,2002,0
Gambia,GMB,2003,0
Gambia,GMB,2004,0
Gambia,GMB,2005,0
Gambia,GMB,2006,0
Gambia,GMB,2007,0
Gambia,GMB,2008,0
Gambia,GMB,2009,0
Gambia,GMB,2010,0
Gambia,GMB,2011,0
Gambia,GMB,2012,0
Gambia,GMB,2013,0
Gambia,GMB,2014,0
Gambia,GMB,2015,0
Gambia,GMB,2016,0
Gambia,GMB,2017,0
Gambia,GMB,2018,0
Gambia,GMB,2019,0
Gambia,GMB,2020,0
Gambia,GMB,2021,0
Gambia,GMB,2022,0
Gambia,GMB,2023,0
Georgia,GEO,2000,0.25
Georgia,GEO,2001,0.27
Georgia,GEO,2002,0.45
Georgia,GEO,2003,0.91
Georgia,GEO,2004,1.28
Georgia,GEO,2005,1.35
Georgia,GEO,2006,0.62
Georgia,GEO,2007,-0.2
Georgia,GEO,2008,-0.12
Georgia,GEO,2009,-0.49
Georgia,GEO,2010,-1.26
Georgia,GEO,2011,-0.45
Georgia,GEO,2012,0.09
Georgia,GEO,2013,0.03
Georgia,GEO,2014,0.25
Georgia,GEO,2015,0.04
Georgia,GEO,2016,-0.08
Georgia,GEO,2017,0.81
Georgia,GEO,2018,0.92
Georgia,GEO,2019,1.38
Georgia,GEO,2020,1.46
Georgia,GEO,2021,1.62
Georgia,GEO,2022,0.56
Georgia,GEO,2023,-0.68
Georgia,GEO,2024,0.02
Germany,DEU,1990,0.93
Germany,DEU,1991,-0.57
Germany,DEU,1992,-5.32
Germany,DEU,1993,0.87
Germany,DEU,1994,2.34
Germany,DEU,1995,4.82
Germany,DEU,1996,-5.27
Germany,DEU,1997,-2.35
Germany,DEU,1998,-0.64
Germany,DEU,1999,1.04
Germany,DEU,2000,3.06
Germany,DEU,2001,3.66
Germany,DEU,2002,10
Germany,DEU,2003,-3.27
Germany,DEU,2004,-2.62
Germany,DEU,2005,-4.57
Germany,DEU,2006,-16.98
Germany,DEU,2007,-16.56
Germany,DEU,2008,-20.1
Germany,DEU,2009,-12.27
Germany,DEU,2010,-14.95
Germany,DEU,2011,-3.77
Germany,DEU,2012,-20.54
Germany,DEU,2013,-32.19
Germany,DEU,2014,-33.88
Germany,DEU,2015,-48.28
Germany,DEU,2016,-50.52
Germany,DEU,2017,-52.46
Germany,DEU,2018,-48.74
Germany,DEU,2019,-32.67
Germany,DEU,2020,-19.03
Germany,DEU,2021,-18.58
Germany,DEU,2022,-27.26
Germany,DEU,2023,9.22
Germany,DEU,2024,25.45
Ghana,GHA,2000,0.21
Ghana,GHA,2001,0.15
Ghana,GHA,2002,0.43
Ghana,GHA,2003,0.34
Ghana,GHA,2004,0.21
Ghana,GHA,2005,0.18
Ghana,GHA,2006,-0.13
Ghana,GHA,2007,0.19
Ghana,GHA,2008,-0.26
Ghana,GHA,2009,-0.55
Ghana,GHA,2010,-0.93
Ghana,GHA,2011,-0.61
Ghana,GHA,2012,-0.54
Ghana,GHA,2013,-0.5
Ghana,GHA,2014,-0.47
Ghana,GHA,2015,-0.36
Ghana,GHA,2016,0.56
Ghana,GHA,2017,0.05
Ghana,GHA,2018,-0.6
Ghana,GHA,2019,-1.3
Ghana,GHA,2020,-1.74
Ghana,GHA,2021,-1.69
Ghana,GHA,2022,-2.17
Ghana,GHA,2023,-1.95
Gibraltar,GIB,2000,0
Gibraltar,GIB,2001,0
Gibraltar,GIB,2002,0
Gibraltar,GIB,2003,0
Gibraltar,GIB,2004,0
Gibraltar,GIB,2005,0
Gibraltar,GIB,2006,0
Gibraltar,GIB,2007,0
Gibraltar,GIB,2008,0
Gibraltar,GIB,2009,0
Gibraltar,GIB,2010,0
Gibraltar,GIB,2011,0
Gibraltar,GIB,2012,0
Gibraltar,GIB,2013,0
Gibraltar,GIB,2014,0
Gibraltar,GIB,2015,0
Gibraltar,GIB,2016,0
Gibraltar,GIB,2017,0
Gibraltar,GIB,2018,0
Gibraltar,GIB,2019,0
Gibraltar,GIB,2020,0
Gibraltar,GIB,2021,0
Gibraltar,GIB,2022,0
Gibraltar,GIB,2023,0
Greece,GRC,1990,0.71
Greece,GRC,1991,0.64
Greece,GRC,1992,0.61
Greece,GRC,1993,0.81
Greece,GRC,1994,0.38
Greece,GRC,1995,0.8
Greece,GRC,1996,1.35
Greece,GRC,1997,2.29
Greece,GRC,1998,1.61
Greece,GRC,1999,0.16
Greece,GRC,2000,-0.01
Greece,GRC,2001,2.5
Greece,GRC,2002,2.9
Greece,GRC,2003,2.09
Greece,GRC,2004,2.82
Greece,GRC,2005,3.78
Greece,GRC,2006,4.2
Greece,GRC,2007,4.36
Greece,GRC,2008,5.61
Greece,GRC,2009,4.37
Greece,GRC,2010,5.71
Greece,GRC,2011,3.23
Greece,GRC,2012,1.78
Greece,GRC,2013,1.89
Greece,GRC,2014,8.82
Greece,GRC,2015,9.61
Greece,GRC,2016,8.8
Greece,GRC,2017,6.24
Greece,GRC,2018,6.28
Greece,GRC,2019,9.94
Greece,GRC,2020,8.86
Greece,GRC,2021,3.68
Greece,GRC,2022,3.45
Greece,GRC,2023,4.91
Greece,GRC,2024,-0.16
Greenland,GRL,2000,0
Greenland,GRL,2001,0
Greenland,GRL,2002,0
Greenland,GRL,2003,0
Greenland,GRL,2004,0
Greenland,GRL,2005,0
Greenland,GRL,2006,0
Greenland,GRL,2007,0
Greenland,GRL,2008,0
Greenland,GRL,2009,0
Greenland,GRL,2010,0
Greenland,GRL,2011,0
Greenland,GRL,2012,0
Greenland,GRL,2013,0
Greenland,GRL,2014,0
Greenland,GRL,2015,0
Greenland,GRL,2016,0
Greenland,GRL,2017,0
Greenland,GRL,2018,0
Greenland,GRL,2019,0
Greenland,GRL,2020,0
Greenland,GRL,2021,0
Greenland,GRL,2022,0
Grenada,GRD,2000,0
Grenada,GRD,2001,0
Grenada,GRD,2002,0
Grenada,GRD,2003,0
Grenada,GRD,2004,0
Grenada,GRD,2005,0
Grenada,GRD,2006,0
Grenada,GRD,2007,0
Grenada,GRD,2008,0
Grenada,GRD,2009,0
Grenada,GRD,2010,0
Grenada,GRD,2011,0
Grenada,GRD,2012,0
Grenada,GRD,2013,0
Grenada,GRD,2014,0
Grenada,GRD,2015,0
Grenada,GRD,2016,0
Grenada,GRD,2017,0
Grenada,GRD,2018,0
Grenada,GRD,2019,0
Grenada,GRD,2020,0
Grenada,GRD,2021,0
Grenada,GRD,2022,0
Guadeloupe,GLP,2000,0
Guadeloupe,GLP,2001,0
Guadeloupe,GLP,2002,0
Guadeloupe,GLP,2003,0
Guadeloupe,GLP,2004,0
Guadeloupe,GLP,2005,0
Guadeloupe,GLP,2006,0
Guadeloupe,GLP,2007,0
Guadeloupe,GLP,2008,0
Guadeloupe,GLP,2009,0
Guadeloupe,GLP,2010,0
Guadeloupe,GLP,2011,0
Guadeloupe,GLP,2012,0
Guadeloupe,GLP,2013,0
Guadeloupe,GLP,2014,0
Guadeloupe,GLP,2015,0
Guadeloupe,GLP,2016,0
Guadeloupe,GLP,2017,0
Guadeloupe,GLP,2018,0
Guadeloupe,GLP,2019,0
Guadeloupe,GLP,2020,0
Guadeloupe,GLP,2021,0
Guadeloupe,GLP,2022,0
Guam,GUM,2000,0
Guam,GUM,2001,0
Guam,GUM,2002,0
Guam,GUM,2003,0
Guam,GUM,2004,0
Guam,GUM,2005,0
Guam,GUM,2006,0
Guam,GUM,2007,0
Guam,GUM,2008,0
Guam,GUM,2009,0
Guam,GUM,2010,0
Guam,GUM,2011,0
Guam,GUM,2012,0
Guam,GUM,2013,0
Guam,GUM,2014,0
Guam,GUM,2015,0
Guam,GUM,2016,0
Guam,GUM,2017,0
Guam,GUM,2018,0
Guam,GUM,2019,0
Guam,GUM,2020,0
Guam,GUM,2021,0
Guam,GUM,2022,0
Guatemala,GTM,2000,-0.7
Guatemala,GTM,2001,-0.31
Guatemala,GTM,2002,-0.38
Guatemala,GTM,2003,-0.4
Guatemala,GTM,2004,-0.42
Guatemala,GTM,2005,-0.31
Guatemala,GTM,2006,-0.08
Guatemala,GTM,2007,-0.12
Guatemala,GTM,2008,-0.07
Guatemala,GTM,2009,-0.06
Guatemala,GTM,2010,0.22
Guatemala,GTM,2011,0.33
Guatemala,GTM,2012,0.03
Guatemala,GTM,2013,-0.32
Guatemala,GTM,2014,-0.5
Guatemala,GTM,2015,-0.5
Guatemala,GTM,2016,-0.59
Guatemala,GTM,2017,-0.97
Guatemala,GTM,2018,-1.67
Guatemala,GTM,2019,-1.05
Guatemala,GTM,2020,-0.07
Guatemala,GTM,2021,0.03
Guatemala,GTM,2022,0.38
Guatemala,GTM,2023,0.47
Guinea,GIN,2000,0
Guinea,GIN,2001,0
Guinea,GIN,2002,0
Guinea,GIN,2003,0
Guinea,GIN,2004,0
Guinea,GIN,2005,0
Guinea,GIN,2006,0
Guinea,GIN,2007,0
Guinea,GIN,2008,0
Guinea,GIN,2009,0
Guinea,GIN,2010,0
Guinea,GIN,2011,0
Guinea,GIN,2012,0
Guinea,GIN,2013,0
Guinea,GIN,2014,0
Guinea,GIN,2015,0
Guinea,GIN,2016,0
Guinea,GIN,2017,0
Guinea,GIN,2018,0
Guinea,GIN,2019,0
Guinea,GIN,2020,0
Guinea,GIN,2021,0
Guinea,GIN,2022,0
Guinea,GIN,2023,0
Guinea-Bissau,GNB,2000,0
Guinea-Bissau,GNB,2001,0
Guinea-Bissau,GNB,2002,0
Guinea-Bissau,GNB,2003,0
Guinea-Bissau,GNB,2004,0
Guinea-Bissau,GNB,2005,0
Guinea-Bissau,GNB,2006,0
Guinea-Bissau,GNB,2007,0
Guinea-Bissau,GNB,2008,0
Guinea-Bissau,GNB,2009,0
Guinea-Bissau,GNB,2010,0
Guinea-Bissau,GNB,2011,0
Guinea-Bissau,GNB,2012,0
Guinea-Bissau,GNB,2013,0
Guinea-Bissau,GNB,2014,0
Guinea-Bissau,GNB,2015,0
Guinea-Bissau,GNB,2016,0
Guinea-Bissau,GNB,2017,0
Guinea-Bissau,GNB,2018,0
Guinea-Bissau,GNB,2019,0
Guinea-Bissau,GNB,2020,0
Guinea-Bissau,GNB,2021,0
Guinea-Bissau,GNB,2022,0
Guyana,GUY,2000,0
Guyana,GUY,2001,0
Guyana,GUY,2002,0
Guyana,GUY,2003,0
Guyana,GUY,2004,0
Guyana,GUY,2005,0
Guyana,GUY,2006,0
Guyana,GUY,2007,0
Guyana,GUY,2008,0
Guyana,GUY,2009,0
Guyana,GUY,2010,0
Guyana,GUY,2011,0
Guyana,GUY,2012,0
Guyana,GUY,2013,0
Guyana,GUY,2014,0
Guyana,GUY,2015,0
Guyana,GUY,2016,0
Guyana,GUY,2017,0
Guyana,GUY,2018,0
Guyana,GUY,2019,0
Guyana,GUY,2020,0
Guyana,GUY,2021,0
Guyana,GUY,2022,0
Guyana,GUY,2023,0
Haiti,HTI,2000,0
Haiti,HTI,2001,0
Haiti,HTI,2002,0
Haiti,HTI,2003,0
Haiti,HTI,2004,0
Haiti,HTI,2005,0
Haiti,HTI,2006,0
Haiti,HTI,2007,0
Haiti,HTI,2008,0
Haiti,HTI,2009,0
Haiti,HTI,2010,0
Haiti,HTI,2011,0
Haiti,HTI,2012,0
Haiti,HTI,2013,0
Haiti,HTI,2014,0
Haiti,HTI,2015,0
Haiti,HTI,2016,0
Haiti,HTI,2017,0
Haiti,HTI,2018,0
Haiti,HTI,2019,0
Haiti,HTI,2020,0
Haiti,HTI,2021,0
Haiti,HTI,2022,0
High-income countries,,2000,-9.880008
High-income countries,,2001,-8.329995
High-income countries,,2002,-5.0800004
High-income countries,,2003,-0.7000017
High-income countries,,2004,9.13
High-income countries,,2005,6.520001
High-income countries,,2006,5.6299996
High-income countries,,2007,-0.89000046
High-income countries,,2008,-0.56000036
High-income countries,,2009,3.609999
High-income countries,,2010,7.259999
High-income countries,,2011,-6.69
High-income countries,,2012,-7.700004
High-income countries,,2013,5.710003
High-income countries,,2014,1.0299971
High-income countries,,2015,2.160005
High-income countries,,2016,2.060001
High-income countries,,2017,-8.300002
High-income countries,,2018,9.609999
High-income countries,,2019,-0.5299972
High-income countries,,2020,-5.269997
High-income countries,,2021,-4.279997
High-income countries,,2022,-18.36
High-income countries,,2023,-23.370003
Honduras,HND,2000,0.28
Honduras,HND,2001,0.31
Honduras,HND,2002,0.41
Honduras,HND,2003,0.33
Honduras,HND,2004,0.38
Honduras,HND,2005,0.05
Honduras,HND,2006,0.02
Honduras,HND,2007,0.01
Honduras,HND,2008,-0.01
Honduras,HND,2009,-0.05
Honduras,HND,2010,0.01
Honduras,HND,2011,0.04
Honduras,HND,2012,0.08
Honduras,HND,2013,0.11
Honduras,HND,2014,0.32
Honduras,HND,2015,0.15
Honduras,HND,2016,0.3
Honduras,HND,2017,0.42
Honduras,HND,2018,0.36
Honduras,HND,2019,0.25
Honduras,HND,2020,0.28
Honduras,HND,2021,0.2
Honduras,HND,2022,0.19
Honduras,HND,2023,0.21
Hong Kong,HKG,2000,9.02
Hong Kong,HKG,2001,8.77
Hong Kong,HKG,2002,8.01
Hong Kong,HKG,2003,7.39
Hong Kong,HKG,2004,6.75
Hong Kong,HKG,2005,6.5
Hong Kong,HKG,2006,6.37
Hong Kong,HKG,2007,6.92
Hong Kong,HKG,2008,7.75
Hong Kong,HKG,2009,7.86
Hong Kong,HKG,2010,8.44
Hong Kong,HKG,2011,8.38
Hong Kong,HKG,2012,9.97
Hong Kong,HKG,2013,9.06
Hong Kong,HKG,2014,9.06
Hong Kong,HKG,2015,10.56
Hong Kong,HKG,2016,10.42
Hong Kong,HKG,2017,11.23
Hong Kong,HKG,2018,12.04
Hong Kong,HKG,2019,12.38
Hong Kong,HKG,2020,12.7
Hong Kong,HKG,2021,12.56
Hong Kong,HKG,2022,12.35
Hong Kong,HKG,2023,11.59
Hungary,HUN,1990,11.15
Hungary,HUN,1991,7.35
Hungary,HUN,1992,3.47
Hungary,HUN,1993,2.47
Hungary,HUN,1994,2.03
Hungary,HUN,1995,2.41
Hungary,HUN,1996,2.2
Hungary,HUN,1997,2.15
Hungary,HUN,1998,0.74
Hungary,HUN,1999,1.06
Hungary,HUN,2000,3.44
Hungary,HUN,2001,3.17
Hungary,HUN,2002,4.26
Hungary,HUN,2003,6.94
Hungary,HUN,2004,7.47
Hungary,HUN,2005,6.23
Hungary,HUN,2006,7.21
Hungary,HUN,2007,3.99
Hungary,HUN,2008,3.9
Hungary,HUN,2009,5.51
Hungary,HUN,2010,5.2
Hungary,HUN,2011,6.64
Hungary,HUN,2012,7.97
Hungary,HUN,2013,11.88
Hungary,HUN,2014,13.39
Hungary,HUN,2015,13.69
Hungary,HUN,2016,12.71
Hungary,HUN,2017,12.88
Hungary,HUN,2018,14.35
Hungary,HUN,2019,12.58
Hungary,HUN,2020,11.68
Hungary,HUN,2021,12.75
Hungary,HUN,2022,12.15
Hungary,HUN,2023,11.1
Hungary,HUN,2024,10.84
Iceland,ISL,2000,0
Iceland,ISL,2001,0
Iceland,ISL,2002,0
Iceland,ISL,2003,0
Iceland,ISL,2004,0
Iceland,ISL,2005,0
Iceland,ISL,2006,0
Iceland,ISL,2007,0
Iceland,ISL,2008,0
Iceland,ISL,2009,0
Iceland,ISL,2010,0
Iceland,ISL,2011,0
Iceland,ISL,2012,0
Iceland,ISL,2013,0
Iceland,ISL,2014,0
Iceland,ISL,2015,0
Iceland,ISL,2016,0
Iceland,ISL,2017,0
Iceland,ISL,2018,0
Iceland,ISL,2019,0
Iceland,ISL,2020,0
Iceland,ISL,2021,0
Iceland,ISL,2022,0
Iceland,ISL,2023,0
India,IND,2000,1.3
India,IND,2001,1.29
India,IND,2002,1.35
India,IND,2003,1.69
India,IND,2004,1.7
India,IND,2005,1.55
India,IND,2006,2.74
India,IND,2007,4.94
India,IND,2008,5.84
India,IND,2009,5.3
India,IND,2010,5.55
India,IND,2011,5.12
India,IND,2012,4.64
India,IND,2013,3.95
India,IND,2014,0.57
India,IND,2015,0.09
India,IND,2016,-1.09
India,IND,2017,-1.59
India,IND,2018,-3.84
India,IND,2019,-3.14
India,IND,2020,-0.11
India,IND,2021,-0.03
India,IND,2022,-1.73
India,IND,2023,-1.69
India,IND,2024,-3.07
Indonesia,IDN,2000,0
Indonesia,IDN,2001,0
Indonesia,IDN,2002,0
Indonesia,IDN,2003,0
Indonesia,IDN,2004,0
Indonesia,IDN,2005,0
Indonesia,IDN,2006,0
Indonesia,IDN,2007,0
Indonesia,IDN,2008,0
Indonesia,IDN,2009,0
Indonesia,IDN,2010,0
Indonesia,IDN,2011,0
Indonesia,IDN,2012,0
Indonesia,IDN,2013,0
Indonesia,IDN,2014,0.01
Indonesia,IDN,2015,0.01
Indonesia,IDN,2016,0.69
Indonesia,IDN,2017,1.12
Indonesia,IDN,2018,1.5
Indonesia,IDN,2019,1.68
Indonesia,IDN,2020,1.55
Indonesia,IDN,2021,0.97
Indonesia,IDN,2022,0.8
Indonesia,IDN,2023,0.89
Iran,IRN,2000,-0.68
Iran,IRN,2001,-0.3
Iran,IRN,2002,0.18
Iran,IRN,2003,0.57
Iran,IRN,2004,0.33
Iran,IRN,2005,-0.68
Iran,IRN,2006,-0.23
Iran,IRN,2007,-0.68
Iran,IRN,2008,-2.19
Iran,IRN,2009,-4.08
Iran,IRN,2010,-3.69
Iran,IRN,2011,-5.01
Iran,IRN,2012,-7.13
Iran,IRN,2013,-7.88
Iran,IRN,2014,-5.89
Iran,IRN,2015,-2.67
Iran,IRN,2016,-2.47
Iran,IRN,2017,-4.32
Iran,IRN,2018,-3.71
Iran,IRN,2019,-6.86
Iran,IRN,2020,-6.8
Iran,IRN,2021,-6.8
Iran,IRN,2022,-6.45
Iran,IRN,2023,-2.59
Iran,IRN,2024,-2.99
Iraq,IRQ,2000,0
Iraq,IRQ,2001,0
Iraq,IRQ,2002,0
Iraq,IRQ,2003,0
Iraq,IRQ,2004,1.32
Iraq,IRQ,2005,1.24
Iraq,IRQ,2006,2.69
Iraq,IRQ,2007,2.2
Iraq,IRQ,2008,2.97
Iraq,IRQ,2009,5.59
Iraq,IRQ,2010,6.72
Iraq,IRQ,2011,7.23
Iraq,IRQ,2012,10.17
Iraq,IRQ,2013,9.24
Iraq,IRQ,2014,8.86
Iraq,IRQ,2015,9.17
Iraq,IRQ,2016,8.14
Iraq,IRQ,2017,5.64
Iraq,IRQ,2018,4.68
Iraq,IRQ,2019,6.55
Iraq,IRQ,2020,7.45
Iraq,IRQ,2021,5.1
Iraq,IRQ,2022,3.53
Iraq,IRQ,2023,3.13
Ireland,IRL,1990,0
Ireland,IRL,1991,0
Ireland,IRL,1992,0
Ireland,IRL,1993,0
Ireland,IRL,1994,0
Ireland,IRL,1995,-0.02
Ireland,IRL,1996,-0.13
Ireland,IRL,1997,-0.01
Ireland,IRL,1998,0.08
Ireland,IRL,1999,0.24
Ireland,IRL,2000,0.1
Ireland,IRL,2001,-0.25
Ireland,IRL,2002,0.5
Ireland,IRL,2003,1.17
Ireland,IRL,2004,1.57
Ireland,IRL,2005,2.04
Ireland,IRL,2006,1.78
Ireland,IRL,2007,1.33
Ireland,IRL,2008,0.45
Ireland,IRL,2009,0.76
Ireland,IRL,2010,0.47
Ireland,IRL,2011,0.49
Ireland,IRL,2012,0.41
Ireland,IRL,2013,2.24
Ireland,IRL,2014,2.15
Ireland,IRL,2015,0.67
Ireland,IRL,2016,-0.71
Ireland,IRL,2017,-0.68
Ireland,IRL,2018,-0.03
Ireland,IRL,2019,0.64
Ireland,IRL,2020,-0.15
Ireland,IRL,2021,1.59
Ireland,IRL,2022,0.25
Ireland,IRL,2023,3.27
Ireland,IRL,2024,4.58
Israel,ISR,2000,-1.46
Israel,ISR,2001,-1.4
Israel,ISR,2002,-1.39
Israel,ISR,2003,-1.47
Israel,ISR,2004,-1.46
Israel,ISR,2005,-1.67
Israel,ISR,2006,-1.84
Israel,ISR,2007,-2.08
Israel,ISR,2008,-3.67
Israel,ISR,2009,-3.78
Israel,ISR,2010,-3.97
Israel,ISR,2011,-4.22
Israel,ISR,2012,-4.43
Israel,ISR,2013,-4.68
Israel,ISR,2014,-4.84
Israel,ISR,2015,-5.2
Israel,ISR,2016,-5.55
Israel,ISR,2017,-5.65
Israel,ISR,2018,-5.86
Israel,ISR,2019,-6.31
Israel,ISR,2020,-6.24
Israel,ISR,2021,-6.52
Israel,ISR,2022,-6.92
Israel,ISR,2023,-6.93
Italy,ITA,1990,34.65
Italy,ITA,1991,35.08
Italy,ITA,1992,35.3
Italy,ITA,1993,39.43
Italy,ITA,1994,37.6
Italy,ITA,1995,37.43
Italy,ITA,1996,37.39
Italy,ITA,1997,38.83
Italy,ITA,1998,40.73
Italy,ITA,1999,42.01
Italy,ITA,2000,44.35
Italy,ITA,2001,48.38
Italy,ITA,2002,50.6
Italy,ITA,2003,50.97
Italy,ITA,2004,45.63
Italy,ITA,2005,49.15
Italy,ITA,2006,44.99
Italy,ITA,2007,46.28
Italy,ITA,2008,40.03
Italy,ITA,2009,44.96
Italy,ITA,2010,44.16
Italy,ITA,2011,45.73
Italy,ITA,2012,43.1
Italy,ITA,2013,42.14
Italy,ITA,2014,43.72
Italy,ITA,2015,46.38
Italy,ITA,2016,37.03
Italy,ITA,2017,37.76
Italy,ITA,2018,43.9
Italy,ITA,2019,38.14
Italy,ITA,2020,32.2
Italy,ITA,2021,42.79
Italy,ITA,2022,42.99
Italy,ITA,2023,51.25
Italy,ITA,2024,50.94
Jamaica,JAM,2000,0
Jamaica,JAM,2001,0
Jamaica,JAM,2002,0
Jamaica,JAM,2003,0
Jamaica,JAM,2004,0
Jamaica,JAM,2005,0
Jamaica,JAM,2006,0
Jamaica,JAM,2007,0
Jamaica,JAM,2008,0
Jamaica,JAM,2009,0
Jamaica,JAM,2010,0
Jamaica,JAM,2011,0
Jamaica,JAM,2012,0
Jamaica,JAM,2013,0
Jamaica,JAM,2014,0
Jamaica,JAM,2015,0
Jamaica,JAM,2016,0
Jamaica,JAM,2017,0
Jamaica,JAM,2018,0
Jamaica,JAM,2019,0
Jamaica,JAM,2020,0
Jamaica,JAM,2021,0
Jamaica,JAM,2022,0
Japan,JPN,2000,0
Japan,JPN,2001,0
Japan,JPN,2002,0
Japan,JPN,2003,0
Japan,JPN,2004,0
Japan,JPN,2005,0
Japan,JPN,2006,0
Japan,JPN,2007,0
Japan,JPN,2008,0
Japan,JPN,2009,0
Japan,JPN,2010,0
Japan,JPN,2011,0
Japan,JPN,2012,0
Japan,JPN,2013,0
Japan,JPN,2014,0
Japan,JPN,2015,0
Japan,JPN,2016,0
Japan,JPN,2017,0
Japan,JPN,2018,0
Japan,JPN,2019,0
Japan,JPN,2020,0
Japan,JPN,2021,0
Japan,JPN,2022,0
Japan,JPN,2023,0
Japan,JPN,2024,0
Jordan,JOR,2000,0.42
Jordan,JOR,2001,0.26
Jordan,JOR,2002,0.32
Jordan,JOR,2003,0.97
Jordan,JOR,2004,0.79
Jordan,JOR,2005,0.74
Jordan,JOR,2006,0.46
Jordan,JOR,2007,0.03
Jordan,JOR,2008,0.22
Jordan,JOR,2009,0.24
Jordan,JOR,2010,0.61
Jordan,JOR,2011,1.65
Jordan,JOR,2012,0.68
Jordan,JOR,2013,0.32
Jordan,JOR,2014,0.37
Jordan,JOR,2015,0.55
Jordan,JOR,2016,0.29
Jordan,JOR,2017,-0.01
Jordan,JOR,2018,0.09
Jordan,JOR,2019,0.14
Jordan,JOR,2020,0.19
Jordan,JOR,2021,0.22
Jordan,JOR,2022,0.07
Kazakhstan,KAZ,2000,3.02
Kazakhstan,KAZ,2001,1.8
Kazakhstan,KAZ,2002,0.39
Kazakhstan,KAZ,2003,-1.47
Kazakhstan,KAZ,2004,-2.17
Kazakhstan,KAZ,2005,-0.13
Kazakhstan,KAZ,2006,0.22
Kazakhstan,KAZ,2007,0.08
Kazakhstan,KAZ,2008,0.29
Kazakhstan,KAZ,2009,-0.67
Kazakhstan,KAZ,2010,1.16
Kazakhstan,KAZ,2011,0.79
Kazakhstan,KAZ,2012,1.32
Kazakhstan,KAZ,2013,-0.85
Kazakhstan,KAZ,2014,-1.17
Kazakhstan,KAZ,2015,0
Kazakhstan,KAZ,2016,-1.25
Kazakhstan,KAZ,2017,-4.36
Kazakhstan,KAZ,2018,-3.48
Kazakhstan,KAZ,2019,-3.06
Kazakhstan,KAZ,2020,-0.74
Kazakhstan,KAZ,2021,-0.56
Kazakhstan,KAZ,2022,1.45
Kazakhstan,KAZ,2023,1.45
Kazakhstan,KAZ,2024,1.45
Kenya,KEN,2000,0.2
Kenya,KEN,2001,0.17
Kenya,KEN,2002,0.22
Kenya,KEN,2003,0.19
Kenya,KEN,2004,0.16
Kenya,KEN,2005,0
Kenya,KEN,2006,-0.04
Kenya,KEN,2007,-0.04
Kenya,KEN,2008,-0.02
Kenya,KEN,2009,0.01
Kenya,KEN,2010,0
Kenya,KEN,2011,0
Kenya,KEN,2012,0.01
Kenya,KEN,2013,0
Kenya,KEN,2014,0.13
Kenya,KEN,2015,0.01
Kenya,KEN,2016,0.05
Kenya,KEN,2017,0.22
Kenya,KEN,2018,0.09
Kenya,KEN,2019,0.2
Kenya,KEN,2020,0.12
Kenya,KEN,2021,0.27
Kenya,KEN,2022,0.3
Kenya,KEN,2023,0.28
Kenya,KEN,2024,0.88
Kiribati,KIR,2000,0
Kiribati,KIR,2001,0
Kiribati,KIR,2002,0
Kiribati,KIR,2003,0
Kiribati,KIR,2004,0
Kiribati,KIR,2005,0
Kiribati,KIR,2006,0
Kiribati,KIR,2007,0
Kiribati,KIR,2008,0
Kiribati,KIR,2009,0
Kiribati,KIR,2010,0
Kiribati,KIR,2011,0
Kiribati,KIR,2012,0
Kiribati,KIR,2013,0
Kiribati,KIR,2014,0
Kiribati,KIR,2015,0
Kiribati,KIR,2016,0
Kiribati,KIR,2017,0
Kiribati,KIR,2018,0
Kiribati,KIR,2019,0
Kiribati,KIR,2020,0
Kiribati,KIR,2021,0
Kiribati,KIR,2022,0
Kosovo,OWID_KOS,2000,0.37
Kosovo,OWID_KOS,2001,0.47
Kosovo,OWID_KOS,2002,0.47
Kosovo,OWID_KOS,2003,0.46
Kosovo,OWID_KOS,2004,0.46
Kosovo,OWID_KOS,2005,0.27
Kosovo,OWID_KOS,2006,0.28
Kosovo,OWID_KOS,2007,0.22
Kosovo,OWID_KOS,2008,0.41
Kosovo,OWID_KOS,2009,0.49
Kosovo,OWID_KOS,2010,0.47
Kosovo,OWID_KOS,2011,0.42
Kosovo,OWID_KOS,2012,0.15
Kosovo,OWID_KOS,2013,-0.34
Kosovo,OWID_KOS,2014,0.49
Kosovo,OWID_KOS,2015,0.13
Kosovo,OWID_KOS,2016,-0.51
Kosovo,OWID_KOS,2017,0.36
Kosovo,OWID_KOS,2018,0.15
Kosovo,OWID_KOS,2019,0.02
Kosovo,OWID_KOS,2020,-0.32
Kosovo,OWID_KOS,2021,0.69
Kosovo,OWID_KOS,2022,0.55
Kosovo,OWID_KOS,2023,1.01
Kosovo,OWID_KOS,2024,0.62
Kuwait,KWT,2000,0
Kuwait,KWT,2001,0
Kuwait,KWT,2002,0
Kuwait,KWT,2003,0
Kuwait,KWT,2004,0
Kuwait,KWT,2005,0
Kuwait,KWT,2006,0
Kuwait,KWT,2007,0
Kuwait,KWT,2008,0
Kuwait,KWT,2009,0
Kuwait,KWT,2010,0
Kuwait,KWT,2011,0
Kuwait,KWT,2012,0
Kuwait,KWT,2013,0
Kuwait,KWT,2014,0
Kuwait,KWT,2015,0
Kuwait,KWT,2016,0
Kuwait,KWT,2017,0
Kuwait,KWT,2018,0
Kuwait,KWT,2019,0
Kuwait,KWT,2020,0
Kuwait,KWT,2021,0
Kuwait,KWT,2022,0
Kuwait,KWT,2023,0
Kuwait,KWT,2024,0
Kyrgyzstan,KGZ,2000,-2.83
Kyrgyzstan,KGZ,2001,-1.84
Kyrgyzstan,KGZ,2002,-0.68
Kyrgyzstan,KGZ,2003,-1.61
Kyrgyzstan,KGZ,2004,-3.33
Kyrgyzstan,KGZ,2005,-2.68
Kyrgyzstan,KGZ,2006,-2.51
Kyrgyzstan,KGZ,2007,-2.38
Kyrgyzstan,KGZ,2008,-0.77
Kyrgyzstan,KGZ,2009,-1.2
Kyrgyzstan,KGZ,2010,-1.71
Kyrgyzstan,KGZ,2011,-2.67
Kyrgyzstan,KGZ,2012,-1.66
Kyrgyzstan,KGZ,2013,-0.15
Kyrgyzstan,KGZ,2014,0.21
Kyrgyzstan,KGZ,2015,0.55
Kyrgyzstan,KGZ,2016,0.13
Kyrgyzstan,KGZ,2017,-1.22
Kyrgyzstan,KGZ,2018,-0.75
Kyrgyzstan,KGZ,2019,0
Kyrgyzstan,KGZ,2020,0.05
Kyrgyzstan,KGZ,2021,1.13
Kyrgyzstan,KGZ,2022,2.35
Kyrgyzstan,KGZ,2023,3.5
Kyrgyzstan,KGZ,2024,4.15
Laos,LAO,2000,-2.61
Laos,LAO,2001,-2.68
Laos,LAO,2002,-2.54
Laos,LAO,2003,-2.03
Laos,LAO,2004,-2.17
Laos,LAO,2005,-2.17
Laos,LAO,2006,-1.86
Laos,LAO,2007,-0.95
Laos,LAO,2008,-1.47
Laos,LAO,2009,-0.75
Laos,LAO,2010,-5.44
Laos,LAO,2011,-9.77
Laos,LAO,2012,-9.03
Laos,LAO,2013,-11.22
Laos,LAO,2014,-10.38
Laos,LAO,2015,-9.5
Laos,LAO,2016,-18.79
Laos,LAO,2017,-24.4
Laos,LAO,2018,-26.91
Laos,LAO,2019,-22.77
Laos,LAO,2020,-29.37
Laos,LAO,2021,-33.37
Laos,LAO,2022,-39.09
Laos,LAO,2023,-37.04
Latvia,LVA,1990,3.58
Latvia,LVA,1991,4.23
Latvia,LVA,1992,4.08
Latvia,LVA,1993,2.5
Latvia,LVA,1994,1.82
Latvia,LVA,1995,2.26
Latvia,LVA,1996,3.23
Latvia,LVA,1997,1.82
Latvia,LVA,1998,0.53
Latvia,LVA,1999,1.95
Latvia,LVA,2000,1.79
Latvia,LVA,2001,1.88
Latvia,LVA,2002,2.35
Latvia,LVA,2003,2.63
Latvia,LVA,2004,2.1
Latvia,LVA,2005,2.15
Latvia,LVA,2006,2.51
Latvia,LVA,2007,3
Latvia,LVA,2008,2.52
Latvia,LVA,2009,1.65
Latvia,LVA,2010,0.87
Latvia,LVA,2011,1.24
Latvia,LVA,2012,1.69
Latvia,LVA,2013,1.36
Latvia,LVA,2014,2.32
Latvia,LVA,2015,1.82
Latvia,LVA,2016,1.03
Latvia,LVA,2017,-0.06
Latvia,LVA,2018,0.91
Latvia,LVA,2019,1.12
Latvia,LVA,2020,1.63
Latvia,LVA,2021,1.77
Latvia,LVA,2022,2.31
Latvia,LVA,2023,0.8
Latvia,LVA,2024,1.12
Lebanon,LBN,2000,1.4
Lebanon,LBN,2001,1.26
Lebanon,LBN,2002,0.53
Lebanon,LBN,2003,0
Lebanon,LBN,2004,0.22
Lebanon,LBN,2005,0.46
Lebanon,LBN,2006,0.93
Lebanon,LBN,2007,0.97
Lebanon,LBN,2008,0.56
Lebanon,LBN,2009,1.15
Lebanon,LBN,2010,1.25
Lebanon,LBN,2011,0.84
Lebanon,LBN,2012,0.32
Lebanon,LBN,2013,0.52
Lebanon,LBN,2014,0.14
Lebanon,LBN,2015,0.27
Lebanon,LBN,2016,0.07
Lebanon,LBN,2017,0.53
Lebanon,LBN,2018,0.01
Lebanon,LBN,2019,0.09
Lebanon,LBN,2020,0
Lebanon,LBN,2021,0.8
Lebanon,LBN,2022,0
Lebanon,LBN,2023,0
Lesotho,LSO,2000,0
Lesotho,LSO,2001,0.02
Lesotho,LSO,2002,-0.02
Lesotho,LSO,2003,0
Lesotho,LSO,2004,0.02
Lesotho,LSO,2005,-0.01
Lesotho,LSO,2006,0.03
Lesotho,LSO,2007,0.04
Lesotho,LSO,2008,0.05
Lesotho,LSO,2009,0.12
Lesotho,LSO,2010,0.2
Lesotho,LSO,2011,0.22
Lesotho,LSO,2012,0.29
Lesotho,LSO,2013,0.28
Lesotho,LSO,2014,0.27
Lesotho,LSO,2015,0.26
Lesotho,LSO,2016,0.37
Lesotho,LSO,2017,0.39
Lesotho,LSO,2018,0.39
Lesotho,LSO,2019,0.54
Lesotho,LSO,2020,0.44
Lesotho,LSO,2021,0.43
Lesotho,LSO,2022,0.43
Liberia,LBR,2000,0
Liberia,LBR,2001,0
Liberia,LBR,2002,0
Liberia,LBR,2003,0
Liberia,LBR,2004,0
Liberia,LBR,2005,0
Liberia,LBR,2006,0
Liberia,LBR,2007,0
Liberia,LBR,2008,0
Liberia,LBR,2009,0
Liberia,LBR,2010,0
Liberia,LBR,2011,0
Liberia,LBR,2012,0
Liberia,LBR,2013,0
Liberia,LBR,2014,0
Liberia,LBR,2015,0
Liberia,LBR,2016,0
Liberia,LBR,2017,0
Liberia,LBR,2018,0
Liberia,LBR,2019,0
Liberia,LBR,2020,0
Liberia,LBR,2021,0
Liberia,LBR,2022,0
Liberia,LBR,2023,0
Libya,LBY,2000,0
Libya,LBY,2001,0
Libya,LBY,2002,0
Libya,LBY,2003,0
Libya,LBY,2004,0
Libya,LBY,2005,0.05
Libya,LBY,2006,0.03
Libya,LBY,2007,-0.03
Libya,LBY,2008,-0.05
Libya,LBY,2009,-0.03
Libya,LBY,2010,-0.08
Libya,LBY,2011,-0.06
Libya,LBY,2012,0.05
Libya,LBY,2013,0.06
Libya,LBY,2014,0.09
Libya,LBY,2015,0
Libya,LBY,2016,0.38
Libya,LBY,2017,0.3
Libya,LBY,2018,0.47
Libya,LBY,2019,0.78
Libya,LBY,2020,1.26
Libya,LBY,2021,0.78
Libya,LBY,2022,0.72
Libya,LBY,2023,0.8
Lithuania,LTU,1990,-11.98
Lithuania,LTU,1991,-12.75
Lithuania,LTU,1992,-5.3
Lithuania,LTU,1993,-2.73
Lithuania,LTU,1994,1.1
Lithuania,LTU,1995,-2.68
Lithuania,LTU,1996,-5.16
Lithuania,LTU,1997,-3.52
Lithuania,LTU,1998,-6.08
Lithuania,LTU,1999,-2.68
Lithuania,LTU,2000,-1.34
Lithuania,LTU,2001,-3.96
Lithuania,LTU,2002,-6.49
Lithuania,LTU,2003,-7.53
Lithuania,LTU,2004,-7.19
Lithuania,LTU,2005,-2.97
Lithuania,LTU,2006,-0.43
Lithuania,LTU,2007,-1.37
Lithuania,LTU,2008,-0.96
Lithuania,LTU,2009,-2.93
Lithuania,LTU,2010,5.99
Lithuania,LTU,2011,6.74
Lithuania,LTU,2012,6.62
Lithuania,LTU,2013,6.95
Lithuania,LTU,2014,7.62
Lithuania,LTU,2015,7.21
Lithuania,LTU,2016,8.27
Lithuania,LTU,2017,8.68
Lithuania,LTU,2018,9.63
Lithuania,LTU,2019,9.34
Lithuania,LTU,2020,7.91
Lithuania,LTU,2021,9.04
Lithuania,LTU,2022,8.57
Lithuania,LTU,2023,6.93
Lithuania,LTU,2024,5.23
Low-income countries,,2000,-7.1299996
Low-income countries,,2001,-5.9700003
Low-income countries,,2002,-7.14
Low-income countries,,2003,-3.46
Low-income countries,,2004,-2.48
Low-income countries,,2005,-3.97
Low-income countries,,2006,-3.8899999
Low-income countries,,2007,-3.14
Low-income countries,,2008,-1.8299999
Low-income countries,,2009,-2.8300002
Low-income countries,,2010,-1.29
Low-income countries,,2011,1.38
Low-income countries,,2012,3.7199998
Low-income countries,,2013,4.5
Low-income countries,,2014,4.79
Low-income countries,,2015,2.72
Low-income countries,,2016,2.65
Low-income countries,,2017,4.38
Low-income countries,,2018,6.12
Low-income countries,,2019,4.9199996
Low-income countries,,2020,5.04
Low-income countries,,2021,6.3999996
Low-income countries,,2022,6.53
Lower-middle-income countries,,2000,8.05
Lower-middle-income countries,,2001,6.2
Lower-middle-income countries,,2002,5.38
Lower-middle-income countries,,2003,3.97
Lower-middle-income countries,,2004,2.33
Lower-middle-income countries,,2005,3.4299998
Lower-middle-income countries,,2006,8.06
Lower-middle-income countries,,2007,12.21
Lower-middle-income countries,,2008,13.35
Lower-middle-income countries,,2009,14.76
Lower-middle-income countries,,2010,9.12
Lower-middle-income countries,,2011,5.5099993
Lower-middle-income countries,,2012,5.35
Lower-middle-income countries,,2013,4.07
Lower-middle-income countries,,2014,3.0100005
Lower-middle-income countries,,2015,3.2099998
Lower-middle-income countries,,2016,-3.8200011
Lower-middle-income countries,,2017,-9.79
Lower-middle-income countries,,2018,-17.41
Lower-middle-income countries,,2019,-14.320001
Lower-middle-income countries,,2020,-12.01
Lower-middle-income countries,,2021,-8.629999
Lower-middle-income countries,,2022,-11.910001
Lower-middle-income countries,,2023,-15.560001
Luxembourg,LUX,1990,3.93
Luxembourg,LUX,1991,4.15
Luxembourg,LUX,1992,3.98
Luxembourg,LUX,1993,4.05
Luxembourg,LUX,1994,4.46
Luxembourg,LUX,1995,5
Luxembourg,LUX,1996,4.9
Luxembourg,LUX,1997,5.19
Luxembourg,LUX,1998,5.41
Luxembourg,LUX,1999,5.56
Luxembourg,LUX,2000,5.71
Luxembourg,LUX,2001,5.32
Luxembourg,LUX,2002,3.47
Luxembourg,LUX,2003,3.76
Luxembourg,LUX,2004,3.37
Luxembourg,LUX,2005,3.26
Luxembourg,LUX,2006,3.56
Luxembourg,LUX,2007,3.96
Luxembourg,LUX,2008,4.35
Luxembourg,LUX,2009,3.42
Luxembourg,LUX,2010,4.06
Luxembourg,LUX,2011,4.48
Luxembourg,LUX,2012,4.11
Luxembourg,LUX,2013,4.94
Luxembourg,LUX,2014,4.89
Luxembourg,LUX,2015,5.6
Luxembourg,LUX,2016,6.3
Luxembourg,LUX,2017,6.18
Luxembourg,LUX,2018,6.16
Luxembourg,LUX,2019,5.88
Luxembourg,LUX,2020,5.46
Luxembourg,LUX,2021,5.72
Luxembourg,LUX,2022,5.51
Luxembourg,LUX,2023,5.2
Luxembourg,LUX,2024,5.26
Macao,MAC,2000,0.1
Macao,MAC,2001,0.19
Macao,MAC,2002,0.19
Macao,MAC,2003,0.18
Macao,MAC,2004,0.15
Macao,MAC,2005,0.34
Macao,MAC,2006,0.96
Macao,MAC,2007,1.68
Macao,MAC,2008,2.31
Macao,MAC,2009,2.23
Macao,MAC,2010,2.79
Macao,MAC,2011,3.16
Macao,MAC,2012,3.86
Macao,MAC,2013,4.06
Macao,MAC,2014,4.1
Macao,MAC,2015,4.05
Macao,MAC,2016,4.31
Macao,MAC,2017,3.95
Macao,MAC,2018,4.91
Macao,MAC,2019,4.98
Macao,MAC,2020,4.85
Macao,MAC,2021,5.19
Macao,MAC,2022,4.87
Madagascar,MDG,2000,0
Madagascar,MDG,2001,0
Madagascar,MDG,2002,0
Madagascar,MDG,2003,0
Madagascar,MDG,2004,0
Madagascar,MDG,2005,0
Madagascar,MDG,2006,0
Madagascar,MDG,2007,0
Madagascar,MDG,2008,0
Madagascar,MDG,2009,0
Madagascar,MDG,2010,0
Madagascar,MDG,2011,0
Madagascar,MDG,2012,0
Madagascar,MDG,2013,0
Madagascar,MDG,2014,0
Madagascar,MDG,2015,0
Madagascar,MDG,2016,0
Madagascar,MDG,2017,0
Madagascar,MDG,2018,0
Madagascar,MDG,2019,0
Madagascar,MDG,2020,0
Madagascar,MDG,2021,0
Madagascar,MDG,2022,0
Malawi,MWI,2000,0
Malawi,MWI,2001,-0.01
Malawi,MWI,2002,-0.01
Malawi,MWI,2003,-0.01
Malawi,MWI,2004,-0.01
Malawi,MWI,2005,-0.01
Malawi,MWI,2006,-0.01
Malawi,MWI,2007,-0.02
Malawi,MWI,2008,-0.02
Malawi,MWI,2009,-0.02
Malawi,MWI,2010,-0.02
Malawi,MWI,2011,-0.02
Malawi,MWI,2012,-0.02
Malawi,MWI,2013,-0.02
Malawi,MWI,2014,-0.02
Malawi,MWI,2015,-0.02
Malawi,MWI,2016,-0.02
Malawi,MWI,2017,-0.02
Malawi,MWI,2018,-0.02
Malawi,MWI,2019,-0.02
Malawi,MWI,2020,-0.02
Malawi,MWI,2021,-0.02
Malawi,MWI,2022,-0.02
Malaysia,MYS,2000,-0.02
Malaysia,MYS,2001,-0.09
Malaysia,MYS,2002,-0.03
Malaysia,MYS,2003,-0.2
Malaysia,MYS,2004,-0.52
Malaysia,MYS,2005,-2.23
Malaysia,MYS,2006,-2.32
Malaysia,MYS,2007,-2.26
Malaysia,MYS,2008,-0.48
Malaysia,MYS,2009,-0.09
Malaysia,MYS,2010,-0.15
Malaysia,MYS,2011,0.36
Malaysia,MYS,2012,0.09
Malaysia,MYS,2013,0.19
Malaysia,MYS,2014,0.01
Malaysia,MYS,2015,0.01
Malaysia,MYS,2016,-0.66
Malaysia,MYS,2017,-1.12
Malaysia,MYS,2018,-1.49
Malaysia,MYS,2019,-1.66
Malaysia,MYS,2020,-1.55
Malaysia,MYS,2021,-0.94
Malaysia,MYS,2022,-1.38
Malaysia,MYS,2023,-1.14
Malaysia,MYS,2024,-1.22
Maldives,MDV,2000,0
Maldives,MDV,2001,0
Maldives,MDV,2002,0
Maldives,MDV,2003,0
Maldives,MDV,2004,0
Maldives,MDV,2005,0
Maldives,MDV,2006,0
Maldives,MDV,2007,0
Maldives,MDV,2008,0
Maldives,MDV,2009,0
Maldives,MDV,2010,0
Maldives,MDV,2011,0
Maldives,MDV,2012,0
Maldives,MDV,2013,0
Maldives,MDV,2014,0
Maldives,MDV,2015,0
Maldives,MDV,2016,0
Maldives,MDV,2017,0
Maldives,MDV,2018,0
Maldives,MDV,2019,0
Maldives,MDV,2020,0
Maldives,MDV,2021,0
Maldives,MDV,2022,0
Maldives,MDV,2023,0
Mali,MLI,2000,0
Mali,MLI,2001,0
Mali,MLI,2002,-0.2
Mali,MLI,2003,-0.41
Mali,MLI,2004,-0.36
Mali,MLI,2005,-0.4
Mali,MLI,2006,-0.36
Mali,MLI,2007,-0.26
Mali,MLI,2008,-0.33
Mali,MLI,2009,-0.25
Mali,MLI,2010,-0.4
Mali,MLI,2011,0.26
Mali,MLI,2012,-0.45
Mali,MLI,2013,-0.1
Mali,MLI,2014,-0.25
Mali,MLI,2015,0.13
Mali,MLI,2016,-0.35
Mali,MLI,2017,-0.25
Mali,MLI,2018,-0.13
Mali,MLI,2019,0.05
Mali,MLI,2020,0.15
Mali,MLI,2021,0.16
Mali,MLI,2022,0.27
Mali,MLI,2023,0.22
Malta,MLT,1990,0
Malta,MLT,1991,0
Malta,MLT,1992,0
Malta,MLT,1993,0
Malta,MLT,1994,0
Malta,MLT,1995,0
Malta,MLT,1996,0
Malta,MLT,1997,0
Malta,MLT,1998,0
Malta,MLT,1999,0
Malta,MLT,2000,0
Malta,MLT,2001,0
Malta,MLT,2002,0
Malta,MLT,2003,0
Malta,MLT,2004,0
Malta,MLT,2005,0
Malta,MLT,2006,0
Malta,MLT,2007,0
Malta,MLT,2008,0
Malta,MLT,2009,0
Malta,MLT,2010,0
Malta,MLT,2011,0
Malta,MLT,2012,0
Malta,MLT,2013,0
Malta,MLT,2014,0
Malta,MLT,2015,1.05
Malta,MLT,2016,1.53
Malta,MLT,2017,0.86
Malta,MLT,2018,0.62
Malta,MLT,2019,0.64
Malta,MLT,2020,0.42
Malta,MLT,2021,0.51
Malta,MLT,2022,0.64
Malta,MLT,2023,0.62
Malta,MLT,2024,0.96
Martinique,MTQ,2000,0
Martinique,MTQ,2001,0
Martinique,MTQ,2002,0
Martinique,MTQ,2003,0
Martinique,MTQ,2004,0
Martinique,MTQ,2005,0
Martinique,MTQ,2006,0
Martinique,MTQ,2007,0
Martinique,MTQ,2008,0
Martinique,MTQ,2009,0
Martinique,MTQ,2010,0
Martinique,MTQ,2011,0
Martinique,MTQ,2012,0
Martinique,MTQ,2013,0
Martinique,MTQ,2014,0
Martinique,MTQ,2015,0
Martinique,MTQ,2016,0
Martinique,MTQ,2017,0
Martinique,MTQ,2018,0
Martinique,MTQ,2019,0
Martinique,MTQ,2020,0
Martinique,MTQ,2021,0
Martinique,MTQ,2022,0
Mauritania,MRT,2000,0
Mauritania,MRT,2001,0
Mauritania,MRT,2002,0
Mauritania,MRT,2003,0.08
Mauritania,MRT,2004,0.07
Mauritania,MRT,2005,0.13
Mauritania,MRT,2006,0.13
Mauritania,MRT,2007,0.08
Mauritania,MRT,2008,0.1
Mauritania,MRT,2009,0.11
Mauritania,MRT,2010,0.12
Mauritania,MRT,2011,0.13
Mauritania,MRT,2012,0.14
Mauritania,MRT,2013,0.17
Mauritania,MRT,2014,0.18
Mauritania,MRT,2015,0.18
Mauritania,MRT,2016,0.22
Mauritania,MRT,2017,0.19
Mauritania,MRT,2018,0.2
Mauritania,MRT,2019,0.2
Mauritania,MRT,2020,0.22
Mauritania,MRT,2021,0.19
Mauritania,MRT,2022,0.38
Mauritius,MUS,2000,0
Mauritius,MUS,2001,0
Mauritius,MUS,2002,0
Mauritius,MUS,2003,0
Mauritius,MUS,2004,0
Mauritius,MUS,2005,0
Mauritius,MUS,2006,0
Mauritius,MUS,2007,0
Mauritius,MUS,2008,0
Mauritius,MUS,2009,0
Mauritius,MUS,2010,0
Mauritius,MUS,2011,0
Mauritius,MUS,2012,0
Mauritius,MUS,2013,0
Mauritius,MUS,2014,0
Mauritius,MUS,2015,0
Mauritius,MUS,2016,0
Mauritius,MUS,2017,0
Mauritius,MUS,2018,0
Mauritius,MUS,2019,0
Mauritius,MUS,2020,0
Mauritius,MUS,2021,0
Mauritius,MUS,2022,0
Mauritius,MUS,2023,0
Mexico,MEX,2000,0.87
Mexico,MEX,2001,0.06
Mexico,MEX,2002,0.2
Mexico,MEX,2003,-0.87
Mexico,MEX,2004,-1.27
Mexico,MEX,2005,-1.67
Mexico,MEX,2006,-0.78
Mexico,MEX,2007,-1.17
Mexico,MEX,2008,-1.1
Mexico,MEX,2009,-0.9
Mexico,MEX,2010,-0.95
Mexico,MEX,2011,-0.7
Mexico,MEX,2012,1.06
Mexico,MEX,2013,-0.03
Mexico,MEX,2014,-0.53
Mexico,MEX,2015,-0.67
Mexico,MEX,2016,0.26
Mexico,MEX,2017,0.35
Mexico,MEX,2018,1.25
Mexico,MEX,2019,0.82
Mexico,MEX,2020,4.01
Mexico,MEX,2021,-0.96
Mexico,MEX,2022,3.1
Mexico,MEX,2023,2.89
Mexico,MEX,2024,2.89
Moldova,MDA,2000,1.78
Moldova,MDA,2001,2.13
Moldova,MDA,2002,2.24
Moldova,MDA,2003,3.45
Moldova,MDA,2004,2.94
Moldova,MDA,2005,3.14
Moldova,MDA,2006,3.51
Moldova,MDA,2007,2.93
Moldova,MDA,2008,2.96
Moldova,MDA,2009,1.46
Moldova,MDA,2010,0.03
Moldova,MDA,2011,0.67
Moldova,MDA,2012,0.85
Moldova,MDA,2013,1.46
Moldova,MDA,2014,0.73
Moldova,MDA,2015,0.02
Moldova,MDA,2016,0
Moldova,MDA,2017,1.13
Moldova,MDA,2018,0.96
Moldova,MDA,2019,0.64
Moldova,MDA,2020,0.17
Moldova,MDA,2021,0.16
Moldova,MDA,2022,0.84
Moldova,MDA,2023,1.17
Moldova,MDA,2024,1.29
Mongolia,MNG,2000,0.16
Mongolia,MNG,2001,0.18
Mongolia,MNG,2002,0.15
Mongolia,MNG,2003,0.16
Mongolia,MNG,2004,0.16
Mongolia,MNG,2005,0.16
Mongolia,MNG,2006,0.22
Mongolia,MNG,2007,0.2
Mongolia,MNG,2008,0.18
Mongolia,MNG,2009,0.14
Mongolia,MNG,2010,0.24
Mongolia,MNG,2011,0.25
Mongolia,MNG,2012,0.34
Mongolia,MNG,2013,1.18
Mongolia,MNG,2014,1.32
Mongolia,MNG,2015,1.37
Mongolia,MNG,2016,1.41
Mongolia,MNG,2017,1.55
Mongolia,MNG,2018,1.64
Mongolia,MNG,2019,1.7
Mongolia,MNG,2020,1.64
Mongolia,MNG,2021,1.8
Mongolia,MNG,2022,2.08
Mongolia,MNG,2023,2.2
Mongolia,MNG,2024,2.2
Montenegro,MNE,2005,1.79
Montenegro,MNE,2006,1.87
Montenegro,MNE,2007,2.59
Montenegro,MNE,2008,1.78
Montenegro,MNE,2009,1.05
Montenegro,MNE,2010,0
Montenegro,MNE,2011,1.56
Montenegro,MNE,2012,1.21
Montenegro,MNE,2013,-0.34
Montenegro,MNE,2014,0.26
Montenegro,MNE,2015,0.52
Montenegro,MNE,2016,0.3
Montenegro,MNE,2017,1.12
Montenegro,MNE,2018,-0.2
Montenegro,MNE,2019,0.25
Montenegro,MNE,2020,0.08
Montenegro,MNE,2021,-0.17
Montenegro,MNE,2022,-0.13
Montenegro,MNE,2023,-0.87
Montenegro,MNE,2024,0.06
Montserrat,MSR,2000,0
Montserrat,MSR,2001,0
Montserrat,MSR,2002,0
Montserrat,MSR,2003,0
Montserrat,MSR,2004,0
Montserrat,MSR,2005,0
Montserrat,MSR,2006,0
Montserrat,MSR,2007,0
Montserrat,MSR,2008,0
Montserrat,MSR,2009,0
Montserrat,MSR,2010,0
Montserrat,MSR,2011,0
Montserrat,MSR,2012,0
Montserrat,MSR,2013,0
Montserrat,MSR,2014,0
Montserrat,MSR,2015,0
Montserrat,MSR,2016,0
Montserrat,MSR,2017,0
Montserrat,MSR,2018,0
Montserrat,MSR,2019,0
Montserrat,MSR,2020,0
Montserrat,MSR,2021,0
Montserrat,MSR,2022,0
Morocco,MAR,2000,2.33
Morocco,MAR,2001,1.54
Morocco,MAR,2002,1.37
Morocco,MAR,2003,1.42
Morocco,MAR,2004,1.53
Morocco,MAR,2005,0.81
Morocco,MAR,2006,2.03
Morocco,MAR,2007,3.51
Morocco,MAR,2008,4.26
Morocco,MAR,2009,4.62
Morocco,MAR,2010,3.94
Morocco,MAR,2011,4.61
Morocco,MAR,2012,4.84
Morocco,MAR,2013,5.4
Morocco,MAR,2014,6.01
Morocco,MAR,2015,4.97
Morocco,MAR,2016,5.15
Morocco,MAR,2017,5.9
Morocco,MAR,2018,3.37
Morocco,MAR,2019,-0.93
Morocco,MAR,2020,0.23
Morocco,MAR,2021,-0.16
Morocco,MAR,2022,1.4
Morocco,MAR,2023,1.85
Morocco,MAR,2024,2.58
Mozambique,MOZ,2000,-6.49
Mozambique,MOZ,2001,-5.57
Mozambique,MOZ,2002,-6.38
Mozambique,MOZ,2003,-2.28
Mozambique,MOZ,2004,-1.13
Mozambique,MOZ,2005,-2.41
Mozambique,MOZ,2006,-2.99
Mozambique,MOZ,2007,-3.78
Mozambique,MOZ,2008,-3.01
Mozambique,MOZ,2009,-4.36
Mozambique,MOZ,2010,-3.54
Mozambique,MOZ,2011,-2.93
Mozambique,MOZ,2012,-1.23
Mozambique,MOZ,2013,-0.65
Mozambique,MOZ,2014,-2
Mozambique,MOZ,2015,-3.3
Mozambique,MOZ,2016,-3.33
Mozambique,MOZ,2017,-1.72
Mozambique,MOZ,2018,-1.41
Mozambique,MOZ,2019,-2.49
Mozambique,MOZ,2020,-3.41
Mozambique,MOZ,2021,-2.96
Mozambique,MOZ,2022,-3.19
Mozambique,MOZ,2023,-3.2
Myanmar,MMR,2000,0
Myanmar,MMR,2001,0
Myanmar,MMR,2002,0
Myanmar,MMR,2003,0
Myanmar,MMR,2004,0
Myanmar,MMR,2005,0
Myanmar,MMR,2006,0
Myanmar,MMR,2007,0
Myanmar,MMR,2008,0
Myanmar,MMR,2009,0
Myanmar,MMR,2010,0
Myanmar,MMR,2011,0
Myanmar,MMR,2012,0
Myanmar,MMR,2013,0
Myanmar,MMR,2014,0
Myanmar,MMR,2015,0
Myanmar,MMR,2016,-2.38
Myanmar,MMR,2017,-1.39
Myanmar,MMR,2018,-1.43
Myanmar,MMR,2019,-1.27
Myanmar,MMR,2020,-1.24
Myanmar,MMR,2021,-1.32
Myanmar,MMR,2022,-0.2
Myanmar,MMR,2023,-0.2
Myanmar,MMR,2024,-0.2
Namibia,NAM,2000,0.69
Namibia,NAM,2001,1
Namibia,NAM,2002,0.89
Namibia,NAM,2003,0.99
Namibia,NAM,2004,1.54
Namibia,NAM,2005,1.67
Namibia,NAM,2006,1.91
Namibia,NAM,2007,2.01
Namibia,NAM,2008,2.1
Namibia,NAM,2009,2.06
Namibia,NAM,2010,2.38
Namibia,NAM,2011,2.4
Namibia,NAM,2012,2.43
Namibia,NAM,2013,2.82
Namibia,NAM,2014,2.8
Namibia,NAM,2015,2.59
Namibia,NAM,2016,2.97
Namibia,NAM,2017,2.81
Namibia,NAM,2018,3.22
Namibia,NAM,2019,3.04
Namibia,NAM,2020,2.19
Namibia,NAM,2021,2.44
Namibia,NAM,2022,2.75
Namibia,NAM,2023,2.75
Nauru,NRU,2000,0
Nauru,NRU,2001,0
Nauru,NRU,2002,0
Nauru,NRU,2003,0
Nauru,NRU,2004,0
Nauru,NRU,2005,0
Nauru,NRU,2006,0
Nauru,NRU,2007,0
Nauru,NRU,2008,0
Nauru,NRU,2009,0
Nauru,NRU,2010,0
Nauru,NRU,2011,0
Nauru,NRU,2012,0
Nauru,NRU,2013,0
Nauru,NRU,2014,0
Nauru,NRU,2015,0
Nauru,NRU,2016,0
Nauru,NRU,2017,0
Nauru,NRU,2018,0
Nauru,NRU,2019,0
Nauru,NRU,2020,0
Nauru,NRU,2021,0
Nauru,NRU,2022,0
Nauru,NRU,2023,0
Nepal,NPL,2000,0.1
Nepal,NPL,2001,0.09
Nepal,NPL,2002,-0.04
Nepal,NPL,2003,-0.06
Nepal,NPL,2004,0.13
Nepal,NPL,2005,0.17
Nepal,NPL,2006,0.25
Nepal,NPL,2007,0.37
Nepal,NPL,2008,0.31
Nepal,NPL,2009,0.56
Nepal,NPL,2010,0.66
Nepal,NPL,2011,0.74
Nepal,NPL,2012,0.79
Nepal,NPL,2013,1.32
Nepal,NPL,2014,1.37
Nepal,NPL,2015,1.77
Nepal,NPL,2016,2.17
Nepal,NPL,2017,2.58
Nepal,NPL,2018,2.78
Nepal,NPL,2019,1.62
Nepal,NPL,2020,2.77
Nepal,NPL,2021,1.05
Nepal,NPL,2022,0.49
Netherlands,NLD,1990,9.21
Netherlands,NLD,1991,9.16
Netherlands,NLD,1992,8.68
Netherlands,NLD,1993,10.3
Netherlands,NLD,1994,10.56
Netherlands,NLD,1995,11.39
Netherlands,NLD,1996,10.59
Netherlands,NLD,1997,12.63
Netherlands,NLD,1998,11.81
Netherlands,NLD,1999,18.44
Netherlands,NLD,2000,18.91
Netherlands,NLD,2001,17.28
Netherlands,NLD,2002,16.38
Netherlands,NLD,2003,16.99
Netherlands,NLD,2004,16.22
Netherlands,NLD,2005,18.29
Netherlands,NLD,2006,21.46
Netherlands,NLD,2007,17.61
Netherlands,NLD,2008,15.85
Netherlands,NLD,2009,4.89
Netherlands,NLD,2010,2.78
Netherlands,NLD,2011,9.09
Netherlands,NLD,2012,17.11
Netherlands,NLD,2013,18.24
Netherlands,NLD,2014,14.73
Netherlands,NLD,2015,8.75
Netherlands,NLD,2016,4.91
Netherlands,NLD,2017,3.51
Netherlands,NLD,2018,7.97
Netherlands,NLD,2019,0.86
Netherlands,NLD,2020,-2.66
Netherlands,NLD,2021,0.25
Netherlands,NLD,2022,-4.27
Netherlands,NLD,2023,-5.66
Netherlands,NLD,2024,-4.38
New Caledonia,NCL,2000,0
New Caledonia,NCL,2001,0
New Caledonia,NCL,2002,0
New Caledonia,NCL,2003,0
New Caledonia,NCL,2004,0
New Caledonia,NCL,2005,0
New Caledonia,NCL,2006,0
New Caledonia,NCL,2007,0
New Caledonia,NCL,2008,0
New Caledonia,NCL,2009,0
New Caledonia,NCL,2010,0
New Caledonia,NCL,2011,0
New Caledonia,NCL,2012,0
New Caledonia,NCL,2013,0
New Caledonia,NCL,2014,0
New Caledonia,NCL,2015,0
New Caledonia,NCL,2016,0
New Caledonia,NCL,2017,0
New Caledonia,NCL,2018,0
New Caledonia,NCL,2019,0
New Caledonia,NCL,2020,0
New Caledonia,NCL,2021,0
New Caledonia,NCL,2022,0
New Zealand,NZL,2000,0
New Zealand,NZL,2001,0
New Zealand,NZL,2002,0
New Zealand,NZL,2003,0
New Zealand,NZL,2004,0
New Zealand,NZL,2005,0
New Zealand,NZL,2006,0
New Zealand,NZL,2007,0
New Zealand,NZL,2008,0
New Zealand,NZL,2009,0
New Zealand,NZL,2010,0
New Zealand,NZL,2011,0
New Zealand,NZL,2012,0
New Zealand,NZL,2013,0
New Zealand,NZL,2014,0
New Zealand,NZL,2015,0
New Zealand,NZL,2016,0
New Zealand,NZL,2017,0
New Zealand,NZL,2018,0
New Zealand,NZL,2019,0
New Zealand,NZL,2020,0
New Zealand,NZL,2021,0
New Zealand,NZL,2022,0
New Zealand,NZL,2023,0
New Zealand,NZL,2024,0
Nicaragua,NIC,2000,0.11
Nicaragua,NIC,2001,0.02
Nicaragua,NIC,2002,0.01
Nicaragua,NIC,2003,-0.01
Nicaragua,NIC,2004,0
Nicaragua,NIC,2005,0.02
Nicaragua,NIC,2006,0.04
Nicaragua,NIC,2007,0.06
Nicaragua,NIC,2008,0.03
Nicaragua,NIC,2009,0
Nicaragua,NIC,2010,-0.03
Nicaragua,NIC,2011,-0.03
Nicaragua,NIC,2012,0.02
Nicaragua,NIC,2013,0.04
Nicaragua,NIC,2014,-0.03
Nicaragua,NIC,2015,0.01
Nicaragua,NIC,2016,0.19
Nicaragua,NIC,2017,0.33
Nicaragua,NIC,2018,0.2
Nicaragua,NIC,2019,0.43
Nicaragua,NIC,2020,1.07
Nicaragua,NIC,2021,1
Nicaragua,NIC,2022,1.06
Nicaragua,NIC,2023,1.13
Niger,NER,2000,0.2
Niger,NER,2001,0.22
Niger,NER,2002,0.21
Niger,NER,2003,0.23
Niger,NER,2004,0.29
Niger,NER,2005,0.34
Niger,NER,2006,0.35
Niger,NER,2007,0.45
Niger,NER,2008,0.46
Niger,NER,2009,0.53
Niger,NER,2010,0.55
Niger,NER,2011,0.61
Niger,NER,2012,0.64
Niger,NER,2013,0.6
Niger,NER,2014,0.73
Niger,NER,2015,0.78
Niger,NER,2016,0.78
Niger,NER,2017,0.85
Niger,NER,2018,0.99
Niger,NER,2019,1.06
Niger,NER,2020,1.11
Niger,NER,2021,1.12
Niger,NER,2022,1.16
Niger,NER,2023,1.21
Nigeria,NGA,2000,-0.02
Nigeria,NGA,2001,-0.03
Nigeria,NGA,2002,-0.03
Nigeria,NGA,2003,-0.04
Nigeria,NGA,2004,-0.02
Nigeria,NGA,2005,0
Nigeria,NGA,2006,0
Nigeria,NGA,2007,0
Nigeria,NGA,2008,0
Nigeria,NGA,2009,0
Nigeria,NGA,2010,0
Nigeria,NGA,2011,0
Nigeria,NGA,2012,0
Nigeria,NGA,2013,0
Nigeria,NGA,2014,0
Nigeria,NGA,2015,0
Nigeria,NGA,2016,0
Nigeria,NGA,2017,0
Nigeria,NGA,2018,0
Nigeria,NGA,2019,0
Nigeria,NGA,2020,0
Nigeria,NGA,2021,0
Nigeria,NGA,2022,0
Nigeria,NGA,2023,-2.4
Nigeria,NGA,2024,-2.4
Niue,NIU,2000,0
Niue,NIU,2001,0
Niue,NIU,2002,0
Niue,NIU,2003,0
Niue,NIU,2004,0
Niue,NIU,2005,0
Niue,NIU,2006,0
Niue,NIU,2007,0
Niue,NIU,2008,0
Niue,NIU,2009,0
Niue,NIU,2010,0
Niue,NIU,2011,0
Niue,NIU,2012,0
Niue,NIU,2013,0
Niue,NIU,2014,0
Niue,NIU,2015,0
Niue,NIU,2016,0
Niue,NIU,2017,0
Niue,NIU,2018,0
Niue,NIU,2019,0
Niue,NIU,2020,0
Niue,NIU,2021,0
Niue,NIU,2022,0
North America,,2000,-1.1600035
North America,,2001,-0.04999855
North America,,2002,0.040000096
North America,,2003,-0.019999707
North America,,2004,-0.2799993
North America,,2005,-0.48999965
North America,,2006,-1.2400005
North America,,2007,-0.6300007
North America,,2008,-0.25000018
North America,,2009,-0.23999968
North America,,2010,0.5199991
North America,,2011,0.5099997
North America,,2012,2.0099983
North America,,2013,6.27
North America,,2014,7.7599983
North America,,2015,7.049999
North America,,2016,3.9000008
North America,,2017,-4.4900002
North America,,2018,-2.1600015
North America,,2019,-6.250001
North America,,2020,-5.089998
North America,,2021,-7.5899997
North America,,2022,-5.310002
North America,,2023,-4.07
North Korea,PRK,2000,0
North Korea,PRK,2001,0
North Korea,PRK,2002,0
North Korea,PRK,2003,0
North Korea,PRK,2004,0
North Korea,PRK,2005,0
North Korea,PRK,2006,0
North Korea,PRK,2007,0
North Korea,PRK,2008,0
North Korea,PRK,2009,0
North Korea,PRK,2010,0
North Korea,PRK,2011,0
North Korea,PRK,2012,0
North Korea,PRK,2013,0
North Korea,PRK,2014,0
North Korea,PRK,2015,0
North Korea,PRK,2016,0
North Korea,PRK,2017,0
North Korea,PRK,2018,0
North Korea,PRK,2019,0
North Korea,PRK,2020,0
North Korea,PRK,2021,0
North Korea,PRK,2022,0
North Macedonia,MKD,1990,0.08
North Macedonia,MKD,1991,0.07
North Macedonia,MKD,1992,0.27
North Macedonia,MKD,1993,0.61
North Macedonia,MKD,1994,0.07
North Macedonia,MKD,1995,0.12
North Macedonia,MKD,1996,-0.03
North Macedonia,MKD,1997,0.07
North Macedonia,MKD,1998,0
North Macedonia,MKD,1999,-0.1
North Macedonia,MKD,2000,0.11
North Macedonia,MKD,2001,0.43
North Macedonia,MKD,2002,0.79
North Macedonia,MKD,2003,0.95
North Macedonia,MKD,2004,1.18
North Macedonia,MKD,2005,1.6
North Macedonia,MKD,2006,1.79
North Macedonia,MKD,2007,2.49
North Macedonia,MKD,2008,2.73
North Macedonia,MKD,2009,1.44
North Macedonia,MKD,2010,1.42
North Macedonia,MKD,2011,2.68
North Macedonia,MKD,2012,2.67
North Macedonia,MKD,2013,2.43
North Macedonia,MKD,2014,2.96
North Macedonia,MKD,2015,2.51
North Macedonia,MKD,2016,2.03
North Macedonia,MKD,2017,1.98
North Macedonia,MKD,2018,1.92
North Macedonia,MKD,2019,1.83
North Macedonia,MKD,2020,2.33
North Macedonia,MKD,2021,2.48
North Macedonia,MKD,2022,1.41
North Macedonia,MKD,2023,0.15
North Macedonia,MKD,2024,0.9
Norway,NOR,1990,-15.91
Norway,NOR,1991,-2.77
Norway,NOR,1992,-8.73
Norway,NOR,1993,-7.78
Norway,NOR,1994,-0.13
Norway,NOR,1995,-6.66
Norway,NOR,1996,8.98
Norway,NOR,1997,3.82
Norway,NOR,1998,3.63
Norway,NOR,1999,-1.92
Norway,NOR,2000,-19.05
Norway,NOR,2001,3.57
Norway,NOR,2002,-9.71
Norway,NOR,2003,7.87
Norway,NOR,2004,11.45
Norway,NOR,2005,-12.04
Norway,NOR,2006,0.85
Norway,NOR,2007,-10.03
Norway,NOR,2008,-13.86
Norway,NOR,2009,-8.98
Norway,NOR,2010,7.55
Norway,NOR,2011,-3.08
Norway,NOR,2012,-17.82
Norway,NOR,2013,-5.01
Norway,NOR,2014,-15.58
Norway,NOR,2015,-14.65
Norway,NOR,2016,-16.41
Norway,NOR,2017,-15.16
Norway,NOR,2018,-10.15
Norway,NOR,2019,0.04
Norway,NOR,2020,-20.47
Norway,NOR,2021,-17.58
Norway,NOR,2022,-12.52
Norway,NOR,2023,-17.74
Norway,NOR,2024,-18.52
Oceania,,2000,0
Oceania,,2001,0
Oceania,,2002,0
Oceania,,2003,0
Oceania,,2004,0
Oceania,,2005,0
Oceania,,2006,0
Oceania,,2007,0
Oceania,,2008,0
Oceania,,2009,0
Oceania,,2010,0
Oceania,,2011,0
Oceania,,2012,0
Oceania,,2013,0
Oceania,,2014,0
Oceania,,2015,0
Oceania,,2016,0
Oceania,,2017,0
Oceania,,2018,0
Oceania,,2019,0
Oceania,,2020,0
Oceania,,2021,0
Oceania,,2022,0
Oceania,,2023,0
Oman,OMN,2000,0
Oman,OMN,2001,0
Oman,OMN,2002,0
Oman,OMN,2003,0
Oman,OMN,2004,0
Oman,OMN,2005,0
Oman,OMN,2006,0
Oman,OMN,2007,0
Oman,OMN,2008,0
Oman,OMN,2009,0
Oman,OMN,2010,0
Oman,OMN,2011,0
Oman,OMN,2012,0
Oman,OMN,2013,0
Oman,OMN,2014,0
Oman,OMN,2015,0
Oman,OMN,2016,0
Oman,OMN,2017,0
Oman,OMN,2018,0
Oman,OMN,2019,0
Oman,OMN,2020,0
Oman,OMN,2021,0
Oman,OMN,2022,0
Oman,OMN,2023,0
Oman,OMN,2024,0
Pakistan,PAK,2000,0
Pakistan,PAK,2001,0
Pakistan,PAK,2002,0
Pakistan,PAK,2003,0.07
Pakistan,PAK,2004,0.11
Pakistan,PAK,2005,0.15
Pakistan,PAK,2006,0.17
Pakistan,PAK,2007,0.2
Pakistan,PAK,2008,0.23
Pakistan,PAK,2009,0.25
Pakistan,PAK,2010,0.27
Pakistan,PAK,2011,0.27
Pakistan,PAK,2012,0.38
Pakistan,PAK,2013,0.42
Pakistan,PAK,2014,0.44
Pakistan,PAK,2015,0.46
Pakistan,PAK,2016,0.5
Pakistan,PAK,2017,0.56
Pakistan,PAK,2018,0.49
Pakistan,PAK,2019,0.51
Pakistan,PAK,2020,0.5
Pakistan,PAK,2021,0.5
Pakistan,PAK,2022,0.46
Pakistan,PAK,2023,0.48
Pakistan,PAK,2024,0.48
Palestine,PSE,2000,2.26
Palestine,PSE,2001,2.08
Palestine,PSE,2002,2.31
Palestine,PSE,2003,2.32
Palestine,PSE,2004,2.6
Palestine,PSE,2005,2.86
Palestine,PSE,2006,3.1
Palestine,PSE,2007,3.19
Palestine,PSE,2008,3.86
Palestine,PSE,2009,3.98
Palestine,PSE,2010,4.16
Palestine,PSE,2011,4.62
Palestine,PSE,2012,4.91
Palestine,PSE,2013,4.73
Palestine,PSE,2014,4.94
Palestine,PSE,2015,5.41
Palestine,PSE,2016,5.47
Palestine,PSE,2017,5.58
Palestine,PSE,2018,5.92
Palestine,PSE,2019,6.25
Palestine,PSE,2020,6.52
Palestine,PSE,2021,6.68
Palestine,PSE,2022,6.7
Panama,PAN,2000,0.12
Panama,PAN,2001,-0.08
Panama,PAN,2002,-0.01
Panama,PAN,2003,-0.18
Panama,PAN,2004,-0.13
Panama,PAN,2005,-0.05
Panama,PAN,2006,-0.05
Panama,PAN,2007,-0.12
Panama,PAN,2008,0.07
Panama,PAN,2009,-0.03
Panama,PAN,2010,0.03
Panama,PAN,2011,0.06
Panama,PAN,2012,-0.04
Panama,PAN,2013,0
Panama,PAN,2014,0.09
Panama,PAN,2015,-0.12
Panama,PAN,2016,-0.37
Panama,PAN,2017,-0.31
Panama,PAN,2018,-0.31
Panama,PAN,2019,-0.35
Panama,PAN,2020,-0.45
Panama,PAN,2021,-0.44
Panama,PAN,2022,-0.32
Panama,PAN,2023,-0.17
Papua New Guinea,PNG,2000,0
Papua New Guinea,PNG,2001,0
Papua New Guinea,PNG,2002,0
Papua New Guinea,PNG,2003,0
Papua New Guinea,PNG,2004,0
Papua New Guinea,PNG,2005,0
Papua New Guinea,PNG,2006,0
Papua New Guinea,PNG,2007,0
Papua New Guinea,PNG,2008,0
Papua New Guinea,PNG,2009,0
Papua New Guinea,PNG,2010,0
Papua New Guinea,PNG,2011,0
Papua New Guinea,PNG,2012,0
Papua New Guinea,PNG,2013,0
Papua New Guinea,PNG,2014,0
Papua New Guinea,PNG,2015,0
Papua New Guinea,PNG,2016,0
Papua New Guinea,PNG,2017,0
Papua New Guinea,PNG,2018,0
Papua New Guinea,PNG,2019,0
Papua New Guinea,PNG,2020,0
Papua New Guinea,PNG,2021,0
Papua New Guinea,PNG,2022,0
Papua New Guinea,PNG,2023,0
Paraguay,PRY,2000,-47.36
Paraguay,PRY,2001,-39.14
Paraguay,PRY,2002,-41.78
Paraguay,PRY,2003,-45.18
Paraguay,PRY,2004,-45.01
Paraguay,PRY,2005,-43.79
Paraguay,PRY,2006,-45.71
Paraguay,PRY,2007,-45.11
Paraguay,PRY,2008,-46.29
Paraguay,PRY,2009,-45.04
Paraguay,PRY,2010,-43.38
Paraguay,PRY,2011,-46.12
Paraguay,PRY,2012,-47.66
Paraguay,PRY,2013,-47.36
Paraguay,PRY,2014,-41.4
Paraguay,PRY,2015,-41.13
Paraguay,PRY,2016,-48.42
Paraguay,PRY,2017,-43.63
Paraguay,PRY,2018,-42.21
Paraguay,PRY,2019,-31.75
Paraguay,PRY,2020,-28
Paraguay,PRY,2021,-21.72
Paraguay,PRY,2022,-23.95
Paraguay,PRY,2023,-24.2
Peru,PER,2000,0
Peru,PER,2001,0
Peru,PER,2002,0
Peru,PER,2003,0
Peru,PER,2004,0
Peru,PER,2005,0
Peru,PER,2006,0
Peru,PER,2007,0
Peru,PER,2008,0
Peru,PER,2009,-0.06
Peru,PER,2010,-0.11
Peru,PER,2011,0.01
Peru,PER,2012,0
Peru,PER,2013,0
Peru,PER,2014,-0.01
Peru,PER,2015,-0.05
Peru,PER,2016,-0.02
Peru,PER,2017,0.02
Peru,PER,2018,0.02
Peru,PER,2019,0.06
Peru,PER,2020,0.04
Peru,PER,2021,0.04
Peru,PER,2022,0.04
Peru,PER,2023,0.04
Peru,PER,2024,0.04
Philippines,PHL,2000,0
Philippines,PHL,2001,0
Philippines,PHL,2002,0
Philippines,PHL,2003,0
Philippines,PHL,2004,0
Philippines,PHL,2005,0
Philippines,PHL,2006,0
Philippines,PHL,2007,0
Philippines,PHL,2008,0
Philippines,PHL,2009,0
Philippines,PHL,2010,0
Philippines,PHL,2011,0
Philippines,PHL,2012,0
Philippines,PHL,2013,0
Philippines,PHL,2014,0
Philippines,PHL,2015,0
Philippines,PHL,2016,0
Philippines,PHL,2017,0
Philippines,PHL,2018,0
Philippines,PHL,2019,0
Philippines,PHL,2020,0
Philippines,PHL,2021,0
Philippines,PHL,2022,0
Philippines,PHL,2023,0
Philippines,PHL,2024,0
Poland,POL,1990,-1.04
Poland,POL,1991,-2.62
Poland,POL,1992,-4.03
Poland,POL,1993,-2.41
Poland,POL,1994,-2.68
Poland,POL,1995,-2.8
Poland,POL,1996,-3.12
Poland,POL,1997,-2.18
Poland,POL,1998,-3.47
Poland,POL,1999,-4.93
Poland,POL,2000,-6.37
Poland,POL,2001,-6.73
Poland,POL,2002,-7.07
Poland,POL,2003,-10.16
Poland,POL,2004,-9.29
Poland,POL,2005,-11.19
Poland,POL,2006,-10.99
Poland,POL,2007,-5.35
Poland,POL,2008,-0.67
Poland,POL,2009,-2.19
Poland,POL,2010,-1.35
Poland,POL,2011,-5.24
Poland,POL,2012,-2.84
Poland,POL,2013,-4.52
Poland,POL,2014,2.17
Poland,POL,2015,-0.33
Poland,POL,2016,2
Poland,POL,2017,2.29
Poland,POL,2018,5.69
Poland,POL,2019,10.62
Poland,POL,2020,13.27
Poland,POL,2021,0.89
Poland,POL,2022,-1.68
Poland,POL,2023,3.74
Poland,POL,2024,1.83
Portugal,PRT,1990,0.04
Portugal,PRT,1991,0.09
Portugal,PRT,1992,1.34
Portugal,PRT,1993,0.17
Portugal,PRT,1994,0.89
Portugal,PRT,1995,0.91
Portugal,PRT,1996,1.11
Portugal,PRT,1997,2.9
Portugal,PRT,1998,0.27
Portugal,PRT,1999,-0.86
Portugal,PRT,2000,0.93
Portugal,PRT,2001,0.24
Portugal,PRT,2002,1.9
Portugal,PRT,2003,2.79
Portugal,PRT,2004,6.48
Portugal,PRT,2005,6.82
Portugal,PRT,2006,5.44
Portugal,PRT,2007,7.49
Portugal,PRT,2008,9.43
Portugal,PRT,2009,4.78
Portugal,PRT,2010,2.62
Portugal,PRT,2011,2.81
Portugal,PRT,2012,7.89
Portugal,PRT,2013,2.78
Portugal,PRT,2014,0.9
Portugal,PRT,2015,2.27
Portugal,PRT,2016,-5.09
Portugal,PRT,2017,-2.68
Portugal,PRT,2018,-2.66
Portugal,PRT,2019,3.4
Portugal,PRT,2020,1.46
Portugal,PRT,2021,4.75
Portugal,PRT,2022,9.25
Portugal,PRT,2023,10.23
Portugal,PRT,2024,10.48
Puerto Rico,PRI,2000,0
Puerto Rico,PRI,2001,0
Puerto Rico,PRI,2002,0
Puerto Rico,PRI,2003,0
Puerto Rico,PRI,2004,0
Puerto Rico,PRI,2005,0
Puerto Rico,PRI,2006,0
Puerto Rico,PRI,2007,0
Puerto Rico,PRI,2008,0
Puerto Rico,PRI,2009,0
Puerto Rico,PRI,2010,0
Puerto Rico,PRI,2011,0
Puerto Rico,PRI,2012,0
Puerto Rico,PRI,2013,0
Puerto Rico,PRI,2014,0
Puerto Rico,PRI,2015,0
Puerto Rico,PRI,2016,0
Puerto Rico,PRI,2017,0
Puerto Rico,PRI,2018,0
Puerto Rico,PRI,2019,0
Puerto Rico,PRI,2020,0
Puerto Rico,PRI,2021,0
Puerto Rico,PRI,2022,0
Puerto Rico,PRI,2023,0
Puerto Rico,PRI,2024,0
Qatar,QAT,2000,0
Qatar,QAT,2001,0
Qatar,QAT,2002,0
Qatar,QAT,2003,0
Qatar,QAT,2004,0
Qatar,QAT,2005,0
Qatar,QAT,2006,0
Qatar,QAT,2007,0
Qatar,QAT,2008,0
Qatar,QAT,2009,0
Qatar,QAT,2010,0
Qatar,QAT,2011,0
Qatar,QAT,2012,0
Qatar,QAT,2013,0
Qatar,QAT,2014,0
Qatar,QAT,2015,0
Qatar,QAT,2016,0
Qatar,QAT,2017,0
Qatar,QAT,2018,0
Qatar,QAT,2019,0
Qatar,QAT,2020,0
Qatar,QAT,2021,0
Qatar,QAT,2022,0
Qatar,QAT,2023,0
Qatar,QAT,2024,0
Reunion,REU,2000,0
Reunion,REU,2001,0
Reunion,REU,2002,0
Reunion,REU,2003,0
Reunion,REU,2004,0
Reunion,REU,2005,0
Reunion,REU,2006,0
Reunion,REU,2007,0
Reunion,REU,2008,0
Reunion,REU,2009,0
Reunion,REU,2010,0
Reunion,REU,2011,0
Reunion,REU,2012,0
Reunion,REU,2013,0
Reunion,REU,2014,0
Reunion,REU,2015,0
Reunion,REU,2016,0
Reunion,REU,2017,0
Reunion,REU,2018,0
Reunion,REU,2019,0
Reunion,REU,2020,0
Reunion,REU,2021,0
Reunion,REU,2022,0
Romania,ROU,1990,9.48
Romania,ROU,1991,7.05
Romania,ROU,1992,4.2
Romania,ROU,1993,1.87
Romania,ROU,1994,0.72
Romania,ROU,1995,0.3
Romania,ROU,1996,0.81
Romania,ROU,1997,0.22
Romania,ROU,1998,0.39
Romania,ROU,1999,-0.83
Romania,ROU,2000,-0.7
Romania,ROU,2001,-1.31
Romania,ROU,2002,-2.85
Romania,ROU,2003,-2.08
Romania,ROU,2004,-1.18
Romania,ROU,2005,-2.9
Romania,ROU,2006,-4.27
Romania,ROU,2007,-2.09
Romania,ROU,2008,-4.25
Romania,ROU,2009,-2.3
Romania,ROU,2010,-2.27
Romania,ROU,2011,-1.91
Romania,ROU,2012,0.25
Romania,ROU,2013,-2.02
Romania,ROU,2014,-7.13
Romania,ROU,2015,-6.73
Romania,ROU,2016,-5.02
Romania,ROU,2017,-2.89
Romania,ROU,2018,-2.54
Romania,ROU,2019,1.52
Romania,ROU,2020,2.79
Romania,ROU,2021,2.2
Romania,ROU,2022,1.22
Romania,ROU,2023,-3.02
Romania,ROU,2024,3.06
Russia,RUS,2000,-14.06
Russia,RUS,2001,-15.86
Russia,RUS,2002,-12.94
Russia,RUS,2003,-13.38
Russia,RUS,2004,-7.62
Russia,RUS,2005,-12.38
Russia,RUS,2006,-15.81
Russia,RUS,2007,-12.8
Russia,RUS,2008,-17.63
Russia,RUS,2009,-14.86
Russia,RUS,2010,-17.45
Russia,RUS,2011,-22.55
Russia,RUS,2012,-16.48
Russia,RUS,2013,-13.68
Russia,RUS,2014,-8.05
Russia,RUS,2015,-11.66
Russia,RUS,2016,-14.5
Russia,RUS,2017,-10.6
Russia,RUS,2018,-12.6
Russia,RUS,2019,-18.43
Russia,RUS,2020,-10.74
Russia,RUS,2021,-21.34
Russia,RUS,2022,-16.4
Russia,RUS,2023,-15.81
Russia,RUS,2024,-16.48
Rwanda,RWA,2000,0.09
Rwanda,RWA,2001,0.12
Rwanda,RWA,2002,0.13
Rwanda,RWA,2003,0.12
Rwanda,RWA,2004,0.11
Rwanda,RWA,2005,0.09
Rwanda,RWA,2006,0.06
Rwanda,RWA,2007,0.08
Rwanda,RWA,2008,0.08
Rwanda,RWA,2009,0.06
Rwanda,RWA,2010,0.08
Rwanda,RWA,2011,0.07
Rwanda,RWA,2012,0.09
Rwanda,RWA,2013,0.09
Rwanda,RWA,2014,0.09
Rwanda,RWA,2015,0.08
Rwanda,RWA,2016,0.07
Rwanda,RWA,2017,0.07
Rwanda,RWA,2018,0.09
Rwanda,RWA,2019,0.03
Rwanda,RWA,2020,0.02
Rwanda,RWA,2021,0.02
Rwanda,RWA,2022,0.02
Rwanda,RWA,2023,0.02
Saint Helena,SHN,2000,0
Saint Helena,SHN,2001,0
Saint Helena,SHN,2002,0
Saint Helena,SHN,2003,0
Saint Helena,SHN,2004,0
Saint Helena,SHN,2005,0
Saint Helena,SHN,2006,0
Saint Helena,SHN,2007,0
Saint Helena,SHN,2008,0
Saint Helena,SHN,2009,0
Saint Helena,SHN,2010,0
Saint Helena,SHN,2011,0
Saint Helena,SHN,2012,0
Saint Helena,SHN,2013,0
Saint Helena,SHN,2014,0
Saint Helena,SHN,2015,0
Saint Helena,SHN,2016,0
Saint Helena,SHN,2017,0
Saint Helena,SHN,2018,0
Saint Helena,SHN,2019,0
Saint Helena,SHN,2020,0
Saint Helena,SHN,2021,0
Saint Helena,SHN,2022,0
Saint Kitts and Nevis,KNA,2000,0
Saint Kitts and Nevis,KNA,2001,0
Saint Kitts and Nevis,KNA,2002,0
Saint Kitts and Nevis,KNA,2003,0
Saint Kitts and Nevis,KNA,2004,0
Saint Kitts and Nevis,KNA,2005,0
Saint Kitts and Nevis,KNA,2006,0
Saint Kitts and Nevis,KNA,2007,0
Saint Kitts and Nevis,KNA,2008,0
Saint Kitts and Nevis,KNA,2009,0
Saint Kitts and Nevis,KNA,2010,0
Saint Kitts and Nevis,KNA,2011,0
Saint Kitts and Nevis,KNA,2012,0
Saint Kitts and Nevis,KNA,2013,0
Saint Kitts and Nevis,KNA,2014,0
Saint Kitts and Nevis,KNA,2015,0
Saint Kitts and Nevis,KNA,2016,0
Saint Kitts and Nevis,KNA,2017,0
Saint Kitts and Nevis,KNA,2018,0
Saint Kitts and Nevis,KNA,2019,0
Saint Kitts and Nevis,KNA,2020,0
Saint Kitts and Nevis,KNA,2021,0
Saint Kitts and Nevis,KNA,2022,0
Saint Lucia,LCA,2000,0
Saint Lucia,LCA,2001,0
Saint Lucia,LCA,2002,0
Saint Lucia,LCA,2003,0
Saint Lucia,LCA,2004,0
Saint Lucia,LCA,2005,0
Saint Lucia,LCA,2006,0
Saint Lucia,LCA,2007,0
Saint Lucia,LCA,2008,0
Saint Lucia,LCA,2009,0
Saint Lucia,LCA,2010,0
Saint Lucia,LCA,2011,0
Saint Lucia,LCA,2012,0
Saint Lucia,LCA,2013,0
Saint Lucia,LCA,2014,0
Saint Lucia,LCA,2015,0
Saint Lucia,LCA,2016,0
Saint Lucia,LCA,2017,0
Saint Lucia,LCA,2018,0
Saint Lucia,LCA,2019,0
Saint Lucia,LCA,2020,0
Saint Lucia,LCA,2021,0
Saint Lucia,LCA,2022,0
Saint Pierre and Miquelon,SPM,2000,0
Saint Pierre and Miquelon,SPM,2001,0
Saint Pierre and Miquelon,SPM,2002,0
Saint Pierre and Miquelon,SPM,2003,0
Saint Pierre and Miquelon,SPM,2004,0
Saint Pierre and Miquelon,SPM,2005,0
Saint Pierre and Miquelon,SPM,2006,0
Saint Pierre and Miquelon,SPM,2007,0
Saint Pierre and Miquelon,SPM,2008,0
Saint Pierre and Miquelon,SPM,2009,0
Saint Pierre and Miquelon,SPM,2010,0
Saint Pierre and Miquelon,SPM,2011,0
Saint Pierre and Miquelon,SPM,2012,0
Saint Pierre and Miquelon,SPM,2013,0
Saint Pierre and Miquelon,SPM,2014,0
Saint Pierre and Miquelon,SPM,2015,0
Saint Pierre and Miquelon,SPM,2016,0
Saint Pierre and Miquelon,SPM,2017,0
Saint Pierre and Miquelon,SPM,2018,0
Saint Pierre and Miquelon,SPM,2019,0
Saint Pierre and Miquelon,SPM,2020,0
Saint Pierre and Miquelon,SPM,2021,0
Saint Pierre and Miquelon,SPM,2022,0
Saint Vincent and the Grenadines,VCT,2000,0
Saint Vincent and the Grenadines,VCT,2001,0
Saint Vincent and the Grenadines,VCT,2002,0
Saint Vincent and the Grenadines,VCT,2003,0
Saint Vincent and the Grenadines,VCT,2004,0
Saint Vincent and the Grenadines,VCT,2005,0
Saint Vincent and the Grenadines,VCT,2006,0
Saint Vincent and the Grenadines,VCT,2007,0
Saint Vincent and the Grenadines,VCT,2008,0
Saint Vincent and the Grenadines,VCT,2009,0
Saint Vincent and the Grenadines,VCT,2010,0
Saint Vincent and the Grenadines,VCT,2011,0
Saint Vincent and the Grenadines,VCT,2012,0
Saint Vincent and the Grenadines,VCT,2013,0
Saint Vincent and the Grenadines,VCT,2014,0
Saint Vincent and the Grenadines,VCT,2015,0
Saint Vincent and the Grenadines,VCT,2016,0
Saint Vincent and the Grenadines,VCT,2017,0
Saint Vincent and the Grenadines,VCT,2018,0
Saint Vincent and the Grenadines,VCT,2019,0
Saint Vincent and the Grenadines,VCT,2020,0
Saint Vincent and the Grenadines,VCT,2021,0
Saint Vincent and the Grenadines,VCT,2022,0
Saint Vincent and the Grenadines,VCT,2023,0
Samoa,WSM,2000,0
Samoa,WSM,2001,0
Samoa,WSM,2002,0
Samoa,WSM,2003,0
Samoa,WSM,2004,0
Samoa,WSM,2005,0
Samoa,WSM,2006,0
Samoa,WSM,2007,0
Samoa,WSM,2008,0
Samoa,WSM,2009,0
Samoa,WSM,2010,0
Samoa,WSM,2011,0
Samoa,WSM,2012,0
Samoa,WSM,2013,0
Samoa,WSM,2014,0
Samoa,WSM,2015,0
Samoa,WSM,2016,0
Samoa,WSM,2017,0
Samoa,WSM,2018,0
Samoa,WSM,2019,0
Samoa,WSM,2020,0
Samoa,WSM,2021,0
Samoa,WSM,2022,0
Samoa,WSM,2023,0
Sao Tome and Principe,STP,2000,0
Sao Tome and Principe,STP,2001,0
Sao Tome and Principe,STP,2002,0
Sao Tome and Principe,STP,2003,0
Sao Tome and Principe,STP,2004,0
Sao Tome and Principe,STP,2005,0
Sao Tome and Principe,STP,2006,0
Sao Tome and Principe,STP,2007,0
Sao Tome and Principe,STP,2008,0
Sao Tome and Principe,STP,2009,0
Sao Tome and Principe,STP,2010,0
Sao Tome and Principe,STP,2011,0
Sao Tome and Principe,STP,2012,0
Sao Tome and Principe,STP,2013,0
Sao Tome and Principe,STP,2014,0
Sao Tome and Principe,STP,2015,0
Sao Tome and Principe,STP,2016,0
Sao Tome and Principe,STP,2017,0
Sao Tome and Principe,STP,2018,0
Sao Tome and Principe,STP,2019,0
Sao Tome and Principe,STP,2020,0
Sao Tome and Principe,STP,2021,0
Sao Tome and Principe,STP,2022,0
Saudi Arabia,SAU,2000,0
Saudi Arabia,SAU,2001,0
Saudi Arabia,SAU,2002,0
Saudi Arabia,SAU,2003,0
Saudi Arabia,SAU,2004,0
Saudi Arabia,SAU,2005,0
Saudi Arabia,SAU,2006,0
Saudi Arabia,SAU,2007,0
Saudi Arabia,SAU,2008,0
Saudi Arabia,SAU,2009,0
Saudi Arabia,SAU,2010,0
Saudi Arabia,SAU,2011,-0.07
Saudi Arabia,SAU,2012,-0.05
Saudi Arabia,SAU,2013,-0.05
Saudi Arabia,SAU,2014,-0.05
Saudi Arabia,SAU,2015,-0.05
Saudi Arabia,SAU,2016,-0.72
Saudi Arabia,SAU,2017,-0.03
Saudi Arabia,SAU,2018,-0.03
Saudi Arabia,SAU,2019,0.3
Saudi Arabia,SAU,2020,-0.37
Saudi Arabia,SAU,2021,-0.04
Saudi Arabia,SAU,2022,-0.04
Saudi Arabia,SAU,2023,-0.04
Senegal,SEN,2000,0
Senegal,SEN,2001,0
Senegal,SEN,2002,0
Senegal,SEN,2003,0
Senegal,SEN,2004,0
Senegal,SEN,2005,0
Senegal,SEN,2006,0
Senegal,SEN,2007,0
Senegal,SEN,2008,0
Senegal,SEN,2009,0.24
Senegal,SEN,2010,0.25
Senegal,SEN,2011,0.26
Senegal,SEN,2012,0.29
Senegal,SEN,2013,0.31
Senegal,SEN,2014,0.32
Senegal,SEN,2015,0.33
Senegal,SEN,2016,0.36
Senegal,SEN,2017,0.33
Senegal,SEN,2018,0.32
Senegal,SEN,2019,0.32
Senegal,SEN,2020,0.36
Senegal,SEN,2021,0.31
Senegal,SEN,2022,0.49
Senegal,SEN,2023,0.49
Serbia,SRB,1990,-2.02
Serbia,SRB,1991,-2.27
Serbia,SRB,1992,-0.4
Serbia,SRB,1993,-1
Serbia,SRB,1994,-1.25
Serbia,SRB,1995,-0.4
Serbia,SRB,1996,1.76
Serbia,SRB,1997,0.82
Serbia,SRB,1998,0.45
Serbia,SRB,1999,1.87
Serbia,SRB,2000,3.01
Serbia,SRB,2001,4.04
Serbia,SRB,2002,4.48
Serbia,SRB,2003,2.79
Serbia,SRB,2004,-0.27
Serbia,SRB,2005,-1.94
Serbia,SRB,2006,-0.81
Serbia,SRB,2007,-0.09
Serbia,SRB,2008,0.07
Serbia,SRB,2009,-1.43
Serbia,SRB,2010,-0.3
Serbia,SRB,2011,-0.28
Serbia,SRB,2012,0.39
Serbia,SRB,2013,-2.54
Serbia,SRB,2014,1.56
Serbia,SRB,2015,-0.92
Serbia,SRB,2016,-1.92
Serbia,SRB,2017,0.83
Serbia,SRB,2018,0.12
Serbia,SRB,2019,0.08
Serbia,SRB,2020,-0.61
Serbia,SRB,2021,0.65
Serbia,SRB,2022,2.75
Serbia,SRB,2023,-1.96
Serbia,SRB,2024,0.3
Seychelles,SYC,2000,0
Seychelles,SYC,2001,0
Seychelles,SYC,2002,0
Seychelles,SYC,2003,0
Seychelles,SYC,2004,0
Seychelles,SYC,2005,0
Seychelles,SYC,2006,0
Seychelles,SYC,2007,0
Seychelles,SYC,2008,0
Seychelles,SYC,2009,0
Seychelles,SYC,2010,0
Seychelles,SYC,2011,0
Seychelles,SYC,2012,0
Seychelles,SYC,2013,0
Seychelles,SYC,2014,0
Seychelles,SYC,2015,0
Seychelles,SYC,2016,0
Seychelles,SYC,2017,0
Seychelles,SYC,2018,0
Seychelles,SYC,2019,0
Seychelles,SYC,2020,0
Seychelles,SYC,2021,0
Seychelles,SYC,2022,0
Seychelles,SYC,2023,0
Sierra Leone,SLE,2000,0
Sierra Leone,SLE,2001,0
Sierra Leone,SLE,2002,0
Sierra Leone,SLE,2003,0
Sierra Leone,SLE,2004,0
Sierra Leone,SLE,2005,0
Sierra Leone,SLE,2006,0
Sierra Leone,SLE,2007,0
Sierra Leone,SLE,2008,0
Sierra Leone,SLE,2009,0
Sierra Leone,SLE,2010,0
Sierra Leone,SLE,2011,0
Sierra Leone,SLE,2012,0
Sierra Leone,SLE,2013,0
Sierra Leone,SLE,2014,0
Sierra Leone,SLE,2015,0
Sierra Leone,SLE,2016,0
Sierra Leone,SLE,2017,0
Sierra Leone,SLE,2018,0
Sierra Leone,SLE,2019,0
Sierra Leone,SLE,2020,0
Sierra Leone,SLE,2021,0
Sierra Leone,SLE,2022,0
Sierra Leone,SLE,2023,0
Singapore,SGP,2000,0
Singapore,SGP,2001,0
Singapore,SGP,2002,0
Singapore,SGP,2003,0
Singapore,SGP,2004,0
Singapore,SGP,2005,0
Singapore,SGP,2006,0
Singapore,SGP,2007,0
Singapore,SGP,2008,0
Singapore,SGP,2009,0
Singapore,SGP,2010,0
Singapore,SGP,2011,0
Singapore,SGP,2012,0
Singapore,SGP,2013,0
Singapore,SGP,2014,0
Singapore,SGP,2015,0
Singapore,SGP,2016,0
Singapore,SGP,2017,0
Singapore,SGP,2018,0
Singapore,SGP,2019,0
Singapore,SGP,2020,0
Singapore,SGP,2021,0
Singapore,SGP,2022,0.18
Singapore,SGP,2023,0.08
Singapore,SGP,2024,0.02
Slovakia,SVK,1990,5.2
Slovakia,SVK,1991,4.34
Slovakia,SVK,1992,3.47
Slovakia,SVK,1993,1.42
Slovakia,SVK,1994,0.43
Slovakia,SVK,1995,1.38
Slovakia,SVK,1996,3.52
Slovakia,SVK,1997,4.05
Slovakia,SVK,1998,1.29
Slovakia,SVK,1999,0.56
Slovakia,SVK,2000,-2.7
Slovakia,SVK,2001,-3.68
Slovakia,SVK,2002,-4.16
Slovakia,SVK,2003,-2.26
Slovakia,SVK,2004,-1.86
Slovakia,SVK,2005,-3.27
Slovakia,SVK,2006,-2.33
Slovakia,SVK,2007,1.73
Slovakia,SVK,2008,0.52
Slovakia,SVK,2009,1.31
Slovakia,SVK,2010,1.04
Slovakia,SVK,2011,0.73
Slovakia,SVK,2012,0.39
Slovakia,SVK,2013,0.09
Slovakia,SVK,2014,1.1
Slovakia,SVK,2015,2.39
Slovakia,SVK,2016,2.65
Slovakia,SVK,2017,3.03
Slovakia,SVK,2018,3.68
Slovakia,SVK,2019,1.7
Slovakia,SVK,2020,0.32
Slovakia,SVK,2021,0.77
Slovakia,SVK,2022,1.41
Slovakia,SVK,2023,-3.42
Slovakia,SVK,2024,-3.04
Slovenia,SVN,1990,-0.99
Slovenia,SVN,1991,-2.02
Slovenia,SVN,1992,-1.81
Slovenia,SVN,1993,-1.42
Slovenia,SVN,1994,-1.93
Slovenia,SVN,1995,-1.65
Slovenia,SVN,1996,-1.66
Slovenia,SVN,1997,-1.7
Slovenia,SVN,1998,-1.92
Slovenia,SVN,1999,-1.34
Slovenia,SVN,2000,-1.32
Slovenia,SVN,2001,-1.77
Slovenia,SVN,2002,-1.13
Slovenia,SVN,2003,0.16
Slovenia,SVN,2004,-0.76
Slovenia,SVN,2005,-0.32
Slovenia,SVN,2006,0.04
Slovenia,SVN,2007,0.23
Slovenia,SVN,2008,-1.6
Slovenia,SVN,2009,-3.06
Slovenia,SVN,2010,-2.12
Slovenia,SVN,2011,-1.37
Slovenia,SVN,2012,-1.04
Slovenia,SVN,2013,-1.29
Slovenia,SVN,2014,-2.74
Slovenia,SVN,2015,-0.05
Slovenia,SVN,2016,-1.18
Slovenia,SVN,2017,-0.52
Slovenia,SVN,2018,-0.5
Slovenia,SVN,2019,-0.32
Slovenia,SVN,2020,-2
Slovenia,SVN,2021,-0.27
Slovenia,SVN,2022,1.45
Slovenia,SVN,2023,-1.51
Slovenia,SVN,2024,-2.37
Solomon Islands,SLB,2000,0
Solomon Islands,SLB,2001,0
Solomon Islands,SLB,2002,0
Solomon Islands,SLB,2003,0
Solomon Islands,SLB,2004,0
Solomon Islands,SLB,2005,0
Solomon Islands,SLB,2006,0
Solomon Islands,SLB,2007,0
Solomon Islands,SLB,2008,0
Solomon Islands,SLB,2009,0
Solomon Islands,SLB,2010,0
Solomon Islands,SLB,2011,0
Solomon Islands,SLB,2012,0
Solomon Islands,SLB,2013,0
Solomon Islands,SLB,2014,0
Solomon Islands,SLB,2015,0
Solomon Islands,SLB,2016,0
Solomon Islands,SLB,2017,0
Solomon Islands,SLB,2018,0
Solomon Islands,SLB,2019,0
Solomon Islands,SLB,2020,0
Solomon Islands,SLB,2021,0
Solomon Islands,SLB,2022,0
Solomon Islands,SLB,2023,0
Somalia,SOM,2000,0
Somalia,SOM,2001,0
Somalia,SOM,2002,0
Somalia,SOM,2003,0
Somalia,SOM,2004,0
Somalia,SOM,2005,0
Somalia,SOM,2006,0
Somalia,SOM,2007,0
Somalia,SOM,2008,0
Somalia,SOM,2009,0
Somalia,SOM,2010,0
Somalia,SOM,2011,0
Somalia,SOM,2012,0
Somalia,SOM,2013,0
Somalia,SOM,2014,0
Somalia,SOM,2015,0
Somalia,SOM,2016,0
Somalia,SOM,2017,0
Somalia,SOM,2018,0
Somalia,SOM,2019,0
Somalia,SOM,2020,0
Somalia,SOM,2021,0
Somalia,SOM,2022,0
Somalia,SOM,2023,0
South Africa,ZAF,2000,12.33
South Africa,ZAF,2001,2.2
South Africa,ZAF,2002,2.25
South Africa,ZAF,2003,-2.07
South Africa,ZAF,2004,-3.44
South Africa,ZAF,2005,-2.34
South Africa,ZAF,2006,-2.96
South Africa,ZAF,2007,-3.15
South Africa,ZAF,2008,-3.6
South Africa,ZAF,2009,-1.76
South Africa,ZAF,2010,-2.47
South Africa,ZAF,2011,-3.07
South Africa,ZAF,2012,-5.03
South Africa,ZAF,2013,-4.5
South Africa,ZAF,2014,-2.66
South Africa,ZAF,2015,-1.55
South Africa,ZAF,2016,-5.99
South Africa,ZAF,2017,-6.63
South Africa,ZAF,2018,-4.7
South Africa,ZAF,2019,-5.17
South Africa,ZAF,2020,-3.82
South Africa,ZAF,2021,-3.57
South Africa,ZAF,2022,-1.51
South Africa,ZAF,2023,-1.79
South Africa,ZAF,2024,-5.02
South America,,2000,-1.5399989
South America,,2001,0.42999905
South America,,2002,0.3800026
South America,,2003,-1.1700015
South America,,2004,0.4300027
South America,,2005,1.4100003
South America,,2006,2.2000005
South America,,2007,2.2000012
South America,,2008,2.0699983
South America,,2009,3.2899985
South America,,2010,0.01000081
South America,,2011,-0.09999945
South America,,2012,-0.06000136
South America,,2013,-0.029998377
South America,,2014,0.079996936
South America,,2015,-0.03000294
South America,,2016,0.02000321
South America,,2017,0.5199975
South America,,2018,0.11000094
South America,,2019,-1.4300014
South America,,2020,0.14999929
South America,,2021,1.0900011
South America,,2022,1.2199992
South America,,2023,-0.8300014
South Korea,KOR,2000,0
South Korea,KOR,2001,0
South Korea,KOR,2002,0
South Korea,KOR,2003,0
South Korea,KOR,2004,0
South Korea,KOR,2005,0
South Korea,KOR,2006,0
South Korea,KOR,2007,0
South Korea,KOR,2008,0
South Korea,KOR,2009,0
South Korea,KOR,2010,0
South Korea,KOR,2011,0
South Korea,KOR,2012,0
South Korea,KOR,2013,0
South Korea,KOR,2014,0
South Korea,KOR,2015,0
South Korea,KOR,2016,0
South Korea,KOR,2017,0
South Korea,KOR,2018,0
South Korea,KOR,2019,0
South Korea,KOR,2020,0
South Korea,KOR,2021,0
South Korea,KOR,2022,0
South Korea,KOR,2023,0
South Korea,KOR,2024,0
South Sudan,SSD,2012,0
South Sudan,SSD,2013,0
South Sudan,SSD,2014,0
South Sudan,SSD,2015,0
South Sudan,SSD,2016,0
South Sudan,SSD,2017,0
South Sudan,SSD,2018,0
South Sudan,SSD,2019,0
South Sudan,SSD,2020,0
South Sudan,SSD,2021,0
South Sudan,SSD,2022,0
South Sudan,SSD,2023,0
Spain,ESP,1990,-0.42
Spain,ESP,1991,-0.68
Spain,ESP,1992,0.64
Spain,ESP,1993,1.27
Spain,ESP,1994,1.86
Spain,ESP,1995,4.49
Spain,ESP,1996,1.06
Spain,ESP,1997,-3.07
Spain,ESP,1998,3.4
Spain,ESP,1999,5.72
Spain,ESP,2000,4.44
Spain,ESP,2001,3.45
Spain,ESP,2002,5.33
Spain,ESP,2003,1.26
Spain,ESP,2004,-3.03
Spain,ESP,2005,-1.34
Spain,ESP,2006,-3.28
Spain,ESP,2007,-5.75
Spain,ESP,2008,-11.04
Spain,ESP,2009,-8.1
Spain,ESP,2010,-8.33
Spain,ESP,2011,-6.09
Spain,ESP,2012,-11.2
Spain,ESP,2013,-6.75
Spain,ESP,2014,-3.41
Spain,ESP,2015,-0.13
Spain,ESP,2016,7.67
Spain,ESP,2017,9.17
Spain,ESP,2018,11.1
Spain,ESP,2019,6.86
Spain,ESP,2020,3.28
Spain,ESP,2021,0.85
Spain,ESP,2022,-19.8
Spain,ESP,2023,-13.96
Spain,ESP,2024,-10.31
Sri Lanka,LKA,2000,0
Sri Lanka,LKA,2001,0
Sri Lanka,LKA,2002,0
Sri Lanka,LKA,2003,0
Sri Lanka,LKA,2004,0
Sri Lanka,LKA,2005,0
Sri Lanka,LKA,2006,0
Sri Lanka,LKA,2007,0
Sri Lanka,LKA,2008,0
Sri Lanka,LKA,2009,0
Sri Lanka,LKA,2010,0
Sri Lanka,LKA,2011,0
Sri Lanka,LKA,2012,0
Sri Lanka,LKA,2013,0
Sri Lanka,LKA,2014,0
Sri Lanka,LKA,2015,0
Sri Lanka,LKA,2016,0
Sri Lanka,LKA,2017,0
Sri Lanka,LKA,2018,0
Sri Lanka,LKA,2019,0
Sri Lanka,LKA,2020,0
Sri Lanka,LKA,2021,0
Sri Lanka,LKA,2022,0
Sudan,SDN,2000,0
Sudan,SDN,2001,0
Sudan,SDN,2002,0
Sudan,SDN,2003,0
Sudan,SDN,2004,0
Sudan,SDN,2005,0
Sudan,SDN,2006,0
Sudan,SDN,2007,0
Sudan,SDN,2008,0
Sudan,SDN,2009,0
Sudan,SDN,2010,0
Sudan,SDN,2011,0
Sudan,SDN,2012,0.07
Sudan,SDN,2013,0.32
Sudan,SDN,2014,0.44
Sudan,SDN,2015,0.13
Sudan,SDN,2016,0.44
Sudan,SDN,2017,0.89
Sudan,SDN,2018,0.8
Sudan,SDN,2019,0.21
Sudan,SDN,2020,0.73
Sudan,SDN,2021,0.93
Sudan,SDN,2022,0.88
Sudan,SDN,2023,0.88
Suriname,SUR,2000,0
Suriname,SUR,2001,0
Suriname,SUR,2002,0
Suriname,SUR,2003,0
Suriname,SUR,2004,0
Suriname,SUR,2005,0
Suriname,SUR,2006,0
Suriname,SUR,2007,0
Suriname,SUR,2008,0
Suriname,SUR,2009,0
Suriname,SUR,2010,0
Suriname,SUR,2011,0
Suriname,SUR,2012,0
Suriname,SUR,2013,0
Suriname,SUR,2014,0
Suriname,SUR,2015,0
Suriname,SUR,2016,0
Suriname,SUR,2017,0
Suriname,SUR,2018,0
Suriname,SUR,2019,0
Suriname,SUR,2020,0
Suriname,SUR,2021,0
Suriname,SUR,2022,0
Suriname,SUR,2023,0
Sweden,SWE,1990,-1.77
Sweden,SWE,1991,-1.29
Sweden,SWE,1992,-2.16
Sweden,SWE,1993,-0.59
Sweden,SWE,1994,0.26
Sweden,SWE,1995,-1.68
Sweden,SWE,1996,6.14
Sweden,SWE,1997,-2.71
Sweden,SWE,1998,-10.7
Sweden,SWE,1999,-7.48
Sweden,SWE,2000,4.68
Sweden,SWE,2001,-7.29
Sweden,SWE,2002,5.36
Sweden,SWE,2003,12.83
Sweden,SWE,2004,-2.1
Sweden,SWE,2005,-7.39
Sweden,SWE,2006,6.04
Sweden,SWE,2007,1.32
Sweden,SWE,2008,-1.96
Sweden,SWE,2009,4.69
Sweden,SWE,2010,2.08
Sweden,SWE,2011,-7.23
Sweden,SWE,2012,-19.57
Sweden,SWE,2013,-10
Sweden,SWE,2014,-15.62
Sweden,SWE,2015,-22.6
Sweden,SWE,2016,-11.73
Sweden,SWE,2017,-18.99
Sweden,SWE,2018,-17.22
Sweden,SWE,2019,-26.16
Sweden,SWE,2020,-25
Sweden,SWE,2021,-25.57
Sweden,SWE,2022,-33.22
Sweden,SWE,2023,-28.49
Sweden,SWE,2024,-33.47
Switzerland,CHE,2000,-7.07
Switzerland,CHE,2001,-10.44
Switzerland,CHE,2002,-4.51
Switzerland,CHE,2003,-3.11
Switzerland,CHE,2004,-0.7
Switzerland,CHE,2005,6.35
Switzerland,CHE,2006,2.7
Switzerland,CHE,2007,-2.06
Switzerland,CHE,2008,-1.13
Switzerland,CHE,2009,-2.16
Switzerland,CHE,2010,0.52
Switzerland,CHE,2011,2.59
Switzerland,CHE,2012,-2.2
Switzerland,CHE,2013,-2.4
Switzerland,CHE,2014,-5.49
Switzerland,CHE,2015,-1.03
Switzerland,CHE,2016,3.92
Switzerland,CHE,2017,5.55
Switzerland,CHE,2018,-1.59
Switzerland,CHE,2019,-6.26
Switzerland,CHE,2020,-5.56
Switzerland,CHE,2021,2.41
Switzerland,CHE,2022,3.14
Switzerland,CHE,2023,-6.39
Switzerland,CHE,2024,-13.48
Syria,SYR,2000,0
Syria,SYR,2001,0
Syria,SYR,2002,0
Syria,SYR,2003,-0.25
Syria,SYR,2004,-0.55
Syria,SYR,2005,-0.67
Syria,SYR,2006,-0.78
Syria,SYR,2007,0.41
Syria,SYR,2008,-0.04
Syria,SYR,2009,-0.07
Syria,SYR,2010,-0.35
Syria,SYR,2011,-0.29
Syria,SYR,2012,0
Syria,SYR,2013,-0.53
Syria,SYR,2014,-0.14
Syria,SYR,2015,-0.26
Syria,SYR,2016,-0.07
Syria,SYR,2017,-0.54
Syria,SYR,2018,-0.54
Syria,SYR,2019,-0.35
Syria,SYR,2020,-0.32
Syria,SYR,2021,-0.35
Syria,SYR,2022,-0.36
Taiwan,TWN,2000,0
Taiwan,TWN,2001,0
Taiwan,TWN,2002,0
Taiwan,TWN,2003,0
Taiwan,TWN,2004,0
Taiwan,TWN,2005,0
Taiwan,TWN,2006,0
Taiwan,TWN,2007,0
Taiwan,TWN,2008,0
Taiwan,TWN,2009,0
Taiwan,TWN,2010,0
Taiwan,TWN,2011,0
Taiwan,TWN,2012,0
Taiwan,TWN,2013,0
Taiwan,TWN,2014,0
Taiwan,TWN,2015,0
Taiwan,TWN,2016,0
Taiwan,TWN,2017,0
Taiwan,TWN,2018,0
Taiwan,TWN,2019,0
Taiwan,TWN,2020,0
Taiwan,TWN,2021,0
Taiwan,TWN,2022,0
Taiwan,TWN,2023,0
Taiwan,TWN,2024,0
Tajikistan,TJK,2000,1.33
Tajikistan,TJK,2001,1.35
Tajikistan,TJK,2002,0.79
Tajikistan,TJK,2003,0.01
Tajikistan,TJK,2004,0.36
Tajikistan,TJK,2005,0.25
Tajikistan,TJK,2006,0.61
Tajikistan,TJK,2007,0.1
Tajikistan,TJK,2008,0.88
Tajikistan,TJK,2009,0.06
Tajikistan,TJK,2010,0.15
Tajikistan,TJK,2011,-0.03
Tajikistan,TJK,2012,-0.66
Tajikistan,TJK,2013,-0.94
Tajikistan,TJK,2014,-1.29
Tajikistan,TJK,2015,-1.34
Tajikistan,TJK,2016,-1.33
Tajikistan,TJK,2017,-1.31
Tajikistan,TJK,2018,-2.39
Tajikistan,TJK,2019,-2.89
Tajikistan,TJK,2020,-1.49
Tajikistan,TJK,2021,-2.42
Tajikistan,TJK,2022,-2.55
Tajikistan,TJK,2023,-2.39
Tajikistan,TJK,2024,0.22
Tanzania,TZA,2000,0.05
Tanzania,TZA,2001,0.05
Tanzania,TZA,2002,0.05
Tanzania,TZA,2003,0.05
Tanzania,TZA,2004,0.05
Tanzania,TZA,2005,0.05
Tanzania,TZA,2006,0.06
Tanzania,TZA,2007,0.06
Tanzania,TZA,2008,0.05
Tanzania,TZA,2009,0.06
Tanzania,TZA,2010,0.06
Tanzania,TZA,2011,0.05
Tanzania,TZA,2012,0.06
Tanzania,TZA,2013,0.06
Tanzania,TZA,2014,0.06
Tanzania,TZA,2015,0.07
Tanzania,TZA,2016,0.1
Tanzania,TZA,2017,0.11
Tanzania,TZA,2018,0.12
Tanzania,TZA,2019,0.11
Tanzania,TZA,2020,0.11
Tanzania,TZA,2021,0.14
Tanzania,TZA,2022,0.15
Tanzania,TZA,2023,0.16
Thailand,THA,2000,2.82
Thailand,THA,2001,2.71
Thailand,THA,2002,2.62
Thailand,THA,2003,2.27
Thailand,THA,2004,3.12
Thailand,THA,2005,3.87
Thailand,THA,2006,4.57
Thailand,THA,2007,3.74
Thailand,THA,2008,1.82
Thailand,THA,2009,1.15
Thailand,THA,2010,5.94
Thailand,THA,2011,9.44
Thailand,THA,2012,8.62
Thailand,THA,2013,11.29
Thailand,THA,2014,10.19
Thailand,THA,2015,12.15
Thailand,THA,2016,18.39
Thailand,THA,2017,23.32
Thailand,THA,2018,25.58
Thailand,THA,2019,22.66
Thailand,THA,2020,26.93
Thailand,THA,2021,31.39
Thailand,THA,2022,33.41
Thailand,THA,2023,33.55
Thailand,THA,2024,37.08
Togo,TGO,2000,0.38
Togo,TGO,2001,0.42
Togo,TGO,2002,0.43
Togo,TGO,2003,0.46
Togo,TGO,2004,0.49
Togo,TGO,2005,0.51
Togo,TGO,2006,0.5
Togo,TGO,2007,0.51
Togo,TGO,2008,0.67
Togo,TGO,2009,0.73
Togo,TGO,2010,0.71
Togo,TGO,2011,0.85
Togo,TGO,2012,0.96
Togo,TGO,2013,0.66
Togo,TGO,2014,1.47
Togo,TGO,2015,0.57
Togo,TGO,2016,0.75
Togo,TGO,2017,0.74
Togo,TGO,2018,0.88
Togo,TGO,2019,0.84
Togo,TGO,2020,0.81
Togo,TGO,2021,0.8
Togo,TGO,2022,1.13
Togo,TGO,2023,1.1
Tonga,TON,2000,0
Tonga,TON,2001,0
Tonga,TON,2002,0
Tonga,TON,2003,0
Tonga,TON,2004,0
Tonga,TON,2005,0
Tonga,TON,2006,0
Tonga,TON,2007,0
Tonga,TON,2008,0
Tonga,TON,2009,0
Tonga,TON,2010,0
Tonga,TON,2011,0
Tonga,TON,2012,0
Tonga,TON,2013,0
Tonga,TON,2014,0
Tonga,TON,2015,0
Tonga,TON,2016,0
Tonga,TON,2017,0
Tonga,TON,2018,0
Tonga,TON,2019,0
Tonga,TON,2020,0
Tonga,TON,2021,0
Tonga,TON,2022,0
Tonga,TON,2023,0
Trinidad and Tobago,TTO,2000,0
Trinidad and Tobago,TTO,2001,0
Trinidad and Tobago,TTO,2002,0
Trinidad and Tobago,TTO,2003,0
Trinidad and Tobago,TTO,2004,0
Trinidad and Tobago,TTO,2005,0
Trinidad and Tobago,TTO,2006,0
Trinidad and Tobago,TTO,2007,0
Trinidad and Tobago,TTO,2008,0
Trinidad and Tobago,TTO,2009,0
Trinidad and Tobago,TTO,2010,0
Trinidad and Tobago,TTO,2011,0
Trinidad and Tobago,TTO,2012,0
Trinidad and Tobago,TTO,2013,0
Trinidad and Tobago,TTO,2014,0
Trinidad and Tobago,TTO,2015,0
Trinidad and Tobago,TTO,2016,0
Trinidad and Tobago,TTO,2017,0
Trinidad and Tobago,TTO,2018,0
Trinidad and Tobago,TTO,2019,0
Trinidad and Tobago,TTO,2020,0
Trinidad and Tobago,TTO,2021,0
Trinidad and Tobago,TTO,2022,0
Trinidad and Tobago,TTO,2023,0
Tunisia,TUN,2000,0
Tunisia,TUN,2001,0.01
Tunisia,TUN,2002,-0.06
Tunisia,TUN,2003,-0.02
Tunisia,TUN,2004,-0.03
Tunisia,TUN,2005,0
Tunisia,TUN,2006,0.01
Tunisia,TUN,2007,-0.01
Tunisia,TUN,2008,-0.01
Tunisia,TUN,2009,0.04
Tunisia,TUN,2010,0.02
Tunisia,TUN,2011,-0.03
Tunisia,TUN,2012,-0.04
Tunisia,TUN,2013,-0.06
Tunisia,TUN,2014,-0.09
Tunisia,TUN,2015,-0.1
Tunisia,TUN,2016,-0.12
Tunisia,TUN,2017,-0.03
Tunisia,TUN,2018,-0.1
Tunisia,TUN,2019,-0.16
Tunisia,TUN,2020,-0.6
Tunisia,TUN,2021,1.03
Tunisia,TUN,2022,2.57
Tunisia,TUN,2023,2.5
Tunisia,TUN,2024,2.5
Turkey,TUR,1990,-0.73
Turkey,TUR,1991,0.25
Turkey,TUR,1992,-0.13
Turkey,TUR,1993,-0.38
Turkey,TUR,1994,-0.54
Turkey,TUR,1995,-0.7
Turkey,TUR,1996,-0.07
Turkey,TUR,1997,2.22
Turkey,TUR,1998,3
Turkey,TUR,1999,2.04
Turkey,TUR,2000,3.35
Turkey,TUR,2001,4.15
Turkey,TUR,2002,3.15
Turkey,TUR,2003,0.57
Turkey,TUR,2004,-0.68
Turkey,TUR,2005,-1.16
Turkey,TUR,2006,-1.66
Turkey,TUR,2007,-1.56
Turkey,TUR,2008,-0.33
Turkey,TUR,2009,-0.73
Turkey,TUR,2010,-0.77
Turkey,TUR,2011,0.91
Turkey,TUR,2012,2.87
Turkey,TUR,2013,6.2
Turkey,TUR,2014,5.26
Turkey,TUR,2015,3.94
Turkey,TUR,2016,4.88
Turkey,TUR,2017,-0.58
Turkey,TUR,2018,-0.63
Turkey,TUR,2019,-0.58
Turkey,TUR,2020,-0.59
Turkey,TUR,2021,-1.85
Turkey,TUR,2022,2.73
Turkey,TUR,2023,4.02
Turkey,TUR,2024,0.64
Turkmenistan,TKM,2000,-0.8
Turkmenistan,TKM,2001,-0.98
Turkmenistan,TKM,2002,-1.06
Turkmenistan,TKM,2003,-1.07
Turkmenistan,TKM,2004,-1.17
Turkmenistan,TKM,2005,-1.26
Turkmenistan,TKM,2006,-1.34
Turkmenistan,TKM,2007,-1.46
Turkmenistan,TKM,2008,-1.48
Turkmenistan,TKM,2009,-1.57
Turkmenistan,TKM,2010,-2.41
Turkmenistan,TKM,2011,-2.55
Turkmenistan,TKM,2012,-2.72
Turkmenistan,TKM,2013,-2.85
Turkmenistan,TKM,2014,-3.21
Turkmenistan,TKM,2015,-3.2
Turkmenistan,TKM,2016,-3.2
Turkmenistan,TKM,2017,-3.2
Turkmenistan,TKM,2018,-3.2
Turkmenistan,TKM,2019,-3.2
Turkmenistan,TKM,2020,-3.2
Turkmenistan,TKM,2021,-3.2
Turkmenistan,TKM,2022,-9
Turkmenistan,TKM,2023,-9
Turks and Caicos Islands,TCA,2000,0
Turks and Caicos Islands,TCA,2001,0
Turks and Caicos Islands,TCA,2002,0
Turks and Caicos Islands,TCA,2003,0
Turks and Caicos Islands,TCA,2004,0
Turks and Caicos Islands,TCA,2005,0
Turks and Caicos Islands,TCA,2006,0
Turks and Caicos Islands,TCA,2007,0
Turks and Caicos Islands,TCA,2008,0
Turks and Caicos Islands,TCA,2009,0
Turks and Caicos Islands,TCA,2010,0
Turks and Caicos Islands,TCA,2011,0
Turks and Caicos Islands,TCA,2012,0
Turks and Caicos Islands,TCA,2013,0
Turks and Caicos Islands,TCA,2014,0
Turks and Caicos Islands,TCA,2015,0
Turks and Caicos Islands,TCA,2016,0
Turks and Caicos Islands,TCA,2017,0
Turks and Caicos Islands,TCA,2018,0
Turks and Caicos Islands,TCA,2019,0
Turks and Caicos Islands,TCA,2020,0
Turks and Caicos Islands,TCA,2021,0
Turks and Caicos Islands,TCA,2022,0
Turks and Caicos Islands,TCA,2023,0
Uganda,UGA,2000,-0.16
Uganda,UGA,2001,-0.16
Uganda,UGA,2002,-0.26
Uganda,UGA,2003,-0.21
Uganda,UGA,2004,-0.19
Uganda,UGA,2005,-0.06
Uganda,UGA,2006,0
Uganda,UGA,2007,-0.01
Uganda,UGA,2008,-0.02
Uganda,UGA,2009,-0.05
Uganda,UGA,2010,-0.04
Uganda,UGA,2011,-0.05
Uganda,UGA,2012,-0.06
Uganda,UGA,2013,-0.06
Uganda,UGA,2014,-0.13
Uganda,UGA,2015,-0.07
Uganda,UGA,2016,-0.12
Uganda,UGA,2017,-0.29
Uganda,UGA,2018,-0.2
Uganda,UGA,2019,-0.28
Uganda,UGA,2020,-0.2
Uganda,UGA,2021,-0.37
Uganda,UGA,2022,-0.41
Ukraine,UKR,1990,-28.47
Ukraine,UKR,1991,-14.81
Ukraine,UKR,1992,-5.09
Ukraine,UKR,1993,-1.54
Ukraine,UKR,1994,-1.04
Ukraine,UKR,1995,-2.95
Ukraine,UKR,1996,-2.02
Ukraine,UKR,1997,-0.15
Ukraine,UKR,1998,-0.67
Ukraine,UKR,1999,-3.44
Ukraine,UKR,2000,-3.85
Ukraine,UKR,2001,-3.06
Ukraine,UKR,2002,-3.12
Ukraine,UKR,2003,-4.94
Ukraine,UKR,2004,-5.33
Ukraine,UKR,2005,-8.35
Ukraine,UKR,2006,-10.44
Ukraine,UKR,2007,-9.17
Ukraine,UKR,2008,-6.73
Ukraine,UKR,2009,-4.27
Ukraine,UKR,2010,-4.06
Ukraine,UKR,2011,-6.29
Ukraine,UKR,2012,-11.47
Ukraine,UKR,2013,-9.89
Ukraine,UKR,2014,-8.43
Ukraine,UKR,2015,-1.35
Ukraine,UKR,2016,-3.75
Ukraine,UKR,2017,-5.18
Ukraine,UKR,2018,-6.07
Ukraine,UKR,2019,-4.04
Ukraine,UKR,2020,-2.42
Ukraine,UKR,2021,-2.04
Ukraine,UKR,2022,0.1
Ukraine,UKR,2023,0.58
Ukraine,UKR,2024,0.28
United Arab Emirates,ARE,2000,0
United Arab Emirates,ARE,2001,0
United Arab Emirates,ARE,2002,0
United Arab Emirates,ARE,2003,0
United Arab Emirates,ARE,2004,0
United Arab Emirates,ARE,2005,0
United Arab Emirates,ARE,2006,0
United Arab Emirates,ARE,2007,0
United Arab Emirates,ARE,2008,0
United Arab Emirates,ARE,2009,0
United Arab Emirates,ARE,2010,0
United Arab Emirates,ARE,2011,-0.02
United Arab Emirates,ARE,2012,-0.03
United Arab Emirates,ARE,2013,-0.02
United Arab Emirates,ARE,2014,-0.03
United Arab Emirates,ARE,2015,-0.01
United Arab Emirates,ARE,2016,0.63
United Arab Emirates,ARE,2017,-0.1
United Arab Emirates,ARE,2018,-0.03
United Arab Emirates,ARE,2019,-0.01
United Arab Emirates,ARE,2020,-0.03
United Arab Emirates,ARE,2021,0.21
United Arab Emirates,ARE,2022,-0.11
United Arab Emirates,ARE,2023,-0.11
United Kingdom,GBR,1990,11.94
United Kingdom,GBR,1991,16.41
United Kingdom,GBR,1992,16.69
United Kingdom,GBR,1993,16.72
United Kingdom,GBR,1994,16.89
United Kingdom,GBR,1995,16.31
United Kingdom,GBR,1996,16.75
United Kingdom,GBR,1997,16.57
United Kingdom,GBR,1998,12.71
United Kingdom,GBR,1999,14.24
United Kingdom,GBR,2000,14.17
United Kingdom,GBR,2001,10.4
United Kingdom,GBR,2002,8.41
United Kingdom,GBR,2003,2.16
United Kingdom,GBR,2004,7.49
United Kingdom,GBR,2005,8.32
United Kingdom,GBR,2006,7.52
United Kingdom,GBR,2007,5.21
United Kingdom,GBR,2008,11.02
United Kingdom,GBR,2009,2.86
United Kingdom,GBR,2010,2.66
United Kingdom,GBR,2011,6.22
United Kingdom,GBR,2012,11.86
United Kingdom,GBR,2013,14.43
United Kingdom,GBR,2014,20.52
United Kingdom,GBR,2015,21.11
United Kingdom,GBR,2016,17.75
United Kingdom,GBR,2017,14.76
United Kingdom,GBR,2018,19.11
United Kingdom,GBR,2019,21.17
United Kingdom,GBR,2020,18.25
United Kingdom,GBR,2021,24.74
United Kingdom,GBR,2022,-4.3
United Kingdom,GBR,2023,23.3
United Kingdom,GBR,2024,33.19
United States,USA,2000,33.76
United States,USA,2001,22.03
United States,USA,2002,20.98
United States,USA,2003,6.42
United States,USA,2004,11.31
United States,USA,2005,24.78
United States,USA,2006,18.42
United States,USA,2007,31.25
United States,USA,2008,32.82
United States,USA,2009,34.05
United States,USA,2010,25.98
United States,USA,2011,37.25
United States,USA,2012,47.26
United States,USA,2013,57.88
United States,USA,2014,53.21
United States,USA,2015,66.67
United States,USA,2016,66.5
United States,USA,2017,56.31
United States,USA,2018,44.46
United States,USA,2019,39.04
United States,USA,2020,47.31
United States,USA,2021,39.31
United States,USA,2022,41.21
United States,USA,2023,18.9
United States,USA,2024,13.81
United States Virgin Islands,VIR,2000,0
United States Virgin Islands,VIR,2001,0
United States Virgin Islands,VIR,2002,0
United States Virgin Islands,VIR,2003,0
United States Virgin Islands,VIR,2004,0
United States Virgin Islands,VIR,2005,0
United States Virgin Islands,VIR,2006,0
United States Virgin Islands,VIR,2007,0
United States Virgin Islands,VIR,2008,0
United States Virgin Islands,VIR,2009,0
United States Virgin Islands,VIR,2010,0
United States Virgin Islands,VIR,2011,0
United States Virgin Islands,VIR,2012,0
United States Virgin Islands,VIR,2013,0
United States Virgin Islands,VIR,2014,0
United States Virgin Islands,VIR,2015,0
United States Virgin Islands,VIR,2016,0
United States Virgin Islands,VIR,2017,0
United States Virgin Islands,VIR,2018,0
United States Virgin Islands,VIR,2019,0
United States Virgin Islands,VIR,2020,0
United States Virgin Islands,VIR,2021,0
United States Virgin Islands,VIR,2022,0
United States Virgin Islands,VIR,2023,0
Upper-middle-income countries,,2000,20.19
Upper-middle-income countries,,2001,18
Upper-middle-income countries,,2002,16.680004
Upper-middle-income countries,,2003,3.3999982
Upper-middle-income countries,,2004,-6.169997
Upper-middle-income countries,,2005,-5.24
Upper-middle-income countries,,2006,-4.7699986
Upper-middle-income countries,,2007,-3.1399992
Upper-middle-income countries,,2008,-7.290002
Upper-middle-income countries,,2009,-4.7200017
Upper-middle-income countries,,2010,-7.8999996
Upper-middle-income countries,,2011,4.680001
Upper-middle-income countries,,2012,6.169998
Upper-middle-income countries,,2013,4.850001
Upper-middle-income countries,,2014,9.939996
Upper-middle-income countries,,2015,15.879997
Upper-middle-income countries,,2016,11.310003
Upper-middle-income countries,,2017,10.099997
Upper-middle-income countries,,2018,1.5800003
Upper-middle-income countries,,2019,1.4399993
Upper-middle-income countries,,2020,15.379998
Upper-middle-income countries,,2021,16.26
Upper-middle-income countries,,2022,24.18
Upper-middle-income countries,,2023,19.519999
Uruguay,URY,2000,0.39
Uruguay,URY,2001,-1.25
Uruguay,URY,2002,-1.73
Uruguay,URY,2003,-0.7
Uruguay,URY,2004,2.33
Uruguay,URY,2005,0.74
Uruguay,URY,2006,2.87
Uruguay,URY,2007,-0.19
Uruguay,URY,2008,0.93
Uruguay,URY,2009,1.23
Uruguay,URY,2010,-0.32
Uruguay,URY,2011,0.46
Uruguay,URY,2012,0.55
Uruguay,URY,2013,-0.21
Uruguay,URY,2014,-1.27
Uruguay,URY,2015,-1.32
Uruguay,URY,2016,-0.75
Uruguay,URY,2017,-1.46
Uruguay,URY,2018,-1.18
Uruguay,URY,2019,-3.01
Uruguay,URY,2020,-0.63
Uruguay,URY,2021,-2.79
Uruguay,URY,2022,-1.36
Uruguay,URY,2023,-1.92
Uruguay,URY,2024,-5.1
Uzbekistan,UZB,2000,1.28
Uzbekistan,UZB,2001,0.49
Uzbekistan,UZB,2002,-0.08
Uzbekistan,UZB,2003,-0.01
Uzbekistan,UZB,2004,-0.25
Uzbekistan,UZB,2005,-0.28
Uzbekistan,UZB,2006,-0.42
Uzbekistan,UZB,2007,0.99
Uzbekistan,UZB,2008,0.1
Uzbekistan,UZB,2009,-0.05
Uzbekistan,UZB,2010,-1.17
Uzbekistan,UZB,2011,-0.73
Uzbekistan,UZB,2012,-0.67
Uzbekistan,UZB,2013,-0.88
Uzbekistan,UZB,2014,-0.78
Uzbekistan,UZB,2015,-1.29
Uzbekistan,UZB,2016,-1.5
Uzbekistan,UZB,2017,-0.64
Uzbekistan,UZB,2018,-0.39
Uzbekistan,UZB,2019,1.31
Uzbekistan,UZB,2020,2.52
Uzbekistan,UZB,2021,3.59
Uzbekistan,UZB,2022,2.33
Uzbekistan,UZB,2023,2.93
Vanuatu,VUT,2000,0
Vanuatu,VUT,2001,0
Vanuatu,VUT,2002,0
Vanuatu,VUT,2003,0
Vanuatu,VUT,2004,0
Vanuatu,VUT,2005,0
Vanuatu,VUT,2006,0
Vanuatu,VUT,2007,0
Vanuatu,VUT,2008,0
Vanuatu,VUT,2009,0
Vanuatu,VUT,2010,0
Vanuatu,VUT,2011,0
Vanuatu,VUT,2012,0
Vanuatu,VUT,2013,0
Vanuatu,VUT,2014,0
Vanuatu,VUT,2015,0
Vanuatu,VUT,2016,0
Vanuatu,VUT,2017,0
Vanuatu,VUT,2018,0
Vanuatu,VUT,2019,0
Vanuatu,VUT,2020,0
Vanuatu,VUT,2021,0
Vanuatu,VUT,2022,0
Vanuatu,VUT,2023,0
Venezuela,VEN,2000,-0.05
Venezuela,VEN,2001,-0.03
Venezuela,VEN,2002,0.14
Venezuela,VEN,2003,-0.41
Venezuela,VEN,2004,0.38
Venezuela,VEN,2005,-0.58
Venezuela,VEN,2006,-0.55
Venezuela,VEN,2007,-0.54
Venezuela,VEN,2008,-0.47
Venezuela,VEN,2009,-0.37
Venezuela,VEN,2010,-0.46
Venezuela,VEN,2011,-0.49
Venezuela,VEN,2012,-0.34
Venezuela,VEN,2013,-0.13
Venezuela,VEN,2014,-0.87
Venezuela,VEN,2015,-0.97
Venezuela,VEN,2016,-1.11
Venezuela,VEN,2017,-1.06
Venezuela,VEN,2018,-1.02
Venezuela,VEN,2019,-0.87
Venezuela,VEN,2020,-0.65
Venezuela,VEN,2021,0
Venezuela,VEN,2022,0
Venezuela,VEN,2023,-0.6
Vietnam,VNM,2000,0
Vietnam,VNM,2001,0
Vietnam,VNM,2002,0
Vietnam,VNM,2003,0
Vietnam,VNM,2004,0
Vietnam,VNM,2005,0.38
Vietnam,VNM,2006,0.97
Vietnam,VNM,2007,2.63
Vietnam,VNM,2008,3.22
Vietnam,VNM,2009,3.73
Vietnam,VNM,2010,4.64
Vietnam,VNM,2011,3.87
Vietnam,VNM,2012,1.45
Vietnam,VNM,2013,2.33
Vietnam,VNM,2014,1.44
Vietnam,VNM,2015,0.98
Vietnam,VNM,2016,1.33
Vietnam,VNM,2017,0.71
Vietnam,VNM,2018,1.62
Vietnam,VNM,2019,1.25
Vietnam,VNM,2020,1.51
Vietnam,VNM,2021,0.82
Vietnam,VNM,2022,2.32
Vietnam,VNM,2023,2.17
Vietnam,VNM,2024,2.17
Western Sahara,ESH,2000,0
Western Sahara,ESH,2001,0
Western Sahara,ESH,2002,0
Western Sahara,ESH,2003,0
Western Sahara,ESH,2004,0
Western Sahara,ESH,2005,0
Western Sahara,ESH,2006,0
Western Sahara,ESH,2007,0
Western Sahara,ESH,2008,0
Western Sahara,ESH,2009,0
Yemen,YEM,2000,0
Yemen,YEM,2001,0
Yemen,YEM,2002,0
Yemen,YEM,2003,0
Yemen,YEM,2004,0
Yemen,YEM,2005,0
Yemen,YEM,2006,0
Yemen,YEM,2007,0
Yemen,YEM,2008,0
Yemen,YEM,2009,0
Yemen,YEM,2010,0
Yemen,YEM,2011,0
Yemen,YEM,2012,0
Yemen,YEM,2013,0
Yemen,YEM,2014,0
Yemen,YEM,2015,0
Yemen,YEM,2016,0
Yemen,YEM,2017,0
Yemen,YEM,2018,0
Yemen,YEM,2019,0
Yemen,YEM,2020,0
Yemen,YEM,2021,0
Yemen,YEM,2022,0
Yemen,YEM,2023,0
Zambia,ZMB,2000,-1.35
Zambia,ZMB,2001,-1.07
Zambia,ZMB,2002,-0.79
Zambia,ZMB,2003,-0.51
Zambia,ZMB,2004,-0.23
Zambia,ZMB,2005,-0.24
Zambia,ZMB,2006,-0.51
Zambia,ZMB,2007,-0.14
Zambia,ZMB,2008,0.17
Zambia,ZMB,2009,-0.58
Zambia,ZMB,2010,-0.56
Zambia,ZMB,2011,0.09
Zambia,ZMB,2012,-0.82
Zambia,ZMB,2013,-1.01
Zambia,ZMB,2014,-1.24
Zambia,ZMB,2015,-0.39
Zambia,ZMB,2016,1.39
Zambia,ZMB,2017,-0.31
Zambia,ZMB,2018,-1.07
Zambia,ZMB,2019,-0.78
Zambia,ZMB,2020,-1.21
Zambia,ZMB,2021,-2.13
Zambia,ZMB,2022,-3.04
Zambia,ZMB,2023,-2.82
Zimbabwe,ZWE,2000,5.09
Zimbabwe,ZWE,2001,4.07
Zimbabwe,ZWE,2002,4.01
Zimbabwe,ZWE,2003,3.18
Zimbabwe,ZWE,2004,2.04
Zimbabwe,ZWE,2005,2.98
Zimbabwe,ZWE,2006,3.9
Zimbabwe,ZWE,2007,2.93
Zimbabwe,ZWE,2008,1.12
Zimbabwe,ZWE,2009,1.28
Zimbabwe,ZWE,2010,0.73
Zimbabwe,ZWE,2011,0.6
Zimbabwe,ZWE,2012,0.55
Zimbabwe,ZWE,2013,0.53
Zimbabwe,ZWE,2014,-0.1
Zimbabwe,ZWE,2015,-0.1
Zimbabwe,ZWE,2016,1.85
Zimbabwe,ZWE,2017,2.22
Zimbabwe,ZWE,2018,1.02
Zimbabwe,ZWE,2019,1.11
Zimbabwe,ZWE,2020,1.98
Zimbabwe,ZWE,2021,1.74
Zimbabwe,ZWE,2022,1.91
Zimbabwe,ZWE,2023,1.9